-- phpMyAdmin SQL Dump
-- version 3.5.2.2
-- http://www.phpmyadmin.net
--
-- Servidor: 127.0.0.1
-- Tiempo de generación: 14-10-2013 a las 23:03:58
-- Versión del servidor: 5.5.27
-- Versión de PHP: 5.4.7

SET SQL_MODE="NO_AUTO_VALUE_ON_ZERO";
SET time_zone = "+00:00";


/*!40101 SET @OLD_CHARACTER_SET_CLIENT=@@CHARACTER_SET_CLIENT */;
/*!40101 SET @OLD_CHARACTER_SET_RESULTS=@@CHARACTER_SET_RESULTS */;
/*!40101 SET @OLD_COLLATION_CONNECTION=@@COLLATION_CONNECTION */;
/*!40101 SET NAMES utf8 */;

--
-- Base de datos: `agf`
--

-- --------------------------------------------------------

--
-- Estructura de tabla para la tabla `agenda_procesos`
--

CREATE TABLE IF NOT EXISTS `agenda_procesos` (
  `ID_AGENDA` int(18) NOT NULL,
  `DT_AGENDA` datetime DEFAULT NULL,
  `PROCESO` varchar(300) COLLATE utf8_spanish2_ci DEFAULT NULL,
  `PARAMETROS` varchar(300) COLLATE utf8_spanish2_ci DEFAULT NULL,
  `DT_COMIENZO` datetime DEFAULT NULL,
  `DT_FIN` datetime DEFAULT NULL,
  `ESTADO` varchar(300) COLLATE utf8_spanish2_ci DEFAULT NULL
) ENGINE=InnoDB DEFAULT CHARSET=utf8 COLLATE=utf8_spanish2_ci;

-- --------------------------------------------------------

--
-- Estructura de tabla para la tabla `configexport`
--

CREATE TABLE IF NOT EXISTS `configexport` (
  `id_indice` int(11) NOT NULL
) ENGINE=InnoDB DEFAULT CHARSET=utf8 COLLATE=utf8_spanish2_ci;

--
-- Volcado de datos para la tabla `configexport`
--

INSERT INTO `configexport` (`id_indice`) VALUES
(188),
(190),
(162);

-- --------------------------------------------------------

--
-- Estructura de tabla para la tabla `dolar`
--

CREATE TABLE IF NOT EXISTS `dolar` (
  `ID_DOLAR` int(18) NOT NULL,
  `PERIODO` varchar(20) COLLATE utf8_spanish2_ci DEFAULT NULL,
  `FECHA_DOLAR` varchar(20) COLLATE utf8_spanish2_ci DEFAULT NULL,
  `VALOR` float(18,2) DEFAULT NULL
) ENGINE=InnoDB DEFAULT CHARSET=utf8 COLLATE=utf8_spanish2_ci;

-- --------------------------------------------------------

--
-- Estructura de tabla para la tabla `empresas`
--

CREATE TABLE IF NOT EXISTS `empresas` (
  `ID_EMPRESA` int(18) NOT NULL AUTO_INCREMENT,
  `RUT` varchar(10) COLLATE utf8_spanish2_ci DEFAULT NULL,
  `RSO` varchar(300) COLLATE utf8_spanish2_ci DEFAULT NULL,
  `NOMBRE_FANTASIA` varchar(300) COLLATE utf8_spanish2_ci DEFAULT NULL,
  `NOMBRE_BOLSA` varchar(300) COLLATE utf8_spanish2_ci DEFAULT NULL,
  `VALOR_ACCION` float(18,2) DEFAULT NULL,
  `TIPO_BALANCE` varchar(50) COLLATE utf8_spanish2_ci DEFAULT NULL,
  `TIPO_IFRS` varchar(20) COLLATE utf8_spanish2_ci DEFAULT NULL,
  `MONEDA` varchar(100) COLLATE utf8_spanish2_ci DEFAULT NULL,
  `ESTADOS` varchar(100) COLLATE utf8_spanish2_ci DEFAULT NULL,
  `ORIGEN` varchar(50) COLLATE utf8_spanish2_ci DEFAULT NULL,
  `OA` bit(1) DEFAULT NULL,
  `color` int(11) DEFAULT '0',
  PRIMARY KEY (`ID_EMPRESA`)
) ENGINE=InnoDB  DEFAULT CHARSET=utf8 COLLATE=utf8_spanish2_ci AUTO_INCREMENT=733 ;

--
-- Volcado de datos para la tabla `empresas`
--

INSERT INTO `empresas` (`ID_EMPRESA`, `RUT`, `RSO`, `NOMBRE_FANTASIA`, `NOMBRE_BOLSA`, `VALOR_ACCION`, `TIPO_BALANCE`, `TIPO_IFRS`, `MONEDA`, `ESTADOS`, `ORIGEN`, `OA`, `color`) VALUES
(721, '19', 'EMPRESA A', 'EMPRESA A', 'EMPRESA A', 0.00, 'I', 'Full', 'CLP - Peso chileno', 'ESFC|ERF', 'CARGA_MANUAL', '1', 13369344),
(724, 'EMPRESA B', 'EMPRESA B', 'EMPRESA B', 'EMPRESA B', 0.00, 'I', 'Full', 'CLP - Peso chileno', 'ESFC|ERF', 'CARGA_MANUAL', '1', 13209),
(725, '1', 'Falabella (Chile+CMR) ', 'Falabella (Chile+CMR) ', 'Falabella (Chile+CMR) ', 0.00, 'I', 'Full', 'CLP - Peso chileno', 'ESFC|ERF', 'CARGA_MANUAL', '1', 52326),
(726, 'Cencosud (', 'Cencosud (Paris+Mas) ', 'Cencosud (Paris+Mas) ', 'Cencosud (Paris+Mas) ', 0.00, 'C', 'Full', 'CLP - Peso chileno', 'ESFC|ERF', 'CARGA_MANUAL', '1', 65484),
(727, 'Ripley Chi', 'Ripley Chile', 'Ripley Chile', 'Ripley Chile', 0.00, 'I', 'Full', 'CLP - Peso chileno', 'ESFC|ERF', 'CARGA_MANUAL', '1', 0),
(728, 'ABCDIN', 'ABCDIN', 'ABCDIN', 'ABCDIN', 0.00, 'I', 'Full', 'CLP - Peso chileno', 'ESFC|ERF', 'CARGA_MANUAL', '1', 13369344),
(729, 'La Polar C', 'La Polar Chile', 'La Polar Chile', 'La Polar Chile', 0.00, 'I', 'Full', 'CLP - Peso chileno', 'ESFC|ERF', 'CARGA_MANUAL', '1', 10066329),
(730, 'Hites', 'Hites', 'Hites', 'Hites', 0.00, 'I', 'Full', 'CLP - Peso chileno', 'ESFC|ERF', 'CARGA_MANUAL', '1', 255),
(731, 'Falabella ', 'Falabella Chile', 'Falabella Chile', 'Falabella Chile', 0.00, 'I', 'Full', 'CLP - Peso chileno', 'ESFC|ERF', 'CARGA_MANUAL', '1', 39219),
(732, 'Paris Chil', 'Paris Chile  ', 'Paris Chile  ', 'Paris Chile  ', 0.00, 'I', 'Full', 'CLP - Peso chileno', 'ESFC|ERF', 'CARGA_MANUAL', '1', 52479);

-- --------------------------------------------------------

--
-- Estructura de tabla para la tabla `formulario_item`
--

CREATE TABLE IF NOT EXISTS `formulario_item` (
  `id_empresa` int(11) NOT NULL,
  `id_tag_agf` int(11) NOT NULL,
  `fecha_insert` date NOT NULL,
  `nun_item` int(11) NOT NULL,
  `estado` varchar(1) COLLATE utf8_spanish2_ci NOT NULL DEFAULT 'A'
) ENGINE=InnoDB DEFAULT CHARSET=utf8 COLLATE=utf8_spanish2_ci;

--
-- Volcado de datos para la tabla `formulario_item`
--

INSERT INTO `formulario_item` (`id_empresa`, `id_tag_agf`, `fecha_insert`, `nun_item`, `estado`) VALUES
(725, 283, '0000-00-00', 0, 'A'),
(726, 283, '0000-00-00', 0, 'A'),
(727, 283, '0000-00-00', 0, 'A'),
(728, 283, '0000-00-00', 0, 'A'),
(729, 283, '0000-00-00', 0, 'A'),
(730, 283, '0000-00-00', 0, 'A'),
(731, 284, '0000-00-00', 0, 'A'),
(732, 284, '0000-00-00', 0, 'A'),
(727, 284, '0000-00-00', 1, 'A'),
(728, 284, '0000-00-00', 1, 'A'),
(729, 284, '0000-00-00', 1, 'A'),
(730, 284, '0000-00-00', 1, 'A'),
(731, 285, '0000-00-00', 1, 'A'),
(732, 285, '0000-00-00', 1, 'A'),
(727, 285, '0000-00-00', 2, 'A'),
(728, 285, '0000-00-00', 2, 'A'),
(729, 285, '0000-00-00', 2, 'A'),
(730, 285, '0000-00-00', 2, 'A'),
(731, 286, '0000-00-00', 2, 'A'),
(732, 286, '0000-00-00', 2, 'A'),
(727, 286, '0000-00-00', 3, 'A'),
(728, 286, '0000-00-00', 3, 'A'),
(729, 286, '0000-00-00', 3, 'A'),
(730, 286, '0000-00-00', 3, 'A'),
(731, 287, '0000-00-00', 3, 'A'),
(732, 287, '0000-00-00', 3, 'A'),
(727, 287, '0000-00-00', 4, 'A'),
(728, 287, '0000-00-00', 4, 'A'),
(729, 287, '0000-00-00', 4, 'A'),
(730, 287, '0000-00-00', 4, 'A'),
(731, 288, '0000-00-00', 4, 'A'),
(732, 288, '0000-00-00', 4, 'A'),
(727, 288, '0000-00-00', 5, 'A'),
(729, 288, '0000-00-00', 5, 'A'),
(730, 288, '0000-00-00', 5, 'A'),
(731, 290, '0000-00-00', 5, 'A'),
(732, 290, '0000-00-00', 5, 'A'),
(727, 290, '0000-00-00', 6, 'A'),
(728, 290, '0000-00-00', 5, 'A'),
(729, 290, '0000-00-00', 6, 'A'),
(730, 290, '0000-00-00', 6, 'A'),
(731, 291, '0000-00-00', 6, 'A'),
(732, 291, '0000-00-00', 6, 'A'),
(727, 291, '0000-00-00', 7, 'A'),
(728, 291, '0000-00-00', 6, 'A'),
(729, 291, '0000-00-00', 7, 'A'),
(730, 291, '0000-00-00', 7, 'A'),
(731, 292, '0000-00-00', 7, 'A'),
(732, 292, '0000-00-00', 7, 'A'),
(727, 292, '0000-00-00', 8, 'A'),
(728, 292, '0000-00-00', 7, 'A'),
(729, 292, '0000-00-00', 8, 'A'),
(730, 292, '0000-00-00', 8, 'A');

-- --------------------------------------------------------

--
-- Estructura de tabla para la tabla `formulas`
--

CREATE TABLE IF NOT EXISTS `formulas` (
  `ID_FORMULA` int(11) NOT NULL AUTO_INCREMENT,
  `CAMPO1` int(11) DEFAULT NULL,
  `CAMPO2` int(11) DEFAULT NULL,
  `CAMPO3` int(11) DEFAULT NULL,
  `CAMPO4` int(11) DEFAULT NULL,
  `CAMPO5` int(11) DEFAULT NULL,
  `tipoc1` int(11) NOT NULL,
  `tipoc2` int(11) NOT NULL,
  `tipoc3` int(11) NOT NULL,
  `tipoc4` int(11) NOT NULL,
  `tipoc5` int(11) NOT NULL,
  `FORMULA` varchar(100) COLLATE utf8_spanish2_ci DEFAULT NULL,
  `CANTIDAD_CAMPOS` int(11) DEFAULT NULL,
  `DECIMALES` int(11) DEFAULT NULL,
  `cod1` varchar(10) COLLATE utf8_spanish2_ci DEFAULT NULL,
  `cod2` varchar(10) COLLATE utf8_spanish2_ci DEFAULT NULL,
  `cod3` varchar(10) COLLATE utf8_spanish2_ci DEFAULT NULL,
  `cod4` varchar(10) COLLATE utf8_spanish2_ci DEFAULT NULL,
  `cod5` varchar(10) COLLATE utf8_spanish2_ci DEFAULT NULL,
  PRIMARY KEY (`ID_FORMULA`)
) ENGINE=InnoDB  DEFAULT CHARSET=utf8 COLLATE=utf8_spanish2_ci AUTO_INCREMENT=16 ;

--
-- Volcado de datos para la tabla `formulas`
--

INSERT INTO `formulas` (`ID_FORMULA`, `CAMPO1`, `CAMPO2`, `CAMPO3`, `CAMPO4`, `CAMPO5`, `tipoc1`, `tipoc2`, `tipoc3`, `tipoc4`, `tipoc5`, `FORMULA`, `CANTIDAD_CAMPOS`, `DECIMALES`, `cod1`, `cod2`, `cod3`, `cod4`, `cod5`) VALUES
(6, 283, -1, -1, -1, -1, 1, 1, 1, 1, 1, 'C1', 1, 2, 'C.NN.1', 'no', 'no', 'no', 'no'),
(7, 284, -1, -1, -1, -1, 1, 1, 1, 1, 1, 'C1', 1, 2, 'C.NN.1', 'no', 'no', 'no', 'no'),
(8, 285, -1, -1, -1, -1, 1, 1, 1, 1, 1, 'C1', 1, 2, 'C.NN.1', 'no', 'no', 'no', 'no'),
(9, 286, -1, -1, -1, -1, 1, 1, 1, 1, 1, 'C1', 1, 2, 'C.NN.1', 'no', 'no', 'no', 'no'),
(10, 287, -1, -1, -1, -1, 1, 1, 1, 1, 1, 'C1', 1, 2, 'C.NN.1', 'no', 'no', 'no', 'no'),
(11, 288, -1, -1, -1, -1, 1, 1, 1, 1, 1, 'C1', 1, 2, 'C.NN.1', 'no', 'no', 'no', 'no'),
(13, 290, -1, -1, -1, -1, 1, 1, 1, 1, 1, 'C1', 1, 2, 'C.NN.1', 'no', 'no', 'no', 'no'),
(14, 291, -1, -1, -1, -1, 1, 1, 1, 1, 1, 'C1', 1, 2, 'C.NN.1', 'no', 'no', 'no', 'no'),
(15, 292, -1, -1, -1, -1, 1, 1, 1, 1, 1, 'C1', 1, 2, 'C.NN.1', 'no', 'no', 'no', 'no');

-- --------------------------------------------------------

--
-- Estructura de tabla para la tabla `grupos_indices_financieros`
--

CREATE TABLE IF NOT EXISTS `grupos_indices_financieros` (
  `ID_GRUPO_INDICE_FINANCIERO` int(11) NOT NULL AUTO_INCREMENT,
  `NOMBRE` varchar(50) COLLATE utf8_spanish2_ci NOT NULL,
  `DESCRIPCION` varchar(300) COLLATE utf8_spanish2_ci NOT NULL,
  PRIMARY KEY (`ID_GRUPO_INDICE_FINANCIERO`)
) ENGINE=InnoDB  DEFAULT CHARSET=utf8 COLLATE=utf8_spanish2_ci AUTO_INCREMENT=5 ;

--
-- Volcado de datos para la tabla `grupos_indices_financieros`
--

INSERT INTO `grupos_indices_financieros` (`ID_GRUPO_INDICE_FINANCIERO`, `NOMBRE`, `DESCRIPCION`) VALUES
(2, 'Items', 'Cuentas importantes'),
(3, 'Indices financieros', 'Indices financieros'),
(4, 'Indices Demo', 'Indices Demo');

-- --------------------------------------------------------

--
-- Estructura de tabla para la tabla `grupos_subgrupos`
--

CREATE TABLE IF NOT EXISTS `grupos_subgrupos` (
  `ID_TIPO_EMPRESA` int(18) NOT NULL,
  `ID_SUBGRUPO` int(18) NOT NULL
) ENGINE=InnoDB DEFAULT CHARSET=utf8 COLLATE=utf8_spanish2_ci;

--
-- Volcado de datos para la tabla `grupos_subgrupos`
--

INSERT INTO `grupos_subgrupos` (`ID_TIPO_EMPRESA`, `ID_SUBGRUPO`) VALUES
(4, 101),
(4, 102),
(4, 103),
(4, 104),
(4, 105);

-- --------------------------------------------------------

--
-- Estructura de tabla para la tabla `historico_acciones`
--

CREATE TABLE IF NOT EXISTS `historico_acciones` (
  `ID_PRECIO_ACCION` int(18) NOT NULL,
  `ID_EMPRESA` int(18) DEFAULT NULL,
  `FECHA` varchar(15) COLLATE utf8_spanish2_ci DEFAULT NULL,
  `APERTURA` float(18,5) DEFAULT NULL,
  `ALTO` decimal(18,5) DEFAULT NULL,
  `BAJO` float(18,5) DEFAULT NULL,
  `CIERRE` float(18,5) DEFAULT NULL,
  `VOLUMEN` bigint(20) DEFAULT NULL,
  `DT_REGISTRO` datetime DEFAULT NULL
) ENGINE=InnoDB DEFAULT CHARSET=utf8 COLLATE=utf8_spanish2_ci;

-- --------------------------------------------------------

--
-- Estructura de tabla para la tabla `indicadores`
--

CREATE TABLE IF NOT EXISTS `indicadores` (
  `ID_INDICADOR` int(18) NOT NULL,
  `TIPO_INDICADOR` varchar(50) COLLATE utf8_spanish2_ci DEFAULT NULL,
  `NOMBRE` varchar(300) COLLATE utf8_spanish2_ci DEFAULT NULL,
  `VALOR` float(18,2) DEFAULT NULL,
  `VARIACION` float(18,2) DEFAULT NULL,
  `DT_ACTUALIZACION` datetime DEFAULT NULL,
  `OA` bit(1) DEFAULT NULL
) ENGINE=InnoDB DEFAULT CHARSET=utf8 COLLATE=utf8_spanish2_ci;

-- --------------------------------------------------------

--
-- Estructura de tabla para la tabla `indices_financieros`
--

CREATE TABLE IF NOT EXISTS `indices_financieros` (
  `ID_INDICE_FINANCIERO` int(18) NOT NULL AUTO_INCREMENT,
  `ID_GRUPO_INDICE_FINANCIERO` int(18) DEFAULT NULL,
  `ID_COMPONENTE` int(18) DEFAULT NULL,
  `NOMBRE` varchar(300) COLLATE utf8_spanish2_ci DEFAULT NULL,
  `DESCRIPCION` varchar(300) COLLATE utf8_spanish2_ci DEFAULT NULL,
  `ID_FORMULA` int(18) DEFAULT NULL,
  `FORMULA_DESC` varchar(300) COLLATE utf8_spanish2_ci DEFAULT NULL,
  `RANGO_SUPERIOR` decimal(10,2) NOT NULL,
  `RANGO_INFERIOR` float(10,2) NOT NULL,
  `RANGOS_DESC` text COLLATE utf8_spanish2_ci,
  `OA` bit(1) DEFAULT NULL,
  PRIMARY KEY (`ID_INDICE_FINANCIERO`)
) ENGINE=InnoDB  DEFAULT CHARSET=utf8 COLLATE=utf8_spanish2_ci AUTO_INCREMENT=216 ;

--
-- Volcado de datos para la tabla `indices_financieros`
--

INSERT INTO `indices_financieros` (`ID_INDICE_FINANCIERO`, `ID_GRUPO_INDICE_FINANCIERO`, `ID_COMPONENTE`, `NOMBRE`, `DESCRIPCION`, `ID_FORMULA`, `FORMULA_DESC`, `RANGO_SUPERIOR`, `RANGO_INFERIOR`, `RANGOS_DESC`, `OA`) VALUES
(206, 3, 4, 'Ingresos Totales', '..', 6, '..', 1000.00, 0.00, '..', '1'),
(207, 3, 4, 'Ingresos Retail', '..', 7, '..', 1000.00, 0.00, '..', '1'),
(208, 3, 4, 'SSS', '..', 8, '..', 1000.00, 0.00, '..', '1'),
(209, 3, 4, 'Venta Retail / M2', '..', 9, '..', 1000.00, 0.00, '..', '1'),
(210, 3, 4, '% Margen Retail', '..', 10, '..', 1000.00, 0.00, '..', '1'),
(211, 3, 4, '% Ventas con Tarjeta Credito de cada  Tiendas', '..', 11, '..', 1000.00, 0.00, '..', '1'),
(213, 3, 4, 'Ingresos Financieros', '..', 13, '..', 1000.00, 0.00, '..', '1'),
(214, 3, 4, 'Cartera Bruta (Colocaciones)', '..', 14, '..', 1000.00, 0.00, '..', '1'),
(215, 3, 4, 'Cartera Repactada MM$', '..', 15, '..', 1000.00, 0.00, '..', '1');

-- --------------------------------------------------------

--
-- Estructura de tabla para la tabla `indice_empresa`
--

CREATE TABLE IF NOT EXISTS `indice_empresa` (
  `id_indice` int(11) NOT NULL,
  `id_empresa` int(11) NOT NULL,
  `tipo` int(11) NOT NULL
) ENGINE=InnoDB DEFAULT CHARSET=utf8 COLLATE=utf8_spanish2_ci;

--
-- Volcado de datos para la tabla `indice_empresa`
--

INSERT INTO `indice_empresa` (`id_indice`, `id_empresa`, `tipo`) VALUES
(206, 725, 0),
(206, 726, 0),
(206, 727, 0),
(206, 728, 0),
(206, 729, 0),
(206, 730, 0),
(207, 731, 0),
(207, 732, 0),
(207, 727, 0),
(207, 728, 0),
(207, 729, 0),
(207, 730, 0),
(208, 731, 0),
(208, 732, 0),
(208, 727, 0),
(208, 728, 0),
(208, 729, 0),
(208, 730, 0),
(209, 731, 0),
(209, 732, 0),
(209, 727, 0),
(209, 728, 0),
(209, 729, 0),
(209, 730, 0),
(210, 731, 0),
(210, 732, 0),
(210, 727, 0),
(210, 728, 0),
(210, 729, 0),
(210, 730, 0),
(211, 731, 0),
(211, 732, 0),
(211, 727, 0),
(211, 729, 0),
(211, 730, 0),
(213, 731, 0),
(213, 732, 0),
(213, 727, 0),
(213, 728, 0),
(213, 729, 0),
(213, 730, 0),
(214, 731, 0),
(214, 732, 0),
(214, 727, 0),
(214, 728, 0),
(214, 729, 0),
(214, 730, 0),
(215, 731, 0),
(215, 732, 0),
(215, 727, 0),
(215, 728, 0),
(215, 729, 0),
(215, 730, 0);

-- --------------------------------------------------------

--
-- Estructura de tabla para la tabla `indice_subgrupo_empresa`
--

CREATE TABLE IF NOT EXISTS `indice_subgrupo_empresa` (
  `id_indice` int(11) NOT NULL,
  `id_subgrupo` int(11) NOT NULL,
  `tipo` int(11) NOT NULL
) ENGINE=InnoDB DEFAULT CHARSET=utf8 COLLATE=utf8_spanish2_ci;

-- --------------------------------------------------------

--
-- Estructura de tabla para la tabla `log`
--

CREATE TABLE IF NOT EXISTS `log` (
  `datos` varchar(10000) COLLATE utf8_spanish2_ci NOT NULL
) ENGINE=InnoDB DEFAULT CHARSET=utf8 COLLATE=utf8_spanish2_ci;

--
-- Volcado de datos para la tabla `log`
--

INSERT INTO `log` (`datos`) VALUES
('INSERT INTO formulas values (null, ''281'', ''-1'', ''-1'', ''-1'', ''-1'', 1, 1, 1, 1, 1, ''C1'', ''1'', ''2'', ''C.NN.1'', ''no'', ''no'', ''no'', ''no'');'),
('INSERT INTO indices_financieros VALUES (null, ''3'', 4, ''Ingresos Totales'', ''..'', ''4'', ''..'', ''1000'', ''0'', ''..'', 1);'),
('mysqli_result Object\n(\n    [current_field] => 0\n    [field_count] => 1\n    [lengths] => \n    [num_rows] => 1\n    [type] => 0\n)\n'),
('INSERT INTO `formulario_item`(`id_empresa`, `id_tag_agf`, `fecha_insert`, `nun_item`, `estado`) VALUES (725,281, 0, 0,''A'')'),
('mysqli_result Object\n(\n    [current_field] => 0\n    [field_count] => 1\n    [lengths] => \n    [num_rows] => 1\n    [type] => 0\n)\n'),
('INSERT INTO `formulario_item`(`id_empresa`, `id_tag_agf`, `fecha_insert`, `nun_item`, `estado`) VALUES (726,281, 0, 0,''A'')'),
('mysqli_result Object\n(\n    [current_field] => 0\n    [field_count] => 1\n    [lengths] => \n    [num_rows] => 1\n    [type] => 0\n)\n'),
('INSERT INTO `formulario_item`(`id_empresa`, `id_tag_agf`, `fecha_insert`, `nun_item`, `estado`) VALUES (727,281, 0, 0,''A'')'),
('mysqli_result Object\n(\n    [current_field] => 0\n    [field_count] => 1\n    [lengths] => \n    [num_rows] => 1\n    [type] => 0\n)\n'),
('INSERT INTO `formulario_item`(`id_empresa`, `id_tag_agf`, `fecha_insert`, `nun_item`, `estado`) VALUES (728,281, 0, 0,''A'')'),
('mysqli_result Object\n(\n    [current_field] => 0\n    [field_count] => 1\n    [lengths] => \n    [num_rows] => 1\n    [type] => 0\n)\n'),
('INSERT INTO `formulario_item`(`id_empresa`, `id_tag_agf`, `fecha_insert`, `nun_item`, `estado`) VALUES (729,281, 0, 0,''A'')'),
('mysqli_result Object\n(\n    [current_field] => 0\n    [field_count] => 1\n    [lengths] => \n    [num_rows] => 1\n    [type] => 0\n)\n'),
('INSERT INTO `formulario_item`(`id_empresa`, `id_tag_agf`, `fecha_insert`, `nun_item`, `estado`) VALUES (730,281, 0, 0,''A'')'),
('INSERT INTO formulas values (null, ''282'', ''-1'', ''-1'', ''-1'', ''-1'', 1, 1, 1, 1, 1, ''C1'', ''1'', ''2'', ''C.NN.1'', ''no'', ''no'', ''no'', ''no'');'),
('INSERT INTO indices_financieros VALUES (null, ''3'', 4, ''Ingresos Totales'', ''..'', ''5'', ''..'', ''1000'', ''0'', ''..'', 1);'),
('mysqli_result Object\n(\n    [current_field] => 0\n    [field_count] => 1\n    [lengths] => \n    [num_rows] => 1\n    [type] => 0\n)\n'),
('INSERT INTO `formulario_item`(`id_empresa`, `id_tag_agf`, `fecha_insert`, `nun_item`, `estado`) VALUES (725,282, 0, 0,''A'')'),
('mysqli_result Object\n(\n    [current_field] => 0\n    [field_count] => 1\n    [lengths] => \n    [num_rows] => 1\n    [type] => 0\n)\n'),
('INSERT INTO `formulario_item`(`id_empresa`, `id_tag_agf`, `fecha_insert`, `nun_item`, `estado`) VALUES (726,282, 0, 0,''A'')'),
('mysqli_result Object\n(\n    [current_field] => 0\n    [field_count] => 1\n    [lengths] => \n    [num_rows] => 1\n    [type] => 0\n)\n'),
('INSERT INTO `formulario_item`(`id_empresa`, `id_tag_agf`, `fecha_insert`, `nun_item`, `estado`) VALUES (727,282, 0, 0,''A'')'),
('mysqli_result Object\n(\n    [current_field] => 0\n    [field_count] => 1\n    [lengths] => \n    [num_rows] => 1\n    [type] => 0\n)\n'),
('INSERT INTO `formulario_item`(`id_empresa`, `id_tag_agf`, `fecha_insert`, `nun_item`, `estado`) VALUES (728,282, 0, 0,''A'')'),
('mysqli_result Object\n(\n    [current_field] => 0\n    [field_count] => 1\n    [lengths] => \n    [num_rows] => 1\n    [type] => 0\n)\n'),
('INSERT INTO `formulario_item`(`id_empresa`, `id_tag_agf`, `fecha_insert`, `nun_item`, `estado`) VALUES (729,282, 0, 0,''A'')'),
('mysqli_result Object\n(\n    [current_field] => 0\n    [field_count] => 1\n    [lengths] => \n    [num_rows] => 1\n    [type] => 0\n)\n'),
('INSERT INTO `formulario_item`(`id_empresa`, `id_tag_agf`, `fecha_insert`, `nun_item`, `estado`) VALUES (730,282, 0, 0,''A'')'),
('INSERT INTO formulas values (null, ''283'', ''-1'', ''-1'', ''-1'', ''-1'', 1, 1, 1, 1, 1, ''C1'', ''1'', ''2'', ''C.NN.1'', ''no'', ''no'', ''no'', ''no'');'),
('INSERT INTO indices_financieros VALUES (null, ''3'', 4, ''Ingresos Totales'', ''..'', ''6'', ''..'', ''1000'', ''0'', ''..'', 1);'),
('mysqli_result Object\n(\n    [current_field] => 0\n    [field_count] => 1\n    [lengths] => \n    [num_rows] => 1\n    [type] => 0\n)\n'),
('INSERT INTO `formulario_item`(`id_empresa`, `id_tag_agf`, `fecha_insert`, `nun_item`, `estado`) VALUES (725,283, 0, 0,''A'')'),
('mysqli_result Object\n(\n    [current_field] => 0\n    [field_count] => 1\n    [lengths] => \n    [num_rows] => 1\n    [type] => 0\n)\n'),
('INSERT INTO `formulario_item`(`id_empresa`, `id_tag_agf`, `fecha_insert`, `nun_item`, `estado`) VALUES (726,283, 0, 0,''A'')'),
('mysqli_result Object\n(\n    [current_field] => 0\n    [field_count] => 1\n    [lengths] => \n    [num_rows] => 1\n    [type] => 0\n)\n'),
('INSERT INTO `formulario_item`(`id_empresa`, `id_tag_agf`, `fecha_insert`, `nun_item`, `estado`) VALUES (727,283, 0, 0,''A'')'),
('mysqli_result Object\n(\n    [current_field] => 0\n    [field_count] => 1\n    [lengths] => \n    [num_rows] => 1\n    [type] => 0\n)\n'),
('INSERT INTO `formulario_item`(`id_empresa`, `id_tag_agf`, `fecha_insert`, `nun_item`, `estado`) VALUES (728,283, 0, 0,''A'')'),
('mysqli_result Object\n(\n    [current_field] => 0\n    [field_count] => 1\n    [lengths] => \n    [num_rows] => 1\n    [type] => 0\n)\n'),
('INSERT INTO `formulario_item`(`id_empresa`, `id_tag_agf`, `fecha_insert`, `nun_item`, `estado`) VALUES (729,283, 0, 0,''A'')'),
('mysqli_result Object\n(\n    [current_field] => 0\n    [field_count] => 1\n    [lengths] => \n    [num_rows] => 1\n    [type] => 0\n)\n'),
('INSERT INTO `formulario_item`(`id_empresa`, `id_tag_agf`, `fecha_insert`, `nun_item`, `estado`) VALUES (730,283, 0, 0,''A'')'),
('INSERT INTO formulas values (null, ''284'', ''-1'', ''-1'', ''-1'', ''-1'', 1, 1, 1, 1, 1, ''C1'', ''1'', ''2'', ''C.NN.1'', ''no'', ''no'', ''no'', ''no'');'),
('INSERT INTO indices_financieros VALUES (null, ''3'', 4, ''Ingresos Totales'', ''..'', ''7'', ''..'', ''1000'', ''0'', ''..'', 1);'),
('mysqli_result Object\n(\n    [current_field] => 0\n    [field_count] => 1\n    [lengths] => \n    [num_rows] => 1\n    [type] => 0\n)\n'),
('INSERT INTO `formulario_item`(`id_empresa`, `id_tag_agf`, `fecha_insert`, `nun_item`, `estado`) VALUES (731,284, 0, 0,''A'')'),
('mysqli_result Object\n(\n    [current_field] => 0\n    [field_count] => 1\n    [lengths] => \n    [num_rows] => 1\n    [type] => 0\n)\n'),
('INSERT INTO `formulario_item`(`id_empresa`, `id_tag_agf`, `fecha_insert`, `nun_item`, `estado`) VALUES (732,284, 0, 0,''A'')'),
('mysqli_result Object\n(\n    [current_field] => 0\n    [field_count] => 1\n    [lengths] => \n    [num_rows] => 1\n    [type] => 0\n)\n'),
('INSERT INTO `formulario_item`(`id_empresa`, `id_tag_agf`, `fecha_insert`, `nun_item`, `estado`) VALUES (727,284, 0, 1,''A'')'),
('mysqli_result Object\n(\n    [current_field] => 0\n    [field_count] => 1\n    [lengths] => \n    [num_rows] => 1\n    [type] => 0\n)\n'),
('INSERT INTO `formulario_item`(`id_empresa`, `id_tag_agf`, `fecha_insert`, `nun_item`, `estado`) VALUES (728,284, 0, 1,''A'')'),
('mysqli_result Object\n(\n    [current_field] => 0\n    [field_count] => 1\n    [lengths] => \n    [num_rows] => 1\n    [type] => 0\n)\n'),
('INSERT INTO `formulario_item`(`id_empresa`, `id_tag_agf`, `fecha_insert`, `nun_item`, `estado`) VALUES (729,284, 0, 1,''A'')'),
('mysqli_result Object\n(\n    [current_field] => 0\n    [field_count] => 1\n    [lengths] => \n    [num_rows] => 1\n    [type] => 0\n)\n'),
('INSERT INTO `formulario_item`(`id_empresa`, `id_tag_agf`, `fecha_insert`, `nun_item`, `estado`) VALUES (730,284, 0, 1,''A'')'),
('INSERT INTO formulas values (null, ''285'', ''-1'', ''-1'', ''-1'', ''-1'', 1, 1, 1, 1, 1, ''C1'', ''1'', ''2'', ''C.NN.1'', ''no'', ''no'', ''no'', ''no'');'),
('INSERT INTO indices_financieros VALUES (null, ''3'', 4, ''Ingresos Totales'', ''..'', ''8'', ''..'', ''1000'', ''0'', ''..'', 1);'),
('mysqli_result Object\n(\n    [current_field] => 0\n    [field_count] => 1\n    [lengths] => \n    [num_rows] => 1\n    [type] => 0\n)\n'),
('INSERT INTO `formulario_item`(`id_empresa`, `id_tag_agf`, `fecha_insert`, `nun_item`, `estado`) VALUES (731,285, 0, 1,''A'')'),
('mysqli_result Object\n(\n    [current_field] => 0\n    [field_count] => 1\n    [lengths] => \n    [num_rows] => 1\n    [type] => 0\n)\n'),
('INSERT INTO `formulario_item`(`id_empresa`, `id_tag_agf`, `fecha_insert`, `nun_item`, `estado`) VALUES (732,285, 0, 1,''A'')'),
('mysqli_result Object\n(\n    [current_field] => 0\n    [field_count] => 1\n    [lengths] => \n    [num_rows] => 1\n    [type] => 0\n)\n'),
('INSERT INTO `formulario_item`(`id_empresa`, `id_tag_agf`, `fecha_insert`, `nun_item`, `estado`) VALUES (727,285, 0, 2,''A'')'),
('mysqli_result Object\n(\n    [current_field] => 0\n    [field_count] => 1\n    [lengths] => \n    [num_rows] => 1\n    [type] => 0\n)\n'),
('INSERT INTO `formulario_item`(`id_empresa`, `id_tag_agf`, `fecha_insert`, `nun_item`, `estado`) VALUES (728,285, 0, 2,''A'')'),
('mysqli_result Object\n(\n    [current_field] => 0\n    [field_count] => 1\n    [lengths] => \n    [num_rows] => 1\n    [type] => 0\n)\n'),
('INSERT INTO `formulario_item`(`id_empresa`, `id_tag_agf`, `fecha_insert`, `nun_item`, `estado`) VALUES (729,285, 0, 2,''A'')'),
('mysqli_result Object\n(\n    [current_field] => 0\n    [field_count] => 1\n    [lengths] => \n    [num_rows] => 1\n    [type] => 0\n)\n'),
('INSERT INTO `formulario_item`(`id_empresa`, `id_tag_agf`, `fecha_insert`, `nun_item`, `estado`) VALUES (730,285, 0, 2,''A'')'),
('INSERT INTO formulas values (null, ''286'', ''-1'', ''-1'', ''-1'', ''-1'', 1, 1, 1, 1, 1, ''C1'', ''1'', ''2'', ''C.NN.1'', ''no'', ''no'', ''no'', ''no'');'),
('INSERT INTO indices_financieros VALUES (null, ''3'', 4, ''Venta Retail / M2'', ''..'', ''9'', ''..'', ''1000'', ''0'', ''..'', 1);'),
('mysqli_result Object\n(\n    [current_field] => 0\n    [field_count] => 1\n    [lengths] => \n    [num_rows] => 1\n    [type] => 0\n)\n'),
('INSERT INTO `formulario_item`(`id_empresa`, `id_tag_agf`, `fecha_insert`, `nun_item`, `estado`) VALUES (731,286, 0, 2,''A'')'),
('mysqli_result Object\n(\n    [current_field] => 0\n    [field_count] => 1\n    [lengths] => \n    [num_rows] => 1\n    [type] => 0\n)\n'),
('INSERT INTO `formulario_item`(`id_empresa`, `id_tag_agf`, `fecha_insert`, `nun_item`, `estado`) VALUES (732,286, 0, 2,''A'')'),
('mysqli_result Object\n(\n    [current_field] => 0\n    [field_count] => 1\n    [lengths] => \n    [num_rows] => 1\n    [type] => 0\n)\n'),
('INSERT INTO `formulario_item`(`id_empresa`, `id_tag_agf`, `fecha_insert`, `nun_item`, `estado`) VALUES (727,286, 0, 3,''A'')'),
('mysqli_result Object\n(\n    [current_field] => 0\n    [field_count] => 1\n    [lengths] => \n    [num_rows] => 1\n    [type] => 0\n)\n'),
('INSERT INTO `formulario_item`(`id_empresa`, `id_tag_agf`, `fecha_insert`, `nun_item`, `estado`) VALUES (728,286, 0, 3,''A'')'),
('mysqli_result Object\n(\n    [current_field] => 0\n    [field_count] => 1\n    [lengths] => \n    [num_rows] => 1\n    [type] => 0\n)\n'),
('INSERT INTO `formulario_item`(`id_empresa`, `id_tag_agf`, `fecha_insert`, `nun_item`, `estado`) VALUES (729,286, 0, 3,''A'')'),
('mysqli_result Object\n(\n    [current_field] => 0\n    [field_count] => 1\n    [lengths] => \n    [num_rows] => 1\n    [type] => 0\n)\n'),
('INSERT INTO `formulario_item`(`id_empresa`, `id_tag_agf`, `fecha_insert`, `nun_item`, `estado`) VALUES (730,286, 0, 3,''A'')'),
('INSERT INTO formulas values (null, ''287'', ''-1'', ''-1'', ''-1'', ''-1'', 1, 1, 1, 1, 1, ''C1'', ''1'', ''2'', ''C.NN.1'', ''no'', ''no'', ''no'', ''no'');'),
('INSERT INTO indices_financieros VALUES (null, ''3'', 4, ''% Margen Retail'', ''..'', ''10'', ''..'', ''1000'', ''0'', ''..'', 1);'),
('mysqli_result Object\n(\n    [current_field] => 0\n    [field_count] => 1\n    [lengths] => \n    [num_rows] => 1\n    [type] => 0\n)\n'),
('INSERT INTO `formulario_item`(`id_empresa`, `id_tag_agf`, `fecha_insert`, `nun_item`, `estado`) VALUES (731,287, 0, 3,''A'')'),
('mysqli_result Object\n(\n    [current_field] => 0\n    [field_count] => 1\n    [lengths] => \n    [num_rows] => 1\n    [type] => 0\n)\n'),
('INSERT INTO `formulario_item`(`id_empresa`, `id_tag_agf`, `fecha_insert`, `nun_item`, `estado`) VALUES (732,287, 0, 3,''A'')'),
('mysqli_result Object\n(\n    [current_field] => 0\n    [field_count] => 1\n    [lengths] => \n    [num_rows] => 1\n    [type] => 0\n)\n'),
('INSERT INTO `formulario_item`(`id_empresa`, `id_tag_agf`, `fecha_insert`, `nun_item`, `estado`) VALUES (727,287, 0, 4,''A'')'),
('mysqli_result Object\n(\n    [current_field] => 0\n    [field_count] => 1\n    [lengths] => \n    [num_rows] => 1\n    [type] => 0\n)\n'),
('INSERT INTO `formulario_item`(`id_empresa`, `id_tag_agf`, `fecha_insert`, `nun_item`, `estado`) VALUES (728,287, 0, 4,''A'')'),
('mysqli_result Object\n(\n    [current_field] => 0\n    [field_count] => 1\n    [lengths] => \n    [num_rows] => 1\n    [type] => 0\n)\n'),
('INSERT INTO `formulario_item`(`id_empresa`, `id_tag_agf`, `fecha_insert`, `nun_item`, `estado`) VALUES (729,287, 0, 4,''A'')'),
('mysqli_result Object\n(\n    [current_field] => 0\n    [field_count] => 1\n    [lengths] => \n    [num_rows] => 1\n    [type] => 0\n)\n'),
('INSERT INTO `formulario_item`(`id_empresa`, `id_tag_agf`, `fecha_insert`, `nun_item`, `estado`) VALUES (730,287, 0, 4,''A'')'),
('INSERT INTO formulas values (null, ''288'', ''-1'', ''-1'', ''-1'', ''-1'', 1, 1, 1, 1, 1, ''C1'', ''1'', ''2'', ''C.NN.1'', ''no'', ''no'', ''no'', ''no'');'),
('INSERT INTO indices_financieros VALUES (null, ''3'', 4, ''% Ventas con Tarjeta Credito de cada  Tiendas'', ''..'', ''11'', ''..'', ''1000'', ''0'', ''..'', 1);'),
('mysqli_result Object\n(\n    [current_field] => 0\n    [field_count] => 1\n    [lengths] => \n    [num_rows] => 1\n    [type] => 0\n)\n'),
('INSERT INTO `formulario_item`(`id_empresa`, `id_tag_agf`, `fecha_insert`, `nun_item`, `estado`) VALUES (731,288, 0, 4,''A'')'),
('mysqli_result Object\n(\n    [current_field] => 0\n    [field_count] => 1\n    [lengths] => \n    [num_rows] => 1\n    [type] => 0\n)\n'),
('INSERT INTO `formulario_item`(`id_empresa`, `id_tag_agf`, `fecha_insert`, `nun_item`, `estado`) VALUES (732,288, 0, 4,''A'')'),
('mysqli_result Object\n(\n    [current_field] => 0\n    [field_count] => 1\n    [lengths] => \n    [num_rows] => 1\n    [type] => 0\n)\n'),
('INSERT INTO `formulario_item`(`id_empresa`, `id_tag_agf`, `fecha_insert`, `nun_item`, `estado`) VALUES (727,288, 0, 5,''A'')'),
('mysqli_result Object\n(\n    [current_field] => 0\n    [field_count] => 1\n    [lengths] => \n    [num_rows] => 1\n    [type] => 0\n)\n'),
('INSERT INTO `formulario_item`(`id_empresa`, `id_tag_agf`, `fecha_insert`, `nun_item`, `estado`) VALUES (729,288, 0, 5,''A'')'),
('mysqli_result Object\n(\n    [current_field] => 0\n    [field_count] => 1\n    [lengths] => \n    [num_rows] => 1\n    [type] => 0\n)\n'),
('INSERT INTO `formulario_item`(`id_empresa`, `id_tag_agf`, `fecha_insert`, `nun_item`, `estado`) VALUES (730,288, 0, 5,''A'')'),
('INSERT INTO formulas values (null, ''289'', ''-1'', ''-1'', ''-1'', ''-1'', 1, 1, 1, 1, 1, ''C1'', ''1'', ''2'', ''C.NN.1'', ''no'', ''no'', ''no'', ''no'');'),
('INSERT INTO indices_financieros VALUES (null, ''3'', 4, ''Ingresos Financieros'', ''..'', ''12'', ''..'', ''1000'', ''0'', ''..'', 1);'),
('mysqli_result Object\n(\n    [current_field] => 0\n    [field_count] => 1\n    [lengths] => \n    [num_rows] => 1\n    [type] => 0\n)\n'),
('INSERT INTO `formulario_item`(`id_empresa`, `id_tag_agf`, `fecha_insert`, `nun_item`, `estado`) VALUES (731,289, 0, 5,''A'')'),
('mysqli_result Object\n(\n    [current_field] => 0\n    [field_count] => 1\n    [lengths] => \n    [num_rows] => 1\n    [type] => 0\n)\n'),
('INSERT INTO `formulario_item`(`id_empresa`, `id_tag_agf`, `fecha_insert`, `nun_item`, `estado`) VALUES (732,289, 0, 5,''A'')'),
('mysqli_result Object\n(\n    [current_field] => 0\n    [field_count] => 1\n    [lengths] => \n    [num_rows] => 1\n    [type] => 0\n)\n'),
('INSERT INTO `formulario_item`(`id_empresa`, `id_tag_agf`, `fecha_insert`, `nun_item`, `estado`) VALUES (727,289, 0, 6,''A'')'),
('mysqli_result Object\n(\n    [current_field] => 0\n    [field_count] => 1\n    [lengths] => \n    [num_rows] => 1\n    [type] => 0\n)\n'),
('INSERT INTO `formulario_item`(`id_empresa`, `id_tag_agf`, `fecha_insert`, `nun_item`, `estado`) VALUES (729,289, 0, 6,''A'')'),
('mysqli_result Object\n(\n    [current_field] => 0\n    [field_count] => 1\n    [lengths] => \n    [num_rows] => 1\n    [type] => 0\n)\n'),
('INSERT INTO `formulario_item`(`id_empresa`, `id_tag_agf`, `fecha_insert`, `nun_item`, `estado`) VALUES (730,289, 0, 6,''A'')'),
('INSERT INTO formulas values (null, ''290'', ''-1'', ''-1'', ''-1'', ''-1'', 1, 1, 1, 1, 1, ''C1'', ''1'', ''2'', ''C.NN.1'', ''no'', ''no'', ''no'', ''no'');'),
('INSERT INTO indices_financieros VALUES (null, ''3'', 4, ''Ingresos Financieros'', ''..'', ''13'', ''..'', ''1000'', ''0'', ''..'', 1);'),
('mysqli_result Object\n(\n    [current_field] => 0\n    [field_count] => 1\n    [lengths] => \n    [num_rows] => 1\n    [type] => 0\n)\n'),
('INSERT INTO `formulario_item`(`id_empresa`, `id_tag_agf`, `fecha_insert`, `nun_item`, `estado`) VALUES (731,290, 0, 5,''A'')'),
('mysqli_result Object\n(\n    [current_field] => 0\n    [field_count] => 1\n    [lengths] => \n    [num_rows] => 1\n    [type] => 0\n)\n'),
('INSERT INTO `formulario_item`(`id_empresa`, `id_tag_agf`, `fecha_insert`, `nun_item`, `estado`) VALUES (732,290, 0, 5,''A'')'),
('mysqli_result Object\n(\n    [current_field] => 0\n    [field_count] => 1\n    [lengths] => \n    [num_rows] => 1\n    [type] => 0\n)\n'),
('INSERT INTO `formulario_item`(`id_empresa`, `id_tag_agf`, `fecha_insert`, `nun_item`, `estado`) VALUES (727,290, 0, 6,''A'')'),
('mysqli_result Object\n(\n    [current_field] => 0\n    [field_count] => 1\n    [lengths] => \n    [num_rows] => 1\n    [type] => 0\n)\n'),
('INSERT INTO `formulario_item`(`id_empresa`, `id_tag_agf`, `fecha_insert`, `nun_item`, `estado`) VALUES (728,290, 0, 5,''A'')'),
('mysqli_result Object\n(\n    [current_field] => 0\n    [field_count] => 1\n    [lengths] => \n    [num_rows] => 1\n    [type] => 0\n)\n'),
('INSERT INTO `formulario_item`(`id_empresa`, `id_tag_agf`, `fecha_insert`, `nun_item`, `estado`) VALUES (729,290, 0, 6,''A'')'),
('mysqli_result Object\n(\n    [current_field] => 0\n    [field_count] => 1\n    [lengths] => \n    [num_rows] => 1\n    [type] => 0\n)\n'),
('INSERT INTO `formulario_item`(`id_empresa`, `id_tag_agf`, `fecha_insert`, `nun_item`, `estado`) VALUES (730,290, 0, 6,''A'')'),
('INSERT INTO formulas values (null, ''291'', ''-1'', ''-1'', ''-1'', ''-1'', 1, 1, 1, 1, 1, ''C1'', ''1'', ''2'', ''C.NN.1'', ''no'', ''no'', ''no'', ''no'');'),
('INSERT INTO indices_financieros VALUES (null, ''3'', 4, ''Cartera Bruta (Colocaciones)'', ''..'', ''14'', ''..'', ''1000'', ''0'', ''..'', 1);'),
('mysqli_result Object\n(\n    [current_field] => 0\n    [field_count] => 1\n    [lengths] => \n    [num_rows] => 1\n    [type] => 0\n)\n'),
('INSERT INTO `formulario_item`(`id_empresa`, `id_tag_agf`, `fecha_insert`, `nun_item`, `estado`) VALUES (731,291, 0, 6,''A'')'),
('mysqli_result Object\n(\n    [current_field] => 0\n    [field_count] => 1\n    [lengths] => \n    [num_rows] => 1\n    [type] => 0\n)\n'),
('INSERT INTO `formulario_item`(`id_empresa`, `id_tag_agf`, `fecha_insert`, `nun_item`, `estado`) VALUES (732,291, 0, 6,''A'')'),
('mysqli_result Object\n(\n    [current_field] => 0\n    [field_count] => 1\n    [lengths] => \n    [num_rows] => 1\n    [type] => 0\n)\n'),
('INSERT INTO `formulario_item`(`id_empresa`, `id_tag_agf`, `fecha_insert`, `nun_item`, `estado`) VALUES (727,291, 0, 7,''A'')'),
('mysqli_result Object\n(\n    [current_field] => 0\n    [field_count] => 1\n    [lengths] => \n    [num_rows] => 1\n    [type] => 0\n)\n'),
('INSERT INTO `formulario_item`(`id_empresa`, `id_tag_agf`, `fecha_insert`, `nun_item`, `estado`) VALUES (728,291, 0, 6,''A'')'),
('mysqli_result Object\n(\n    [current_field] => 0\n    [field_count] => 1\n    [lengths] => \n    [num_rows] => 1\n    [type] => 0\n)\n'),
('INSERT INTO `formulario_item`(`id_empresa`, `id_tag_agf`, `fecha_insert`, `nun_item`, `estado`) VALUES (729,291, 0, 7,''A'')'),
('mysqli_result Object\n(\n    [current_field] => 0\n    [field_count] => 1\n    [lengths] => \n    [num_rows] => 1\n    [type] => 0\n)\n'),
('INSERT INTO `formulario_item`(`id_empresa`, `id_tag_agf`, `fecha_insert`, `nun_item`, `estado`) VALUES (730,291, 0, 7,''A'')'),
('INSERT INTO formulas values (null, ''292'', ''-1'', ''-1'', ''-1'', ''-1'', 1, 1, 1, 1, 1, ''C1'', ''1'', ''2'', ''C.NN.1'', ''no'', ''no'', ''no'', ''no'');'),
('INSERT INTO indices_financieros VALUES (null, ''3'', 4, ''Cartera Repactada MM$'', ''..'', ''15'', ''..'', ''1000'', ''0'', ''..'', 1);'),
('mysqli_result Object\n(\n    [current_field] => 0\n    [field_count] => 1\n    [lengths] => \n    [num_rows] => 1\n    [type] => 0\n)\n'),
('INSERT INTO `formulario_item`(`id_empresa`, `id_tag_agf`, `fecha_insert`, `nun_item`, `estado`) VALUES (731,292, 0, 7,''A'')'),
('mysqli_result Object\n(\n    [current_field] => 0\n    [field_count] => 1\n    [lengths] => \n    [num_rows] => 1\n    [type] => 0\n)\n'),
('INSERT INTO `formulario_item`(`id_empresa`, `id_tag_agf`, `fecha_insert`, `nun_item`, `estado`) VALUES (732,292, 0, 7,''A'')'),
('mysqli_result Object\n(\n    [current_field] => 0\n    [field_count] => 1\n    [lengths] => \n    [num_rows] => 1\n    [type] => 0\n)\n'),
('INSERT INTO `formulario_item`(`id_empresa`, `id_tag_agf`, `fecha_insert`, `nun_item`, `estado`) VALUES (727,292, 0, 8,''A'')'),
('mysqli_result Object\n(\n    [current_field] => 0\n    [field_count] => 1\n    [lengths] => \n    [num_rows] => 1\n    [type] => 0\n)\n'),
('INSERT INTO `formulario_item`(`id_empresa`, `id_tag_agf`, `fecha_insert`, `nun_item`, `estado`) VALUES (728,292, 0, 7,''A'')'),
('mysqli_result Object\n(\n    [current_field] => 0\n    [field_count] => 1\n    [lengths] => \n    [num_rows] => 1\n    [type] => 0\n)\n'),
('INSERT INTO `formulario_item`(`id_empresa`, `id_tag_agf`, `fecha_insert`, `nun_item`, `estado`) VALUES (729,292, 0, 8,''A'')'),
('mysqli_result Object\n(\n    [current_field] => 0\n    [field_count] => 1\n    [lengths] => \n    [num_rows] => 1\n    [type] => 0\n)\n'),
('INSERT INTO `formulario_item`(`id_empresa`, `id_tag_agf`, `fecha_insert`, `nun_item`, `estado`) VALUES (730,292, 0, 8,''A'')');

-- --------------------------------------------------------

--
-- Estructura de tabla para la tabla `log_ingreso_tag`
--

CREATE TABLE IF NOT EXISTS `log_ingreso_tag` (
  `ID_LOG_INGRESO_TAG` int(18) NOT NULL,
  `ID_LOG_REGISTRO` int(18) DEFAULT NULL,
  `EMPRESA` varchar(300) COLLATE utf8_spanish2_ci DEFAULT NULL,
  `PERIODO` varchar(50) COLLATE utf8_spanish2_ci DEFAULT NULL,
  `ID_TAG_AGF` int(18) DEFAULT NULL,
  `TAG_AGF` varchar(300) COLLATE utf8_spanish2_ci DEFAULT NULL,
  `ID_TAG_XBRL` int(18) DEFAULT NULL,
  `TAG_XBRL` varchar(300) COLLATE utf8_spanish2_ci DEFAULT NULL,
  `ORIGEN` varchar(50) COLLATE utf8_spanish2_ci DEFAULT NULL,
  `VALOR` float(18,4) DEFAULT NULL,
  `OUTPUT` varchar(300) COLLATE utf8_spanish2_ci DEFAULT NULL,
  `DT_OUTPUT` datetime DEFAULT NULL
) ENGINE=InnoDB DEFAULT CHARSET=utf8 COLLATE=utf8_spanish2_ci;

-- --------------------------------------------------------

--
-- Estructura de tabla para la tabla `log_proceso`
--

CREATE TABLE IF NOT EXISTS `log_proceso` (
  `ID_LOG_PROCESO` int(18) NOT NULL,
  `PROCESO` varchar(300) COLLATE utf8_spanish2_ci DEFAULT NULL,
  `DT_INICIO` datetime DEFAULT NULL,
  `DT_FIN` datetime DEFAULT NULL,
  `ESTADO` varchar(300) COLLATE utf8_spanish2_ci DEFAULT NULL
) ENGINE=InnoDB DEFAULT CHARSET=utf8 COLLATE=utf8_spanish2_ci;

-- --------------------------------------------------------

--
-- Estructura de tabla para la tabla `log_registro`
--

CREATE TABLE IF NOT EXISTS `log_registro` (
  `ID_LOG_REGISTRO` int(18) NOT NULL,
  `ID_LOG_PROCESO` int(18) NOT NULL,
  `DT_IN` datetime DEFAULT NULL,
  `DT_OUT` datetime DEFAULT NULL,
  `INPUT` varchar(300) COLLATE utf8_spanish2_ci DEFAULT NULL,
  `EMPRESA` varchar(300) COLLATE utf8_spanish2_ci DEFAULT NULL,
  `PERIODO` varchar(10) COLLATE utf8_spanish2_ci DEFAULT NULL,
  `OUTPUT` varchar(300) COLLATE utf8_spanish2_ci DEFAULT NULL
) ENGINE=InnoDB DEFAULT CHARSET=utf8 COLLATE=utf8_spanish2_ci;

-- --------------------------------------------------------

--
-- Estructura de tabla para la tabla `masivo`
--

CREATE TABLE IF NOT EXISTS `masivo` (
  `id` int(11) NOT NULL AUTO_INCREMENT,
  `id_indice` int(11) NOT NULL,
  `id_tag_agf` int(11) NOT NULL,
  `id_formula` int(11) NOT NULL,
  PRIMARY KEY (`id`)
) ENGINE=InnoDB  DEFAULT CHARSET=utf8 COLLATE=utf8_spanish2_ci AUTO_INCREMENT=12 ;

--
-- Volcado de datos para la tabla `masivo`
--

INSERT INTO `masivo` (`id`, `id_indice`, `id_tag_agf`, `id_formula`) VALUES
(2, 206, 283, 6),
(3, 207, 284, 7),
(4, 208, 285, 8),
(5, 209, 286, 9),
(6, 210, 287, 10),
(7, 211, 288, 11),
(9, 213, 290, 13),
(10, 214, 291, 14),
(11, 215, 292, 15);

-- --------------------------------------------------------

--
-- Estructura de tabla para la tabla `monedas`
--

CREATE TABLE IF NOT EXISTS `monedas` (
  `id` int(11) NOT NULL AUTO_INCREMENT,
  `nombre` varchar(64) COLLATE utf8_spanish2_ci DEFAULT NULL,
  `codigo` varchar(10) COLLATE utf8_spanish2_ci DEFAULT NULL,
  `valor_defecto` float(18,2) DEFAULT NULL,
  `operacion` varchar(10) COLLATE utf8_spanish2_ci DEFAULT NULL,
  `signo` varchar(5) COLLATE utf8_spanish2_ci DEFAULT NULL,
  `cantidad_decimal` int(11) DEFAULT NULL,
  PRIMARY KEY (`id`)
) ENGINE=InnoDB DEFAULT CHARSET=utf8 COLLATE=utf8_spanish2_ci AUTO_INCREMENT=1 ;

-- --------------------------------------------------------

--
-- Estructura de tabla para la tabla `perfiles`
--

CREATE TABLE IF NOT EXISTS `perfiles` (
  `ID_PERFIL` int(11) NOT NULL,
  `NOMBRE` varchar(50) COLLATE utf8_spanish2_ci DEFAULT NULL,
  `OA` bit(1) DEFAULT NULL
) ENGINE=InnoDB DEFAULT CHARSET=utf8 COLLATE=utf8_spanish2_ci;

-- --------------------------------------------------------

--
-- Estructura de tabla para la tabla `periodos`
--

CREATE TABLE IF NOT EXISTS `periodos` (
  `ID_PERIODO` int(18) NOT NULL AUTO_INCREMENT,
  `label` varchar(7) COLLATE utf8_spanish2_ci NOT NULL,
  `ANO` int(11) DEFAULT NULL,
  `MES` int(11) DEFAULT NULL,
  `OA` bit(1) DEFAULT NULL,
  `orden` int(11) NOT NULL,
  PRIMARY KEY (`ID_PERIODO`)
) ENGINE=InnoDB  DEFAULT CHARSET=utf8 COLLATE=utf8_spanish2_ci AUTO_INCREMENT=30 ;

--
-- Volcado de datos para la tabla `periodos`
--

INSERT INTO `periodos` (`ID_PERIODO`, `label`, `ANO`, `MES`, `OA`, `orden`) VALUES
(1, '3/2010', 2010, 3, '1', 5),
(2, '6/2010', 2010, 6, '1', 6),
(3, '9/2010', 2010, 9, '1', 7),
(4, '12/2010', 2010, 12, '1', 8),
(5, '3/2011', 2011, 3, '1', 9),
(6, '6/2011', 2011, 6, '1', 10),
(7, '9/2011', 2011, 9, '1', 11),
(8, '12/2011', 2011, 12, '1', 12),
(9, '3/2012', 2012, 3, '1', 13),
(10, '6/2012', 2012, 6, '1', 14),
(11, '9/2012', 2012, 9, '1', 15),
(12, '12/2012', 2012, 12, '1', 16),
(13, '3/2009', 2009, 3, '1', 1),
(14, '6/2009', 2009, 6, '1', 2),
(15, '9/2009', 2009, 9, '1', 3),
(16, '12/2009', 2009, 12, '1', 4),
(24, '2009', 2009, 0, '0', 0),
(25, '2010', 2010, 0, '0', 0),
(26, '2011', 2011, 0, '0', 0),
(27, '2012', 2012, 0, '0', 0),
(28, '3/2013', 2013, 3, '1', 17),
(29, '6/2013', 2013, 6, '1', 18);

-- --------------------------------------------------------

--
-- Estructura de tabla para la tabla `subgrupos`
--

CREATE TABLE IF NOT EXISTS `subgrupos` (
  `ID_SUBGRUPO` int(18) NOT NULL AUTO_INCREMENT,
  `NOMBRE` varchar(50) COLLATE utf8_spanish2_ci DEFAULT NULL,
  `DESCRIPCION` varchar(255) COLLATE utf8_spanish2_ci DEFAULT NULL,
  PRIMARY KEY (`ID_SUBGRUPO`)
) ENGINE=InnoDB  DEFAULT CHARSET=utf8 COLLATE=utf8_spanish2_ci AUTO_INCREMENT=106 ;

--
-- Volcado de datos para la tabla `subgrupos`
--

INSERT INTO `subgrupos` (`ID_SUBGRUPO`, `NOMBRE`, `DESCRIPCION`) VALUES
(101, 'Ingresos Totales', '..'),
(102, 'DEMO', '...'),
(103, 'Ingresos Totales Anuales', '..'),
(104, 'Ingresos Retail', 'Ingresos Retail'),
(105, 'Ingresos Retail Anuales', 'Ingresos Retail Anuales');

-- --------------------------------------------------------

--
-- Estructura de tabla para la tabla `subgrupos_empresas`
--

CREATE TABLE IF NOT EXISTS `subgrupos_empresas` (
  `ID_SUBGRUPO` int(18) NOT NULL,
  `ID_EMPRESA` int(18) NOT NULL
) ENGINE=InnoDB DEFAULT CHARSET=utf8 COLLATE=utf8_spanish2_ci;

--
-- Volcado de datos para la tabla `subgrupos_empresas`
--

INSERT INTO `subgrupos_empresas` (`ID_SUBGRUPO`, `ID_EMPRESA`) VALUES
(102, 724),
(102, 721),
(101, 727),
(101, 730),
(101, 726),
(101, 728),
(101, 725),
(101, 729),
(103, 727),
(103, 730),
(103, 726),
(103, 728),
(103, 731),
(103, 729),
(104, 730),
(104, 728),
(104, 732),
(104, 731),
(104, 727),
(104, 729),
(105, 727),
(105, 729),
(105, 731),
(105, 728),
(105, 730),
(105, 732);

-- --------------------------------------------------------

--
-- Estructura de tabla para la tabla `tag_agf`
--

CREATE TABLE IF NOT EXISTS `tag_agf` (
  `ID_TAG_AGF` int(18) NOT NULL AUTO_INCREMENT,
  `NOMBRE` varchar(300) COLLATE utf8_spanish2_ci DEFAULT NULL,
  `ETIQUETA` varchar(300) COLLATE utf8_spanish2_ci DEFAULT NULL,
  `COMPONENTE` varchar(50) COLLATE utf8_spanish2_ci DEFAULT NULL,
  `ORIGEN` varchar(50) COLLATE utf8_spanish2_ci DEFAULT NULL,
  `OA` bit(1) DEFAULT NULL,
  PRIMARY KEY (`ID_TAG_AGF`)
) ENGINE=InnoDB  DEFAULT CHARSET=utf8 COLLATE=utf8_spanish2_ci AUTO_INCREMENT=293 ;

--
-- Volcado de datos para la tabla `tag_agf`
--

INSERT INTO `tag_agf` (`ID_TAG_AGF`, `NOMBRE`, `ETIQUETA`, `COMPONENTE`, `ORIGEN`, `OA`) VALUES
(1, 'Efectivo y equivalentes al efectivo', 'Efectivo y equivalentes al efectivo', 'BALANCE', 'XBRL', '1'),
(2, 'Otros activos financieros corrientes', 'Otros activos financieros corrientes', 'BALANCE', 'XBRL', '1'),
(3, 'Otros activos no financieros corrientes', 'Otros activos no financieros corrientes', 'BALANCE', 'XBRL', '1'),
(4, 'Deudores comerciales y otras cuentas por cobrar corrientes', 'Deudores comerciales y otras cuentas por cobrar corrientes', 'BALANCE', 'XBRL', '1'),
(5, 'Cuentas por cobrar a entidades relacionadas, corrientes', 'Cuentas por cobrar a entidades relacionadas, corrientes', 'BALANCE', 'XBRL', '1'),
(6, 'Inventarios corrientes', 'Inventarios corrientes', 'BALANCE', 'XBRL', '1'),
(7, 'Activos biol', 'Activos biol', 'BALANCE', 'XBRL', '1'),
(8, 'Activos por impuestos corrientes, corrientes', 'Activos por impuestos corrientes, corrientes', 'BALANCE', 'XBRL', '1'),
(9, 'Total de activos corrientes distintos de los activo o grupos de activos para su disposici', 'Total de activos corrientes distintos de los activo o grupos de activos para su disposici', 'BALANCE', 'XBRL', '1'),
(10, 'Activos no corrientes o grupos de activos para su disposici', 'Activos no corrientes o grupos de activos para su disposici', 'BALANCE', 'XBRL', '1'),
(11, 'Activos corrientes totales', 'Activos corrientes totales', 'BALANCE', 'XBRL', '1'),
(12, 'Otros activos financieros no corrientes', 'Otros activos financieros no corrientes', 'BALANCE', 'XBRL', '1'),
(13, 'Otros activos no financieros no corrientes', 'Otros activos no financieros no corrientes', 'BALANCE', 'XBRL', '1'),
(14, 'Cuentas por cobrar no corrientes', 'Cuentas por cobrar no corrientes', 'BALANCE', 'XBRL', '1'),
(15, 'Inventarios, no corrientes', 'Inventarios, no corrientes', 'BALANCE', 'XBRL', '1'),
(16, 'Cuentas por cobrar a entidades relacionadas, no corrientes', 'Cuentas por cobrar a entidades relacionadas, no corrientes', 'BALANCE', 'XBRL', '1'),
(17, 'Inversiones contabilizadas utilizando el m', 'Inversiones contabilizadas utilizando el m', 'BALANCE', 'XBRL', '1'),
(18, 'Activos intangibles distintos de la plusval', 'Activos intangibles distintos de la plusval', 'BALANCE', 'XBRL', '1'),
(19, 'Plusval', 'Plusval', 'BALANCE', 'XBRL', '1'),
(20, 'Propiedades, planta y equipo', 'Propiedades, planta y equipo', 'BALANCE', 'XBRL', '1'),
(21, 'Activos biol', 'Activos biol', 'BALANCE', 'XBRL', '1'),
(22, 'Propiedad de inversi', 'Propiedad de inversi', 'BALANCE', 'XBRL', '1'),
(23, 'Activos por impuestos corrientes, no corrientes', 'Activos por impuestos corrientes, no corrientes', 'BALANCE', 'XBRL', '1'),
(24, 'Activos por impuestos diferidos', 'Activos por impuestos diferidos', 'BALANCE', 'XBRL', '1'),
(25, 'Total de activos no corrientes', 'Total de activos no corrientes', 'BALANCE', 'XBRL', '1'),
(26, 'Total de activos', 'Total de activos', 'BALANCE', 'XBRL', '1'),
(27, 'Otros pasivos financieros corrientes', 'Otros pasivos financieros corrientes', 'BALANCE', 'XBRL', '1'),
(28, 'Cuentas por pagar comerciales y otras cuentas por pagar', 'Cuentas por pagar comerciales y otras cuentas por pagar', 'BALANCE', 'XBRL', '1'),
(29, 'Cuentas por pagar a entidades relacionadas, corrientes', 'Cuentas por pagar a entidades relacionadas, corrientes', 'BALANCE', 'XBRL', '1'),
(30, 'Otras provisiones a corto plazo', 'Otras provisiones a corto plazo', 'BALANCE', 'XBRL', '1'),
(31, 'Pasivos por impuestos corrientes, corrientes', 'Pasivos por impuestos corrientes, corrientes', 'BALANCE', 'XBRL', '1'),
(32, 'Provisiones corrientes por beneficios a los empleados', 'Provisiones corrientes por beneficios a los empleados', 'BALANCE', 'XBRL', '1'),
(33, 'Otros pasivos no financieros corrientes', 'Otros pasivos no financieros corrientes', 'BALANCE', 'XBRL', '1'),
(34, 'Total de pasivos corrientes distintos de los pasivos incluidos en grupos de activos para su disposici', 'Total de pasivos corrientes distintos de los pasivos incluidos en grupos de activos para su disposici', 'BALANCE', 'XBRL', '1'),
(35, 'Pasivos incluidos en grupos de activos para su disposici', 'Pasivos incluidos en grupos de activos para su disposici', 'BALANCE', 'XBRL', '1'),
(36, 'Pasivos corrientes totales', 'Pasivos corrientes totales', 'BALANCE', 'XBRL', '1'),
(37, 'Otros pasivos financieros no corrientes', 'Otros pasivos financieros no corrientes', 'BALANCE', 'XBRL', '1'),
(38, 'Cuentas por pagar no corrientes', 'Cuentas por pagar no corrientes', 'BALANCE', 'XBRL', '1'),
(39, 'Cuentas por pagar a entidades relacionadas, no corrientes', 'Cuentas por pagar a entidades relacionadas, no corrientes', 'BALANCE', 'XBRL', '1'),
(40, 'Otras provisiones a largo plazo', 'Otras provisiones a largo plazo', 'BALANCE', 'XBRL', '1'),
(41, 'Pasivo por impuestos diferidos', 'Pasivo por impuestos diferidos', 'BALANCE', 'XBRL', '1'),
(42, 'Pasivos por impuestos corrientes, no corrientes', 'Pasivos por impuestos corrientes, no corrientes', 'BALANCE', 'XBRL', '1'),
(43, 'Provisiones no corrientes por beneficios a los empleados', 'Provisiones no corrientes por beneficios a los empleados', 'BALANCE', 'XBRL', '1'),
(44, 'Otros pasivos no financieros no corrientes', 'Otros pasivos no financieros no corrientes', 'BALANCE', 'XBRL', '1'),
(45, 'Total de pasivos no corrientes', 'Total de pasivos no corrientes', 'BALANCE', 'XBRL', '1'),
(46, 'Total de pasivos', 'Total de pasivos', 'BALANCE', 'XBRL', '1'),
(47, 'Capital emitido', 'Capital emitido', 'BALANCE', 'XBRL', '1'),
(48, 'Ganancias (p', 'Ganancias (p', 'BALANCE', 'XBRL', '1'),
(49, 'Prima de emisi', 'Prima de emisi', 'BALANCE', 'XBRL', '1'),
(50, 'Acciones propias en cartera', 'Acciones propias en cartera', 'BALANCE', 'XBRL', '1'),
(51, 'Otras participaciones en el patrimonio', 'Otras participaciones en el patrimonio', 'BALANCE', 'XBRL', '1'),
(52, 'Otras reservas', 'Otras reservas', 'BALANCE', 'XBRL', '1'),
(53, 'Patrimonio atribuible a los propietarios de la controladora', 'Patrimonio atribuible a los propietarios de la controladora', 'BALANCE', 'XBRL', '1'),
(54, 'Participaciones no controladoras', 'Participaciones no controladoras', 'BALANCE', 'XBRL', '1'),
(55, 'Patrimonio total', 'Patrimonio total', 'BALANCE', 'XBRL', '1'),
(56, 'Total de patrimonio y pasivos', 'Total de patrimonio y pasivos', 'BALANCE', 'XBRL', '1'),
(57, 'Activos por impuestos corrientes', 'Activos por impuestos corrientes', 'BALANCE', 'XBRL', '1'),
(58, 'Inventarios', 'Inventarios', 'BALANCE', 'XBRL', '1'),
(59, 'Cuentas por cobrar a entidades relacionadas', 'Cuentas por cobrar a entidades relacionadas', 'BALANCE', 'XBRL', '1'),
(60, 'Otros activos no financieros', 'Otros activos no financieros', 'BALANCE', 'XBRL', '1'),
(61, 'Deudores comerciales y otras cuentas por cobrar', 'Deudores comerciales y otras cuentas por cobrar', 'BALANCE', 'XBRL', '1'),
(62, 'Otros activos financieros', 'Otros activos financieros', 'BALANCE', 'XBRL', '1'),
(63, 'Activos biol', 'Activos biol', 'BALANCE', 'XBRL', '1'),
(64, 'Activos intangibles distintos de la plusval', 'Activos intangibles distintos de la plusval', 'BALANCE', 'XBRL', '1'),
(65, 'Cuentas por pagar a entidades relacionadas', 'Cuentas por pagar a entidades relacionadas', 'BALANCE', 'XBRL', '1'),
(66, 'Pasivos por impuestos corrientes', 'Pasivos por impuestos corrientes', 'BALANCE', 'XBRL', '1'),
(67, 'Otros pasivos no financieros', 'Otros pasivos no financieros', 'BALANCE', 'XBRL', '1'),
(68, 'Otros pasivos financieros', 'Otros pasivos financieros', 'BALANCE', 'XBRL', '1'),
(69, 'Provisiones por beneficios a los empleados', 'Provisiones por beneficios a los empleados', 'BALANCE', 'XBRL', '1'),
(70, 'Otras provisiones', 'Otras provisiones', 'BALANCE', 'XBRL', '1'),
(71, 'Ingresos de actividades ordinarias', 'Ingresos de actividades ordinarias', 'RESULTADO', 'XBRL', '1'),
(72, 'Costo de ventas', 'Costo de ventas', 'RESULTADO', 'XBRL', '1'),
(73, 'Ganancia bruta', 'Ganancia bruta', 'RESULTADO', 'XBRL', '1'),
(74, 'Otros ingresos', 'Otros ingresos', 'RESULTADO', 'XBRL', '1'),
(75, 'Costos de distribuci', 'Costos de distribuci', 'RESULTADO', 'XBRL', '1'),
(76, 'Gastos de administraci', 'Gastos de administraci', 'RESULTADO', 'XBRL', '1'),
(77, 'Otros gastos, por funci', 'Otros gastos, por funci', 'RESULTADO', 'XBRL', '1'),
(78, 'Otras ganancias (p', 'Otras ganancias (p', 'RESULTADO', 'XBRL', '1'),
(79, 'Ganancias (p', 'Ganancias (p', 'RESULTADO', 'XBRL', '1'),
(80, 'Ganancias (p', 'Ganancias (p', 'RESULTADO', 'XBRL', '1'),
(81, 'Ingresos financieros', 'Ingresos financieros', 'RESULTADO', 'XBRL', '1'),
(82, 'Costos financieros', 'Costos financieros', 'RESULTADO', 'XBRL', '1'),
(83, 'Participaci', 'Participaci', 'RESULTADO', 'XBRL', '1'),
(84, 'Diferencias de cambio', 'Diferencias de cambio', 'RESULTADO', 'XBRL', '1'),
(85, 'Resultados por unidades de reajuste', 'Resultados por unidades de reajuste', 'RESULTADO', 'XBRL', '1'),
(86, 'Ganancias (p', 'Ganancias (p', 'RESULTADO', 'XBRL', '1'),
(87, 'Ganancia (p', 'Ganancia (p', 'RESULTADO', 'XBRL', '1'),
(88, 'Gasto por impuestos a las ganancias', 'Gasto por impuestos a las ganancias', 'RESULTADO', 'XBRL', '1'),
(89, 'Ganancia (p', 'Ganancia (p', 'RESULTADO', 'XBRL', '1'),
(90, 'Ganancia (p', 'Ganancia (p', 'RESULTADO', 'XBRL', '1'),
(91, 'Ganancia (p', 'Ganancia (p', 'RESULTADO', 'XBRL', '1'),
(92, 'Ganancia (p', 'Ganancia (p', 'RESULTADO', 'XBRL', '1'),
(93, 'Ganancia (p', 'Ganancia (p', 'RESULTADO', 'XBRL', '1'),
(94, 'Ganancia (p', 'Ganancia (p', 'RESULTADO', 'XBRL', '1'),
(95, 'Ganancia (p', 'Ganancia (p', 'RESULTADO', 'XBRL', '1'),
(96, 'Ganancia (p', 'Ganancia (p', 'RESULTADO', 'XBRL', '1'),
(97, 'Ganancias (p', 'Ganancias (p', 'RESULTADO', 'XBRL', '1'),
(98, 'Ganancias (p', 'Ganancias (p', 'RESULTADO', 'XBRL', '1'),
(99, 'Ganancias (p', 'Ganancias (p', 'RESULTADO', 'XBRL', '1'),
(100, 'Disminuci', 'Disminuci', 'RESULTADO', 'XBRL', '1'),
(101, 'Otros trabajos realizados por la entidad y capitalizados', 'Otros trabajos realizados por la entidad y capitalizados', 'RESULTADO', 'XBRL', '1'),
(102, 'Materias primas y consumibles utilizados', 'Materias primas y consumibles utilizados', 'RESULTADO', 'XBRL', '1'),
(103, 'Gastos por beneficios a los empleados', 'Gastos por beneficios a los empleados', 'RESULTADO', 'XBRL', '1'),
(104, 'Gasto por depreciaci', 'Gasto por depreciaci', 'RESULTADO', 'XBRL', '1'),
(105, 'P', 'P', 'RESULTADO', 'XBRL', '1'),
(106, 'Otros gastos, por naturaleza', 'Otros gastos, por naturaleza', 'RESULTADO', 'XBRL', '1'),
(107, 'Reversi', 'Reversi', 'RESULTADO', 'XBRL', '1'),
(108, 'Cambios en inventarios de productos terminados y en proceso', 'Cambios en inventarios de productos terminados y en proceso', 'RESULTADO', 'XBRL', '1'),
(109, 'Ganancias que surgen de la baja en cuentas de activos financieros medidos al costo amortizado', 'Ganancias que surgen de la baja en cuentas de activos financieros medidos al costo amortizado', 'RESULTADO', 'XBRL', '1'),
(110, 'P', 'P', 'RESULTADO', 'XBRL', '1'),
(111, 'Activos no corrientes o grupos de activos para su disposici', 'Activos no corrientes o grupos de activos para su disposici', 'BALANCE', 'XBRL', '1'),
(112, 'Activos no corrientes o grupos de activos para su disposici', 'Activos no corrientes o grupos de activos para su disposici', 'BALANCE', 'XBRL', '1'),
(113, 'Otras cuentas no corrientes por pagar', 'Otras cuentas no corrientes por pagar', 'BALANCE', 'XBRL', '1'),
(114, 'Revalorizaciones Propiedades Plantas Equipos', 'Revalorizaciones Propiedades Plantas Equipos', 'RESULTADO', 'XBRL', '1'),
(115, 'ActivosFinancierosDisponiblesVenta', 'ActivosFinancierosDisponiblesVenta', 'RESULTADO', 'XBRL', '1'),
(116, 'CoberturaFlujoCaja', 'CoberturaFlujoCaja', 'RESULTADO', 'XBRL', '1'),
(117, 'VariacionesValorRazonableOtrosActivos', 'VariacionesValorRazonableOtrosActivos', 'RESULTADO', 'XBRL', '1'),
(118, 'AjustesConversion', 'AjustesConversion', 'RESULTADO', 'XBRL', '1'),
(119, 'AjustesAsociadas', 'AjustesAsociadas', 'RESULTADO', 'XBRL', '1'),
(120, 'Ganancias (P', 'Ganancias (P', 'RESULTADO', 'XBRL', '1'),
(121, 'Otros Ajustes al Patrimonio Neto', 'Otros Ajustes al Patrimonio Neto', 'RESULTADO', 'XBRL', '1'),
(122, 'Impuesto a la Renta Relacionado a los Componentes de Otros Ingresos y Gastos con Cargo o Abono en el Patrimonio Neto', 'Impuesto a la Renta Relacionado a los Componentes de Otros Ingresos y Gastos con Cargo o Abono en el Patrimonio Neto', 'RESULTADO', 'XBRL', '1'),
(123, 'Otros Ingresos y Gastos con Cargo o Abono en el Patrimonio Neto, Total', 'Otros Ingresos y Gastos con Cargo o Abono en el Patrimonio Neto, Total', 'RESULTADO', 'XBRL', '1'),
(124, 'Resultado de Ingresos y Gastos Integrales, Total', 'Resultado de Ingresos y Gastos Integrales, Total', 'RESULTADO', 'XBRL', '1'),
(125, 'Resultado de Ingresos y Gastos Integrales Atribuible a los Accionistas Mayoritarios', 'Resultado de Ingresos y Gastos Integrales Atribuible a los Accionistas Mayoritarios', 'RESULTADO', 'XBRL', '1'),
(126, 'ResultadoIngresosGastosIntegralesAtribuibleParticipacionesMinoritarias', 'ResultadoIngresosGastosIntegralesAtribuibleParticipacionesMinoritarias', 'RESULTADO', 'XBRL', '1'),
(127, 'Ganancia (P', 'Ganancia (P', 'RESULTADO', 'XBRL', '1'),
(128, 'Ganancia (P', 'Ganancia (P', 'RESULTADO', 'XBRL', '1'),
(129, 'Ganancia (P', 'Ganancia (P', 'RESULTADO', 'XBRL', '1'),
(130, 'Ganancia (P', 'Ganancia (P', 'RESULTADO', 'XBRL', '1'),
(131, 'Gasto (Ingreso) por Impuesto a las Ganancias', 'Gasto (Ingreso) por Impuesto a las Ganancias', 'RESULTADO', 'XBRL', '1'),
(132, 'Otros Ingresos distintos de los de Operaci', 'Otros Ingresos distintos de los de Operaci', 'RESULTADO', 'XBRL', '1'),
(133, 'Participaci', 'Participaci', 'RESULTADO', 'XBRL', '1'),
(134, 'Participaci', 'Participaci', 'RESULTADO', 'XBRL', '1'),
(135, 'Minusval', 'Minusval', 'RESULTADO', 'XBRL', '1'),
(136, 'Ingreso (P', 'Ingreso (P', 'RESULTADO', 'XBRL', '1'),
(137, 'Ganancia (P', 'Ganancia (P', 'RESULTADO', 'XBRL', '1'),
(138, 'Costos Financieros [de Actividades No Financieras]', 'Costos Financieros [de Actividades No Financieras]', 'RESULTADO', 'XBRL', '1'),
(139, 'Ganancia (P', 'Ganancia (P', 'RESULTADO', 'XBRL', '1'),
(140, 'Ingresos Ordinarios, Total', 'Ingresos Ordinarios, Total', 'RESULTADO', 'XBRL', '1'),
(141, 'Otros Ingresos de Operaci', 'Otros Ingresos de Operaci', 'RESULTADO', 'XBRL', '1'),
(142, 'Cambios, Disminuciones (Incrementos), en Inventarios de Productos Terminados y en Curso', 'Cambios, Disminuciones (Incrementos), en Inventarios de Productos Terminados y en Curso', 'RESULTADO', 'XBRL', '1'),
(143, 'Gastos de Personal', 'Gastos de Personal', 'RESULTADO', 'XBRL', '1'),
(144, 'Depreciaci', 'Depreciaci', 'RESULTADO', 'XBRL', '1'),
(145, 'P', 'P', 'RESULTADO', 'XBRL', '1'),
(146, 'Investigaci', 'Investigaci', 'RESULTADO', 'XBRL', '1'),
(147, 'Costos de Reestructuraci', 'Costos de Reestructuraci', 'RESULTADO', 'XBRL', '1'),
(148, 'Otros Gastos Varios de Operaci', 'Otros Gastos Varios de Operaci', 'RESULTADO', 'XBRL', '1'),
(149, 'Ganancia (P', 'Ganancia (P', 'RESULTADO', 'XBRL', '1'),
(150, 'Costos de Mercadotecnia ', 'Costos de Mercadotecnia ', 'RESULTADO', 'XBRL', '1'),
(151, 'Activos Pignorados como Garant', 'Activos Pignorados como Garant', 'BALANCE', 'XBRL', '1'),
(152, 'Activos de Cobertura, no Corriente', 'Activos de Cobertura, no Corriente', 'BALANCE', 'XBRL', '1'),
(153, 'Pagos Anticipados, No Corriente', 'Pagos Anticipados, No Corriente', 'BALANCE', 'XBRL', '1'),
(154, 'Efectivo de Utilizaci', 'Efectivo de Utilizaci', 'BALANCE', 'XBRL', '1'),
(155, 'Otros Activos, No Corriente', 'Otros Activos, No Corriente', 'BALANCE', 'XBRL', '1'),
(156, 'Activos, No Corrientes, Total', 'Activos, No Corrientes, Total', 'BALANCE', 'XBRL', '1'),
(157, 'Activos, Total', 'Activos, Total', 'BALANCE', 'XBRL', '1'),
(158, 'Pr', 'Pr', 'BALANCE', 'XBRL', '1'),
(159, 'Pr', 'Pr', 'BALANCE', 'XBRL', '1'),
(160, 'Otros Pasivos Financieros, Corriente', 'Otros Pasivos Financieros, Corriente', 'BALANCE', 'XBRL', '1'),
(161, 'Acreedores Comerciales y Otras Cuentas por Pagar, Corriente', 'Acreedores Comerciales y Otras Cuentas por Pagar, Corriente', 'BALANCE', 'XBRL', '1'),
(162, 'Resultados Retenidos (P', 'Resultados Retenidos (P', 'BALANCE', 'XBRL', '1'),
(163, 'Patrimonio Neto Atribuible a los Tenedores de Instrumentos de Patrimonio Neto de Controladora', 'Patrimonio Neto Atribuible a los Tenedores de Instrumentos de Patrimonio Neto de Controladora', 'BALANCE', 'XBRL', '1'),
(164, 'Participaciones Minoritarias', 'Participaciones Minoritarias', 'BALANCE', 'XBRL', '1'),
(165, 'Patrimonio Neto, Total', 'Patrimonio Neto, Total', 'BALANCE', 'XBRL', '1'),
(166, 'Otros Pasivos, No Corrientes', 'Otros Pasivos, No Corrientes', 'BALANCE', 'XBRL', '1'),
(167, 'Ingresos Diferidos, No Corriente', 'Ingresos Diferidos, No Corriente', 'BALANCE', 'XBRL', '1'),
(168, 'Obligaci', 'Obligaci', 'BALANCE', 'XBRL', '1'),
(169, 'Pasivos de Cobertura, no Corriente', 'Pasivos de Cobertura, no Corriente', 'BALANCE', 'XBRL', '1'),
(170, 'Pasivos, No Corrientes, Total', 'Pasivos, No Corrientes, Total', 'BALANCE', 'XBRL', '1'),
(171, 'Activos Financieros a Valor Razonable con Cambios en Resultados', 'Activos Financieros a Valor Razonable con Cambios en Resultados', 'BALANCE', 'XBRL', '1'),
(172, 'Activos Financieros Disponibles para la Venta, Corrientes', 'Activos Financieros Disponibles para la Venta, Corrientes', 'BALANCE', 'XBRL', '1'),
(173, 'Patrimonio Neto y Pasivos, Total', 'Patrimonio Neto y Pasivos, Total', 'BALANCE', 'XBRL', '1'),
(174, 'Provisiones, no Corriente', 'Provisiones, no Corriente', 'BALANCE', 'XBRL', '1'),
(175, 'Activos de Cobertura, Corriente', 'Activos de Cobertura, Corriente', 'BALANCE', 'XBRL', '1'),
(176, 'Activos Pignorados como Garant', 'Activos Pignorados como Garant', 'BALANCE', 'XBRL', '1'),
(177, 'Pagos Anticipados, Corriente', 'Pagos Anticipados, Corriente', 'BALANCE', 'XBRL', '1'),
(178, 'Cuentas por cobrar por Impuestos Corrientes', 'Cuentas por cobrar por Impuestos Corrientes', 'BALANCE', 'XBRL', '1'),
(179, 'Otros Activos, Corriente', 'Otros Activos, Corriente', 'BALANCE', 'XBRL', '1'),
(180, 'Activos Corrientes en Operaci', 'Activos Corrientes en Operaci', 'BALANCE', 'XBRL', '1'),
(181, 'Activos No Corrientes y Grupos en Desapropiaci', 'Activos No Corrientes y Grupos en Desapropiaci', 'BALANCE', 'XBRL', '1'),
(182, 'AvailableForSaleFinancialAssetsNonCurrent', 'AvailableForSaleFinancialAssetsNonCurrent', 'BALANCE', 'XBRL', '1'),
(183, 'ActivoFinancieroOtrosNoCorriente', 'ActivoFinancieroOtrosNoCorriente', 'BALANCE', 'XBRL', '1'),
(184, 'TradeAndOtherReceivablesNetNonCurrent', 'TradeAndOtherReceivablesNetNonCurrent', 'BALANCE', 'XBRL', '1'),
(185, 'Inversiones en Asociadas Contabilizadas por el M', 'Inversiones en Asociadas Contabilizadas por el M', 'BALANCE', 'XBRL', '1'),
(186, 'Otras Inversiones Contabilizadas por el M', 'Otras Inversiones Contabilizadas por el M', 'BALANCE', 'XBRL', '1'),
(187, 'Activos Intangibles, Neto', 'Activos Intangibles, Neto', 'BALANCE', 'XBRL', '1'),
(188, 'Provisiones, Corriente', 'Provisiones, Corriente', 'BALANCE', 'XBRL', '1'),
(189, 'Cuentas por Pagar por Impuestos Corrientes', 'Cuentas por Pagar por Impuestos Corrientes', 'BALANCE', 'XBRL', '1'),
(190, 'Otros Pasivos, Corriente', 'Otros Pasivos, Corriente', 'BALANCE', 'XBRL', '1'),
(191, 'Ingresos Diferidos, Corriente', 'Ingresos Diferidos, Corriente', 'BALANCE', 'XBRL', '1'),
(192, 'Obligaci', 'Obligaci', 'BALANCE', 'XBRL', '1'),
(193, 'Pasivos de Cobertura, Corriente', 'Pasivos de Cobertura, Corriente', 'BALANCE', 'XBRL', '1'),
(194, 'Pasivos Acumulados (o Devengados), Total', 'Pasivos Acumulados (o Devengados), Total', 'BALANCE', 'XBRL', '1'),
(195, 'Pasivos Corrientes en Operaci', 'Pasivos Corrientes en Operaci', 'BALANCE', 'XBRL', '1'),
(196, 'Pasivos, Corrientes, Total', 'Pasivos, Corrientes, Total', 'BALANCE', 'XBRL', '1'),
(197, 'InterestBearingBorrowingsNonCurrent', 'InterestBearingBorrowingsNonCurrent', 'BALANCE', 'XBRL', '1'),
(198, 'NonInterestBearingBorrowingsNonCurrent', 'NonInterestBearingBorrowingsNonCurrent', 'BALANCE', 'XBRL', '1'),
(199, 'OtherFinancialLiabilitiesNonCurrent', 'OtherFinancialLiabilitiesNonCurrent', 'BALANCE', 'XBRL', '1'),
(200, 'TradeAndOtherPayablesNonCurrent', 'TradeAndOtherPayablesNonCurrent', 'BALANCE', 'XBRL', '1'),
(201, 'OtherNonOperatingExpenses', 'Otros Gastos distintos de los de Operaci', 'RESULTADO', 'XBRL', '1'),
(202, 'ShareOfProfitLossFromEquityAccountedJointVentures', 'Participaci', 'RESULTADO', 'XBRL', '1'),
(267, 'Item 1', 'Item 1', 'NO ESPECIFICA', 'MANUAL', '1'),
(268, 'Item 2', 'Item 2', 'NO ESPECIFICA', 'MANUAL', '1'),
(283, 'Ingresos Totales', 'Ingresos Totales', 'NO ESPECIFICA', 'MANUAL', '1'),
(284, 'Ingresos Retail', 'Ingresos Retail', 'NO ESPECIFICA', 'MANUAL', '1'),
(285, 'SSS', 'SSS', 'NO ESPECIFICA', 'MANUAL', '1'),
(286, 'Venta Retail / M2', 'Venta Retail / M2', 'NO ESPECIFICA', 'MANUAL', '1'),
(287, '% Margen Retail', '% Margen Retail', 'NO ESPECIFICA', 'MANUAL', '1'),
(288, '% Ventas con Tarjeta Credito de cada  Tiendas', '% Ventas con Tarjeta Credito de cada  Tiendas', 'NO ESPECIFICA', 'MANUAL', '1'),
(290, 'Ingresos Financieros', 'Ingresos Financieros', 'NO ESPECIFICA', 'MANUAL', '1'),
(291, 'Cartera Bruta (Colocaciones)', 'Cartera Bruta (Colocaciones)', 'NO ESPECIFICA', 'MANUAL', '1'),
(292, 'Cartera Repactada MM$', 'Cartera Repactada MM$', 'NO ESPECIFICA', 'MANUAL', '1');

-- --------------------------------------------------------

--
-- Estructura de tabla para la tabla `tag_agf_xbrl`
--

CREATE TABLE IF NOT EXISTS `tag_agf_xbrl` (
  `ID_TAG_AGF` int(18) NOT NULL,
  `ID_TAG_XBRL` int(18) NOT NULL
) ENGINE=InnoDB DEFAULT CHARSET=utf8 COLLATE=utf8_spanish2_ci;

-- --------------------------------------------------------

--
-- Estructura de tabla para la tabla `tag_xbrl`
--

CREATE TABLE IF NOT EXISTS `tag_xbrl` (
  `ID_TAG_XBRL` int(18) NOT NULL,
  `NOMBRE` varchar(300) COLLATE utf8_spanish2_ci DEFAULT NULL,
  `ETIQUETA` varchar(300) COLLATE utf8_spanish2_ci DEFAULT NULL,
  `PREFIX` varchar(300) COLLATE utf8_spanish2_ci DEFAULT NULL,
  `COMPONENTE` varchar(50) COLLATE utf8_spanish2_ci DEFAULT NULL,
  `TAXONOMIA` varchar(50) COLLATE utf8_spanish2_ci DEFAULT NULL
) ENGINE=InnoDB DEFAULT CHARSET=utf8 COLLATE=utf8_spanish2_ci;

-- --------------------------------------------------------

--
-- Estructura de tabla para la tabla `tipos_empresas`
--

CREATE TABLE IF NOT EXISTS `tipos_empresas` (
  `ID_TIPO_EMPRESA` int(18) NOT NULL AUTO_INCREMENT,
  `NOMBRE` varchar(50) COLLATE utf8_spanish2_ci DEFAULT NULL,
  `DESCRIPCION` varchar(255) COLLATE utf8_spanish2_ci DEFAULT NULL,
  `OA` bit(1) DEFAULT NULL,
  PRIMARY KEY (`ID_TIPO_EMPRESA`)
) ENGINE=InnoDB  DEFAULT CHARSET=utf8 COLLATE=utf8_spanish2_ci AUTO_INCREMENT=5 ;

--
-- Volcado de datos para la tabla `tipos_empresas`
--

INSERT INTO `tipos_empresas` (`ID_TIPO_EMPRESA`, `NOMBRE`, `DESCRIPCION`, `OA`) VALUES
(4, 'Grupo Comparativo Hites', 'Comparaciones', '1');

-- --------------------------------------------------------

--
-- Estructura de tabla para la tabla `usuarios`
--

CREATE TABLE IF NOT EXISTS `usuarios` (
  `ID_USUARIO` int(11) NOT NULL,
  `LOGIN` varchar(50) COLLATE utf8_spanish2_ci DEFAULT NULL,
  `PASWORD` varchar(10) COLLATE utf8_spanish2_ci DEFAULT NULL,
  `NOMBRES` varchar(300) COLLATE utf8_spanish2_ci DEFAULT NULL,
  `APELLIDOS` varchar(300) COLLATE utf8_spanish2_ci DEFAULT NULL,
  `RUT` varchar(10) COLLATE utf8_spanish2_ci DEFAULT NULL,
  `EMAIL` varchar(300) COLLATE utf8_spanish2_ci DEFAULT NULL,
  `FONO` varchar(10) COLLATE utf8_spanish2_ci DEFAULT NULL,
  `OA` bit(1) DEFAULT NULL
) ENGINE=InnoDB DEFAULT CHARSET=utf8 COLLATE=utf8_spanish2_ci;

-- --------------------------------------------------------

--
-- Estructura de tabla para la tabla `usuarios_perfiles`
--

CREATE TABLE IF NOT EXISTS `usuarios_perfiles` (
  `ID_USUARIO` int(11) DEFAULT NULL,
  `ID_PERFIL` int(11) DEFAULT NULL
) ENGINE=InnoDB DEFAULT CHARSET=utf8 COLLATE=utf8_spanish2_ci;

-- --------------------------------------------------------

--
-- Estructura de tabla para la tabla `valores`
--

CREATE TABLE IF NOT EXISTS `valores` (
  `ID_VALOR` int(18) NOT NULL AUTO_INCREMENT,
  `ID_TAG_AGF` int(18) DEFAULT NULL,
  `ID_EMPRESA` int(18) DEFAULT NULL,
  `ID_PERIODO` int(18) DEFAULT NULL,
  `tipo` varchar(10) COLLATE utf8_spanish2_ci NOT NULL DEFAULT 'TRIMESTRAL',
  `VALOR` double NOT NULL,
  `DT_MODIFICACION` datetime DEFAULT NULL,
  `origen` int(11) NOT NULL,
  PRIMARY KEY (`ID_VALOR`),
  KEY `ID_PERIODO` (`ID_PERIODO`),
  KEY `ID_TAG_AGF` (`ID_TAG_AGF`,`ID_EMPRESA`,`ID_PERIODO`)
) ENGINE=InnoDB  DEFAULT CHARSET=utf8 COLLATE=utf8_spanish2_ci AUTO_INCREMENT=4643 ;

--
-- Volcado de datos para la tabla `valores`
--

INSERT INTO `valores` (`ID_VALOR`, `ID_TAG_AGF`, `ID_EMPRESA`, `ID_PERIODO`, `tipo`, `VALOR`, `DT_MODIFICACION`, `origen`) VALUES
(1, 267, 721, 13, 'TRIMESTRAL', 50, '1900-01-01 00:00:00', 1),
(2, 268, 721, 13, 'TRIMESTRAL', 100, '1900-01-01 00:00:00', 1),
(3, 267, 721, 14, 'TRIMESTRAL', 80, '1900-01-01 00:00:00', 1),
(4, 268, 721, 14, 'TRIMESTRAL', 120, '1900-01-01 00:00:00', 1),
(5, 267, 721, 15, 'TRIMESTRAL', 70, '1900-01-01 00:00:00', 1),
(6, 268, 721, 15, 'TRIMESTRAL', 110, '1900-01-01 00:00:00', 1),
(7, 267, 721, 16, 'TRIMESTRAL', 40, '1900-01-01 00:00:00', 1),
(8, 268, 721, 16, 'TRIMESTRAL', 100, '1900-01-01 00:00:00', 1),
(9, 267, 721, 1, 'TRIMESTRAL', 80, '1900-01-01 00:00:00', 1),
(10, 268, 721, 1, 'TRIMESTRAL', 90, '1900-01-01 00:00:00', 1),
(11, 267, 721, 2, 'TRIMESTRAL', 120, '1900-01-01 00:00:00', 1),
(12, 268, 721, 2, 'TRIMESTRAL', 60, '1900-01-01 00:00:00', 1),
(13, 267, 721, 3, 'TRIMESTRAL', 40, '1900-01-01 00:00:00', 1),
(14, 268, 721, 3, 'TRIMESTRAL', 80, '1900-01-01 00:00:00', 1),
(15, 267, 721, 4, 'TRIMESTRAL', 60, '1900-01-01 00:00:00', 1),
(16, 268, 721, 4, 'TRIMESTRAL', 150, '1900-01-01 00:00:00', 1),
(17, 267, 724, 13, 'TRIMESTRAL', 100, '1900-01-01 00:00:00', 1),
(18, 268, 724, 13, 'TRIMESTRAL', 50, '1900-01-01 00:00:00', 1),
(19, 267, 724, 14, 'TRIMESTRAL', 120, '1900-01-01 00:00:00', 1),
(20, 268, 724, 14, 'TRIMESTRAL', 80, '1900-01-01 00:00:00', 1),
(21, 267, 724, 15, 'TRIMESTRAL', 110, '1900-01-01 00:00:00', 1),
(22, 268, 724, 15, 'TRIMESTRAL', 70, '1900-01-01 00:00:00', 1),
(23, 267, 724, 16, 'TRIMESTRAL', 100, '1900-01-01 00:00:00', 1),
(24, 268, 724, 16, 'TRIMESTRAL', 40, '1900-01-01 00:00:00', 1),
(25, 267, 724, 1, 'TRIMESTRAL', 90, '1900-01-01 00:00:00', 1),
(26, 268, 724, 1, 'TRIMESTRAL', 80, '1900-01-01 00:00:00', 1),
(27, 267, 724, 2, 'TRIMESTRAL', 60, '1900-01-01 00:00:00', 1),
(28, 268, 724, 2, 'TRIMESTRAL', 120, '1900-01-01 00:00:00', 1),
(29, 267, 724, 3, 'TRIMESTRAL', 80, '1900-01-01 00:00:00', 1),
(30, 268, 724, 3, 'TRIMESTRAL', 40, '1900-01-01 00:00:00', 1),
(31, 267, 724, 4, 'TRIMESTRAL', 150, '1900-01-01 00:00:00', 1),
(32, 268, 724, 4, 'TRIMESTRAL', 60, '1900-01-01 00:00:00', 1),
(813, 162, 721, 1, 'TRIMESTRAL', 170, '0000-00-00 00:00:00', 2),
(814, 162, 721, 2, 'TRIMESTRAL', 180, '0000-00-00 00:00:00', 2),
(815, 162, 721, 3, 'TRIMESTRAL', 120, '0000-00-00 00:00:00', 2),
(816, 162, 721, 4, 'TRIMESTRAL', 210, '0000-00-00 00:00:00', 2),
(817, 162, 721, 13, 'TRIMESTRAL', 150, '0000-00-00 00:00:00', 2),
(818, 162, 721, 14, 'TRIMESTRAL', 200, '0000-00-00 00:00:00', 2),
(819, 162, 721, 15, 'TRIMESTRAL', 180, '0000-00-00 00:00:00', 2),
(820, 162, 721, 16, 'TRIMESTRAL', 140, '0000-00-00 00:00:00', 2),
(821, 162, 724, 1, 'TRIMESTRAL', 170, '0000-00-00 00:00:00', 2),
(822, 162, 724, 2, 'TRIMESTRAL', 180, '0000-00-00 00:00:00', 2),
(823, 162, 724, 3, 'TRIMESTRAL', 120, '0000-00-00 00:00:00', 2),
(824, 162, 724, 4, 'TRIMESTRAL', 210, '0000-00-00 00:00:00', 2),
(825, 162, 724, 13, 'TRIMESTRAL', 150, '0000-00-00 00:00:00', 2),
(826, 162, 724, 14, 'TRIMESTRAL', 200, '0000-00-00 00:00:00', 2),
(827, 162, 724, 15, 'TRIMESTRAL', 180, '0000-00-00 00:00:00', 2),
(828, 162, 724, 16, 'TRIMESTRAL', 140, '0000-00-00 00:00:00', 2),
(829, 163, 721, 1, 'TRIMESTRAL', 130, '0000-00-00 00:00:00', 2),
(830, 163, 721, 2, 'TRIMESTRAL', 100, '0000-00-00 00:00:00', 2),
(831, 163, 721, 3, 'TRIMESTRAL', 0, '0000-00-00 00:00:00', 2),
(832, 163, 721, 4, 'TRIMESTRAL', 170, '0000-00-00 00:00:00', 2),
(833, 163, 721, 13, 'TRIMESTRAL', 150, '0000-00-00 00:00:00', 2),
(834, 163, 721, 14, 'TRIMESTRAL', 150, '0000-00-00 00:00:00', 2),
(835, 163, 721, 15, 'TRIMESTRAL', 100, '0000-00-00 00:00:00', 2),
(836, 163, 721, 16, 'TRIMESTRAL', 70, '0000-00-00 00:00:00', 2),
(837, 163, 724, 1, 'TRIMESTRAL', 70, '0000-00-00 00:00:00', 2),
(838, 163, 724, 2, 'TRIMESTRAL', 90, '0000-00-00 00:00:00', 2),
(839, 163, 724, 3, 'TRIMESTRAL', 60, '0000-00-00 00:00:00', 2),
(840, 163, 724, 4, 'TRIMESTRAL', 130, '0000-00-00 00:00:00', 2),
(841, 163, 724, 13, 'TRIMESTRAL', 150, '0000-00-00 00:00:00', 2),
(842, 163, 724, 14, 'TRIMESTRAL', 100, '0000-00-00 00:00:00', 2),
(843, 163, 724, 15, 'TRIMESTRAL', 60, '0000-00-00 00:00:00', 2),
(844, 163, 724, 16, 'TRIMESTRAL', 30, '0000-00-00 00:00:00', 2),
(845, 165, 721, 1, 'TRIMESTRAL', 130, '0000-00-00 00:00:00', 2),
(846, 165, 721, 2, 'TRIMESTRAL', 100, '0000-00-00 00:00:00', 2),
(847, 165, 721, 3, 'TRIMESTRAL', 0, '0000-00-00 00:00:00', 2),
(848, 165, 721, 4, 'TRIMESTRAL', 170, '0000-00-00 00:00:00', 2),
(849, 165, 721, 13, 'TRIMESTRAL', 150, '0000-00-00 00:00:00', 2),
(850, 165, 721, 14, 'TRIMESTRAL', 150, '0000-00-00 00:00:00', 2),
(851, 165, 721, 15, 'TRIMESTRAL', 100, '0000-00-00 00:00:00', 2),
(852, 165, 721, 16, 'TRIMESTRAL', 70, '0000-00-00 00:00:00', 2),
(853, 165, 724, 1, 'TRIMESTRAL', 70, '0000-00-00 00:00:00', 2),
(854, 165, 724, 2, 'TRIMESTRAL', 90, '0000-00-00 00:00:00', 2),
(855, 165, 724, 3, 'TRIMESTRAL', 60, '0000-00-00 00:00:00', 2),
(856, 165, 724, 4, 'TRIMESTRAL', 130, '0000-00-00 00:00:00', 2),
(857, 165, 724, 13, 'TRIMESTRAL', 150, '0000-00-00 00:00:00', 2),
(858, 165, 724, 14, 'TRIMESTRAL', 100, '0000-00-00 00:00:00', 2),
(859, 165, 724, 15, 'TRIMESTRAL', 60, '0000-00-00 00:00:00', 2),
(860, 165, 724, 16, 'TRIMESTRAL', 30, '0000-00-00 00:00:00', 2),
(861, 166, 721, 1, 'TRIMESTRAL', 130, '0000-00-00 00:00:00', 2),
(862, 166, 721, 2, 'TRIMESTRAL', 100, '0000-00-00 00:00:00', 2),
(863, 166, 721, 3, 'TRIMESTRAL', 0, '0000-00-00 00:00:00', 2),
(864, 166, 721, 4, 'TRIMESTRAL', 170, '0000-00-00 00:00:00', 2),
(865, 166, 721, 13, 'TRIMESTRAL', 150, '0000-00-00 00:00:00', 2),
(866, 166, 721, 14, 'TRIMESTRAL', 150, '0000-00-00 00:00:00', 2),
(867, 166, 721, 15, 'TRIMESTRAL', 100, '0000-00-00 00:00:00', 2),
(868, 166, 721, 16, 'TRIMESTRAL', 70, '0000-00-00 00:00:00', 2),
(869, 166, 724, 1, 'TRIMESTRAL', 70, '0000-00-00 00:00:00', 2),
(870, 166, 724, 2, 'TRIMESTRAL', 90, '0000-00-00 00:00:00', 2),
(871, 166, 724, 3, 'TRIMESTRAL', 60, '0000-00-00 00:00:00', 2),
(872, 166, 724, 4, 'TRIMESTRAL', 130, '0000-00-00 00:00:00', 2),
(873, 166, 724, 13, 'TRIMESTRAL', 150, '0000-00-00 00:00:00', 2),
(874, 166, 724, 14, 'TRIMESTRAL', 100, '0000-00-00 00:00:00', 2),
(875, 166, 724, 15, 'TRIMESTRAL', 60, '0000-00-00 00:00:00', 2),
(876, 166, 724, 16, 'TRIMESTRAL', 30, '0000-00-00 00:00:00', 2),
(877, 169, 721, 1, 'TRIMESTRAL', 130, '0000-00-00 00:00:00', 2),
(878, 169, 721, 2, 'TRIMESTRAL', 100, '0000-00-00 00:00:00', 2),
(879, 169, 721, 3, 'TRIMESTRAL', 0, '0000-00-00 00:00:00', 2),
(880, 169, 721, 4, 'TRIMESTRAL', 170, '0000-00-00 00:00:00', 2),
(881, 169, 721, 13, 'TRIMESTRAL', 150, '0000-00-00 00:00:00', 2),
(882, 169, 721, 14, 'TRIMESTRAL', 150, '0000-00-00 00:00:00', 2),
(883, 169, 721, 15, 'TRIMESTRAL', 100, '0000-00-00 00:00:00', 2),
(884, 169, 721, 16, 'TRIMESTRAL', 70, '0000-00-00 00:00:00', 2),
(885, 169, 724, 1, 'TRIMESTRAL', 70, '0000-00-00 00:00:00', 2),
(886, 169, 724, 2, 'TRIMESTRAL', 90, '0000-00-00 00:00:00', 2),
(887, 169, 724, 3, 'TRIMESTRAL', 60, '0000-00-00 00:00:00', 2),
(888, 169, 724, 4, 'TRIMESTRAL', 130, '0000-00-00 00:00:00', 2),
(889, 169, 724, 13, 'TRIMESTRAL', 150, '0000-00-00 00:00:00', 2),
(890, 169, 724, 14, 'TRIMESTRAL', 100, '0000-00-00 00:00:00', 2),
(891, 169, 724, 15, 'TRIMESTRAL', 60, '0000-00-00 00:00:00', 2),
(892, 169, 724, 16, 'TRIMESTRAL', 30, '0000-00-00 00:00:00', 2),
(893, 170, 721, 1, 'TRIMESTRAL', 170, '0000-00-00 00:00:00', 2),
(894, 170, 721, 2, 'TRIMESTRAL', 180, '0000-00-00 00:00:00', 2),
(895, 170, 721, 3, 'TRIMESTRAL', 120, '0000-00-00 00:00:00', 2),
(896, 170, 721, 4, 'TRIMESTRAL', 210, '0000-00-00 00:00:00', 2),
(897, 170, 721, 13, 'TRIMESTRAL', 150, '0000-00-00 00:00:00', 2),
(898, 170, 721, 14, 'TRIMESTRAL', 200, '0000-00-00 00:00:00', 2),
(899, 170, 721, 15, 'TRIMESTRAL', 180, '0000-00-00 00:00:00', 2),
(900, 170, 721, 16, 'TRIMESTRAL', 140, '0000-00-00 00:00:00', 2),
(901, 170, 724, 1, 'TRIMESTRAL', 170, '0000-00-00 00:00:00', 2),
(902, 170, 724, 2, 'TRIMESTRAL', 180, '0000-00-00 00:00:00', 2),
(903, 170, 724, 3, 'TRIMESTRAL', 120, '0000-00-00 00:00:00', 2),
(904, 170, 724, 4, 'TRIMESTRAL', 210, '0000-00-00 00:00:00', 2),
(905, 170, 724, 13, 'TRIMESTRAL', 150, '0000-00-00 00:00:00', 2),
(906, 170, 724, 14, 'TRIMESTRAL', 200, '0000-00-00 00:00:00', 2),
(907, 170, 724, 15, 'TRIMESTRAL', 180, '0000-00-00 00:00:00', 2),
(908, 170, 724, 16, 'TRIMESTRAL', 140, '0000-00-00 00:00:00', 2),
(909, 183, 721, 1, 'TRIMESTRAL', 0, '0000-00-00 00:00:00', 2),
(910, 183, 724, 1, 'TRIMESTRAL', 0, '0000-00-00 00:00:00', 2),
(919, 183, 721, 2, 'TRIMESTRAL', 0, '0000-00-00 00:00:00', 2),
(920, 183, 724, 2, 'TRIMESTRAL', 0, '0000-00-00 00:00:00', 2),
(929, 183, 721, 3, 'TRIMESTRAL', 0, '0000-00-00 00:00:00', 2),
(930, 183, 724, 3, 'TRIMESTRAL', 0, '0000-00-00 00:00:00', 2),
(939, 183, 721, 4, 'TRIMESTRAL', 0, '0000-00-00 00:00:00', 2),
(940, 183, 724, 4, 'TRIMESTRAL', 0, '0000-00-00 00:00:00', 2),
(1013, 183, 721, 13, 'TRIMESTRAL', 0, '0000-00-00 00:00:00', 2),
(1014, 183, 724, 13, 'TRIMESTRAL', 0, '0000-00-00 00:00:00', 2),
(1023, 183, 721, 14, 'TRIMESTRAL', 0, '0000-00-00 00:00:00', 2),
(1024, 183, 724, 14, 'TRIMESTRAL', 0, '0000-00-00 00:00:00', 2),
(1033, 183, 721, 15, 'TRIMESTRAL', 0, '0000-00-00 00:00:00', 2),
(1034, 183, 724, 15, 'TRIMESTRAL', 0, '0000-00-00 00:00:00', 2),
(1043, 183, 721, 16, 'TRIMESTRAL', 0, '0000-00-00 00:00:00', 2),
(1044, 183, 724, 16, 'TRIMESTRAL', 0, '0000-00-00 00:00:00', 2),
(1061, 184, 721, 1, 'TRIMESTRAL', 0, '0000-00-00 00:00:00', 2),
(1062, 184, 724, 1, 'TRIMESTRAL', 0, '0000-00-00 00:00:00', 2),
(1071, 184, 721, 2, 'TRIMESTRAL', 0, '0000-00-00 00:00:00', 2),
(1072, 184, 724, 2, 'TRIMESTRAL', 0, '0000-00-00 00:00:00', 2),
(1081, 184, 721, 3, 'TRIMESTRAL', 0, '0000-00-00 00:00:00', 2),
(1082, 184, 724, 3, 'TRIMESTRAL', 0, '0000-00-00 00:00:00', 2),
(1091, 184, 721, 4, 'TRIMESTRAL', 0, '0000-00-00 00:00:00', 2),
(1092, 184, 724, 4, 'TRIMESTRAL', 0, '0000-00-00 00:00:00', 2),
(1165, 184, 721, 13, 'TRIMESTRAL', 0, '0000-00-00 00:00:00', 2),
(1166, 184, 724, 13, 'TRIMESTRAL', 0, '0000-00-00 00:00:00', 2),
(1175, 184, 721, 14, 'TRIMESTRAL', 0, '0000-00-00 00:00:00', 2),
(1176, 184, 724, 14, 'TRIMESTRAL', 0, '0000-00-00 00:00:00', 2),
(1185, 184, 721, 15, 'TRIMESTRAL', 0, '0000-00-00 00:00:00', 2),
(1186, 184, 724, 15, 'TRIMESTRAL', 0, '0000-00-00 00:00:00', 2),
(1195, 184, 721, 16, 'TRIMESTRAL', 0, '0000-00-00 00:00:00', 2),
(1196, 184, 724, 16, 'TRIMESTRAL', 0, '0000-00-00 00:00:00', 2),
(1213, 185, 721, 1, 'TRIMESTRAL', 0, '0000-00-00 00:00:00', 2),
(1214, 185, 724, 1, 'TRIMESTRAL', 0, '0000-00-00 00:00:00', 2),
(1223, 185, 721, 2, 'TRIMESTRAL', 0, '0000-00-00 00:00:00', 2),
(1224, 185, 724, 2, 'TRIMESTRAL', 0, '0000-00-00 00:00:00', 2),
(1233, 185, 721, 3, 'TRIMESTRAL', 0, '0000-00-00 00:00:00', 2),
(1234, 185, 724, 3, 'TRIMESTRAL', 0, '0000-00-00 00:00:00', 2),
(1243, 185, 721, 4, 'TRIMESTRAL', 0, '0000-00-00 00:00:00', 2),
(1244, 185, 724, 4, 'TRIMESTRAL', 0, '0000-00-00 00:00:00', 2),
(1317, 185, 721, 13, 'TRIMESTRAL', 0, '0000-00-00 00:00:00', 2),
(1318, 185, 724, 13, 'TRIMESTRAL', 0, '0000-00-00 00:00:00', 2),
(1327, 185, 721, 14, 'TRIMESTRAL', 0, '0000-00-00 00:00:00', 2),
(1328, 185, 724, 14, 'TRIMESTRAL', 0, '0000-00-00 00:00:00', 2),
(1337, 185, 721, 15, 'TRIMESTRAL', 0, '0000-00-00 00:00:00', 2),
(1338, 185, 724, 15, 'TRIMESTRAL', 0, '0000-00-00 00:00:00', 2),
(1347, 185, 721, 16, 'TRIMESTRAL', 0, '0000-00-00 00:00:00', 2),
(1348, 185, 724, 16, 'TRIMESTRAL', 0, '0000-00-00 00:00:00', 2),
(1729, 191, 721, 13, 'TRIMESTRAL', 0, '0000-00-00 00:00:00', 2),
(1730, 191, 721, 14, 'TRIMESTRAL', 0, '0000-00-00 00:00:00', 2),
(1731, 191, 721, 15, 'TRIMESTRAL', 0, '0000-00-00 00:00:00', 2),
(1732, 191, 721, 16, 'TRIMESTRAL', 0, '0000-00-00 00:00:00', 2),
(1733, 191, 721, 1, 'TRIMESTRAL', 0, '0000-00-00 00:00:00', 2),
(1734, 191, 721, 2, 'TRIMESTRAL', 0, '0000-00-00 00:00:00', 2),
(1735, 191, 721, 3, 'TRIMESTRAL', 0, '0000-00-00 00:00:00', 2),
(1736, 191, 721, 4, 'TRIMESTRAL', 0, '0000-00-00 00:00:00', 2),
(1737, 191, 724, 13, 'TRIMESTRAL', 0, '0000-00-00 00:00:00', 2),
(1738, 191, 724, 14, 'TRIMESTRAL', 0, '0000-00-00 00:00:00', 2),
(1739, 191, 724, 15, 'TRIMESTRAL', 0, '0000-00-00 00:00:00', 2),
(1740, 191, 724, 16, 'TRIMESTRAL', 0, '0000-00-00 00:00:00', 2),
(1741, 191, 724, 1, 'TRIMESTRAL', 0, '0000-00-00 00:00:00', 2),
(1742, 191, 724, 2, 'TRIMESTRAL', 0, '0000-00-00 00:00:00', 2),
(1743, 191, 724, 3, 'TRIMESTRAL', 0, '0000-00-00 00:00:00', 2),
(1744, 191, 724, 4, 'TRIMESTRAL', 0, '0000-00-00 00:00:00', 2),
(1881, 192, 721, 13, 'TRIMESTRAL', 0, '0000-00-00 00:00:00', 2),
(1882, 192, 721, 14, 'TRIMESTRAL', 0, '0000-00-00 00:00:00', 2),
(1883, 192, 721, 15, 'TRIMESTRAL', 0, '0000-00-00 00:00:00', 2),
(1884, 192, 721, 16, 'TRIMESTRAL', 0, '0000-00-00 00:00:00', 2),
(1885, 192, 721, 1, 'TRIMESTRAL', 0, '0000-00-00 00:00:00', 2),
(1886, 192, 721, 2, 'TRIMESTRAL', 0, '0000-00-00 00:00:00', 2),
(1887, 192, 721, 3, 'TRIMESTRAL', 0, '0000-00-00 00:00:00', 2),
(1888, 192, 721, 4, 'TRIMESTRAL', 0, '0000-00-00 00:00:00', 2),
(1889, 192, 724, 13, 'TRIMESTRAL', 0, '0000-00-00 00:00:00', 2),
(1890, 192, 724, 14, 'TRIMESTRAL', 0, '0000-00-00 00:00:00', 2),
(1891, 192, 724, 15, 'TRIMESTRAL', 0, '0000-00-00 00:00:00', 2),
(1892, 192, 724, 16, 'TRIMESTRAL', 0, '0000-00-00 00:00:00', 2),
(1893, 192, 724, 1, 'TRIMESTRAL', 0, '0000-00-00 00:00:00', 2),
(1894, 192, 724, 2, 'TRIMESTRAL', 0, '0000-00-00 00:00:00', 2),
(1895, 192, 724, 3, 'TRIMESTRAL', 0, '0000-00-00 00:00:00', 2),
(1896, 192, 724, 4, 'TRIMESTRAL', 0, '0000-00-00 00:00:00', 2),
(2033, 193, 721, 13, 'TRIMESTRAL', 0, '0000-00-00 00:00:00', 2),
(2034, 193, 721, 14, 'TRIMESTRAL', 0, '0000-00-00 00:00:00', 2),
(2035, 193, 721, 15, 'TRIMESTRAL', 0, '0000-00-00 00:00:00', 2),
(2036, 193, 721, 16, 'TRIMESTRAL', 0, '0000-00-00 00:00:00', 2),
(2037, 193, 721, 1, 'TRIMESTRAL', 0, '0000-00-00 00:00:00', 2),
(2038, 193, 721, 2, 'TRIMESTRAL', 0, '0000-00-00 00:00:00', 2),
(2039, 193, 721, 3, 'TRIMESTRAL', 0, '0000-00-00 00:00:00', 2),
(2040, 193, 721, 4, 'TRIMESTRAL', 0, '0000-00-00 00:00:00', 2),
(2041, 193, 724, 13, 'TRIMESTRAL', 0, '0000-00-00 00:00:00', 2),
(2042, 193, 724, 14, 'TRIMESTRAL', 0, '0000-00-00 00:00:00', 2),
(2043, 193, 724, 15, 'TRIMESTRAL', 0, '0000-00-00 00:00:00', 2),
(2044, 193, 724, 16, 'TRIMESTRAL', 0, '0000-00-00 00:00:00', 2),
(2045, 193, 724, 1, 'TRIMESTRAL', 0, '0000-00-00 00:00:00', 2),
(2046, 193, 724, 2, 'TRIMESTRAL', 0, '0000-00-00 00:00:00', 2),
(2047, 193, 724, 3, 'TRIMESTRAL', 0, '0000-00-00 00:00:00', 2),
(2048, 193, 724, 4, 'TRIMESTRAL', 0, '0000-00-00 00:00:00', 2),
(2185, 194, 721, 13, 'TRIMESTRAL', 0, '0000-00-00 00:00:00', 2),
(2186, 194, 721, 14, 'TRIMESTRAL', 0, '0000-00-00 00:00:00', 2),
(2187, 194, 721, 15, 'TRIMESTRAL', 0, '0000-00-00 00:00:00', 2),
(2188, 194, 721, 16, 'TRIMESTRAL', 0, '0000-00-00 00:00:00', 2),
(2189, 194, 721, 1, 'TRIMESTRAL', 0, '0000-00-00 00:00:00', 2),
(2190, 194, 721, 2, 'TRIMESTRAL', 0, '0000-00-00 00:00:00', 2),
(2191, 194, 721, 3, 'TRIMESTRAL', 0, '0000-00-00 00:00:00', 2),
(2192, 194, 721, 4, 'TRIMESTRAL', 0, '0000-00-00 00:00:00', 2),
(2193, 194, 724, 13, 'TRIMESTRAL', 0, '0000-00-00 00:00:00', 2),
(2194, 194, 724, 14, 'TRIMESTRAL', 0, '0000-00-00 00:00:00', 2),
(2195, 194, 724, 15, 'TRIMESTRAL', 0, '0000-00-00 00:00:00', 2),
(2196, 194, 724, 16, 'TRIMESTRAL', 0, '0000-00-00 00:00:00', 2),
(2197, 194, 724, 1, 'TRIMESTRAL', 0, '0000-00-00 00:00:00', 2),
(2198, 194, 724, 2, 'TRIMESTRAL', 0, '0000-00-00 00:00:00', 2),
(2199, 194, 724, 3, 'TRIMESTRAL', 0, '0000-00-00 00:00:00', 2),
(2200, 194, 724, 4, 'TRIMESTRAL', 0, '0000-00-00 00:00:00', 2),
(2337, 195, 721, 13, 'TRIMESTRAL', 0, '0000-00-00 00:00:00', 2),
(2338, 195, 721, 14, 'TRIMESTRAL', 0, '0000-00-00 00:00:00', 2),
(2339, 195, 721, 15, 'TRIMESTRAL', 0, '0000-00-00 00:00:00', 2),
(2340, 195, 721, 16, 'TRIMESTRAL', 0, '0000-00-00 00:00:00', 2),
(2341, 195, 721, 1, 'TRIMESTRAL', 0, '0000-00-00 00:00:00', 2),
(2342, 195, 721, 2, 'TRIMESTRAL', 0, '0000-00-00 00:00:00', 2),
(2343, 195, 721, 3, 'TRIMESTRAL', 0, '0000-00-00 00:00:00', 2),
(2344, 195, 721, 4, 'TRIMESTRAL', 0, '0000-00-00 00:00:00', 2),
(2345, 195, 724, 13, 'TRIMESTRAL', 0, '0000-00-00 00:00:00', 2),
(2346, 195, 724, 14, 'TRIMESTRAL', 0, '0000-00-00 00:00:00', 2),
(2347, 195, 724, 15, 'TRIMESTRAL', 0, '0000-00-00 00:00:00', 2),
(2348, 195, 724, 16, 'TRIMESTRAL', 0, '0000-00-00 00:00:00', 2),
(2349, 195, 724, 1, 'TRIMESTRAL', 0, '0000-00-00 00:00:00', 2),
(2350, 195, 724, 2, 'TRIMESTRAL', 0, '0000-00-00 00:00:00', 2),
(2351, 195, 724, 3, 'TRIMESTRAL', 0, '0000-00-00 00:00:00', 2),
(2352, 195, 724, 4, 'TRIMESTRAL', 0, '0000-00-00 00:00:00', 2),
(2489, 196, 721, 13, 'TRIMESTRAL', 0, '0000-00-00 00:00:00', 2),
(2490, 196, 721, 14, 'TRIMESTRAL', 0, '0000-00-00 00:00:00', 2),
(2491, 196, 721, 15, 'TRIMESTRAL', 0, '0000-00-00 00:00:00', 2),
(2492, 196, 721, 16, 'TRIMESTRAL', 0, '0000-00-00 00:00:00', 2),
(2493, 196, 721, 1, 'TRIMESTRAL', 0, '0000-00-00 00:00:00', 2),
(2494, 196, 721, 2, 'TRIMESTRAL', 0, '0000-00-00 00:00:00', 2),
(2495, 196, 721, 3, 'TRIMESTRAL', 0, '0000-00-00 00:00:00', 2),
(2496, 196, 721, 4, 'TRIMESTRAL', 0, '0000-00-00 00:00:00', 2),
(2497, 196, 724, 13, 'TRIMESTRAL', 0, '0000-00-00 00:00:00', 2),
(2498, 196, 724, 14, 'TRIMESTRAL', 0, '0000-00-00 00:00:00', 2),
(2499, 196, 724, 15, 'TRIMESTRAL', 0, '0000-00-00 00:00:00', 2),
(2500, 196, 724, 16, 'TRIMESTRAL', 0, '0000-00-00 00:00:00', 2),
(2501, 196, 724, 1, 'TRIMESTRAL', 0, '0000-00-00 00:00:00', 2),
(2502, 196, 724, 2, 'TRIMESTRAL', 0, '0000-00-00 00:00:00', 2),
(2503, 196, 724, 3, 'TRIMESTRAL', 0, '0000-00-00 00:00:00', 2),
(2504, 196, 724, 4, 'TRIMESTRAL', 0, '0000-00-00 00:00:00', 2),
(2641, 197, 721, 13, 'TRIMESTRAL', 0, '0000-00-00 00:00:00', 2),
(2642, 197, 721, 14, 'TRIMESTRAL', 0, '0000-00-00 00:00:00', 2),
(2643, 197, 721, 15, 'TRIMESTRAL', 0, '0000-00-00 00:00:00', 2),
(2644, 197, 721, 16, 'TRIMESTRAL', 0, '0000-00-00 00:00:00', 2),
(2645, 197, 721, 1, 'TRIMESTRAL', 0, '0000-00-00 00:00:00', 2),
(2646, 197, 721, 2, 'TRIMESTRAL', 0, '0000-00-00 00:00:00', 2),
(2647, 197, 721, 3, 'TRIMESTRAL', 0, '0000-00-00 00:00:00', 2),
(2648, 197, 721, 4, 'TRIMESTRAL', 0, '0000-00-00 00:00:00', 2),
(2649, 197, 724, 13, 'TRIMESTRAL', 0, '0000-00-00 00:00:00', 2),
(2650, 197, 724, 14, 'TRIMESTRAL', 0, '0000-00-00 00:00:00', 2),
(2651, 197, 724, 15, 'TRIMESTRAL', 0, '0000-00-00 00:00:00', 2),
(2652, 197, 724, 16, 'TRIMESTRAL', 0, '0000-00-00 00:00:00', 2),
(2653, 197, 724, 1, 'TRIMESTRAL', 0, '0000-00-00 00:00:00', 2),
(2654, 197, 724, 2, 'TRIMESTRAL', 0, '0000-00-00 00:00:00', 2),
(2655, 197, 724, 3, 'TRIMESTRAL', 0, '0000-00-00 00:00:00', 2),
(2656, 197, 724, 4, 'TRIMESTRAL', 0, '0000-00-00 00:00:00', 2),
(2793, 198, 721, 13, 'TRIMESTRAL', 0, '0000-00-00 00:00:00', 2),
(2794, 198, 721, 14, 'TRIMESTRAL', 0, '0000-00-00 00:00:00', 2),
(2795, 198, 721, 15, 'TRIMESTRAL', 0, '0000-00-00 00:00:00', 2),
(2796, 198, 721, 16, 'TRIMESTRAL', 0, '0000-00-00 00:00:00', 2),
(2797, 198, 721, 1, 'TRIMESTRAL', 0, '0000-00-00 00:00:00', 2),
(2798, 198, 721, 2, 'TRIMESTRAL', 0, '0000-00-00 00:00:00', 2),
(2799, 198, 721, 3, 'TRIMESTRAL', 0, '0000-00-00 00:00:00', 2),
(2800, 198, 721, 4, 'TRIMESTRAL', 0, '0000-00-00 00:00:00', 2),
(2801, 198, 724, 13, 'TRIMESTRAL', 0, '0000-00-00 00:00:00', 2),
(2802, 198, 724, 14, 'TRIMESTRAL', 0, '0000-00-00 00:00:00', 2),
(2803, 198, 724, 15, 'TRIMESTRAL', 0, '0000-00-00 00:00:00', 2),
(2804, 198, 724, 16, 'TRIMESTRAL', 0, '0000-00-00 00:00:00', 2),
(2805, 198, 724, 1, 'TRIMESTRAL', 0, '0000-00-00 00:00:00', 2),
(2806, 198, 724, 2, 'TRIMESTRAL', 0, '0000-00-00 00:00:00', 2),
(2807, 198, 724, 3, 'TRIMESTRAL', 0, '0000-00-00 00:00:00', 2),
(2808, 198, 724, 4, 'TRIMESTRAL', 0, '0000-00-00 00:00:00', 2),
(2945, 199, 721, 13, 'TRIMESTRAL', 0, '0000-00-00 00:00:00', 2),
(2946, 199, 721, 14, 'TRIMESTRAL', 0, '0000-00-00 00:00:00', 2),
(2947, 199, 721, 15, 'TRIMESTRAL', 0, '0000-00-00 00:00:00', 2),
(2948, 199, 721, 16, 'TRIMESTRAL', 0, '0000-00-00 00:00:00', 2),
(2949, 199, 721, 1, 'TRIMESTRAL', 0, '0000-00-00 00:00:00', 2),
(2950, 199, 721, 2, 'TRIMESTRAL', 0, '0000-00-00 00:00:00', 2),
(2951, 199, 721, 3, 'TRIMESTRAL', 0, '0000-00-00 00:00:00', 2),
(2952, 199, 721, 4, 'TRIMESTRAL', 0, '0000-00-00 00:00:00', 2),
(2953, 199, 724, 13, 'TRIMESTRAL', 0, '0000-00-00 00:00:00', 2),
(2954, 199, 724, 14, 'TRIMESTRAL', 0, '0000-00-00 00:00:00', 2),
(2955, 199, 724, 15, 'TRIMESTRAL', 0, '0000-00-00 00:00:00', 2),
(2956, 199, 724, 16, 'TRIMESTRAL', 0, '0000-00-00 00:00:00', 2),
(2957, 199, 724, 1, 'TRIMESTRAL', 0, '0000-00-00 00:00:00', 2),
(2958, 199, 724, 2, 'TRIMESTRAL', 0, '0000-00-00 00:00:00', 2),
(2959, 199, 724, 3, 'TRIMESTRAL', 0, '0000-00-00 00:00:00', 2),
(2960, 199, 724, 4, 'TRIMESTRAL', 0, '0000-00-00 00:00:00', 2),
(3097, 200, 721, 13, 'TRIMESTRAL', 0, '0000-00-00 00:00:00', 2),
(3098, 200, 721, 14, 'TRIMESTRAL', 0, '0000-00-00 00:00:00', 2),
(3099, 200, 721, 15, 'TRIMESTRAL', 0, '0000-00-00 00:00:00', 2),
(3100, 200, 721, 16, 'TRIMESTRAL', 0, '0000-00-00 00:00:00', 2),
(3101, 200, 721, 1, 'TRIMESTRAL', 0, '0000-00-00 00:00:00', 2),
(3102, 200, 721, 2, 'TRIMESTRAL', 0, '0000-00-00 00:00:00', 2),
(3103, 200, 721, 3, 'TRIMESTRAL', 0, '0000-00-00 00:00:00', 2),
(3104, 200, 721, 4, 'TRIMESTRAL', 0, '0000-00-00 00:00:00', 2),
(3105, 200, 724, 13, 'TRIMESTRAL', 0, '0000-00-00 00:00:00', 2),
(3106, 200, 724, 14, 'TRIMESTRAL', 0, '0000-00-00 00:00:00', 2),
(3107, 200, 724, 15, 'TRIMESTRAL', 0, '0000-00-00 00:00:00', 2),
(3108, 200, 724, 16, 'TRIMESTRAL', 0, '0000-00-00 00:00:00', 2),
(3109, 200, 724, 1, 'TRIMESTRAL', 0, '0000-00-00 00:00:00', 2),
(3110, 200, 724, 2, 'TRIMESTRAL', 0, '0000-00-00 00:00:00', 2),
(3111, 200, 724, 3, 'TRIMESTRAL', 0, '0000-00-00 00:00:00', 2),
(3112, 200, 724, 4, 'TRIMESTRAL', 0, '0000-00-00 00:00:00', 2),
(3623, 283, 725, 13, 'TRIMESTRAL', 233542, NULL, 1),
(3624, 283, 725, 14, 'TRIMESTRAL', 254770, NULL, 1),
(3625, 283, 725, 15, 'TRIMESTRAL', 246159, NULL, 1),
(3626, 283, 725, 16, 'TRIMESTRAL', 313263, NULL, 1),
(3627, 283, 725, 1, 'TRIMESTRAL', 239524, NULL, 1),
(3628, 283, 725, 2, 'TRIMESTRAL', 298623, NULL, 1),
(3629, 283, 725, 3, 'TRIMESTRAL', 275302, NULL, 1),
(3630, 283, 725, 4, 'TRIMESTRAL', 374579, NULL, 1),
(3631, 283, 725, 5, 'TRIMESTRAL', 282887, NULL, 1),
(3632, 283, 725, 6, 'TRIMESTRAL', 323310, NULL, 1),
(3633, 283, 725, 7, 'TRIMESTRAL', 302521, NULL, 1),
(3634, 283, 725, 8, 'TRIMESTRAL', 395808, NULL, 1),
(3635, 283, 725, 9, 'TRIMESTRAL', 332573, NULL, 1),
(3636, 283, 725, 10, 'TRIMESTRAL', 343868, NULL, 1),
(3637, 283, 725, 11, 'TRIMESTRAL', 321947, NULL, 1),
(3638, 283, 725, 12, 'TRIMESTRAL', 419376, NULL, 1),
(3639, 283, 725, 28, 'TRIMESTRAL', 340662, NULL, 1),
(3640, 283, 725, 29, 'TRIMESTRAL', 366735, NULL, 1),
(3641, 283, 726, 13, 'TRIMESTRAL', 167280, NULL, 1),
(3642, 283, 726, 14, 'TRIMESTRAL', 177713, NULL, 1),
(3643, 283, 726, 15, 'TRIMESTRAL', 168046, NULL, 1),
(3644, 283, 726, 16, 'TRIMESTRAL', 232725, NULL, 1),
(3645, 283, 726, 1, 'TRIMESTRAL', 162751, NULL, 1),
(3646, 283, 726, 2, 'TRIMESTRAL', 206590, NULL, 1),
(3647, 283, 726, 3, 'TRIMESTRAL', 190009, NULL, 1),
(3648, 283, 726, 4, 'TRIMESTRAL', 256034, NULL, 1),
(3649, 283, 726, 5, 'TRIMESTRAL', 197796, NULL, 1),
(3650, 283, 726, 6, 'TRIMESTRAL', 227685, NULL, 1),
(3651, 283, 726, 7, 'TRIMESTRAL', 211603, NULL, 1),
(3652, 283, 726, 8, 'TRIMESTRAL', 276250, NULL, 1),
(3653, 283, 726, 9, 'TRIMESTRAL', 243087, NULL, 1),
(3654, 283, 726, 10, 'TRIMESTRAL', 268116, NULL, 1),
(3655, 283, 726, 11, 'TRIMESTRAL', 260445, NULL, 1),
(3656, 283, 726, 12, 'TRIMESTRAL', 338153, NULL, 1),
(3657, 283, 726, 28, 'TRIMESTRAL', 259031, NULL, 1),
(3658, 283, 726, 29, 'TRIMESTRAL', 283857, NULL, 1),
(3659, 283, 727, 13, 'TRIMESTRAL', 153558, NULL, 1),
(3660, 283, 727, 14, 'TRIMESTRAL', 163183, NULL, 1),
(3661, 283, 727, 15, 'TRIMESTRAL', 149899, NULL, 1),
(3662, 283, 727, 16, 'TRIMESTRAL', 204105, NULL, 1),
(3663, 283, 727, 1, 'TRIMESTRAL', 146943, NULL, 1),
(3664, 283, 727, 2, 'TRIMESTRAL', 185685, NULL, 1),
(3665, 283, 727, 3, 'TRIMESTRAL', 168268, NULL, 1),
(3666, 283, 727, 4, 'TRIMESTRAL', 230886, NULL, 1),
(3667, 283, 727, 5, 'TRIMESTRAL', 171694, NULL, 1),
(3668, 283, 727, 6, 'TRIMESTRAL', 194699, NULL, 1),
(3669, 283, 727, 7, 'TRIMESTRAL', 175379, NULL, 1),
(3670, 283, 727, 8, 'TRIMESTRAL', 240846, NULL, 1),
(3671, 283, 727, 9, 'TRIMESTRAL', 181959, NULL, 1),
(3672, 283, 727, 10, 'TRIMESTRAL', 196529, NULL, 1),
(3673, 283, 727, 11, 'TRIMESTRAL', 189933, NULL, 1),
(3674, 283, 727, 12, 'TRIMESTRAL', 262762, NULL, 1),
(3675, 283, 727, 28, 'TRIMESTRAL', 185161, NULL, 1),
(3676, 283, 727, 29, 'TRIMESTRAL', 201353, NULL, 1),
(3677, 283, 728, 13, 'TRIMESTRAL', 0, NULL, 1),
(3678, 283, 728, 14, 'TRIMESTRAL', 0, NULL, 1),
(3679, 283, 728, 15, 'TRIMESTRAL', 0, NULL, 1),
(3680, 283, 728, 16, 'TRIMESTRAL', 0, NULL, 1),
(3681, 283, 728, 1, 'TRIMESTRAL', 46561, NULL, 1),
(3682, 283, 728, 2, 'TRIMESTRAL', 60811, NULL, 1),
(3683, 283, 728, 3, 'TRIMESTRAL', 66874, NULL, 1),
(3684, 283, 728, 4, 'TRIMESTRAL', 68830, NULL, 1),
(3685, 283, 728, 5, 'TRIMESTRAL', 60297, NULL, 1),
(3686, 283, 728, 6, 'TRIMESTRAL', 71891, NULL, 1),
(3687, 283, 728, 7, 'TRIMESTRAL', 59426, NULL, 1),
(3688, 283, 728, 8, 'TRIMESTRAL', 83423, NULL, 1),
(3689, 283, 728, 9, 'TRIMESTRAL', 68002, NULL, 1),
(3690, 283, 728, 10, 'TRIMESTRAL', 72012, NULL, 1),
(3691, 283, 728, 11, 'TRIMESTRAL', 71332, NULL, 1),
(3692, 283, 728, 12, 'TRIMESTRAL', 95113, NULL, 1),
(3693, 283, 728, 28, 'TRIMESTRAL', 75063, NULL, 1),
(3694, 283, 728, 29, 'TRIMESTRAL', 91066, NULL, 1),
(3695, 283, 729, 13, 'TRIMESTRAL', 0, NULL, 1),
(3696, 283, 729, 14, 'TRIMESTRAL', 0, NULL, 1),
(3697, 283, 729, 15, 'TRIMESTRAL', 0, NULL, 1),
(3698, 283, 729, 16, 'TRIMESTRAL', 0, NULL, 1),
(3699, 283, 729, 1, 'TRIMESTRAL', 0, NULL, 1),
(3700, 283, 729, 2, 'TRIMESTRAL', 0, NULL, 1),
(3701, 283, 729, 3, 'TRIMESTRAL', 0, NULL, 1),
(3702, 283, 729, 4, 'TRIMESTRAL', 0, NULL, 1),
(3703, 283, 729, 5, 'TRIMESTRAL', 0, NULL, 1),
(3704, 283, 729, 6, 'TRIMESTRAL', 0, NULL, 1),
(3705, 283, 729, 7, 'TRIMESTRAL', 0, NULL, 1),
(3706, 283, 729, 8, 'TRIMESTRAL', 104093, NULL, 1),
(3707, 283, 729, 9, 'TRIMESTRAL', 74686, NULL, 1),
(3708, 283, 729, 10, 'TRIMESTRAL', 85098, NULL, 1),
(3709, 283, 729, 11, 'TRIMESTRAL', 80213, NULL, 1),
(3710, 283, 729, 12, 'TRIMESTRAL', 111933, NULL, 1),
(3711, 283, 729, 28, 'TRIMESTRAL', 82991, NULL, 1),
(3712, 283, 729, 29, 'TRIMESTRAL', 97676, NULL, 1),
(3713, 283, 730, 13, 'TRIMESTRAL', 29510, NULL, 1),
(3714, 283, 730, 14, 'TRIMESTRAL', 35315, NULL, 1),
(3715, 283, 730, 15, 'TRIMESTRAL', 32630, NULL, 1),
(3716, 283, 730, 16, 'TRIMESTRAL', 48906, NULL, 1),
(3717, 283, 730, 1, 'TRIMESTRAL', 32223, NULL, 1),
(3718, 283, 730, 2, 'TRIMESTRAL', 45917, NULL, 1),
(3719, 283, 730, 3, 'TRIMESTRAL', 41370, NULL, 1),
(3720, 283, 730, 4, 'TRIMESTRAL', 64401, NULL, 1),
(3721, 283, 730, 5, 'TRIMESTRAL', 42968, NULL, 1),
(3722, 283, 730, 6, 'TRIMESTRAL', 54256, NULL, 1),
(3723, 283, 730, 7, 'TRIMESTRAL', 53014, NULL, 1),
(3724, 283, 730, 8, 'TRIMESTRAL', 77275, NULL, 1),
(3725, 283, 730, 9, 'TRIMESTRAL', 52444, NULL, 1),
(3726, 283, 730, 10, 'TRIMESTRAL', 62514, NULL, 1),
(3727, 283, 730, 11, 'TRIMESTRAL', 58831, NULL, 1),
(3728, 283, 730, 12, 'TRIMESTRAL', 80041, NULL, 1),
(3729, 283, 730, 28, 'TRIMESTRAL', 54081, NULL, 1),
(3730, 283, 730, 29, 'TRIMESTRAL', 66458, NULL, 1),
(3731, 284, 731, 13, 'TRIMESTRAL', 165782, NULL, 1),
(3732, 284, 731, 14, 'TRIMESTRAL', 188414, NULL, 1),
(3733, 284, 731, 15, 'TRIMESTRAL', 181978, NULL, 1),
(3734, 284, 731, 16, 'TRIMESTRAL', 250644, NULL, 1),
(3735, 284, 731, 1, 'TRIMESTRAL', 177937, NULL, 1),
(3736, 284, 731, 2, 'TRIMESTRAL', 236601, NULL, 1),
(3737, 284, 731, 3, 'TRIMESTRAL', 210552, NULL, 1),
(3738, 284, 731, 4, 'TRIMESTRAL', 304952, NULL, 1),
(3739, 284, 731, 5, 'TRIMESTRAL', 216893, NULL, 1),
(3740, 284, 731, 6, 'TRIMESTRAL', 251753, NULL, 1),
(3741, 284, 731, 7, 'TRIMESTRAL', 233394, NULL, 1),
(3742, 284, 731, 8, 'TRIMESTRAL', 322080, NULL, 1),
(3743, 284, 731, 9, 'TRIMESTRAL', 256038, NULL, 1),
(3744, 284, 731, 10, 'TRIMESTRAL', 268026, NULL, 1),
(3745, 284, 731, 11, 'TRIMESTRAL', 245713, NULL, 1),
(3746, 284, 731, 12, 'TRIMESTRAL', 345696, NULL, 1),
(3747, 284, 731, 28, 'TRIMESTRAL', 266908, NULL, 1),
(3748, 284, 731, 29, 'TRIMESTRAL', 294358, NULL, 1),
(3749, 284, 732, 13, 'TRIMESTRAL', 104275, NULL, 1),
(3750, 284, 732, 14, 'TRIMESTRAL', 122555, NULL, 1),
(3751, 284, 732, 15, 'TRIMESTRAL', 115632, NULL, 1),
(3752, 284, 732, 16, 'TRIMESTRAL', 174074, NULL, 1),
(3753, 284, 732, 1, 'TRIMESTRAL', 116357, NULL, 1),
(3754, 284, 732, 2, 'TRIMESTRAL', 158616, NULL, 1),
(3755, 284, 732, 3, 'TRIMESTRAL', 141854, NULL, 1),
(3756, 284, 732, 4, 'TRIMESTRAL', 205892, NULL, 1),
(3757, 284, 732, 5, 'TRIMESTRAL', 143612, NULL, 1),
(3758, 284, 732, 6, 'TRIMESTRAL', 165572, NULL, 1),
(3759, 284, 732, 7, 'TRIMESTRAL', 155966, NULL, 1),
(3760, 284, 732, 8, 'TRIMESTRAL', 225623, NULL, 1),
(3761, 284, 732, 9, 'TRIMESTRAL', 184480, NULL, 1),
(3762, 284, 732, 10, 'TRIMESTRAL', 211395, NULL, 1),
(3763, 284, 732, 11, 'TRIMESTRAL', 202714, NULL, 1),
(3764, 284, 732, 12, 'TRIMESTRAL', 287486, NULL, 1),
(3765, 284, 732, 28, 'TRIMESTRAL', 205394, NULL, 1),
(3766, 284, 732, 29, 'TRIMESTRAL', 228564, NULL, 1),
(3767, 284, 727, 13, 'TRIMESTRAL', 95992, NULL, 1),
(3768, 284, 727, 14, 'TRIMESTRAL', 114936, NULL, 1),
(3769, 284, 727, 15, 'TRIMESTRAL', 107196, NULL, 1),
(3770, 284, 727, 16, 'TRIMESTRAL', 167872, NULL, 1),
(3771, 284, 727, 1, 'TRIMESTRAL', 108052, NULL, 1),
(3772, 284, 727, 2, 'TRIMESTRAL', 149286, NULL, 1),
(3773, 284, 727, 3, 'TRIMESTRAL', 125177, NULL, 1),
(3774, 284, 727, 4, 'TRIMESTRAL', 187059, NULL, 1),
(3775, 284, 727, 5, 'TRIMESTRAL', 126819, NULL, 1),
(3776, 284, 727, 6, 'TRIMESTRAL', 150977, NULL, 1),
(3777, 284, 727, 7, 'TRIMESTRAL', 133239, NULL, 1),
(3778, 284, 727, 8, 'TRIMESTRAL', 200992, NULL, 1),
(3779, 284, 727, 9, 'TRIMESTRAL', 141120, NULL, 1),
(3780, 284, 727, 10, 'TRIMESTRAL', 158095, NULL, 1),
(3781, 284, 727, 11, 'TRIMESTRAL', 151565, NULL, 1),
(3782, 284, 727, 12, 'TRIMESTRAL', 223096, NULL, 1),
(3783, 284, 727, 28, 'TRIMESTRAL', 144691, NULL, 1),
(3784, 284, 727, 29, 'TRIMESTRAL', 161228, NULL, 1),
(3785, 284, 728, 13, 'TRIMESTRAL', 0, NULL, 1),
(3786, 284, 728, 14, 'TRIMESTRAL', 0, NULL, 1),
(3787, 284, 728, 15, 'TRIMESTRAL', 0, NULL, 1),
(3788, 284, 728, 16, 'TRIMESTRAL', 0, NULL, 1),
(3789, 284, 728, 1, 'TRIMESTRAL', 29087, NULL, 1),
(3790, 284, 728, 2, 'TRIMESTRAL', 38844, NULL, 1),
(3791, 284, 728, 3, 'TRIMESTRAL', 25735, NULL, 1),
(3792, 284, 728, 4, 'TRIMESTRAL', 48465, NULL, 1),
(3793, 284, 728, 5, 'TRIMESTRAL', 36898, NULL, 1),
(3794, 284, 728, 6, 'TRIMESTRAL', 42385, NULL, 1),
(3795, 284, 728, 7, 'TRIMESTRAL', 34647, NULL, 1),
(3796, 284, 728, 8, 'TRIMESTRAL', 55952, NULL, 1),
(3797, 284, 728, 9, 'TRIMESTRAL', 39534, NULL, 1),
(3798, 284, 728, 10, 'TRIMESTRAL', 43669, NULL, 1),
(3799, 284, 728, 11, 'TRIMESTRAL', 43253, NULL, 1),
(3800, 284, 728, 12, 'TRIMESTRAL', 65894, NULL, 1),
(3801, 284, 728, 28, 'TRIMESTRAL', 46643, NULL, 1),
(3802, 284, 728, 29, 'TRIMESTRAL', 62196, NULL, 1),
(3803, 284, 729, 13, 'TRIMESTRAL', 0, NULL, 1),
(3804, 284, 729, 14, 'TRIMESTRAL', 0, NULL, 1),
(3805, 284, 729, 15, 'TRIMESTRAL', 0, NULL, 1),
(3806, 284, 729, 16, 'TRIMESTRAL', 0, NULL, 1),
(3807, 284, 729, 1, 'TRIMESTRAL', 0, NULL, 1),
(3808, 284, 729, 2, 'TRIMESTRAL', 0, NULL, 1),
(3809, 284, 729, 3, 'TRIMESTRAL', 0, NULL, 1),
(3810, 284, 729, 4, 'TRIMESTRAL', 0, NULL, 1),
(3811, 284, 729, 5, 'TRIMESTRAL', 0, NULL, 1),
(3812, 284, 729, 6, 'TRIMESTRAL', 0, NULL, 1),
(3813, 284, 729, 7, 'TRIMESTRAL', 0, NULL, 1),
(3814, 284, 729, 8, 'TRIMESTRAL', 85866, NULL, 1),
(3815, 284, 729, 9, 'TRIMESTRAL', 59358, NULL, 1),
(3816, 284, 729, 10, 'TRIMESTRAL', 70888, NULL, 1),
(3817, 284, 729, 11, 'TRIMESTRAL', 66588, NULL, 1),
(3818, 284, 729, 12, 'TRIMESTRAL', 96920, NULL, 1),
(3819, 284, 729, 28, 'TRIMESTRAL', 67327, NULL, 1),
(3820, 284, 729, 29, 'TRIMESTRAL', 80583, NULL, 1),
(3821, 284, 730, 13, 'TRIMESTRAL', 17174, NULL, 1),
(3822, 284, 730, 14, 'TRIMESTRAL', 21761, NULL, 1),
(3823, 284, 730, 15, 'TRIMESTRAL', 21147, NULL, 1),
(3824, 284, 730, 16, 'TRIMESTRAL', 33711, NULL, 1),
(3825, 284, 730, 1, 'TRIMESTRAL', 18537, NULL, 1),
(3826, 284, 730, 2, 'TRIMESTRAL', 30099, NULL, 1),
(3827, 284, 730, 3, 'TRIMESTRAL', 25990, NULL, 1),
(3828, 284, 730, 4, 'TRIMESTRAL', 45137, NULL, 1),
(3829, 284, 730, 5, 'TRIMESTRAL', 24900, NULL, 1),
(3830, 284, 730, 6, 'TRIMESTRAL', 34345, NULL, 1),
(3831, 284, 730, 7, 'TRIMESTRAL', 34041, NULL, 1),
(3832, 284, 730, 8, 'TRIMESTRAL', 54803, NULL, 1),
(3833, 284, 730, 9, 'TRIMESTRAL', 31761, NULL, 1),
(3834, 284, 730, 10, 'TRIMESTRAL', 40160, NULL, 1),
(3835, 284, 730, 11, 'TRIMESTRAL', 37194, NULL, 1),
(3836, 284, 730, 12, 'TRIMESTRAL', 56287, NULL, 1),
(3837, 284, 730, 28, 'TRIMESTRAL', 33146, NULL, 1),
(3838, 284, 730, 29, 'TRIMESTRAL', 44619, NULL, 1),
(3839, 285, 731, 1, 'TRIMESTRAL', 5.6, NULL, 1),
(3840, 285, 731, 2, 'TRIMESTRAL', 26.2, NULL, 1),
(3841, 285, 731, 3, 'TRIMESTRAL', 15.6, NULL, 1),
(3842, 285, 731, 4, 'TRIMESTRAL', 18.9, NULL, 1),
(3843, 285, 731, 5, 'TRIMESTRAL', 20.9, NULL, 1),
(3844, 285, 731, 6, 'TRIMESTRAL', 3.7, NULL, 1),
(3845, 285, 731, 7, 'TRIMESTRAL', 9.1, NULL, 1),
(3846, 285, 731, 8, 'TRIMESTRAL', 5.6, NULL, 1),
(3847, 285, 731, 9, 'TRIMESTRAL', 9.2, NULL, 1),
(3848, 285, 731, 10, 'TRIMESTRAL', 1.6, NULL, 1),
(3849, 285, 731, 11, 'TRIMESTRAL', -0.5, NULL, 1),
(3850, 285, 731, 12, 'TRIMESTRAL', -0.1, NULL, 1),
(3851, 285, 731, 28, 'TRIMESTRAL', -0.6, NULL, 1),
(3852, 285, 731, 29, 'TRIMESTRAL', 4.7, NULL, 1),
(3853, 285, 732, 1, 'TRIMESTRAL', 11.1, NULL, 1),
(3854, 285, 732, 2, 'TRIMESTRAL', 30.8, NULL, 1),
(3855, 285, 732, 3, 'TRIMESTRAL', 22.4, NULL, 1),
(3856, 285, 732, 4, 'TRIMESTRAL', 15.4, NULL, 1),
(3857, 285, 732, 5, 'TRIMESTRAL', 17.9, NULL, 1),
(3858, 285, 732, 6, 'TRIMESTRAL', -1.9, NULL, 1),
(3859, 285, 732, 7, 'TRIMESTRAL', 3.5, NULL, 1),
(3860, 285, 732, 8, 'TRIMESTRAL', 4.7, NULL, 1),
(3861, 285, 732, 9, 'TRIMESTRAL', 9.4, NULL, 1),
(3862, 285, 732, 10, 'TRIMESTRAL', 5.5, NULL, 1),
(3863, 285, 732, 11, 'TRIMESTRAL', 5.2, NULL, 1),
(3864, 285, 732, 12, 'TRIMESTRAL', 2.7, NULL, 1),
(3865, 285, 732, 28, 'TRIMESTRAL', 4.9, NULL, 1),
(3866, 285, 732, 29, 'TRIMESTRAL', 2.9, NULL, 1),
(3867, 285, 727, 1, 'TRIMESTRAL', 10.6, NULL, 1),
(3868, 285, 727, 2, 'TRIMESTRAL', 28.5, NULL, 1),
(3869, 285, 727, 3, 'TRIMESTRAL', 17.4, NULL, 1),
(3870, 285, 727, 4, 'TRIMESTRAL', 14.2, NULL, 1),
(3871, 285, 727, 5, 'TRIMESTRAL', 18, NULL, 1),
(3872, 285, 727, 6, 'TRIMESTRAL', 1.5, NULL, 1),
(3873, 285, 727, 7, 'TRIMESTRAL', 5.3, NULL, 1),
(3874, 285, 727, 8, 'TRIMESTRAL', 8.4, NULL, 1),
(3875, 285, 727, 9, 'TRIMESTRAL', 9.3, NULL, 1),
(3876, 285, 727, 10, 'TRIMESTRAL', 7.2, NULL, 1),
(3877, 285, 727, 11, 'TRIMESTRAL', 9.9, NULL, 1),
(3878, 285, 727, 12, 'TRIMESTRAL', 7.6, NULL, 1),
(3879, 285, 727, 28, 'TRIMESTRAL', 0.1, NULL, 1),
(3880, 285, 727, 29, 'TRIMESTRAL', -3.5, NULL, 1),
(3881, 285, 728, 1, 'TRIMESTRAL', 0, NULL, 1),
(3882, 285, 728, 2, 'TRIMESTRAL', 0, NULL, 1),
(3883, 285, 728, 3, 'TRIMESTRAL', 0, NULL, 1),
(3884, 285, 728, 4, 'TRIMESTRAL', 0, NULL, 1),
(3885, 285, 728, 5, 'TRIMESTRAL', 0, NULL, 1),
(3886, 285, 728, 6, 'TRIMESTRAL', 0, NULL, 1),
(3887, 285, 728, 7, 'TRIMESTRAL', 0, NULL, 1),
(3888, 285, 728, 8, 'TRIMESTRAL', 0, NULL, 1),
(3889, 285, 728, 9, 'TRIMESTRAL', 10.1, NULL, 1),
(3890, 285, 728, 10, 'TRIMESTRAL', 8.9, NULL, 1),
(3891, 285, 728, 11, 'TRIMESTRAL', 15.9, NULL, 1),
(3892, 285, 728, 12, 'TRIMESTRAL', 16.3, NULL, 1),
(3893, 285, 728, 28, 'TRIMESTRAL', 15.9, NULL, 1),
(3894, 285, 728, 29, 'TRIMESTRAL', 21.4, NULL, 1),
(3895, 285, 729, 1, 'TRIMESTRAL', 0, NULL, 1),
(3896, 285, 729, 2, 'TRIMESTRAL', 0, NULL, 1),
(3897, 285, 729, 3, 'TRIMESTRAL', 0, NULL, 1),
(3898, 285, 729, 4, 'TRIMESTRAL', 0, NULL, 1),
(3899, 285, 729, 5, 'TRIMESTRAL', 0, NULL, 1),
(3900, 285, 729, 6, 'TRIMESTRAL', 0, NULL, 1),
(3901, 285, 729, 7, 'TRIMESTRAL', 0, NULL, 1),
(3902, 285, 729, 8, 'TRIMESTRAL', 0, NULL, 1),
(3903, 285, 729, 9, 'TRIMESTRAL', 0, NULL, 1),
(3904, 285, 729, 10, 'TRIMESTRAL', 0, NULL, 1),
(3905, 285, 729, 11, 'TRIMESTRAL', 0, NULL, 1),
(3906, 285, 729, 12, 'TRIMESTRAL', 15, NULL, 1),
(3907, 285, 729, 28, 'TRIMESTRAL', 15, NULL, 1),
(3908, 285, 729, 29, 'TRIMESTRAL', 16, NULL, 1),
(3909, 285, 730, 1, 'TRIMESTRAL', 8, NULL, 1),
(3910, 285, 730, 2, 'TRIMESTRAL', 39.8, NULL, 1),
(3911, 285, 730, 3, 'TRIMESTRAL', 25.8, NULL, 1),
(3912, 285, 730, 4, 'TRIMESTRAL', 30.6, NULL, 1),
(3913, 285, 730, 5, 'TRIMESTRAL', 29.4, NULL, 1),
(3914, 285, 730, 6, 'TRIMESTRAL', 9.6, NULL, 1),
(3915, 285, 730, 7, 'TRIMESTRAL', 14.9, NULL, 1),
(3916, 285, 730, 8, 'TRIMESTRAL', 9.5, NULL, 1),
(3917, 285, 730, 9, 'TRIMESTRAL', 9.1, NULL, 1),
(3918, 285, 730, 10, 'TRIMESTRAL', 1.7, NULL, 1),
(3919, 285, 730, 11, 'TRIMESTRAL', 3, NULL, 1),
(3920, 285, 730, 12, 'TRIMESTRAL', -0.2, NULL, 1),
(3921, 285, 730, 28, 'TRIMESTRAL', 3.9, NULL, 1),
(3922, 285, 730, 29, 'TRIMESTRAL', 7, NULL, 1),
(3923, 286, 731, 13, 'TRIMESTRAL', 713832, NULL, 1),
(3924, 286, 731, 14, 'TRIMESTRAL', 792262, NULL, 1),
(3925, 286, 731, 15, 'TRIMESTRAL', 764175, NULL, 1),
(3926, 286, 731, 16, 'TRIMESTRAL', 1052520, NULL, 1),
(3927, 286, 731, 1, 'TRIMESTRAL', 747204, NULL, 1),
(3928, 286, 731, 2, 'TRIMESTRAL', 970817, NULL, 1),
(3929, 286, 731, 3, 'TRIMESTRAL', 863936, NULL, 1),
(3930, 286, 731, 4, 'TRIMESTRAL', 1268372, NULL, 1),
(3931, 286, 731, 5, 'TRIMESTRAL', 902112, NULL, 1),
(3932, 286, 731, 6, 'TRIMESTRAL', 1047104, NULL, 1),
(3933, 286, 731, 7, 'TRIMESTRAL', 967388, NULL, 1),
(3934, 286, 731, 8, 'TRIMESTRAL', 1299490, NULL, 1),
(3935, 286, 731, 9, 'TRIMESTRAL', 1054673, NULL, 1),
(3936, 286, 731, 10, 'TRIMESTRAL', 1069946, NULL, 1),
(3937, 286, 731, 11, 'TRIMESTRAL', 980873, NULL, 1),
(3938, 286, 731, 12, 'TRIMESTRAL', 1336591, NULL, 1),
(3939, 286, 731, 28, 'TRIMESTRAL', 1022668, NULL, 1),
(3940, 286, 731, 29, 'TRIMESTRAL', 1102047, NULL, 1),
(3941, 286, 732, 13, 'TRIMESTRAL', 432648, NULL, 1),
(3942, 286, 732, 14, 'TRIMESTRAL', 562959, NULL, 1),
(3943, 286, 732, 15, 'TRIMESTRAL', 531158, NULL, 1),
(3944, 286, 732, 16, 'TRIMESTRAL', 799612, NULL, 1),
(3945, 286, 732, 1, 'TRIMESTRAL', 534488, NULL, 1),
(3946, 286, 732, 2, 'TRIMESTRAL', 728606, NULL, 1),
(3947, 286, 732, 3, 'TRIMESTRAL', 646036, NULL, 1),
(3948, 286, 732, 4, 'TRIMESTRAL', 878045, NULL, 1),
(3949, 286, 732, 5, 'TRIMESTRAL', 612447, NULL, 1),
(3950, 286, 732, 6, 'TRIMESTRAL', 696773, NULL, 1),
(3951, 286, 732, 7, 'TRIMESTRAL', 656348, NULL, 1),
(3952, 286, 732, 8, 'TRIMESTRAL', 828315, NULL, 1),
(3953, 286, 732, 9, 'TRIMESTRAL', 764626, NULL, 1),
(3954, 286, 732, 10, 'TRIMESTRAL', 569092, NULL, 1),
(3955, 286, 732, 11, 'TRIMESTRAL', 543224, NULL, 1),
(3956, 286, 732, 12, 'TRIMESTRAL', 762178, NULL, 1),
(3957, 286, 732, 28, 'TRIMESTRAL', 550167, NULL, 1),
(3958, 286, 732, 29, 'TRIMESTRAL', 610571, NULL, 1),
(3959, 286, 727, 13, 'TRIMESTRAL', 412302, NULL, 1),
(3960, 286, 727, 14, 'TRIMESTRAL', 493667, NULL, 1),
(3961, 286, 727, 15, 'TRIMESTRAL', 460426, NULL, 1),
(3962, 286, 727, 16, 'TRIMESTRAL', 707693, NULL, 1),
(3963, 286, 727, 1, 'TRIMESTRAL', 455514, NULL, 1),
(3964, 286, 727, 2, 'TRIMESTRAL', 629340, NULL, 1),
(3965, 286, 727, 3, 'TRIMESTRAL', 527706, NULL, 1),
(3966, 286, 727, 4, 'TRIMESTRAL', 788582, NULL, 1),
(3967, 286, 727, 5, 'TRIMESTRAL', 534628, NULL, 1),
(3968, 286, 727, 6, 'TRIMESTRAL', 641037, NULL, 1),
(3969, 286, 727, 7, 'TRIMESTRAL', 565723, NULL, 1),
(3970, 286, 727, 8, 'TRIMESTRAL', 853397, NULL, 1),
(3971, 286, 727, 9, 'TRIMESTRAL', 599185, NULL, 1),
(3972, 286, 727, 10, 'TRIMESTRAL', 636578, NULL, 1),
(3973, 286, 727, 11, 'TRIMESTRAL', 593511, NULL, 1),
(3974, 286, 727, 12, 'TRIMESTRAL', 885154, NULL, 1),
(3975, 286, 727, 28, 'TRIMESTRAL', 574074, NULL, 1),
(3976, 286, 727, 29, 'TRIMESTRAL', 624402, NULL, 1),
(3977, 286, 728, 13, 'TRIMESTRAL', 0, NULL, 1),
(3978, 286, 728, 14, 'TRIMESTRAL', 0, NULL, 1),
(3979, 286, 728, 15, 'TRIMESTRAL', 0, NULL, 1),
(3980, 286, 728, 16, 'TRIMESTRAL', 0, NULL, 1),
(3981, 286, 728, 1, 'TRIMESTRAL', 0, NULL, 1),
(3982, 286, 728, 2, 'TRIMESTRAL', 0, NULL, 1),
(3983, 286, 728, 3, 'TRIMESTRAL', 0, NULL, 1),
(3984, 286, 728, 4, 'TRIMESTRAL', 0, NULL, 1),
(3985, 286, 728, 5, 'TRIMESTRAL', 645966, NULL, 1),
(3986, 286, 728, 6, 'TRIMESTRAL', 765633, NULL, 1),
(3987, 286, 728, 7, 'TRIMESTRAL', 625844, NULL, 1),
(3988, 286, 728, 8, 'TRIMESTRAL', 1010694, NULL, 1),
(3989, 286, 728, 9, 'TRIMESTRAL', 714135, NULL, 1),
(3990, 286, 728, 10, 'TRIMESTRAL', 788821, NULL, 1),
(3991, 286, 728, 11, 'TRIMESTRAL', 723473, NULL, 1),
(3992, 286, 728, 12, 'TRIMESTRAL', 1048548, NULL, 1),
(3993, 286, 728, 28, 'TRIMESTRAL', 742214, NULL, 1),
(3994, 286, 728, 29, 'TRIMESTRAL', 693342, NULL, 1),
(3995, 286, 729, 13, 'TRIMESTRAL', 0, NULL, 1),
(3996, 286, 729, 14, 'TRIMESTRAL', 0, NULL, 1),
(3997, 286, 729, 15, 'TRIMESTRAL', 0, NULL, 1),
(3998, 286, 729, 16, 'TRIMESTRAL', 0, NULL, 1),
(3999, 286, 729, 1, 'TRIMESTRAL', 0, NULL, 1),
(4000, 286, 729, 2, 'TRIMESTRAL', 0, NULL, 1),
(4001, 286, 729, 3, 'TRIMESTRAL', 0, NULL, 1),
(4002, 286, 729, 4, 'TRIMESTRAL', 0, NULL, 1),
(4003, 286, 729, 5, 'TRIMESTRAL', 0, NULL, 1),
(4004, 286, 729, 6, 'TRIMESTRAL', 0, NULL, 1),
(4005, 286, 729, 7, 'TRIMESTRAL', 0, NULL, 1),
(4006, 286, 729, 8, 'TRIMESTRAL', 534325, NULL, 1),
(4007, 286, 729, 9, 'TRIMESTRAL', 373086, NULL, 1),
(4008, 286, 729, 10, 'TRIMESTRAL', 443051, NULL, 1),
(4009, 286, 729, 11, 'TRIMESTRAL', 416175, NULL, 1),
(4010, 286, 729, 12, 'TRIMESTRAL', 600121, NULL, 1),
(4011, 286, 729, 28, 'TRIMESTRAL', 418963, NULL, 1),
(4012, 286, 729, 29, 'TRIMESTRAL', 501449, NULL, 1),
(4013, 286, 730, 13, 'TRIMESTRAL', 250972, NULL, 1),
(4014, 286, 730, 14, 'TRIMESTRAL', 318004, NULL, 1),
(4015, 286, 730, 15, 'TRIMESTRAL', 309031, NULL, 1),
(4016, 286, 730, 16, 'TRIMESTRAL', 492635, NULL, 1),
(4017, 286, 730, 1, 'TRIMESTRAL', 268428, NULL, 1),
(4018, 286, 730, 2, 'TRIMESTRAL', 440236, NULL, 1),
(4019, 286, 730, 3, 'TRIMESTRAL', 380144, NULL, 1),
(4020, 286, 730, 4, 'TRIMESTRAL', 633756, NULL, 1),
(4021, 286, 730, 5, 'TRIMESTRAL', 350537, NULL, 1),
(4022, 286, 730, 6, 'TRIMESTRAL', 483496, NULL, 1),
(4023, 286, 730, 7, 'TRIMESTRAL', 420624, NULL, 1),
(4024, 286, 730, 8, 'TRIMESTRAL', 629962, NULL, 1),
(4025, 286, 730, 9, 'TRIMESTRAL', 365095, NULL, 1),
(4026, 286, 730, 10, 'TRIMESTRAL', 461643, NULL, 1),
(4027, 286, 730, 11, 'TRIMESTRAL', 427552, NULL, 1),
(4028, 286, 730, 12, 'TRIMESTRAL', 647021, NULL, 1),
(4029, 286, 730, 28, 'TRIMESTRAL', 381011, NULL, 1),
(4030, 286, 730, 29, 'TRIMESTRAL', 482805, NULL, 1),
(4031, 287, 731, 13, 'TRIMESTRAL', 25.7, NULL, 1),
(4032, 287, 731, 14, 'TRIMESTRAL', 28.9, NULL, 1),
(4033, 287, 731, 15, 'TRIMESTRAL', 27.2, NULL, 1),
(4034, 287, 731, 16, 'TRIMESTRAL', 33, NULL, 1),
(4035, 287, 731, 1, 'TRIMESTRAL', 29.6, NULL, 1),
(4036, 287, 731, 2, 'TRIMESTRAL', 31.4, NULL, 1),
(4037, 287, 731, 3, 'TRIMESTRAL', 28.9, NULL, 1),
(4038, 287, 731, 4, 'TRIMESTRAL', 32.7, NULL, 1),
(4039, 287, 731, 5, 'TRIMESTRAL', 28.7, NULL, 1),
(4040, 287, 731, 6, 'TRIMESTRAL', 29.9, NULL, 1),
(4041, 287, 731, 7, 'TRIMESTRAL', 26.2, NULL, 1),
(4042, 287, 731, 8, 'TRIMESTRAL', 30.8, NULL, 1),
(4043, 287, 731, 9, 'TRIMESTRAL', 24.9, NULL, 1),
(4044, 287, 731, 10, 'TRIMESTRAL', 29.8, NULL, 1),
(4045, 287, 731, 11, 'TRIMESTRAL', 30.2, NULL, 1),
(4046, 287, 731, 12, 'TRIMESTRAL', 31.6, NULL, 1),
(4047, 287, 731, 28, 'TRIMESTRAL', 28.5, NULL, 1),
(4048, 287, 731, 29, 'TRIMESTRAL', 30.1, NULL, 1),
(4049, 287, 732, 13, 'TRIMESTRAL', 20.8, NULL, 1),
(4050, 287, 732, 14, 'TRIMESTRAL', 27.2, NULL, 1),
(4051, 287, 732, 15, 'TRIMESTRAL', 27.4, NULL, 1),
(4052, 287, 732, 16, 'TRIMESTRAL', 28.4, NULL, 1),
(4053, 287, 732, 1, 'TRIMESTRAL', 27, NULL, 1),
(4054, 287, 732, 2, 'TRIMESTRAL', 28.7, NULL, 1),
(4055, 287, 732, 3, 'TRIMESTRAL', 28.7, NULL, 1),
(4056, 287, 732, 4, 'TRIMESTRAL', 28.3, NULL, 1),
(4057, 287, 732, 5, 'TRIMESTRAL', 27.5, NULL, 1),
(4058, 287, 732, 6, 'TRIMESTRAL', 29.8, NULL, 1),
(4059, 287, 732, 7, 'TRIMESTRAL', 25.5, NULL, 1),
(4060, 287, 732, 8, 'TRIMESTRAL', 27.7, NULL, 1),
(4061, 287, 732, 9, 'TRIMESTRAL', 25.7, NULL, 1),
(4062, 287, 732, 10, 'TRIMESTRAL', 29.6, NULL, 1),
(4063, 287, 732, 11, 'TRIMESTRAL', 24.7, NULL, 1),
(4064, 287, 732, 12, 'TRIMESTRAL', 28.3, NULL, 1),
(4065, 287, 732, 28, 'TRIMESTRAL', 27.1, NULL, 1),
(4066, 287, 732, 29, 'TRIMESTRAL', 30.4, NULL, 1),
(4067, 287, 727, 13, 'TRIMESTRAL', 22.2, NULL, 1),
(4068, 287, 727, 14, 'TRIMESTRAL', 26.5, NULL, 1),
(4069, 287, 727, 15, 'TRIMESTRAL', 20.4, NULL, 1),
(4070, 287, 727, 16, 'TRIMESTRAL', 28.3, NULL, 1),
(4071, 287, 727, 1, 'TRIMESTRAL', 25.2, NULL, 1),
(4072, 287, 727, 2, 'TRIMESTRAL', 29.4, NULL, 1),
(4073, 287, 727, 3, 'TRIMESTRAL', 24.8, NULL, 1),
(4074, 287, 727, 4, 'TRIMESTRAL', 29, NULL, 1),
(4075, 287, 727, 5, 'TRIMESTRAL', 26.5, NULL, 1),
(4076, 287, 727, 6, 'TRIMESTRAL', 31.7, NULL, 1),
(4077, 287, 727, 7, 'TRIMESTRAL', 25.1, NULL, 1),
(4078, 287, 727, 8, 'TRIMESTRAL', 27.9, NULL, 1),
(4079, 287, 727, 9, 'TRIMESTRAL', 23.9, NULL, 1),
(4080, 287, 727, 10, 'TRIMESTRAL', 26.9, NULL, 1),
(4081, 287, 727, 11, 'TRIMESTRAL', 23.4, NULL, 1),
(4082, 287, 727, 12, 'TRIMESTRAL', 29.6, NULL, 1),
(4083, 287, 727, 28, 'TRIMESTRAL', 26.1, NULL, 1),
(4084, 287, 727, 29, 'TRIMESTRAL', 28.6, NULL, 1),
(4085, 287, 728, 13, 'TRIMESTRAL', 0, NULL, 1),
(4086, 287, 728, 14, 'TRIMESTRAL', 0, NULL, 1),
(4087, 287, 728, 15, 'TRIMESTRAL', 0, NULL, 1),
(4088, 287, 728, 16, 'TRIMESTRAL', 0, NULL, 1),
(4089, 287, 728, 1, 'TRIMESTRAL', 13.8, NULL, 1),
(4090, 287, 728, 2, 'TRIMESTRAL', 37.3, NULL, 1),
(4091, 287, 728, 3, 'TRIMESTRAL', -7, NULL, 1),
(4092, 287, 728, 4, 'TRIMESTRAL', 24.3, NULL, 1),
(4093, 287, 728, 5, 'TRIMESTRAL', 18.4, NULL, 1),
(4094, 287, 728, 6, 'TRIMESTRAL', 25.9, NULL, 1),
(4095, 287, 728, 7, 'TRIMESTRAL', 15.2, NULL, 1),
(4096, 287, 728, 8, 'TRIMESTRAL', 16.8, NULL, 1),
(4097, 287, 728, 9, 'TRIMESTRAL', 20.5, NULL, 1),
(4098, 287, 728, 10, 'TRIMESTRAL', 20, NULL, 1),
(4099, 287, 728, 11, 'TRIMESTRAL', 19.5, NULL, 1),
(4100, 287, 728, 12, 'TRIMESTRAL', 18.2, NULL, 1),
(4101, 287, 728, 28, 'TRIMESTRAL', 20, NULL, 1),
(4102, 287, 728, 29, 'TRIMESTRAL', 21.9, NULL, 1),
(4103, 287, 729, 13, 'TRIMESTRAL', 0, NULL, 1),
(4104, 287, 729, 14, 'TRIMESTRAL', 0, NULL, 1),
(4105, 287, 729, 15, 'TRIMESTRAL', 0, NULL, 1),
(4106, 287, 729, 16, 'TRIMESTRAL', 0, NULL, 1),
(4107, 287, 729, 1, 'TRIMESTRAL', 0, NULL, 1),
(4108, 287, 729, 2, 'TRIMESTRAL', 0, NULL, 1),
(4109, 287, 729, 3, 'TRIMESTRAL', 0, NULL, 1),
(4110, 287, 729, 4, 'TRIMESTRAL', 0, NULL, 1),
(4111, 287, 729, 5, 'TRIMESTRAL', 0, NULL, 1),
(4112, 287, 729, 6, 'TRIMESTRAL', 0, NULL, 1),
(4113, 287, 729, 7, 'TRIMESTRAL', 0, NULL, 1),
(4114, 287, 729, 8, 'TRIMESTRAL', 20.9, NULL, 1),
(4115, 287, 729, 9, 'TRIMESTRAL', 20.1, NULL, 1),
(4116, 287, 729, 10, 'TRIMESTRAL', 24.2, NULL, 1),
(4117, 287, 729, 11, 'TRIMESTRAL', 19.2, NULL, 1),
(4118, 287, 729, 12, 'TRIMESTRAL', 23.9, NULL, 1),
(4119, 287, 729, 28, 'TRIMESTRAL', 22.9, NULL, 1),
(4120, 287, 729, 29, 'TRIMESTRAL', 28.2, NULL, 1),
(4121, 287, 730, 13, 'TRIMESTRAL', 17.6, NULL, 1),
(4122, 287, 730, 14, 'TRIMESTRAL', 20.3, NULL, 1),
(4123, 287, 730, 15, 'TRIMESTRAL', 19.9, NULL, 1),
(4124, 287, 730, 16, 'TRIMESTRAL', 21.9, NULL, 1),
(4125, 287, 730, 1, 'TRIMESTRAL', 19.1, NULL, 1),
(4126, 287, 730, 2, 'TRIMESTRAL', 24.4, NULL, 1),
(4127, 287, 730, 3, 'TRIMESTRAL', 23.2, NULL, 1),
(4128, 287, 730, 4, 'TRIMESTRAL', 27.6, NULL, 1),
(4129, 287, 730, 5, 'TRIMESTRAL', 21.3, NULL, 1),
(4130, 287, 730, 6, 'TRIMESTRAL', 24.6, NULL, 1),
(4131, 287, 730, 7, 'TRIMESTRAL', 21.1, NULL, 1),
(4132, 287, 730, 8, 'TRIMESTRAL', 26.7, NULL, 1),
(4133, 287, 730, 9, 'TRIMESTRAL', 21, NULL, 1),
(4134, 287, 730, 10, 'TRIMESTRAL', 25.2, NULL, 1),
(4135, 287, 730, 11, 'TRIMESTRAL', 24.6, NULL, 1),
(4136, 287, 730, 12, 'TRIMESTRAL', 28.4, NULL, 1),
(4137, 287, 730, 28, 'TRIMESTRAL', 24.8, NULL, 1),
(4138, 287, 730, 29, 'TRIMESTRAL', 27.4, NULL, 1),
(4139, 288, 731, 13, 'TRIMESTRAL', 60, NULL, 1),
(4140, 288, 731, 14, 'TRIMESTRAL', 62, NULL, 1),
(4141, 288, 731, 15, 'TRIMESTRAL', 62, NULL, 1),
(4142, 288, 731, 16, 'TRIMESTRAL', 62, NULL, 1),
(4143, 288, 731, 1, 'TRIMESTRAL', 59, NULL, 1),
(4144, 288, 731, 2, 'TRIMESTRAL', 60, NULL, 1),
(4145, 288, 731, 3, 'TRIMESTRAL', 61, NULL, 1),
(4146, 288, 731, 4, 'TRIMESTRAL', 61, NULL, 1),
(4147, 288, 731, 5, 'TRIMESTRAL', 58, NULL, 1),
(4148, 288, 731, 6, 'TRIMESTRAL', 60, NULL, 1),
(4149, 288, 731, 7, 'TRIMESTRAL', 60, NULL, 1),
(4150, 288, 731, 8, 'TRIMESTRAL', 60, NULL, 1),
(4151, 288, 731, 9, 'TRIMESTRAL', 57, NULL, 1),
(4152, 288, 731, 10, 'TRIMESTRAL', 58, NULL, 1),
(4153, 288, 731, 11, 'TRIMESTRAL', 58, NULL, 1),
(4154, 288, 731, 12, 'TRIMESTRAL', 58, NULL, 1),
(4155, 288, 731, 28, 'TRIMESTRAL', 56, NULL, 1),
(4156, 288, 731, 29, 'TRIMESTRAL', 56, NULL, 1),
(4157, 288, 732, 13, 'TRIMESTRAL', 52, NULL, 1),
(4158, 288, 732, 14, 'TRIMESTRAL', 55, NULL, 1),
(4159, 288, 732, 15, 'TRIMESTRAL', 55, NULL, 1),
(4160, 288, 732, 16, 'TRIMESTRAL', 54, NULL, 1),
(4161, 288, 732, 1, 'TRIMESTRAL', 50, NULL, 1),
(4162, 288, 732, 2, 'TRIMESTRAL', 56, NULL, 1),
(4163, 288, 732, 3, 'TRIMESTRAL', 55, NULL, 1),
(4164, 288, 732, 4, 'TRIMESTRAL', 55, NULL, 1),
(4165, 288, 732, 5, 'TRIMESTRAL', 51, NULL, 1),
(4166, 288, 732, 6, 'TRIMESTRAL', 56, NULL, 1),
(4167, 288, 732, 7, 'TRIMESTRAL', 53, NULL, 1),
(4168, 288, 732, 8, 'TRIMESTRAL', 54, NULL, 1),
(4169, 288, 732, 9, 'TRIMESTRAL', 47, NULL, 1),
(4170, 288, 732, 10, 'TRIMESTRAL', 50, NULL, 1),
(4171, 288, 732, 11, 'TRIMESTRAL', 50, NULL, 1),
(4172, 288, 732, 12, 'TRIMESTRAL', 51, NULL, 1),
(4173, 288, 732, 28, 'TRIMESTRAL', 45, NULL, 1),
(4174, 288, 732, 29, 'TRIMESTRAL', 47, NULL, 1),
(4175, 288, 727, 13, 'TRIMESTRAL', 0, NULL, 1),
(4176, 288, 727, 14, 'TRIMESTRAL', 0, NULL, 1),
(4177, 288, 727, 15, 'TRIMESTRAL', 0, NULL, 1),
(4178, 288, 727, 16, 'TRIMESTRAL', 0, NULL, 1),
(4179, 288, 727, 1, 'TRIMESTRAL', 0, NULL, 1),
(4180, 288, 727, 2, 'TRIMESTRAL', 0, NULL, 1),
(4181, 288, 727, 3, 'TRIMESTRAL', 0, NULL, 1),
(4182, 288, 727, 4, 'TRIMESTRAL', 0, NULL, 1),
(4183, 288, 727, 5, 'TRIMESTRAL', 0, NULL, 1),
(4184, 288, 727, 6, 'TRIMESTRAL', 0, NULL, 1),
(4185, 288, 727, 7, 'TRIMESTRAL', 0, NULL, 1),
(4186, 288, 727, 8, 'TRIMESTRAL', 0, NULL, 1),
(4187, 288, 727, 9, 'TRIMESTRAL', 0, NULL, 1),
(4188, 288, 727, 10, 'TRIMESTRAL', 0, NULL, 1),
(4189, 288, 727, 11, 'TRIMESTRAL', 0, NULL, 1),
(4190, 288, 727, 12, 'TRIMESTRAL', 0, NULL, 1),
(4191, 288, 727, 28, 'TRIMESTRAL', 0, NULL, 1),
(4192, 288, 727, 29, 'TRIMESTRAL', 0, NULL, 1),
(4193, 288, 729, 13, 'TRIMESTRAL', 0, NULL, 1),
(4194, 288, 729, 14, 'TRIMESTRAL', 0, NULL, 1),
(4195, 288, 729, 15, 'TRIMESTRAL', 0, NULL, 1),
(4196, 288, 729, 16, 'TRIMESTRAL', 0, NULL, 1),
(4197, 288, 729, 1, 'TRIMESTRAL', 0, NULL, 1),
(4198, 288, 729, 2, 'TRIMESTRAL', 0, NULL, 1),
(4199, 288, 729, 3, 'TRIMESTRAL', 0, NULL, 1),
(4200, 288, 729, 4, 'TRIMESTRAL', 0, NULL, 1),
(4201, 288, 729, 5, 'TRIMESTRAL', 0, NULL, 1),
(4202, 288, 729, 6, 'TRIMESTRAL', 0, NULL, 1),
(4203, 288, 729, 7, 'TRIMESTRAL', 0, NULL, 1),
(4204, 288, 729, 8, 'TRIMESTRAL', 50, NULL, 1),
(4205, 288, 729, 9, 'TRIMESTRAL', 45, NULL, 1),
(4206, 288, 729, 10, 'TRIMESTRAL', 50, NULL, 1),
(4207, 288, 729, 11, 'TRIMESTRAL', 49, NULL, 1),
(4208, 288, 729, 12, 'TRIMESTRAL', 49, NULL, 1),
(4209, 288, 729, 28, 'TRIMESTRAL', 45, NULL, 1),
(4210, 288, 729, 29, 'TRIMESTRAL', 50, NULL, 1),
(4211, 288, 730, 13, 'TRIMESTRAL', 58, NULL, 1),
(4212, 288, 730, 14, 'TRIMESTRAL', 69, NULL, 1),
(4213, 288, 730, 15, 'TRIMESTRAL', 64, NULL, 1),
(4214, 288, 730, 16, 'TRIMESTRAL', 68, NULL, 1),
(4215, 288, 730, 1, 'TRIMESTRAL', 56, NULL, 1),
(4216, 288, 730, 2, 'TRIMESTRAL', 66, NULL, 1),
(4217, 288, 730, 3, 'TRIMESTRAL', 64, NULL, 1);
INSERT INTO `valores` (`ID_VALOR`, `ID_TAG_AGF`, `ID_EMPRESA`, `ID_PERIODO`, `tipo`, `VALOR`, `DT_MODIFICACION`, `origen`) VALUES
(4218, 288, 730, 4, 'TRIMESTRAL', 64, NULL, 1),
(4219, 288, 730, 5, 'TRIMESTRAL', 56, NULL, 1),
(4220, 288, 730, 6, 'TRIMESTRAL', 66, NULL, 1),
(4221, 288, 730, 7, 'TRIMESTRAL', 63, NULL, 1),
(4222, 288, 730, 8, 'TRIMESTRAL', 61, NULL, 1),
(4223, 288, 730, 9, 'TRIMESTRAL', 52, NULL, 1),
(4224, 288, 730, 10, 'TRIMESTRAL', 59, NULL, 1),
(4225, 288, 730, 11, 'TRIMESTRAL', 60, NULL, 1),
(4226, 288, 730, 12, 'TRIMESTRAL', 54, NULL, 1),
(4227, 288, 730, 28, 'TRIMESTRAL', 48, NULL, 1),
(4228, 288, 730, 29, 'TRIMESTRAL', 56, NULL, 1),
(4319, 290, 731, 13, 'TRIMESTRAL', 67760, NULL, 1),
(4320, 290, 731, 14, 'TRIMESTRAL', 66356, NULL, 1),
(4321, 290, 731, 15, 'TRIMESTRAL', 64180, NULL, 1),
(4322, 290, 731, 16, 'TRIMESTRAL', 62619, NULL, 1),
(4323, 290, 731, 1, 'TRIMESTRAL', 61587, NULL, 1),
(4324, 290, 731, 2, 'TRIMESTRAL', 62022, NULL, 1),
(4325, 290, 731, 3, 'TRIMESTRAL', 64750, NULL, 1),
(4326, 290, 731, 4, 'TRIMESTRAL', 69626, NULL, 1),
(4327, 290, 731, 5, 'TRIMESTRAL', 65994, NULL, 1),
(4328, 290, 731, 6, 'TRIMESTRAL', 71557, NULL, 1),
(4329, 290, 731, 7, 'TRIMESTRAL', 69127, NULL, 1),
(4330, 290, 731, 8, 'TRIMESTRAL', 73728, NULL, 1),
(4331, 290, 731, 9, 'TRIMESTRAL', 76535, NULL, 1),
(4332, 290, 731, 10, 'TRIMESTRAL', 75842, NULL, 1),
(4333, 290, 731, 11, 'TRIMESTRAL', 76234, NULL, 1),
(4334, 290, 731, 12, 'TRIMESTRAL', 73680, NULL, 1),
(4335, 290, 731, 28, 'TRIMESTRAL', 73754, NULL, 1),
(4336, 290, 731, 29, 'TRIMESTRAL', 72378, NULL, 1),
(4337, 290, 732, 13, 'TRIMESTRAL', 63005, NULL, 1),
(4338, 290, 732, 14, 'TRIMESTRAL', 55158, NULL, 1),
(4339, 290, 732, 15, 'TRIMESTRAL', 52414, NULL, 1),
(4340, 290, 732, 16, 'TRIMESTRAL', 58651, NULL, 1),
(4341, 290, 732, 1, 'TRIMESTRAL', 46394, NULL, 1),
(4342, 290, 732, 2, 'TRIMESTRAL', 47974, NULL, 1),
(4343, 290, 732, 3, 'TRIMESTRAL', 48155, NULL, 1),
(4344, 290, 732, 4, 'TRIMESTRAL', 50142, NULL, 1),
(4345, 290, 732, 5, 'TRIMESTRAL', 54184, NULL, 1),
(4346, 290, 732, 6, 'TRIMESTRAL', 62113, NULL, 1),
(4347, 290, 732, 7, 'TRIMESTRAL', 55637, NULL, 1),
(4348, 290, 732, 8, 'TRIMESTRAL', 50627, NULL, 1),
(4349, 290, 732, 9, 'TRIMESTRAL', 58608, NULL, 1),
(4350, 290, 732, 10, 'TRIMESTRAL', 56721, NULL, 1),
(4351, 290, 732, 11, 'TRIMESTRAL', 57731, NULL, 1),
(4352, 290, 732, 12, 'TRIMESTRAL', 50667, NULL, 1),
(4353, 290, 732, 28, 'TRIMESTRAL', 53637, NULL, 1),
(4354, 290, 732, 29, 'TRIMESTRAL', 55293, NULL, 1),
(4355, 290, 727, 13, 'TRIMESTRAL', 57566, NULL, 1),
(4356, 290, 727, 14, 'TRIMESTRAL', 48247, NULL, 1),
(4357, 290, 727, 15, 'TRIMESTRAL', 42703, NULL, 1),
(4358, 290, 727, 16, 'TRIMESTRAL', 36233, NULL, 1),
(4359, 290, 727, 1, 'TRIMESTRAL', 38891, NULL, 1),
(4360, 290, 727, 2, 'TRIMESTRAL', 36399, NULL, 1),
(4361, 290, 727, 3, 'TRIMESTRAL', 43091, NULL, 1),
(4362, 290, 727, 4, 'TRIMESTRAL', 43826, NULL, 1),
(4363, 290, 727, 5, 'TRIMESTRAL', 44875, NULL, 1),
(4364, 290, 727, 6, 'TRIMESTRAL', 43722, NULL, 1),
(4365, 290, 727, 7, 'TRIMESTRAL', 42140, NULL, 1),
(4366, 290, 727, 8, 'TRIMESTRAL', 39854, NULL, 1),
(4367, 290, 727, 9, 'TRIMESTRAL', 40839, NULL, 1),
(4368, 290, 727, 10, 'TRIMESTRAL', 38434, NULL, 1),
(4369, 290, 727, 11, 'TRIMESTRAL', 38368, NULL, 1),
(4370, 290, 727, 12, 'TRIMESTRAL', 38601, NULL, 1),
(4371, 290, 727, 28, 'TRIMESTRAL', 40470, NULL, 1),
(4372, 290, 727, 29, 'TRIMESTRAL', 40125, NULL, 1),
(4373, 290, 728, 13, 'TRIMESTRAL', 0, NULL, 1),
(4374, 290, 728, 14, 'TRIMESTRAL', 0, NULL, 1),
(4375, 290, 728, 15, 'TRIMESTRAL', 0, NULL, 1),
(4376, 290, 728, 16, 'TRIMESTRAL', 0, NULL, 1),
(4377, 290, 728, 1, 'TRIMESTRAL', 17474, NULL, 1),
(4378, 290, 728, 2, 'TRIMESTRAL', 21967, NULL, 1),
(4379, 290, 728, 3, 'TRIMESTRAL', 41139, NULL, 1),
(4380, 290, 728, 4, 'TRIMESTRAL', 20365, NULL, 1),
(4381, 290, 728, 5, 'TRIMESTRAL', 23400, NULL, 1),
(4382, 290, 728, 6, 'TRIMESTRAL', 29506, NULL, 1),
(4383, 290, 728, 7, 'TRIMESTRAL', 24779, NULL, 1),
(4384, 290, 728, 8, 'TRIMESTRAL', 27471, NULL, 1),
(4385, 290, 728, 9, 'TRIMESTRAL', 28468, NULL, 1),
(4386, 290, 728, 10, 'TRIMESTRAL', 28343, NULL, 1),
(4387, 290, 728, 11, 'TRIMESTRAL', 28079, NULL, 1),
(4388, 290, 728, 12, 'TRIMESTRAL', 29219, NULL, 1),
(4389, 290, 728, 28, 'TRIMESTRAL', 28420, NULL, 1),
(4390, 290, 728, 29, 'TRIMESTRAL', 28870, NULL, 1),
(4391, 290, 729, 13, 'TRIMESTRAL', 0, NULL, 1),
(4392, 290, 729, 14, 'TRIMESTRAL', 0, NULL, 1),
(4393, 290, 729, 15, 'TRIMESTRAL', 0, NULL, 1),
(4394, 290, 729, 16, 'TRIMESTRAL', 0, NULL, 1),
(4395, 290, 729, 1, 'TRIMESTRAL', 0, NULL, 1),
(4396, 290, 729, 2, 'TRIMESTRAL', 0, NULL, 1),
(4397, 290, 729, 3, 'TRIMESTRAL', 0, NULL, 1),
(4398, 290, 729, 4, 'TRIMESTRAL', 0, NULL, 1),
(4399, 290, 729, 5, 'TRIMESTRAL', 0, NULL, 1),
(4400, 290, 729, 6, 'TRIMESTRAL', 0, NULL, 1),
(4401, 290, 729, 7, 'TRIMESTRAL', 0, NULL, 1),
(4402, 290, 729, 8, 'TRIMESTRAL', 18227, NULL, 1),
(4403, 290, 729, 9, 'TRIMESTRAL', 15328, NULL, 1),
(4404, 290, 729, 10, 'TRIMESTRAL', 14210, NULL, 1),
(4405, 290, 729, 11, 'TRIMESTRAL', 13625, NULL, 1),
(4406, 290, 729, 12, 'TRIMESTRAL', 15013, NULL, 1),
(4407, 290, 729, 28, 'TRIMESTRAL', 15664, NULL, 1),
(4408, 290, 729, 29, 'TRIMESTRAL', 17093, NULL, 1),
(4409, 290, 730, 13, 'TRIMESTRAL', 12336, NULL, 1),
(4410, 290, 730, 14, 'TRIMESTRAL', 13554, NULL, 1),
(4411, 290, 730, 15, 'TRIMESTRAL', 11483, NULL, 1),
(4412, 290, 730, 16, 'TRIMESTRAL', 15195, NULL, 1),
(4413, 290, 730, 1, 'TRIMESTRAL', 13685, NULL, 1),
(4414, 290, 730, 2, 'TRIMESTRAL', 15819, NULL, 1),
(4415, 290, 730, 3, 'TRIMESTRAL', 15380, NULL, 1),
(4416, 290, 730, 4, 'TRIMESTRAL', 19264, NULL, 1),
(4417, 290, 730, 5, 'TRIMESTRAL', 18068, NULL, 1),
(4418, 290, 730, 6, 'TRIMESTRAL', 19911, NULL, 1),
(4419, 290, 730, 7, 'TRIMESTRAL', 18973, NULL, 1),
(4420, 290, 730, 8, 'TRIMESTRAL', 22472, NULL, 1),
(4421, 290, 730, 9, 'TRIMESTRAL', 20683, NULL, 1),
(4422, 290, 730, 10, 'TRIMESTRAL', 22354, NULL, 1),
(4423, 290, 730, 11, 'TRIMESTRAL', 21637, NULL, 1),
(4424, 290, 730, 12, 'TRIMESTRAL', 23754, NULL, 1),
(4425, 290, 730, 28, 'TRIMESTRAL', 20935, NULL, 1),
(4426, 290, 730, 29, 'TRIMESTRAL', 21839, NULL, 1),
(4427, 291, 731, 13, 'TRIMESTRAL', 713593, NULL, 1),
(4428, 291, 731, 14, 'TRIMESTRAL', 687789, NULL, 1),
(4429, 291, 731, 15, 'TRIMESTRAL', 666680, NULL, 1),
(4430, 291, 731, 16, 'TRIMESTRAL', 741850, NULL, 1),
(4431, 291, 731, 1, 'TRIMESTRAL', 731807, NULL, 1),
(4432, 291, 731, 2, 'TRIMESTRAL', 767896, NULL, 1),
(4433, 291, 731, 3, 'TRIMESTRAL', 798759, NULL, 1),
(4434, 291, 731, 4, 'TRIMESTRAL', 888209, NULL, 1),
(4435, 291, 731, 5, 'TRIMESTRAL', 894885, NULL, 1),
(4436, 291, 731, 6, 'TRIMESTRAL', 922479, NULL, 1),
(4437, 291, 731, 7, 'TRIMESTRAL', 942105, NULL, 1),
(4438, 291, 731, 8, 'TRIMESTRAL', 1043718, NULL, 1),
(4439, 291, 731, 9, 'TRIMESTRAL', 1062622, NULL, 1),
(4440, 291, 731, 10, 'TRIMESTRAL', 1047342, NULL, 1),
(4441, 291, 731, 11, 'TRIMESTRAL', 998000, NULL, 1),
(4442, 291, 731, 12, 'TRIMESTRAL', 1014272, NULL, 1),
(4443, 291, 731, 28, 'TRIMESTRAL', 953839, NULL, 1),
(4444, 291, 731, 29, 'TRIMESTRAL', 935829, NULL, 1),
(4445, 291, 732, 13, 'TRIMESTRAL', 419306, NULL, 1),
(4446, 291, 732, 14, 'TRIMESTRAL', 383029, NULL, 1),
(4447, 291, 732, 15, 'TRIMESTRAL', 346281, NULL, 1),
(4448, 291, 732, 16, 'TRIMESTRAL', 362770, NULL, 1),
(4449, 291, 732, 1, 'TRIMESTRAL', 322724, NULL, 1),
(4450, 291, 732, 2, 'TRIMESTRAL', 311888, NULL, 1),
(4451, 291, 732, 3, 'TRIMESTRAL', 349107, NULL, 1),
(4452, 291, 732, 4, 'TRIMESTRAL', 387151, NULL, 1),
(4453, 291, 732, 5, 'TRIMESTRAL', 399047, NULL, 1),
(4454, 291, 732, 6, 'TRIMESTRAL', 415066, NULL, 1),
(4455, 291, 732, 7, 'TRIMESTRAL', 369834, NULL, 1),
(4456, 291, 732, 8, 'TRIMESTRAL', 446795, NULL, 1),
(4457, 291, 732, 9, 'TRIMESTRAL', 361963, NULL, 1),
(4458, 291, 732, 10, 'TRIMESTRAL', 414216, NULL, 1),
(4459, 291, 732, 11, 'TRIMESTRAL', 408115, NULL, 1),
(4460, 291, 732, 12, 'TRIMESTRAL', 447401, NULL, 1),
(4461, 291, 732, 28, 'TRIMESTRAL', 429526, NULL, 1),
(4462, 291, 732, 29, 'TRIMESTRAL', 412007, NULL, 1),
(4463, 291, 727, 13, 'TRIMESTRAL', 430649, NULL, 1),
(4464, 291, 727, 14, 'TRIMESTRAL', 379881, NULL, 1),
(4465, 291, 727, 15, 'TRIMESTRAL', 333699, NULL, 1),
(4466, 291, 727, 16, 'TRIMESTRAL', 360611, NULL, 1),
(4467, 291, 727, 1, 'TRIMESTRAL', 332716, NULL, 1),
(4468, 291, 727, 2, 'TRIMESTRAL', 347763, NULL, 1),
(4469, 291, 727, 3, 'TRIMESTRAL', 353838, NULL, 1),
(4470, 291, 727, 4, 'TRIMESTRAL', 392000, NULL, 1),
(4471, 291, 727, 5, 'TRIMESTRAL', 378977, NULL, 1),
(4472, 291, 727, 6, 'TRIMESTRAL', 381824, NULL, 1),
(4473, 291, 727, 7, 'TRIMESTRAL', 359549, NULL, 1),
(4474, 291, 727, 8, 'TRIMESTRAL', 385558, NULL, 1),
(4475, 291, 727, 9, 'TRIMESTRAL', 361356, NULL, 1),
(4476, 291, 727, 10, 'TRIMESTRAL', 353940, NULL, 1),
(4477, 291, 727, 11, 'TRIMESTRAL', 355968, NULL, 1),
(4478, 291, 727, 12, 'TRIMESTRAL', 391829, NULL, 1),
(4479, 291, 727, 28, 'TRIMESTRAL', 372069, NULL, 1),
(4480, 291, 727, 29, 'TRIMESTRAL', 375521, NULL, 1),
(4481, 291, 728, 13, 'TRIMESTRAL', 0, NULL, 1),
(4482, 291, 728, 14, 'TRIMESTRAL', 0, NULL, 1),
(4483, 291, 728, 15, 'TRIMESTRAL', 0, NULL, 1),
(4484, 291, 728, 16, 'TRIMESTRAL', 0, NULL, 1),
(4485, 291, 728, 1, 'TRIMESTRAL', 0, NULL, 1),
(4486, 291, 728, 2, 'TRIMESTRAL', 176606, NULL, 1),
(4487, 291, 728, 3, 'TRIMESTRAL', 0, NULL, 1),
(4488, 291, 728, 4, 'TRIMESTRAL', 155577, NULL, 1),
(4489, 291, 728, 5, 'TRIMESTRAL', 173109, NULL, 1),
(4490, 291, 728, 6, 'TRIMESTRAL', 176396, NULL, 1),
(4491, 291, 728, 7, 'TRIMESTRAL', 160671, NULL, 1),
(4492, 291, 728, 8, 'TRIMESTRAL', 175602, NULL, 1),
(4493, 291, 728, 9, 'TRIMESTRAL', 166641, NULL, 1),
(4494, 291, 728, 10, 'TRIMESTRAL', 160313, NULL, 1),
(4495, 291, 728, 11, 'TRIMESTRAL', 154703, NULL, 1),
(4496, 291, 728, 12, 'TRIMESTRAL', 172878, NULL, 1),
(4497, 291, 728, 28, 'TRIMESTRAL', 166563, NULL, 1),
(4498, 291, 728, 29, 'TRIMESTRAL', 164653, NULL, 1),
(4499, 291, 729, 13, 'TRIMESTRAL', 0, NULL, 1),
(4500, 291, 729, 14, 'TRIMESTRAL', 0, NULL, 1),
(4501, 291, 729, 15, 'TRIMESTRAL', 0, NULL, 1),
(4502, 291, 729, 16, 'TRIMESTRAL', 0, NULL, 1),
(4503, 291, 729, 1, 'TRIMESTRAL', 0, NULL, 1),
(4504, 291, 729, 2, 'TRIMESTRAL', 0, NULL, 1),
(4505, 291, 729, 3, 'TRIMESTRAL', 0, NULL, 1),
(4506, 291, 729, 4, 'TRIMESTRAL', 0, NULL, 1),
(4507, 291, 729, 5, 'TRIMESTRAL', 0, NULL, 1),
(4508, 291, 729, 6, 'TRIMESTRAL', 0, NULL, 1),
(4509, 291, 729, 7, 'TRIMESTRAL', 0, NULL, 1),
(4510, 291, 729, 8, 'TRIMESTRAL', 118015, NULL, 1),
(4511, 291, 729, 9, 'TRIMESTRAL', 98889, NULL, 1),
(4512, 291, 729, 10, 'TRIMESTRAL', 94381, NULL, 1),
(4513, 291, 729, 11, 'TRIMESTRAL', 87281, NULL, 1),
(4514, 291, 729, 12, 'TRIMESTRAL', 102229, NULL, 1),
(4515, 291, 729, 28, 'TRIMESTRAL', 100669, NULL, 1),
(4516, 291, 729, 29, 'TRIMESTRAL', 110318, NULL, 1),
(4517, 291, 730, 13, 'TRIMESTRAL', 73610, NULL, 1),
(4518, 291, 730, 14, 'TRIMESTRAL', 72796, NULL, 1),
(4519, 291, 730, 15, 'TRIMESTRAL', 74154, NULL, 1),
(4520, 291, 730, 16, 'TRIMESTRAL', 90954, NULL, 1),
(4521, 291, 730, 1, 'TRIMESTRAL', 86061, NULL, 1),
(4522, 291, 730, 2, 'TRIMESTRAL', 91273, NULL, 1),
(4523, 291, 730, 3, 'TRIMESTRAL', 92404, NULL, 1),
(4524, 291, 730, 4, 'TRIMESTRAL', 111358, NULL, 1),
(4525, 291, 730, 5, 'TRIMESTRAL', 107921, NULL, 1),
(4526, 291, 730, 6, 'TRIMESTRAL', 113552, NULL, 1),
(4527, 291, 730, 7, 'TRIMESTRAL', 113792, NULL, 1),
(4528, 291, 730, 8, 'TRIMESTRAL', 131351, NULL, 1),
(4529, 291, 730, 9, 'TRIMESTRAL', 123438, NULL, 1),
(4530, 291, 730, 10, 'TRIMESTRAL', 124058, NULL, 1),
(4531, 291, 730, 11, 'TRIMESTRAL', 121007, NULL, 1),
(4532, 291, 730, 12, 'TRIMESTRAL', 131726, NULL, 1),
(4533, 291, 730, 28, 'TRIMESTRAL', 120447, NULL, 1),
(4534, 291, 730, 29, 'TRIMESTRAL', 118918, NULL, 1),
(4535, 292, 731, 13, 'TRIMESTRAL', 0, NULL, 1),
(4536, 292, 731, 14, 'TRIMESTRAL', 0, NULL, 1),
(4537, 292, 731, 15, 'TRIMESTRAL', 0, NULL, 1),
(4538, 292, 731, 16, 'TRIMESTRAL', 0, NULL, 1),
(4539, 292, 731, 1, 'TRIMESTRAL', 0, NULL, 1),
(4540, 292, 731, 2, 'TRIMESTRAL', 0, NULL, 1),
(4541, 292, 731, 3, 'TRIMESTRAL', 0, NULL, 1),
(4542, 292, 731, 4, 'TRIMESTRAL', 64236, NULL, 1),
(4543, 292, 731, 5, 'TRIMESTRAL', 0, NULL, 1),
(4544, 292, 731, 6, 'TRIMESTRAL', 0, NULL, 1),
(4545, 292, 731, 7, 'TRIMESTRAL', 0, NULL, 1),
(4546, 292, 731, 8, 'TRIMESTRAL', 39255, NULL, 1),
(4547, 292, 731, 9, 'TRIMESTRAL', 38664, NULL, 1),
(4548, 292, 731, 10, 'TRIMESTRAL', 37487, NULL, 1),
(4549, 292, 731, 11, 'TRIMESTRAL', 44155, NULL, 1),
(4550, 292, 731, 12, 'TRIMESTRAL', 59310, NULL, 1),
(4551, 292, 731, 28, 'TRIMESTRAL', 64643, NULL, 1),
(4552, 292, 731, 29, 'TRIMESTRAL', 67790, NULL, 1),
(4553, 292, 732, 13, 'TRIMESTRAL', 0, NULL, 1),
(4554, 292, 732, 14, 'TRIMESTRAL', 0, NULL, 1),
(4555, 292, 732, 15, 'TRIMESTRAL', 0, NULL, 1),
(4556, 292, 732, 16, 'TRIMESTRAL', 0, NULL, 1),
(4557, 292, 732, 1, 'TRIMESTRAL', 0, NULL, 1),
(4558, 292, 732, 2, 'TRIMESTRAL', 0, NULL, 1),
(4559, 292, 732, 3, 'TRIMESTRAL', 0, NULL, 1),
(4560, 292, 732, 4, 'TRIMESTRAL', 46767, NULL, 1),
(4561, 292, 732, 5, 'TRIMESTRAL', 0, NULL, 1),
(4562, 292, 732, 6, 'TRIMESTRAL', 0, NULL, 1),
(4563, 292, 732, 7, 'TRIMESTRAL', 0, NULL, 1),
(4564, 292, 732, 8, 'TRIMESTRAL', 35017, NULL, 1),
(4565, 292, 732, 9, 'TRIMESTRAL', 31022, NULL, 1),
(4566, 292, 732, 10, 'TRIMESTRAL', 32474, NULL, 1),
(4567, 292, 732, 11, 'TRIMESTRAL', 33151, NULL, 1),
(4568, 292, 732, 12, 'TRIMESTRAL', 34740, NULL, 1),
(4569, 292, 732, 28, 'TRIMESTRAL', 34857, NULL, 1),
(4570, 292, 732, 29, 'TRIMESTRAL', 36848, NULL, 1),
(4571, 292, 727, 13, 'TRIMESTRAL', 0, NULL, 1),
(4572, 292, 727, 14, 'TRIMESTRAL', 0, NULL, 1),
(4573, 292, 727, 15, 'TRIMESTRAL', 0, NULL, 1),
(4574, 292, 727, 16, 'TRIMESTRAL', 0, NULL, 1),
(4575, 292, 727, 1, 'TRIMESTRAL', 0, NULL, 1),
(4576, 292, 727, 2, 'TRIMESTRAL', 0, NULL, 1),
(4577, 292, 727, 3, 'TRIMESTRAL', 0, NULL, 1),
(4578, 292, 727, 4, 'TRIMESTRAL', 65812, NULL, 1),
(4579, 292, 727, 5, 'TRIMESTRAL', 0, NULL, 1),
(4580, 292, 727, 6, 'TRIMESTRAL', 0, NULL, 1),
(4581, 292, 727, 7, 'TRIMESTRAL', 0, NULL, 1),
(4582, 292, 727, 8, 'TRIMESTRAL', 52016, NULL, 1),
(4583, 292, 727, 9, 'TRIMESTRAL', 46610, NULL, 1),
(4584, 292, 727, 10, 'TRIMESTRAL', 45659, NULL, 1),
(4585, 292, 727, 11, 'TRIMESTRAL', 43084, NULL, 1),
(4586, 292, 727, 12, 'TRIMESTRAL', 41504, NULL, 1),
(4587, 292, 727, 28, 'TRIMESTRAL', 39795, NULL, 1),
(4588, 292, 727, 29, 'TRIMESTRAL', 38420, NULL, 1),
(4589, 292, 728, 13, 'TRIMESTRAL', 0, NULL, 1),
(4590, 292, 728, 14, 'TRIMESTRAL', 0, NULL, 1),
(4591, 292, 728, 15, 'TRIMESTRAL', 0, NULL, 1),
(4592, 292, 728, 16, 'TRIMESTRAL', 0, NULL, 1),
(4593, 292, 728, 1, 'TRIMESTRAL', 0, NULL, 1),
(4594, 292, 728, 2, 'TRIMESTRAL', 0, NULL, 1),
(4595, 292, 728, 3, 'TRIMESTRAL', 0, NULL, 1),
(4596, 292, 728, 4, 'TRIMESTRAL', 21230, NULL, 1),
(4597, 292, 728, 5, 'TRIMESTRAL', 0, NULL, 1),
(4598, 292, 728, 6, 'TRIMESTRAL', 0, NULL, 1),
(4599, 292, 728, 7, 'TRIMESTRAL', 0, NULL, 1),
(4600, 292, 728, 8, 'TRIMESTRAL', 21556, NULL, 1),
(4601, 292, 728, 9, 'TRIMESTRAL', 20072, NULL, 1),
(4602, 292, 728, 10, 'TRIMESTRAL', 20070, NULL, 1),
(4603, 292, 728, 11, 'TRIMESTRAL', 21075, NULL, 1),
(4604, 292, 728, 12, 'TRIMESTRAL', 21709, NULL, 1),
(4605, 292, 728, 28, 'TRIMESTRAL', 20954, NULL, 1),
(4606, 292, 728, 29, 'TRIMESTRAL', 20117, NULL, 1),
(4607, 292, 729, 13, 'TRIMESTRAL', 0, NULL, 1),
(4608, 292, 729, 14, 'TRIMESTRAL', 0, NULL, 1),
(4609, 292, 729, 15, 'TRIMESTRAL', 0, NULL, 1),
(4610, 292, 729, 16, 'TRIMESTRAL', 0, NULL, 1),
(4611, 292, 729, 1, 'TRIMESTRAL', 0, NULL, 1),
(4612, 292, 729, 2, 'TRIMESTRAL', 0, NULL, 1),
(4613, 292, 729, 3, 'TRIMESTRAL', 0, NULL, 1),
(4614, 292, 729, 4, 'TRIMESTRAL', 0, NULL, 1),
(4615, 292, 729, 5, 'TRIMESTRAL', 0, NULL, 1),
(4616, 292, 729, 6, 'TRIMESTRAL', 0, NULL, 1),
(4617, 292, 729, 7, 'TRIMESTRAL', 0, NULL, 1),
(4618, 292, 729, 8, 'TRIMESTRAL', 42487, NULL, 1),
(4619, 292, 729, 9, 'TRIMESTRAL', 30715, NULL, 1),
(4620, 292, 729, 10, 'TRIMESTRAL', 23494, NULL, 1),
(4621, 292, 729, 11, 'TRIMESTRAL', 18085, NULL, 1),
(4622, 292, 729, 12, 'TRIMESTRAL', 17255, NULL, 1),
(4623, 292, 729, 28, 'TRIMESTRAL', 16268, NULL, 1),
(4624, 292, 729, 29, 'TRIMESTRAL', 16204, NULL, 1),
(4625, 292, 730, 13, 'TRIMESTRAL', 0, NULL, 1),
(4626, 292, 730, 14, 'TRIMESTRAL', 0, NULL, 1),
(4627, 292, 730, 15, 'TRIMESTRAL', 0, NULL, 1),
(4628, 292, 730, 16, 'TRIMESTRAL', 0, NULL, 1),
(4629, 292, 730, 1, 'TRIMESTRAL', 0, NULL, 1),
(4630, 292, 730, 2, 'TRIMESTRAL', 0, NULL, 1),
(4631, 292, 730, 3, 'TRIMESTRAL', 0, NULL, 1),
(4632, 292, 730, 4, 'TRIMESTRAL', 19973, NULL, 1),
(4633, 292, 730, 5, 'TRIMESTRAL', 0, NULL, 1),
(4634, 292, 730, 6, 'TRIMESTRAL', 0, NULL, 1),
(4635, 292, 730, 7, 'TRIMESTRAL', 0, NULL, 1),
(4636, 292, 730, 8, 'TRIMESTRAL', 21442, NULL, 1),
(4637, 292, 730, 9, 'TRIMESTRAL', 23154, NULL, 1),
(4638, 292, 730, 10, 'TRIMESTRAL', 26387, NULL, 1),
(4639, 292, 730, 11, 'TRIMESTRAL', 29497, NULL, 1),
(4640, 292, 730, 12, 'TRIMESTRAL', 28810, NULL, 1),
(4641, 292, 730, 28, 'TRIMESTRAL', 27858, NULL, 1),
(4642, 292, 730, 29, 'TRIMESTRAL', 27005, NULL, 1);

-- --------------------------------------------------------

--
-- Estructura Stand-in para la vista `view_grafica`
--
CREATE TABLE IF NOT EXISTS `view_grafica` (
`id_formula` int(11)
,`id_empresa` int(18)
,`id_periodo` int(18)
,`C1` double
,`C2` double
,`C3` double
,`C4` double
,`C5` double
,`rso` text
,`label` varchar(7)
,`graf` int(1)
,`formula` varchar(100)
,`ano` int(11)
,`mes` int(11)
);
-- --------------------------------------------------------

--
-- Estructura para la vista `view_grafica`
--
DROP TABLE IF EXISTS `view_grafica`;

CREATE ALGORITHM=UNDEFINED DEFINER=`root`@`localhost` SQL SECURITY DEFINER VIEW `view_grafica` AS select `c`.`ID_FORMULA` AS `id_formula`,`a`.`ID_EMPRESA` AS `id_empresa`,`a`.`ID_PERIODO` AS `id_periodo`,(select `x`.`VALOR` from ((`valores` `x` join `indices_financieros` `z`) join `formulas` `w`) where ((`w`.`ID_FORMULA` = `z`.`ID_FORMULA`) and (`x`.`ID_TAG_AGF` = `w`.`CAMPO1`) and (`z`.`ID_INDICE_FINANCIERO` = `b`.`ID_INDICE_FINANCIERO`) and (`x`.`ID_EMPRESA` = `a`.`ID_EMPRESA`) and (`x`.`ID_PERIODO` = `a`.`ID_PERIODO`) and (`x`.`tipo` = 'TRIMESTRAL'))) AS `C1`,(select `x`.`VALOR` from ((`valores` `x` join `indices_financieros` `z`) join `formulas` `w`) where ((`w`.`ID_FORMULA` = `z`.`ID_FORMULA`) and (`x`.`ID_TAG_AGF` = `w`.`CAMPO2`) and (`z`.`ID_INDICE_FINANCIERO` = `b`.`ID_INDICE_FINANCIERO`) and (`x`.`ID_EMPRESA` = `a`.`ID_EMPRESA`) and (`x`.`ID_PERIODO` = `a`.`ID_PERIODO`) and (`x`.`tipo` = 'TRIMESTRAL'))) AS `C2`,(select `x`.`VALOR` from ((`valores` `x` join `indices_financieros` `z`) join `formulas` `w`) where ((`w`.`ID_FORMULA` = `z`.`ID_FORMULA`) and (`x`.`ID_TAG_AGF` = `w`.`CAMPO3`) and (`z`.`ID_INDICE_FINANCIERO` = `b`.`ID_INDICE_FINANCIERO`) and (`x`.`ID_EMPRESA` = `a`.`ID_EMPRESA`) and (`x`.`ID_PERIODO` = `a`.`ID_PERIODO`) and (`x`.`tipo` = 'TRIMESTRAL'))) AS `C3`,(select `x`.`VALOR` from ((`valores` `x` join `indices_financieros` `z`) join `formulas` `w`) where ((`w`.`ID_FORMULA` = `z`.`ID_FORMULA`) and (`x`.`ID_TAG_AGF` = `w`.`CAMPO4`) and (`z`.`ID_INDICE_FINANCIERO` = `b`.`ID_INDICE_FINANCIERO`) and (`x`.`ID_EMPRESA` = `a`.`ID_EMPRESA`) and (`x`.`ID_PERIODO` = `a`.`ID_PERIODO`) and (`x`.`tipo` = 'TRIMESTRAL'))) AS `C4`,(select `x`.`VALOR` from ((`valores` `x` join `indices_financieros` `z`) join `formulas` `w`) where ((`w`.`ID_FORMULA` = `z`.`ID_FORMULA`) and (`x`.`ID_TAG_AGF` = `w`.`CAMPO5`) and (`z`.`ID_INDICE_FINANCIERO` = `b`.`ID_INDICE_FINANCIERO`) and (`x`.`ID_EMPRESA` = `a`.`ID_EMPRESA`) and (`x`.`ID_PERIODO` = `a`.`ID_PERIODO`) and (`x`.`tipo` = 'TRIMESTRAL'))) AS `C5`,concat(`d`.`RSO`,': ',`b`.`NOMBRE`) AS `rso`,`e`.`label` AS `label`,1 AS `graf`,`c`.`FORMULA` AS `formula`,`e`.`ANO` AS `ano`,`e`.`MES` AS `mes` from ((((`valores` `a` join `indices_financieros` `b`) join `formulas` `c`) join `empresas` `d`) join `periodos` `e`) where ((`c`.`ID_FORMULA` = `b`.`ID_FORMULA`) and (`a`.`ID_TAG_AGF` = `c`.`CAMPO1`) and (`a`.`ID_EMPRESA` = `d`.`ID_EMPRESA`) and (`a`.`ID_PERIODO` = `e`.`ID_PERIODO`));

/*!40101 SET CHARACTER_SET_CLIENT=@OLD_CHARACTER_SET_CLIENT */;
/*!40101 SET CHARACTER_SET_RESULTS=@OLD_CHARACTER_SET_RESULTS */;
/*!40101 SET COLLATION_CONNECTION=@OLD_COLLATION_CONNECTION */;
