-- phpMyAdmin SQL Dump
-- version 4.0.4.1
-- http://www.phpmyadmin.net
--
-- Servidor: 127.0.0.1
-- Tiempo de generación: 05-12-2013 a las 03:06:15
-- Versión del servidor: 5.5.32
-- Versión de PHP: 5.4.19

SET SQL_MODE = "NO_AUTO_VALUE_ON_ZERO";
SET time_zone = "+00:00";


/*!40101 SET @OLD_CHARACTER_SET_CLIENT=@@CHARACTER_SET_CLIENT */;
/*!40101 SET @OLD_CHARACTER_SET_RESULTS=@@CHARACTER_SET_RESULTS */;
/*!40101 SET @OLD_COLLATION_CONNECTION=@@COLLATION_CONNECTION */;
/*!40101 SET NAMES utf8 */;

--
-- Base de datos: `agf`
--
CREATE DATABASE IF NOT EXISTS `agf` DEFAULT CHARACTER SET utf8 COLLATE utf8_spanish2_ci;
USE `agf`;

-- --------------------------------------------------------

--
-- Estructura de tabla para la tabla `agenda_procesos`
--

CREATE TABLE IF NOT EXISTS `agenda_procesos` (
  `ID_AGENDA` int(18) NOT NULL,
  `DT_AGENDA` datetime DEFAULT NULL,
  `PROCESO` varchar(300) COLLATE utf8_spanish2_ci DEFAULT NULL,
  `PARAMETROS` varchar(300) COLLATE utf8_spanish2_ci DEFAULT NULL,
  `DT_COMIENZO` datetime DEFAULT NULL,
  `DT_FIN` datetime DEFAULT NULL,
  `ESTADO` varchar(300) COLLATE utf8_spanish2_ci DEFAULT NULL
) ENGINE=InnoDB DEFAULT CHARSET=utf8 COLLATE=utf8_spanish2_ci;

-- --------------------------------------------------------

--
-- Estructura de tabla para la tabla `configexport`
--

CREATE TABLE IF NOT EXISTS `configexport` (
  `id_indice` int(11) NOT NULL
) ENGINE=InnoDB DEFAULT CHARSET=utf8 COLLATE=utf8_spanish2_ci;

-- --------------------------------------------------------

--
-- Estructura de tabla para la tabla `dolar`
--

CREATE TABLE IF NOT EXISTS `dolar` (
  `ID_DOLAR` int(18) NOT NULL,
  `PERIODO` varchar(20) COLLATE utf8_spanish2_ci DEFAULT NULL,
  `FECHA_DOLAR` varchar(20) COLLATE utf8_spanish2_ci DEFAULT NULL,
  `VALOR` float(18,2) DEFAULT NULL
) ENGINE=InnoDB DEFAULT CHARSET=utf8 COLLATE=utf8_spanish2_ci;

-- --------------------------------------------------------

--
-- Estructura de tabla para la tabla `empresas`
--

CREATE TABLE IF NOT EXISTS `empresas` (
  `ID_EMPRESA` int(18) NOT NULL AUTO_INCREMENT,
  `RUT` varchar(10) COLLATE utf8_spanish2_ci DEFAULT NULL,
  `RSO` varchar(300) COLLATE utf8_spanish2_ci DEFAULT NULL,
  `NOMBRE_FANTASIA` varchar(300) COLLATE utf8_spanish2_ci DEFAULT NULL,
  `NOMBRE_BOLSA` varchar(300) COLLATE utf8_spanish2_ci DEFAULT NULL,
  `VALOR_ACCION` float(18,2) DEFAULT NULL,
  `TIPO_BALANCE` varchar(50) COLLATE utf8_spanish2_ci DEFAULT NULL,
  `TIPO_IFRS` varchar(20) COLLATE utf8_spanish2_ci DEFAULT NULL,
  `MONEDA` varchar(100) COLLATE utf8_spanish2_ci DEFAULT NULL,
  `ESTADOS` varchar(100) COLLATE utf8_spanish2_ci DEFAULT NULL,
  `ORIGEN` varchar(50) COLLATE utf8_spanish2_ci DEFAULT NULL,
  `OA` bit(1) DEFAULT NULL,
  `color` int(11) DEFAULT '0',
  `orden` int(11) DEFAULT '0',
  PRIMARY KEY (`ID_EMPRESA`)
) ENGINE=InnoDB  DEFAULT CHARSET=utf8 COLLATE=utf8_spanish2_ci AUTO_INCREMENT=4 ;

--
-- Volcado de datos para la tabla `empresas`
--

INSERT INTO `empresas` (`ID_EMPRESA`, `RUT`, `RSO`, `NOMBRE_FANTASIA`, `NOMBRE_BOLSA`, `VALOR_ACCION`, `TIPO_BALANCE`, `TIPO_IFRS`, `MONEDA`, `ESTADOS`, `ORIGEN`, `OA`, `color`, `orden`) VALUES
(1, 'Hites', 'Hites', 'Hites', 'Hites', 0.00, 'I', 'Full', 'CLP - Peso chileno', 'ESFC|ERF', 'CARGA_MANUAL', b'1', 26316, 0),
(2, 'La Polar', 'La Polar', 'La Polar', 'La Polar', 0.00, 'I', 'Full', 'CLP - Peso chileno', 'ESFC|ERF', 'CARGA_MANUAL', b'1', 0, 0),
(3, 'Ripley Chi', 'Ripley Chile', 'Ripley Chile', 'Ripley Chile', 0.00, 'I', 'Full', 'CLP - Peso chileno', 'ESFC|ERF', 'CARGA_MANUAL', b'1', 52479, 0);

-- --------------------------------------------------------

--
-- Estructura de tabla para la tabla `empresa_indice`
--

CREATE TABLE IF NOT EXISTS `empresa_indice` (
  `id_empresa` int(11) NOT NULL,
  `id_indice_financiero` int(11) NOT NULL,
  `num_formula` int(11) NOT NULL,
  `id_formula` int(11) NOT NULL
) ENGINE=InnoDB DEFAULT CHARSET=utf8 COLLATE=utf8_spanish2_ci;

--
-- Volcado de datos para la tabla `empresa_indice`
--

INSERT INTO `empresa_indice` (`id_empresa`, `id_indice_financiero`, `num_formula`, `id_formula`) VALUES
(1, 1, 0, 1),
(2, 1, 0, 1),
(3, 1, 0, 1),
(1, 2, 0, 2),
(2, 2, 1, 3),
(3, 2, 0, 2);

-- --------------------------------------------------------

--
-- Estructura de tabla para la tabla `formulario_item`
--

CREATE TABLE IF NOT EXISTS `formulario_item` (
  `id_empresa` int(11) NOT NULL,
  `id_tag_agf` int(11) NOT NULL,
  `fecha_insert` date NOT NULL,
  `nun_item` int(11) NOT NULL,
  `estado` varchar(1) COLLATE utf8_spanish2_ci NOT NULL DEFAULT 'A'
) ENGINE=InnoDB DEFAULT CHARSET=utf8 COLLATE=utf8_spanish2_ci;

--
-- Volcado de datos para la tabla `formulario_item`
--

INSERT INTO `formulario_item` (`id_empresa`, `id_tag_agf`, `fecha_insert`, `nun_item`, `estado`) VALUES
(1, 1, '1900-01-01', 0, 'E'),
(1, 2, '1900-01-01', 1, 'E'),
(1, 3, '1900-01-01', 2, 'E'),
(1, 4, '1900-01-01', 3, 'E'),
(1, 5, '1900-01-01', 4, 'E'),
(1, 7, '1900-01-01', 5, 'E'),
(1, 6, '1900-01-01', 6, 'E'),
(2, 7, '1900-01-01', 0, 'E'),
(2, 6, '1900-01-01', 1, 'E'),
(2, 4, '1900-01-01', 2, 'E'),
(2, 2, '1900-01-01', 3, 'E'),
(2, 7, '1900-01-01', 4, 'E'),
(2, 6, '1900-01-01', 5, 'E'),
(2, 4, '1900-01-01', 6, 'E'),
(2, 3, '1900-01-01', 7, 'E'),
(2, 2, '1900-01-01', 8, 'E'),
(2, 1, '1900-01-01', 9, 'E'),
(2, 5, '1900-01-01', 10, 'E'),
(3, 7, '1900-01-01', 0, 'E'),
(3, 6, '1900-01-01', 1, 'E'),
(3, 4, '1900-01-01', 2, 'E'),
(3, 3, '1900-01-01', 3, 'E'),
(3, 2, '1900-01-01', 4, 'E'),
(3, 1, '1900-01-01', 5, 'E'),
(3, 5, '1900-01-01', 6, 'E'),
(3, 8, '1900-01-01', 7, 'E'),
(3, 9, '1900-01-01', 8, 'E'),
(3, 10, '1900-01-01', 9, 'E'),
(1, 11, '1900-01-01', 7, 'E'),
(1, 12, '1900-01-01', 8, 'E'),
(1, 13, '1900-01-01', 9, 'E'),
(1, 8, '1900-01-01', 10, 'E'),
(1, 9, '1900-01-01', 11, 'E'),
(1, 10, '1900-01-01', 12, 'E'),
(3, 14, '1900-01-01', 10, 'A'),
(1, 11, '1900-01-01', 13, 'A'),
(1, 12, '1900-01-01', 14, 'A'),
(1, 13, '1900-01-01', 15, 'A'),
(1, 8, '1900-01-01', 16, 'A'),
(1, 9, '1900-01-01', 17, 'A'),
(1, 10, '1900-01-01', 18, 'A'),
(1, 7, '1900-01-01', 19, 'A'),
(1, 6, '1900-01-01', 20, 'A'),
(1, 14, '1900-01-01', 21, 'A'),
(1, 4, '1900-01-01', 22, 'A'),
(1, 3, '1900-01-01', 23, 'A'),
(1, 2, '1900-01-01', 24, 'A'),
(1, 1, '1900-01-01', 25, 'A'),
(1, 5, '1900-01-01', 26, 'A'),
(2, 11, '1900-01-01', 11, 'A'),
(2, 12, '1900-01-01', 12, 'A'),
(2, 13, '1900-01-01', 13, 'A'),
(2, 8, '1900-01-01', 14, 'A'),
(2, 9, '1900-01-01', 15, 'A'),
(2, 10, '1900-01-01', 16, 'A'),
(2, 7, '1900-01-01', 17, 'A'),
(2, 6, '1900-01-01', 18, 'A'),
(2, 14, '1900-01-01', 19, 'A'),
(2, 4, '1900-01-01', 20, 'A'),
(2, 3, '1900-01-01', 21, 'A'),
(2, 2, '1900-01-01', 22, 'A'),
(2, 1, '1900-01-01', 23, 'A'),
(2, 5, '1900-01-01', 24, 'A'),
(3, 11, '1900-01-01', 11, 'A'),
(3, 12, '1900-01-01', 12, 'A'),
(3, 13, '1900-01-01', 13, 'A'),
(3, 8, '1900-01-01', 14, 'A'),
(3, 9, '1900-01-01', 15, 'A'),
(3, 10, '1900-01-01', 16, 'A'),
(3, 7, '1900-01-01', 17, 'A'),
(3, 6, '1900-01-01', 18, 'A'),
(3, 4, '1900-01-01', 19, 'A'),
(3, 3, '1900-01-01', 20, 'A'),
(3, 2, '1900-01-01', 21, 'A'),
(3, 1, '1900-01-01', 22, 'A'),
(3, 5, '1900-01-01', 23, 'A');

-- --------------------------------------------------------

--
-- Estructura de tabla para la tabla `formulas`
--

CREATE TABLE IF NOT EXISTS `formulas` (
  `ID_FORMULA` int(11) NOT NULL AUTO_INCREMENT,
  `CAMPO1` int(11) DEFAULT NULL,
  `CAMPO2` int(11) DEFAULT NULL,
  `CAMPO3` int(11) DEFAULT NULL,
  `CAMPO4` int(11) DEFAULT NULL,
  `CAMPO5` int(11) DEFAULT NULL,
  `tipoc1` int(11) NOT NULL,
  `tipoc2` int(11) NOT NULL,
  `tipoc3` int(11) NOT NULL,
  `tipoc4` int(11) NOT NULL,
  `tipoc5` int(11) NOT NULL,
  `FORMULA` varchar(100) COLLATE utf8_spanish2_ci DEFAULT NULL,
  `CANTIDAD_CAMPOS` int(11) DEFAULT NULL,
  `DECIMALES` int(11) DEFAULT NULL,
  `cod1` varchar(10) COLLATE utf8_spanish2_ci DEFAULT NULL,
  `cod2` varchar(10) COLLATE utf8_spanish2_ci DEFAULT NULL,
  `cod3` varchar(10) COLLATE utf8_spanish2_ci DEFAULT NULL,
  `cod4` varchar(10) COLLATE utf8_spanish2_ci DEFAULT NULL,
  `cod5` varchar(10) COLLATE utf8_spanish2_ci DEFAULT NULL,
  `id_indice_financiero` int(11) NOT NULL,
  `num_formula` int(11) NOT NULL,
  PRIMARY KEY (`ID_FORMULA`)
) ENGINE=InnoDB  DEFAULT CHARSET=utf8 COLLATE=utf8_spanish2_ci AUTO_INCREMENT=4 ;

--
-- Volcado de datos para la tabla `formulas`
--

INSERT INTO `formulas` (`ID_FORMULA`, `CAMPO1`, `CAMPO2`, `CAMPO3`, `CAMPO4`, `CAMPO5`, `tipoc1`, `tipoc2`, `tipoc3`, `tipoc4`, `tipoc5`, `FORMULA`, `CANTIDAD_CAMPOS`, `DECIMALES`, `cod1`, `cod2`, `cod3`, `cod4`, `cod5`, `id_indice_financiero`, `num_formula`) VALUES
(1, 7, 6, -1, -1, -1, 1, 1, 0, 0, 0, 'C1+C2', 2, 0, 'C.1.NN', 'C.2.NN', 'no', 'no', 'no', 1, 0),
(2, 7, 6, -1, -1, -1, 1, 1, 0, 0, 0, 'C1+C2', 2, 0, 'C.1.NN', 'C.2.NN', 'no', 'no', 'no', 2, 0),
(3, 9, -1, -1, -1, -1, 1, 0, 0, 0, 0, 'C1', 1, 0, 'C.1.NN', 'no', 'no', 'no', 'no', 2, 1);

-- --------------------------------------------------------

--
-- Estructura de tabla para la tabla `grupos_indices_financieros`
--

CREATE TABLE IF NOT EXISTS `grupos_indices_financieros` (
  `ID_GRUPO_INDICE_FINANCIERO` int(11) NOT NULL AUTO_INCREMENT,
  `NOMBRE` varchar(50) COLLATE utf8_spanish2_ci NOT NULL,
  `DESCRIPCION` varchar(300) COLLATE utf8_spanish2_ci NOT NULL,
  PRIMARY KEY (`ID_GRUPO_INDICE_FINANCIERO`)
) ENGINE=InnoDB  DEFAULT CHARSET=utf8 COLLATE=utf8_spanish2_ci AUTO_INCREMENT=2 ;

--
-- Volcado de datos para la tabla `grupos_indices_financieros`
--

INSERT INTO `grupos_indices_financieros` (`ID_GRUPO_INDICE_FINANCIERO`, `NOMBRE`, `DESCRIPCION`) VALUES
(1, 'Demo', '0');

-- --------------------------------------------------------

--
-- Estructura de tabla para la tabla `grupos_subgrupos`
--

CREATE TABLE IF NOT EXISTS `grupos_subgrupos` (
  `ID_TIPO_EMPRESA` int(18) NOT NULL,
  `ID_SUBGRUPO` int(18) NOT NULL,
  KEY `ID_TIPO_EMPRESA` (`ID_TIPO_EMPRESA`),
  KEY `ID_SUBGRUPO` (`ID_SUBGRUPO`)
) ENGINE=InnoDB DEFAULT CHARSET=utf8 COLLATE=utf8_spanish2_ci;

--
-- Volcado de datos para la tabla `grupos_subgrupos`
--

INSERT INTO `grupos_subgrupos` (`ID_TIPO_EMPRESA`, `ID_SUBGRUPO`) VALUES
(1, 1);

-- --------------------------------------------------------

--
-- Estructura de tabla para la tabla `historico_acciones`
--

CREATE TABLE IF NOT EXISTS `historico_acciones` (
  `ID_PRECIO_ACCION` int(18) NOT NULL,
  `ID_EMPRESA` int(18) DEFAULT NULL,
  `FECHA` varchar(15) COLLATE utf8_spanish2_ci DEFAULT NULL,
  `APERTURA` float(18,5) DEFAULT NULL,
  `ALTO` decimal(18,5) DEFAULT NULL,
  `BAJO` float(18,5) DEFAULT NULL,
  `CIERRE` float(18,5) DEFAULT NULL,
  `VOLUMEN` bigint(20) DEFAULT NULL,
  `DT_REGISTRO` datetime DEFAULT NULL
) ENGINE=InnoDB DEFAULT CHARSET=utf8 COLLATE=utf8_spanish2_ci;

-- --------------------------------------------------------

--
-- Estructura de tabla para la tabla `indicadores`
--

CREATE TABLE IF NOT EXISTS `indicadores` (
  `ID_INDICADOR` int(18) NOT NULL,
  `TIPO_INDICADOR` varchar(50) COLLATE utf8_spanish2_ci DEFAULT NULL,
  `NOMBRE` varchar(300) COLLATE utf8_spanish2_ci DEFAULT NULL,
  `VALOR` float(18,2) DEFAULT NULL,
  `VARIACION` float(18,2) DEFAULT NULL,
  `DT_ACTUALIZACION` datetime DEFAULT NULL,
  `OA` bit(1) DEFAULT NULL
) ENGINE=InnoDB DEFAULT CHARSET=utf8 COLLATE=utf8_spanish2_ci;

-- --------------------------------------------------------

--
-- Estructura de tabla para la tabla `indices_financieros`
--

CREATE TABLE IF NOT EXISTS `indices_financieros` (
  `ID_INDICE_FINANCIERO` int(18) NOT NULL AUTO_INCREMENT,
  `ID_GRUPO_INDICE_FINANCIERO` int(18) DEFAULT NULL,
  `ID_COMPONENTE` int(18) DEFAULT NULL,
  `NOMBRE` varchar(300) COLLATE utf8_spanish2_ci DEFAULT NULL,
  `DESCRIPCION` varchar(300) COLLATE utf8_spanish2_ci DEFAULT NULL,
  `ID_FORMULA` int(18) DEFAULT NULL,
  `FORMULA_DESC` varchar(300) COLLATE utf8_spanish2_ci DEFAULT NULL,
  `RANGO_SUPERIOR` decimal(10,2) NOT NULL,
  `RANGO_INFERIOR` float(10,2) NOT NULL,
  `RANGOS_DESC` text COLLATE utf8_spanish2_ci,
  `OA` bit(1) DEFAULT NULL,
  PRIMARY KEY (`ID_INDICE_FINANCIERO`)
) ENGINE=InnoDB  DEFAULT CHARSET=utf8 COLLATE=utf8_spanish2_ci AUTO_INCREMENT=3 ;

--
-- Volcado de datos para la tabla `indices_financieros`
--

INSERT INTO `indices_financieros` (`ID_INDICE_FINANCIERO`, `ID_GRUPO_INDICE_FINANCIERO`, `ID_COMPONENTE`, `NOMBRE`, `DESCRIPCION`, `ID_FORMULA`, `FORMULA_DESC`, `RANGO_SUPERIOR`, `RANGO_INFERIOR`, `RANGOS_DESC`, `OA`) VALUES
(1, 1, 4, 'Ingresos Totales', '0', 1, '0', '0.00', 0.00, '0', b'1'),
(2, 1, 4, 'prueba', '0', 2, '0', '0.00', 0.00, '0', b'1');

-- --------------------------------------------------------

--
-- Estructura de tabla para la tabla `indice_empresa`
--

CREATE TABLE IF NOT EXISTS `indice_empresa` (
  `id_indice` int(11) NOT NULL,
  `id_empresa` int(11) NOT NULL,
  `tipo` int(11) NOT NULL
) ENGINE=InnoDB DEFAULT CHARSET=utf8 COLLATE=utf8_spanish2_ci;

--
-- Volcado de datos para la tabla `indice_empresa`
--

INSERT INTO `indice_empresa` (`id_indice`, `id_empresa`, `tipo`) VALUES
(1, 1, 0),
(1, 2, 0),
(1, 3, 0),
(2, 1, 0),
(2, 2, 0),
(2, 3, 0);

-- --------------------------------------------------------

--
-- Estructura de tabla para la tabla `indice_subgrupo_empresa`
--

CREATE TABLE IF NOT EXISTS `indice_subgrupo_empresa` (
  `id_indice` int(11) NOT NULL,
  `id_subgrupo` int(11) NOT NULL,
  `tipo` int(11) NOT NULL
) ENGINE=InnoDB DEFAULT CHARSET=utf8 COLLATE=utf8_spanish2_ci;

-- --------------------------------------------------------

--
-- Estructura de tabla para la tabla `log`
--

CREATE TABLE IF NOT EXISTS `log` (
  `datos` varchar(10000) COLLATE utf8_spanish2_ci NOT NULL
) ENGINE=InnoDB DEFAULT CHARSET=utf8 COLLATE=utf8_spanish2_ci;

--
-- Volcado de datos para la tabla `log`
--

INSERT INTO `log` (`datos`) VALUES
('SELECT `ID_FORMULA`, \n				(select nombre from tag_agf b where b.ID_TAG_AGF = a.campo1 and b.oa = a.tipoc1) as `CAMPO1N`, \n				(select nombre from tag_agf b where b.ID_TAG_AGF = a.campo2 and b.oa = a.tipoc1) as `CAMPO2N`, \n				(select nombre from tag_agf b where b.ID_TAG_AGF = a.campo3 and b.oa = a.tipoc1) as `CAMPO3N`, \n				(select nombre from tag_agf b where b.ID_TAG_AGF = a.campo4 and b.oa = a.tipoc1) as `CAMPO4N`, \n				(select nombre from tag_agf b where b.ID_TAG_AGF = a.campo5 and b.oa = a.tipoc1) as `CAMPO5N`,\n				`CAMPO1`,\n				`CAMPO2`,\n				`CAMPO3`,\n				`CAMPO4`,\n				`CAMPO5`,\n				`tipoc1`, `tipoc2`, `tipoc3`, `tipoc4`, `tipoc5`, `FORMULA`, \n				`cod1`, `cod2`, `cod3`, `cod4`, `cod5`, `id_indice_financiero`, `num_formula` ,\n				CASE when x.id_formula IS NULL THEN 0 ELSE 1 END\n				  as selected\n               FROM `formulas` a LEFT JOIN indices_financieros x\n					ON x.id_indice_financiero = a.id_indice_financiero \n						AND x.id_formula = a.id_formula\n				WHERE a.id_indice_financiero = 1;'),
('SELECT a.`ID_FORMULA`, \n               (select nombre from tag_agf b where b.ID_TAG_AGF = a.campo1 and b.oa = a.tipoc1) as `CAMPO1N`, \n               (select nombre from tag_agf b where b.ID_TAG_AGF = a.campo2 and b.oa = a.tipoc1) as `CAMPO2N`, \n               (select nombre from tag_agf b where b.ID_TAG_AGF = a.campo3 and b.oa = a.tipoc1) as `CAMPO3N`, \n               (select nombre from tag_agf b where b.ID_TAG_AGF = a.campo4 and b.oa = a.tipoc1) as `CAMPO4N`, \n               (select nombre from tag_agf b where b.ID_TAG_AGF = a.campo5 and b.oa = a.tipoc1) as `CAMPO5N`,\n               `CAMPO1`,\n               `CAMPO2`,\n               `CAMPO3`,\n               `CAMPO4`,\n               `CAMPO5`,\n               `tipoc1`, `tipoc2`, `tipoc3`, `tipoc4`, `tipoc5`, `FORMULA`, \n               `cod1`, `cod2`, `cod3`, `cod4`, `cod5`, a.`id_indice_financiero`, a.`num_formula` ,\n               CASE when x.id_formula IS NULL THEN 0 ELSE 1 END\n				  as selected\n               FROM `formulas` a LEFT JOIN empresa_indice x\n					ON x.id_indice_financiero = a.id_indice_financiero \n						AND x.id_formula = a.id_formula\n               WHERE a.id_indice_financiero = 1\n					AND x.id_empresa = 1;'),
('SELECT a.`ID_FORMULA`, \n               (select nombre from tag_agf b where b.ID_TAG_AGF = a.campo1 and b.oa = a.tipoc1) as `CAMPO1N`, \n               (select nombre from tag_agf b where b.ID_TAG_AGF = a.campo2 and b.oa = a.tipoc1) as `CAMPO2N`, \n               (select nombre from tag_agf b where b.ID_TAG_AGF = a.campo3 and b.oa = a.tipoc1) as `CAMPO3N`, \n               (select nombre from tag_agf b where b.ID_TAG_AGF = a.campo4 and b.oa = a.tipoc1) as `CAMPO4N`, \n               (select nombre from tag_agf b where b.ID_TAG_AGF = a.campo5 and b.oa = a.tipoc1) as `CAMPO5N`,\n               `CAMPO1`,\n               `CAMPO2`,\n               `CAMPO3`,\n               `CAMPO4`,\n               `CAMPO5`,\n               `tipoc1`, `tipoc2`, `tipoc3`, `tipoc4`, `tipoc5`, `FORMULA`, \n               `cod1`, `cod2`, `cod3`, `cod4`, `cod5`, a.`id_indice_financiero`, a.`num_formula` ,\n               CASE when x.id_formula IS NULL THEN 0 ELSE 1 END\n				  as selected\n               FROM `formulas` a LEFT JOIN empresa_indice x\n					ON x.id_indice_financiero = a.id_indice_financiero \n						AND x.id_formula = a.id_formula\n               WHERE a.id_indice_financiero = 1\n					AND x.id_empresa = 1;'),
('Array\n(\n    [0] => prueba\n    [1] => 0\n    [2] => 0\n    [3] => 0\n    [4] => 0\n    [5] => 0\n    [6] => 0\n    [7] => 0\n    [8] => 0\n    [9] => 1\n)\n'),
('Indices_Financieros'),
('Array\n(\n    [0] => 1\n    [1] => 2\n    [2] => 3\n)\n'),
('0'),
('Array\n(\n    [0] => C1+C2_\n    [1] => C1_\n)\n'),
('Array\n(\n    [0] => 7;6;-1;-1;-1;C;C;0;0;0;C.1.NN;C.2.NN;no;no;no\n    [1] => 9;-1;-1;-1;-1;C;0;0;0;0;C.1.NN;no;no;no;no\n)\n'),
('INSERT INTO indices_financieros (`ID_INDICE_FINANCIERO`, `ID_GRUPO_INDICE_FINANCIERO`, \n			`ID_COMPONENTE`, `NOMBRE`, `DESCRIPCION`, `ID_FORMULA`, `FORMULA_DESC`, `RANGO_SUPERIOR`, \n				`RANGO_INFERIOR`, `RANGOS_DESC`, `OA`) \n				VALUES (null, ''1'', 4, ''prueba'', ''0'', \n				''0'', ''0'', ''0'', ''0'', ''0'', 1);'),
('arrInf[6] = 1'),
('formulasCampos = Array\n(\n    [0] => Array\n        (\n            [0] => 7\n            [1] => 6\n            [2] => -1\n            [3] => -1\n            [4] => -1\n            [5] => C\n            [6] => C\n            [7] => 0\n            [8] => 0\n            [9] => 0\n            [10] => C.1.NN\n            [11] => C.2.NN\n            [12] => no\n            [13] => no\n            [14] => no\n        )\n\n    [1] => Array\n        (\n            [0] => 9\n            [1] => -1\n            [2] => -1\n            [3] => -1\n            [4] => -1\n            [5] => C\n            [6] => 0\n            [7] => 0\n            [8] => 0\n            [9] => 0\n            [10] => C.1.NN\n            [11] => no\n            [12] => no\n            [13] => no\n            [14] => no\n        )\n\n)\n'),
('arr = Array\n(\n    [0] => 7\n    [1] => 6\n    [2] => -1\n    [3] => -1\n    [4] => -1\n    [5] => C\n    [6] => C\n    [7] => 0\n    [8] => 0\n    [9] => 0\n    [10] => C.1.NN\n    [11] => C.2.NN\n    [12] => no\n    [13] => no\n    [14] => no\n)\n'),
('select distinct c.id_formula, a.id_empresa, a.id_periodo,\n					(select SUM(valor)\n							   from valores x, indices_financieros z, formulas w\n					   where w.id_formula = z.id_formula\n							 AND x.id_tag_agf = w.campo1\n							 AND z.id_indice_financiero = b.id_indice_financiero\n							 AND x.id_empresa = a.id_empresa\n							  AND x.id_periodo = a.id_periodo \n							 AND w.tipoc1 = 1\n					 AND x.tipo = ''TRIMESTRAL'' )		 				\n					   C1, 			                	\n					(select SUM(valor)\n							   from valores x, indices_financieros z, formulas w\n					   where w.id_formula = z.id_formula\n							 AND x.id_tag_agf = w.campo2\n							 AND z.id_indice_financiero = b.id_indice_financiero\n							 AND x.id_empresa = a.id_empresa\n							  AND x.id_periodo = a.id_periodo \n							 AND w.tipoc1 = 1\n					 AND x.tipo = ''TRIMESTRAL'' )\n					C2,\n							(select SUM(valor)\n							   from valores x, indices_financieros z, formulas w\n					   where w.id_formula = z.id_formula\n							 AND x.id_tag_agf = w.campo3\n							 AND z.id_indice_financiero = b.id_indice_financiero\n							 AND x.id_empresa = a.id_empresa\n							  AND x.id_periodo = a.id_periodo 									\n							 AND w.tipoc1 = 2\n					 AND x.tipo = ''TRIMESTRAL'' ) C3,\n							(select SUM(valor)\n							   from valores x, indices_financieros z, formulas w\n					   where w.id_formula = z.id_formula\n							 AND x.id_tag_agf = w.campo4\n							 AND z.id_indice_financiero = b.id_indice_financiero\n							 AND x.id_empresa = a.id_empresa\n							  AND x.id_periodo = a.id_periodo 									\n							 AND w.tipoc1 = 2\n					 AND x.tipo = ''TRIMESTRAL'' ) C4,\n							(select SUM(valor)\n							   from valores x, indices_financieros z, formulas w\n					   where w.id_formula = z.id_formula\n							 AND x.id_tag_agf = w.campo5\n							 AND z.id_indice_financiero = b.id_indice_financiero\n							 AND x.id_empresa = a.id_empresa\n							  AND x.id_periodo = a.id_periodo 									\n							 AND w.tipoc1 = 2\n					 AND x.tipo = ''TRIMESTRAL'' ) C5, concat(d.rso, '': '', b.nombre), label, formula, e.ano, e.mes, d.color\n						From valores a, indices_financieros b, formulas c, empresas d, periodos e\n						where c.id_indice_financiero = b.id_indice_financiero\n							AND a.id_empresa = d.id_empresa\n							AND a.id_periodo = e.id_periodo\n							AND c.id_formula = 2\n					AND a.tipo = ''TRIMESTRAL'';'),
('operacion = C1+C2'),
('operacion = (0)+(0)'),
('res = 0'),
('INSERT INTO `valores`(`ID_VALOR`, `ID_TAG_AGF`, `ID_EMPRESA`, `ID_PERIODO`, `tipo`, `VALOR`, `DT_MODIFICACION`, `origen`) \n				VALUES (null,2,1,1,''TRIMESTRAL'',0,''2013'',2);'),
('operacion = C1+C2'),
('operacion = (0)+(0)'),
('res = 0'),
('INSERT INTO `valores`(`ID_VALOR`, `ID_TAG_AGF`, `ID_EMPRESA`, `ID_PERIODO`, `tipo`, `VALOR`, `DT_MODIFICACION`, `origen`) \n				VALUES (null,2,1,2,''TRIMESTRAL'',0,''2013'',2);'),
('operacion = C1+C2'),
('operacion = (0)+(0)'),
('res = 0'),
('INSERT INTO `valores`(`ID_VALOR`, `ID_TAG_AGF`, `ID_EMPRESA`, `ID_PERIODO`, `tipo`, `VALOR`, `DT_MODIFICACION`, `origen`) \n				VALUES (null,2,1,3,''TRIMESTRAL'',0,''2013'',2);'),
('operacion = C1+C2'),
('operacion = (0)+(0)'),
('res = 0'),
('INSERT INTO `valores`(`ID_VALOR`, `ID_TAG_AGF`, `ID_EMPRESA`, `ID_PERIODO`, `tipo`, `VALOR`, `DT_MODIFICACION`, `origen`) \n				VALUES (null,2,1,4,''TRIMESTRAL'',0,''2013'',2);'),
('operacion = C1+C2'),
('operacion = (0)+(0)'),
('res = 0'),
('INSERT INTO `valores`(`ID_VALOR`, `ID_TAG_AGF`, `ID_EMPRESA`, `ID_PERIODO`, `tipo`, `VALOR`, `DT_MODIFICACION`, `origen`) \n				VALUES (null,2,1,5,''TRIMESTRAL'',0,''2013'',2);'),
('operacion = C1+C2'),
('operacion = (0)+(0)'),
('res = 0'),
('INSERT INTO `valores`(`ID_VALOR`, `ID_TAG_AGF`, `ID_EMPRESA`, `ID_PERIODO`, `tipo`, `VALOR`, `DT_MODIFICACION`, `origen`) \n				VALUES (null,2,1,6,''TRIMESTRAL'',0,''2013'',2);'),
('operacion = C1+C2'),
('operacion = (0)+(0)'),
('res = 0'),
('INSERT INTO `valores`(`ID_VALOR`, `ID_TAG_AGF`, `ID_EMPRESA`, `ID_PERIODO`, `tipo`, `VALOR`, `DT_MODIFICACION`, `origen`) \n				VALUES (null,2,1,7,''TRIMESTRAL'',0,''2013'',2);'),
('operacion = C1+C2'),
('operacion = (0)+(0)'),
('res = 0'),
('INSERT INTO `valores`(`ID_VALOR`, `ID_TAG_AGF`, `ID_EMPRESA`, `ID_PERIODO`, `tipo`, `VALOR`, `DT_MODIFICACION`, `origen`) \n				VALUES (null,2,1,8,''TRIMESTRAL'',0,''2013'',2);'),
('operacion = C1+C2'),
('operacion = (0)+(0)'),
('res = 0'),
('INSERT INTO `valores`(`ID_VALOR`, `ID_TAG_AGF`, `ID_EMPRESA`, `ID_PERIODO`, `tipo`, `VALOR`, `DT_MODIFICACION`, `origen`) \n				VALUES (null,2,1,9,''TRIMESTRAL'',0,''2013'',2);'),
('operacion = C1+C2'),
('operacion = (0)+(0)'),
('res = 0'),
('INSERT INTO `valores`(`ID_VALOR`, `ID_TAG_AGF`, `ID_EMPRESA`, `ID_PERIODO`, `tipo`, `VALOR`, `DT_MODIFICACION`, `origen`) \n				VALUES (null,2,1,10,''TRIMESTRAL'',0,''2013'',2);'),
('operacion = C1+C2'),
('operacion = (0)+(0)'),
('res = 0'),
('INSERT INTO `valores`(`ID_VALOR`, `ID_TAG_AGF`, `ID_EMPRESA`, `ID_PERIODO`, `tipo`, `VALOR`, `DT_MODIFICACION`, `origen`) \n				VALUES (null,2,1,11,''TRIMESTRAL'',0,''2013'',2);'),
('operacion = C1+C2'),
('operacion = (0)+(0)'),
('res = 0'),
('INSERT INTO `valores`(`ID_VALOR`, `ID_TAG_AGF`, `ID_EMPRESA`, `ID_PERIODO`, `tipo`, `VALOR`, `DT_MODIFICACION`, `origen`) \n				VALUES (null,2,1,12,''TRIMESTRAL'',0,''2013'',2);'),
('operacion = C1+C2'),
('operacion = (0)+(0)'),
('res = 0'),
('INSERT INTO `valores`(`ID_VALOR`, `ID_TAG_AGF`, `ID_EMPRESA`, `ID_PERIODO`, `tipo`, `VALOR`, `DT_MODIFICACION`, `origen`) \n				VALUES (null,2,1,13,''TRIMESTRAL'',0,''2013'',2);'),
('operacion = C1+C2'),
('operacion = (0)+(0)'),
('res = 0'),
('INSERT INTO `valores`(`ID_VALOR`, `ID_TAG_AGF`, `ID_EMPRESA`, `ID_PERIODO`, `tipo`, `VALOR`, `DT_MODIFICACION`, `origen`) \n				VALUES (null,2,1,14,''TRIMESTRAL'',0,''2013'',2);'),
('operacion = C1+C2'),
('operacion = (0)+(0)'),
('res = 0'),
('INSERT INTO `valores`(`ID_VALOR`, `ID_TAG_AGF`, `ID_EMPRESA`, `ID_PERIODO`, `tipo`, `VALOR`, `DT_MODIFICACION`, `origen`) \n				VALUES (null,2,1,15,''TRIMESTRAL'',0,''2013'',2);'),
('operacion = C1+C2'),
('operacion = (0)+(0)'),
('res = 0'),
('INSERT INTO `valores`(`ID_VALOR`, `ID_TAG_AGF`, `ID_EMPRESA`, `ID_PERIODO`, `tipo`, `VALOR`, `DT_MODIFICACION`, `origen`) \n				VALUES (null,2,1,16,''TRIMESTRAL'',0,''2013'',2);'),
('operacion = C1+C2'),
('operacion = (0)+(0)'),
('res = 0'),
('INSERT INTO `valores`(`ID_VALOR`, `ID_TAG_AGF`, `ID_EMPRESA`, `ID_PERIODO`, `tipo`, `VALOR`, `DT_MODIFICACION`, `origen`) \n				VALUES (null,2,1,28,''TRIMESTRAL'',0,''2013'',2);'),
('operacion = C1+C2'),
('operacion = (0)+(0)'),
('res = 0'),
('INSERT INTO `valores`(`ID_VALOR`, `ID_TAG_AGF`, `ID_EMPRESA`, `ID_PERIODO`, `tipo`, `VALOR`, `DT_MODIFICACION`, `origen`) \n				VALUES (null,2,1,29,''TRIMESTRAL'',0,''2013'',2);'),
('operacion = C1+C2'),
('operacion = (0)+(0)'),
('res = 0'),
('INSERT INTO `valores`(`ID_VALOR`, `ID_TAG_AGF`, `ID_EMPRESA`, `ID_PERIODO`, `tipo`, `VALOR`, `DT_MODIFICACION`, `origen`) \n				VALUES (null,2,1,30,''TRIMESTRAL'',0,''2013'',2);'),
('operacion = C1+C2'),
('operacion = (0)+(0)'),
('res = 0'),
('INSERT INTO `valores`(`ID_VALOR`, `ID_TAG_AGF`, `ID_EMPRESA`, `ID_PERIODO`, `tipo`, `VALOR`, `DT_MODIFICACION`, `origen`) \n				VALUES (null,2,1,31,''TRIMESTRAL'',0,''2013'',2);'),
('operacion = C1+C2'),
('operacion = (0)+(0)'),
('res = 0'),
('INSERT INTO `valores`(`ID_VALOR`, `ID_TAG_AGF`, `ID_EMPRESA`, `ID_PERIODO`, `tipo`, `VALOR`, `DT_MODIFICACION`, `origen`) \n				VALUES (null,2,1,32,''TRIMESTRAL'',0,''2013'',2);'),
('operacion = C1+C2'),
('operacion = (0)+(0)'),
('res = 0'),
('INSERT INTO `valores`(`ID_VALOR`, `ID_TAG_AGF`, `ID_EMPRESA`, `ID_PERIODO`, `tipo`, `VALOR`, `DT_MODIFICACION`, `origen`) \n				VALUES (null,2,1,33,''TRIMESTRAL'',0,''2013'',2);'),
('operacion = C1+C2'),
('operacion = (0)+(0)'),
('res = 0'),
('INSERT INTO `valores`(`ID_VALOR`, `ID_TAG_AGF`, `ID_EMPRESA`, `ID_PERIODO`, `tipo`, `VALOR`, `DT_MODIFICACION`, `origen`) \n				VALUES (null,2,1,34,''TRIMESTRAL'',0,''2013'',2);'),
('operacion = C1+C2'),
('operacion = (0)+(0)'),
('res = 0'),
('INSERT INTO `valores`(`ID_VALOR`, `ID_TAG_AGF`, `ID_EMPRESA`, `ID_PERIODO`, `tipo`, `VALOR`, `DT_MODIFICACION`, `origen`) \n				VALUES (null,2,1,35,''TRIMESTRAL'',0,''2013'',2);'),
('operacion = C1+C2'),
('operacion = (0)+(0)'),
('res = 0'),
('INSERT INTO `valores`(`ID_VALOR`, `ID_TAG_AGF`, `ID_EMPRESA`, `ID_PERIODO`, `tipo`, `VALOR`, `DT_MODIFICACION`, `origen`) \n				VALUES (null,2,2,1,''TRIMESTRAL'',0,''2013'',2);'),
('operacion = C1+C2'),
('operacion = (0)+(0)'),
('res = 0'),
('INSERT INTO `valores`(`ID_VALOR`, `ID_TAG_AGF`, `ID_EMPRESA`, `ID_PERIODO`, `tipo`, `VALOR`, `DT_MODIFICACION`, `origen`) \n				VALUES (null,2,2,2,''TRIMESTRAL'',0,''2013'',2);'),
('operacion = C1+C2'),
('operacion = (0)+(0)'),
('res = 0'),
('INSERT INTO `valores`(`ID_VALOR`, `ID_TAG_AGF`, `ID_EMPRESA`, `ID_PERIODO`, `tipo`, `VALOR`, `DT_MODIFICACION`, `origen`) \n				VALUES (null,2,2,3,''TRIMESTRAL'',0,''2013'',2);'),
('operacion = C1+C2'),
('operacion = (0)+(0)'),
('res = 0'),
('INSERT INTO `valores`(`ID_VALOR`, `ID_TAG_AGF`, `ID_EMPRESA`, `ID_PERIODO`, `tipo`, `VALOR`, `DT_MODIFICACION`, `origen`) \n				VALUES (null,2,2,4,''TRIMESTRAL'',0,''2013'',2);'),
('operacion = C1+C2'),
('operacion = (0)+(0)'),
('res = 0'),
('INSERT INTO `valores`(`ID_VALOR`, `ID_TAG_AGF`, `ID_EMPRESA`, `ID_PERIODO`, `tipo`, `VALOR`, `DT_MODIFICACION`, `origen`) \n				VALUES (null,2,2,5,''TRIMESTRAL'',0,''2013'',2);'),
('operacion = C1+C2'),
('operacion = (0)+(0)'),
('res = 0'),
('INSERT INTO `valores`(`ID_VALOR`, `ID_TAG_AGF`, `ID_EMPRESA`, `ID_PERIODO`, `tipo`, `VALOR`, `DT_MODIFICACION`, `origen`) \n				VALUES (null,2,2,6,''TRIMESTRAL'',0,''2013'',2);'),
('operacion = C1+C2'),
('operacion = (0)+(0)'),
('res = 0'),
('INSERT INTO `valores`(`ID_VALOR`, `ID_TAG_AGF`, `ID_EMPRESA`, `ID_PERIODO`, `tipo`, `VALOR`, `DT_MODIFICACION`, `origen`) \n				VALUES (null,2,2,7,''TRIMESTRAL'',0,''2013'',2);'),
('operacion = C1+C2'),
('operacion = (0)+(0)'),
('res = 0'),
('INSERT INTO `valores`(`ID_VALOR`, `ID_TAG_AGF`, `ID_EMPRESA`, `ID_PERIODO`, `tipo`, `VALOR`, `DT_MODIFICACION`, `origen`) \n				VALUES (null,2,2,8,''TRIMESTRAL'',0,''2013'',2);'),
('operacion = C1+C2'),
('operacion = (0)+(0)'),
('res = 0'),
('INSERT INTO `valores`(`ID_VALOR`, `ID_TAG_AGF`, `ID_EMPRESA`, `ID_PERIODO`, `tipo`, `VALOR`, `DT_MODIFICACION`, `origen`) \n				VALUES (null,2,2,9,''TRIMESTRAL'',0,''2013'',2);'),
('operacion = C1+C2'),
('operacion = (0)+(0)'),
('res = 0'),
('INSERT INTO `valores`(`ID_VALOR`, `ID_TAG_AGF`, `ID_EMPRESA`, `ID_PERIODO`, `tipo`, `VALOR`, `DT_MODIFICACION`, `origen`) \n				VALUES (null,2,2,10,''TRIMESTRAL'',0,''2013'',2);'),
('operacion = C1+C2'),
('operacion = (0)+(0)'),
('res = 0'),
('INSERT INTO `valores`(`ID_VALOR`, `ID_TAG_AGF`, `ID_EMPRESA`, `ID_PERIODO`, `tipo`, `VALOR`, `DT_MODIFICACION`, `origen`) \n				VALUES (null,2,2,11,''TRIMESTRAL'',0,''2013'',2);'),
('operacion = C1+C2'),
('operacion = (0)+(0)'),
('res = 0'),
('INSERT INTO `valores`(`ID_VALOR`, `ID_TAG_AGF`, `ID_EMPRESA`, `ID_PERIODO`, `tipo`, `VALOR`, `DT_MODIFICACION`, `origen`) \n				VALUES (null,2,2,12,''TRIMESTRAL'',0,''2013'',2);'),
('operacion = C1+C2'),
('operacion = (0)+(0)'),
('res = 0'),
('INSERT INTO `valores`(`ID_VALOR`, `ID_TAG_AGF`, `ID_EMPRESA`, `ID_PERIODO`, `tipo`, `VALOR`, `DT_MODIFICACION`, `origen`) \n				VALUES (null,2,2,13,''TRIMESTRAL'',0,''2013'',2);'),
('operacion = C1+C2'),
('operacion = (0)+(0)'),
('res = 0'),
('INSERT INTO `valores`(`ID_VALOR`, `ID_TAG_AGF`, `ID_EMPRESA`, `ID_PERIODO`, `tipo`, `VALOR`, `DT_MODIFICACION`, `origen`) \n				VALUES (null,2,2,14,''TRIMESTRAL'',0,''2013'',2);'),
('operacion = C1+C2'),
('operacion = (0)+(0)'),
('res = 0'),
('INSERT INTO `valores`(`ID_VALOR`, `ID_TAG_AGF`, `ID_EMPRESA`, `ID_PERIODO`, `tipo`, `VALOR`, `DT_MODIFICACION`, `origen`) \n				VALUES (null,2,2,15,''TRIMESTRAL'',0,''2013'',2);'),
('operacion = C1+C2'),
('operacion = (0)+(0)'),
('res = 0'),
('INSERT INTO `valores`(`ID_VALOR`, `ID_TAG_AGF`, `ID_EMPRESA`, `ID_PERIODO`, `tipo`, `VALOR`, `DT_MODIFICACION`, `origen`) \n				VALUES (null,2,2,16,''TRIMESTRAL'',0,''2013'',2);'),
('operacion = C1+C2'),
('operacion = (0)+(0)'),
('res = 0'),
('INSERT INTO `valores`(`ID_VALOR`, `ID_TAG_AGF`, `ID_EMPRESA`, `ID_PERIODO`, `tipo`, `VALOR`, `DT_MODIFICACION`, `origen`) \n				VALUES (null,2,2,28,''TRIMESTRAL'',0,''2013'',2);'),
('operacion = C1+C2'),
('operacion = (0)+(0)'),
('res = 0'),
('INSERT INTO `valores`(`ID_VALOR`, `ID_TAG_AGF`, `ID_EMPRESA`, `ID_PERIODO`, `tipo`, `VALOR`, `DT_MODIFICACION`, `origen`) \n				VALUES (null,2,2,29,''TRIMESTRAL'',0,''2013'',2);'),
('operacion = C1+C2'),
('operacion = (0)+(0)'),
('res = 0'),
('INSERT INTO `valores`(`ID_VALOR`, `ID_TAG_AGF`, `ID_EMPRESA`, `ID_PERIODO`, `tipo`, `VALOR`, `DT_MODIFICACION`, `origen`) \n				VALUES (null,2,2,30,''TRIMESTRAL'',0,''2013'',2);'),
('operacion = C1+C2'),
('operacion = (0)+(0)'),
('res = 0'),
('INSERT INTO `valores`(`ID_VALOR`, `ID_TAG_AGF`, `ID_EMPRESA`, `ID_PERIODO`, `tipo`, `VALOR`, `DT_MODIFICACION`, `origen`) \n				VALUES (null,2,2,31,''TRIMESTRAL'',0,''2013'',2);'),
('operacion = C1+C2'),
('operacion = (0)+(0)'),
('res = 0'),
('INSERT INTO `valores`(`ID_VALOR`, `ID_TAG_AGF`, `ID_EMPRESA`, `ID_PERIODO`, `tipo`, `VALOR`, `DT_MODIFICACION`, `origen`) \n				VALUES (null,2,2,32,''TRIMESTRAL'',0,''2013'',2);'),
('operacion = C1+C2'),
('operacion = (0)+(0)'),
('res = 0'),
('INSERT INTO `valores`(`ID_VALOR`, `ID_TAG_AGF`, `ID_EMPRESA`, `ID_PERIODO`, `tipo`, `VALOR`, `DT_MODIFICACION`, `origen`) \n				VALUES (null,2,2,33,''TRIMESTRAL'',0,''2013'',2);'),
('operacion = C1+C2'),
('operacion = (0)+(0)'),
('res = 0'),
('INSERT INTO `valores`(`ID_VALOR`, `ID_TAG_AGF`, `ID_EMPRESA`, `ID_PERIODO`, `tipo`, `VALOR`, `DT_MODIFICACION`, `origen`) \n				VALUES (null,2,2,34,''TRIMESTRAL'',0,''2013'',2);'),
('operacion = C1+C2'),
('operacion = (0)+(0)'),
('res = 0'),
('INSERT INTO `valores`(`ID_VALOR`, `ID_TAG_AGF`, `ID_EMPRESA`, `ID_PERIODO`, `tipo`, `VALOR`, `DT_MODIFICACION`, `origen`) \n				VALUES (null,2,2,35,''TRIMESTRAL'',0,''2013'',2);'),
('operacion = C1+C2'),
('operacion = (0)+(0)'),
('res = 0'),
('INSERT INTO `valores`(`ID_VALOR`, `ID_TAG_AGF`, `ID_EMPRESA`, `ID_PERIODO`, `tipo`, `VALOR`, `DT_MODIFICACION`, `origen`) \n				VALUES (null,2,3,1,''TRIMESTRAL'',0,''2013'',2);'),
('operacion = C1+C2'),
('operacion = (0)+(0)'),
('res = 0'),
('INSERT INTO `valores`(`ID_VALOR`, `ID_TAG_AGF`, `ID_EMPRESA`, `ID_PERIODO`, `tipo`, `VALOR`, `DT_MODIFICACION`, `origen`) \n				VALUES (null,2,3,2,''TRIMESTRAL'',0,''2013'',2);'),
('operacion = C1+C2'),
('operacion = (0)+(0)'),
('res = 0'),
('INSERT INTO `valores`(`ID_VALOR`, `ID_TAG_AGF`, `ID_EMPRESA`, `ID_PERIODO`, `tipo`, `VALOR`, `DT_MODIFICACION`, `origen`) \n				VALUES (null,2,3,3,''TRIMESTRAL'',0,''2013'',2);'),
('operacion = C1+C2'),
('operacion = (0)+(0)'),
('res = 0'),
('INSERT INTO `valores`(`ID_VALOR`, `ID_TAG_AGF`, `ID_EMPRESA`, `ID_PERIODO`, `tipo`, `VALOR`, `DT_MODIFICACION`, `origen`) \n				VALUES (null,2,3,4,''TRIMESTRAL'',0,''2013'',2);'),
('operacion = C1+C2'),
('operacion = (0)+(0)'),
('res = 0'),
('INSERT INTO `valores`(`ID_VALOR`, `ID_TAG_AGF`, `ID_EMPRESA`, `ID_PERIODO`, `tipo`, `VALOR`, `DT_MODIFICACION`, `origen`) \n				VALUES (null,2,3,5,''TRIMESTRAL'',0,''2013'',2);'),
('operacion = C1+C2'),
('operacion = (0)+(0)'),
('res = 0'),
('INSERT INTO `valores`(`ID_VALOR`, `ID_TAG_AGF`, `ID_EMPRESA`, `ID_PERIODO`, `tipo`, `VALOR`, `DT_MODIFICACION`, `origen`) \n				VALUES (null,2,3,6,''TRIMESTRAL'',0,''2013'',2);'),
('operacion = C1+C2'),
('operacion = (0)+(0)'),
('res = 0'),
('INSERT INTO `valores`(`ID_VALOR`, `ID_TAG_AGF`, `ID_EMPRESA`, `ID_PERIODO`, `tipo`, `VALOR`, `DT_MODIFICACION`, `origen`) \n				VALUES (null,2,3,7,''TRIMESTRAL'',0,''2013'',2);'),
('operacion = C1+C2'),
('operacion = (0)+(0)'),
('res = 0'),
('INSERT INTO `valores`(`ID_VALOR`, `ID_TAG_AGF`, `ID_EMPRESA`, `ID_PERIODO`, `tipo`, `VALOR`, `DT_MODIFICACION`, `origen`) \n				VALUES (null,2,3,8,''TRIMESTRAL'',0,''2013'',2);'),
('operacion = C1+C2'),
('operacion = (0)+(0)'),
('res = 0'),
('INSERT INTO `valores`(`ID_VALOR`, `ID_TAG_AGF`, `ID_EMPRESA`, `ID_PERIODO`, `tipo`, `VALOR`, `DT_MODIFICACION`, `origen`) \n				VALUES (null,2,3,9,''TRIMESTRAL'',0,''2013'',2);'),
('operacion = C1+C2'),
('operacion = (0)+(0)'),
('res = 0'),
('INSERT INTO `valores`(`ID_VALOR`, `ID_TAG_AGF`, `ID_EMPRESA`, `ID_PERIODO`, `tipo`, `VALOR`, `DT_MODIFICACION`, `origen`) \n				VALUES (null,2,3,10,''TRIMESTRAL'',0,''2013'',2);'),
('operacion = C1+C2'),
('operacion = (0)+(0)'),
('res = 0'),
('INSERT INTO `valores`(`ID_VALOR`, `ID_TAG_AGF`, `ID_EMPRESA`, `ID_PERIODO`, `tipo`, `VALOR`, `DT_MODIFICACION`, `origen`) \n				VALUES (null,2,3,11,''TRIMESTRAL'',0,''2013'',2);'),
('operacion = C1+C2'),
('operacion = (0)+(0)'),
('res = 0'),
('INSERT INTO `valores`(`ID_VALOR`, `ID_TAG_AGF`, `ID_EMPRESA`, `ID_PERIODO`, `tipo`, `VALOR`, `DT_MODIFICACION`, `origen`) \n				VALUES (null,2,3,12,''TRIMESTRAL'',0,''2013'',2);'),
('operacion = C1+C2'),
('operacion = (0)+(0)'),
('res = 0'),
('INSERT INTO `valores`(`ID_VALOR`, `ID_TAG_AGF`, `ID_EMPRESA`, `ID_PERIODO`, `tipo`, `VALOR`, `DT_MODIFICACION`, `origen`) \n				VALUES (null,2,3,13,''TRIMESTRAL'',0,''2013'',2);'),
('operacion = C1+C2'),
('operacion = (0)+(0)'),
('res = 0'),
('INSERT INTO `valores`(`ID_VALOR`, `ID_TAG_AGF`, `ID_EMPRESA`, `ID_PERIODO`, `tipo`, `VALOR`, `DT_MODIFICACION`, `origen`) \n				VALUES (null,2,3,14,''TRIMESTRAL'',0,''2013'',2);'),
('operacion = C1+C2'),
('operacion = (0)+(0)'),
('res = 0'),
('INSERT INTO `valores`(`ID_VALOR`, `ID_TAG_AGF`, `ID_EMPRESA`, `ID_PERIODO`, `tipo`, `VALOR`, `DT_MODIFICACION`, `origen`) \n				VALUES (null,2,3,15,''TRIMESTRAL'',0,''2013'',2);'),
('operacion = C1+C2'),
('operacion = (0)+(0)'),
('res = 0'),
('INSERT INTO `valores`(`ID_VALOR`, `ID_TAG_AGF`, `ID_EMPRESA`, `ID_PERIODO`, `tipo`, `VALOR`, `DT_MODIFICACION`, `origen`) \n				VALUES (null,2,3,16,''TRIMESTRAL'',0,''2013'',2);'),
('operacion = C1+C2'),
('operacion = (0)+(0)'),
('res = 0'),
('INSERT INTO `valores`(`ID_VALOR`, `ID_TAG_AGF`, `ID_EMPRESA`, `ID_PERIODO`, `tipo`, `VALOR`, `DT_MODIFICACION`, `origen`) \n				VALUES (null,2,3,28,''TRIMESTRAL'',0,''2013'',2);'),
('operacion = C1+C2'),
('operacion = (0)+(0)'),
('res = 0'),
('INSERT INTO `valores`(`ID_VALOR`, `ID_TAG_AGF`, `ID_EMPRESA`, `ID_PERIODO`, `tipo`, `VALOR`, `DT_MODIFICACION`, `origen`) \n				VALUES (null,2,3,29,''TRIMESTRAL'',0,''2013'',2);'),
('operacion = C1+C2'),
('operacion = (0)+(0)'),
('res = 0'),
('INSERT INTO `valores`(`ID_VALOR`, `ID_TAG_AGF`, `ID_EMPRESA`, `ID_PERIODO`, `tipo`, `VALOR`, `DT_MODIFICACION`, `origen`) \n				VALUES (null,2,3,30,''TRIMESTRAL'',0,''2013'',2);'),
('operacion = C1+C2'),
('operacion = (0)+(0)'),
('res = 0'),
('INSERT INTO `valores`(`ID_VALOR`, `ID_TAG_AGF`, `ID_EMPRESA`, `ID_PERIODO`, `tipo`, `VALOR`, `DT_MODIFICACION`, `origen`) \n				VALUES (null,2,3,31,''TRIMESTRAL'',0,''2013'',2);'),
('operacion = C1+C2'),
('operacion = (0)+(0)'),
('res = 0'),
('INSERT INTO `valores`(`ID_VALOR`, `ID_TAG_AGF`, `ID_EMPRESA`, `ID_PERIODO`, `tipo`, `VALOR`, `DT_MODIFICACION`, `origen`) \n				VALUES (null,2,3,32,''TRIMESTRAL'',0,''2013'',2);'),
('operacion = C1+C2'),
('operacion = (0)+(0)'),
('res = 0'),
('INSERT INTO `valores`(`ID_VALOR`, `ID_TAG_AGF`, `ID_EMPRESA`, `ID_PERIODO`, `tipo`, `VALOR`, `DT_MODIFICACION`, `origen`) \n				VALUES (null,2,3,33,''TRIMESTRAL'',0,''2013'',2);'),
('operacion = C1+C2'),
('operacion = (0)+(0)'),
('res = 0'),
('INSERT INTO `valores`(`ID_VALOR`, `ID_TAG_AGF`, `ID_EMPRESA`, `ID_PERIODO`, `tipo`, `VALOR`, `DT_MODIFICACION`, `origen`) \n				VALUES (null,2,3,34,''TRIMESTRAL'',0,''2013'',2);'),
('operacion = C1+C2'),
('operacion = (0)+(0)'),
('res = 0'),
('INSERT INTO `valores`(`ID_VALOR`, `ID_TAG_AGF`, `ID_EMPRESA`, `ID_PERIODO`, `tipo`, `VALOR`, `DT_MODIFICACION`, `origen`) \n				VALUES (null,2,3,35,''TRIMESTRAL'',0,''2013'',2);'),
('formulasCampos = Array\n(\n    [0] => Array\n        (\n            [0] => 7\n            [1] => 6\n            [2] => -1\n            [3] => -1\n            [4] => -1\n            [5] => C\n            [6] => C\n            [7] => 0\n            [8] => 0\n            [9] => 0\n            [10] => C.1.NN\n            [11] => C.2.NN\n            [12] => no\n            [13] => no\n            [14] => no\n        )\n\n    [1] => Array\n        (\n            [0] => 9\n            [1] => -1\n            [2] => -1\n            [3] => -1\n            [4] => -1\n            [5] => C\n            [6] => 0\n            [7] => 0\n            [8] => 0\n            [9] => 0\n            [10] => C.1.NN\n            [11] => no\n            [12] => no\n            [13] => no\n            [14] => no\n        )\n\n)\n'),
('arr = Array\n(\n    [0] => 9\n    [1] => -1\n    [2] => -1\n    [3] => -1\n    [4] => -1\n    [5] => C\n    [6] => 0\n    [7] => 0\n    [8] => 0\n    [9] => 0\n    [10] => C.1.NN\n    [11] => no\n    [12] => no\n    [13] => no\n    [14] => no\n)\n'),
('select distinct c.id_formula, a.id_empresa, a.id_periodo,\n					(select SUM(valor)\n							   from valores x, indices_financieros z, formulas w\n					   where w.id_formula = z.id_formula\n							 AND x.id_tag_agf = w.campo1\n							 AND z.id_indice_financiero = b.id_indice_financiero\n							 AND x.id_empresa = a.id_empresa\n							  AND x.id_periodo = a.id_periodo \n							 AND w.tipoc1 = 1\n					 AND x.tipo = ''TRIMESTRAL'' )		 				\n					   C1, 			                	\n					(select SUM(valor)\n							   from valores x, indices_financieros z, formulas w\n					   where w.id_formula = z.id_formula\n							 AND x.id_tag_agf = w.campo2\n							 AND z.id_indice_financiero = b.id_indice_financiero\n							 AND x.id_empresa = a.id_empresa\n							  AND x.id_periodo = a.id_periodo \n							 AND w.tipoc1 = 2\n					 AND x.tipo = ''TRIMESTRAL'' )\n					C2,\n							(select SUM(valor)\n							   from valores x, indices_financieros z, formulas w\n					   where w.id_formula = z.id_formula\n							 AND x.id_tag_agf = w.campo3\n							 AND z.id_indice_financiero = b.id_indice_financiero\n							 AND x.id_empresa = a.id_empresa\n							  AND x.id_periodo = a.id_periodo 									\n							 AND w.tipoc1 = 2\n					 AND x.tipo = ''TRIMESTRAL'' ) C3,\n							(select SUM(valor)\n							   from valores x, indices_financieros z, formulas w\n					   where w.id_formula = z.id_formula\n							 AND x.id_tag_agf = w.campo4\n							 AND z.id_indice_financiero = b.id_indice_financiero\n							 AND x.id_empresa = a.id_empresa\n							  AND x.id_periodo = a.id_periodo 									\n							 AND w.tipoc1 = 2\n					 AND x.tipo = ''TRIMESTRAL'' ) C4,\n							(select SUM(valor)\n							   from valores x, indices_financieros z, formulas w\n					   where w.id_formula = z.id_formula\n							 AND x.id_tag_agf = w.campo5\n							 AND z.id_indice_financiero = b.id_indice_financiero\n							 AND x.id_empresa = a.id_empresa\n							  AND x.id_periodo = a.id_periodo 									\n							 AND w.tipoc1 = 2\n					 AND x.tipo = ''TRIMESTRAL'' ) C5, concat(d.rso, '': '', b.nombre), label, formula, e.ano, e.mes, d.color\n						From valores a, indices_financieros b, formulas c, empresas d, periodos e\n						where c.id_indice_financiero = b.id_indice_financiero\n							AND a.id_empresa = d.id_empresa\n							AND a.id_periodo = e.id_periodo\n							AND c.id_formula = 3\n					AND a.tipo = ''TRIMESTRAL'';'),
('operacion = C1'),
('operacion = (0)'),
('res = 0'),
('INSERT INTO `valores`(`ID_VALOR`, `ID_TAG_AGF`, `ID_EMPRESA`, `ID_PERIODO`, `tipo`, `VALOR`, `DT_MODIFICACION`, `origen`) \n				VALUES (null,2,1,1,''TRIMESTRAL'',0,''2013'',2);'),
('operacion = C1'),
('operacion = (0)'),
('res = 0'),
('INSERT INTO `valores`(`ID_VALOR`, `ID_TAG_AGF`, `ID_EMPRESA`, `ID_PERIODO`, `tipo`, `VALOR`, `DT_MODIFICACION`, `origen`) \n				VALUES (null,2,1,2,''TRIMESTRAL'',0,''2013'',2);'),
('operacion = C1'),
('operacion = (0)'),
('res = 0'),
('INSERT INTO `valores`(`ID_VALOR`, `ID_TAG_AGF`, `ID_EMPRESA`, `ID_PERIODO`, `tipo`, `VALOR`, `DT_MODIFICACION`, `origen`) \n				VALUES (null,2,1,3,''TRIMESTRAL'',0,''2013'',2);'),
('operacion = C1'),
('operacion = (0)'),
('res = 0'),
('INSERT INTO `valores`(`ID_VALOR`, `ID_TAG_AGF`, `ID_EMPRESA`, `ID_PERIODO`, `tipo`, `VALOR`, `DT_MODIFICACION`, `origen`) \n				VALUES (null,2,1,4,''TRIMESTRAL'',0,''2013'',2);'),
('operacion = C1'),
('operacion = (0)'),
('res = 0'),
('INSERT INTO `valores`(`ID_VALOR`, `ID_TAG_AGF`, `ID_EMPRESA`, `ID_PERIODO`, `tipo`, `VALOR`, `DT_MODIFICACION`, `origen`) \n				VALUES (null,2,1,5,''TRIMESTRAL'',0,''2013'',2);'),
('operacion = C1'),
('operacion = (0)'),
('res = 0'),
('INSERT INTO `valores`(`ID_VALOR`, `ID_TAG_AGF`, `ID_EMPRESA`, `ID_PERIODO`, `tipo`, `VALOR`, `DT_MODIFICACION`, `origen`) \n				VALUES (null,2,1,6,''TRIMESTRAL'',0,''2013'',2);'),
('operacion = C1'),
('operacion = (0)'),
('res = 0'),
('INSERT INTO `valores`(`ID_VALOR`, `ID_TAG_AGF`, `ID_EMPRESA`, `ID_PERIODO`, `tipo`, `VALOR`, `DT_MODIFICACION`, `origen`) \n				VALUES (null,2,1,7,''TRIMESTRAL'',0,''2013'',2);'),
('operacion = C1'),
('operacion = (0)'),
('res = 0'),
('INSERT INTO `valores`(`ID_VALOR`, `ID_TAG_AGF`, `ID_EMPRESA`, `ID_PERIODO`, `tipo`, `VALOR`, `DT_MODIFICACION`, `origen`) \n				VALUES (null,2,1,8,''TRIMESTRAL'',0,''2013'',2);'),
('operacion = C1'),
('operacion = (0)'),
('res = 0'),
('INSERT INTO `valores`(`ID_VALOR`, `ID_TAG_AGF`, `ID_EMPRESA`, `ID_PERIODO`, `tipo`, `VALOR`, `DT_MODIFICACION`, `origen`) \n				VALUES (null,2,1,9,''TRIMESTRAL'',0,''2013'',2);'),
('operacion = C1'),
('operacion = (0)'),
('res = 0'),
('INSERT INTO `valores`(`ID_VALOR`, `ID_TAG_AGF`, `ID_EMPRESA`, `ID_PERIODO`, `tipo`, `VALOR`, `DT_MODIFICACION`, `origen`) \n				VALUES (null,2,1,10,''TRIMESTRAL'',0,''2013'',2);'),
('operacion = C1'),
('operacion = (0)'),
('res = 0'),
('INSERT INTO `valores`(`ID_VALOR`, `ID_TAG_AGF`, `ID_EMPRESA`, `ID_PERIODO`, `tipo`, `VALOR`, `DT_MODIFICACION`, `origen`) \n				VALUES (null,2,1,11,''TRIMESTRAL'',0,''2013'',2);'),
('operacion = C1'),
('operacion = (0)'),
('res = 0'),
('INSERT INTO `valores`(`ID_VALOR`, `ID_TAG_AGF`, `ID_EMPRESA`, `ID_PERIODO`, `tipo`, `VALOR`, `DT_MODIFICACION`, `origen`) \n				VALUES (null,2,1,12,''TRIMESTRAL'',0,''2013'',2);'),
('operacion = C1'),
('operacion = (0)'),
('res = 0'),
('INSERT INTO `valores`(`ID_VALOR`, `ID_TAG_AGF`, `ID_EMPRESA`, `ID_PERIODO`, `tipo`, `VALOR`, `DT_MODIFICACION`, `origen`) \n				VALUES (null,2,1,13,''TRIMESTRAL'',0,''2013'',2);'),
('operacion = C1'),
('operacion = (0)'),
('res = 0'),
('INSERT INTO `valores`(`ID_VALOR`, `ID_TAG_AGF`, `ID_EMPRESA`, `ID_PERIODO`, `tipo`, `VALOR`, `DT_MODIFICACION`, `origen`) \n				VALUES (null,2,1,14,''TRIMESTRAL'',0,''2013'',2);'),
('operacion = C1'),
('operacion = (0)'),
('res = 0'),
('INSERT INTO `valores`(`ID_VALOR`, `ID_TAG_AGF`, `ID_EMPRESA`, `ID_PERIODO`, `tipo`, `VALOR`, `DT_MODIFICACION`, `origen`) \n				VALUES (null,2,1,15,''TRIMESTRAL'',0,''2013'',2);'),
('operacion = C1'),
('operacion = (0)'),
('res = 0'),
('INSERT INTO `valores`(`ID_VALOR`, `ID_TAG_AGF`, `ID_EMPRESA`, `ID_PERIODO`, `tipo`, `VALOR`, `DT_MODIFICACION`, `origen`) \n				VALUES (null,2,1,16,''TRIMESTRAL'',0,''2013'',2);'),
('operacion = C1'),
('operacion = (0)'),
('res = 0'),
('INSERT INTO `valores`(`ID_VALOR`, `ID_TAG_AGF`, `ID_EMPRESA`, `ID_PERIODO`, `tipo`, `VALOR`, `DT_MODIFICACION`, `origen`) \n				VALUES (null,2,1,28,''TRIMESTRAL'',0,''2013'',2);'),
('operacion = C1'),
('operacion = (0)'),
('res = 0'),
('INSERT INTO `valores`(`ID_VALOR`, `ID_TAG_AGF`, `ID_EMPRESA`, `ID_PERIODO`, `tipo`, `VALOR`, `DT_MODIFICACION`, `origen`) \n				VALUES (null,2,1,29,''TRIMESTRAL'',0,''2013'',2);'),
('operacion = C1'),
('operacion = (0)'),
('res = 0'),
('INSERT INTO `valores`(`ID_VALOR`, `ID_TAG_AGF`, `ID_EMPRESA`, `ID_PERIODO`, `tipo`, `VALOR`, `DT_MODIFICACION`, `origen`) \n				VALUES (null,2,1,30,''TRIMESTRAL'',0,''2013'',2);'),
('operacion = C1'),
('operacion = (0)'),
('res = 0'),
('INSERT INTO `valores`(`ID_VALOR`, `ID_TAG_AGF`, `ID_EMPRESA`, `ID_PERIODO`, `tipo`, `VALOR`, `DT_MODIFICACION`, `origen`) \n				VALUES (null,2,1,31,''TRIMESTRAL'',0,''2013'',2);'),
('operacion = C1'),
('operacion = (0)'),
('res = 0'),
('INSERT INTO `valores`(`ID_VALOR`, `ID_TAG_AGF`, `ID_EMPRESA`, `ID_PERIODO`, `tipo`, `VALOR`, `DT_MODIFICACION`, `origen`) \n				VALUES (null,2,1,32,''TRIMESTRAL'',0,''2013'',2);'),
('operacion = C1'),
('operacion = (0)'),
('res = 0'),
('INSERT INTO `valores`(`ID_VALOR`, `ID_TAG_AGF`, `ID_EMPRESA`, `ID_PERIODO`, `tipo`, `VALOR`, `DT_MODIFICACION`, `origen`) \n				VALUES (null,2,1,33,''TRIMESTRAL'',0,''2013'',2);'),
('operacion = C1'),
('operacion = (0)'),
('res = 0'),
('INSERT INTO `valores`(`ID_VALOR`, `ID_TAG_AGF`, `ID_EMPRESA`, `ID_PERIODO`, `tipo`, `VALOR`, `DT_MODIFICACION`, `origen`) \n				VALUES (null,2,1,34,''TRIMESTRAL'',0,''2013'',2);'),
('operacion = C1'),
('operacion = (0)'),
('res = 0'),
('INSERT INTO `valores`(`ID_VALOR`, `ID_TAG_AGF`, `ID_EMPRESA`, `ID_PERIODO`, `tipo`, `VALOR`, `DT_MODIFICACION`, `origen`) \n				VALUES (null,2,1,35,''TRIMESTRAL'',0,''2013'',2);'),
('operacion = C1'),
('operacion = (0)'),
('res = 0'),
('INSERT INTO `valores`(`ID_VALOR`, `ID_TAG_AGF`, `ID_EMPRESA`, `ID_PERIODO`, `tipo`, `VALOR`, `DT_MODIFICACION`, `origen`) \n				VALUES (null,2,2,1,''TRIMESTRAL'',0,''2013'',2);'),
('operacion = C1'),
('operacion = (0)'),
('res = 0'),
('INSERT INTO `valores`(`ID_VALOR`, `ID_TAG_AGF`, `ID_EMPRESA`, `ID_PERIODO`, `tipo`, `VALOR`, `DT_MODIFICACION`, `origen`) \n				VALUES (null,2,2,2,''TRIMESTRAL'',0,''2013'',2);'),
('operacion = C1'),
('operacion = (0)'),
('res = 0'),
('INSERT INTO `valores`(`ID_VALOR`, `ID_TAG_AGF`, `ID_EMPRESA`, `ID_PERIODO`, `tipo`, `VALOR`, `DT_MODIFICACION`, `origen`) \n				VALUES (null,2,2,3,''TRIMESTRAL'',0,''2013'',2);'),
('operacion = C1'),
('operacion = (0)'),
('res = 0'),
('INSERT INTO `valores`(`ID_VALOR`, `ID_TAG_AGF`, `ID_EMPRESA`, `ID_PERIODO`, `tipo`, `VALOR`, `DT_MODIFICACION`, `origen`) \n				VALUES (null,2,2,4,''TRIMESTRAL'',0,''2013'',2);'),
('operacion = C1'),
('operacion = (0)'),
('res = 0'),
('INSERT INTO `valores`(`ID_VALOR`, `ID_TAG_AGF`, `ID_EMPRESA`, `ID_PERIODO`, `tipo`, `VALOR`, `DT_MODIFICACION`, `origen`) \n				VALUES (null,2,2,5,''TRIMESTRAL'',0,''2013'',2);'),
('operacion = C1'),
('operacion = (0)'),
('res = 0'),
('INSERT INTO `valores`(`ID_VALOR`, `ID_TAG_AGF`, `ID_EMPRESA`, `ID_PERIODO`, `tipo`, `VALOR`, `DT_MODIFICACION`, `origen`) \n				VALUES (null,2,2,6,''TRIMESTRAL'',0,''2013'',2);'),
('operacion = C1'),
('operacion = (0)'),
('res = 0'),
('INSERT INTO `valores`(`ID_VALOR`, `ID_TAG_AGF`, `ID_EMPRESA`, `ID_PERIODO`, `tipo`, `VALOR`, `DT_MODIFICACION`, `origen`) \n				VALUES (null,2,2,7,''TRIMESTRAL'',0,''2013'',2);'),
('operacion = C1'),
('operacion = (0)'),
('res = 0'),
('INSERT INTO `valores`(`ID_VALOR`, `ID_TAG_AGF`, `ID_EMPRESA`, `ID_PERIODO`, `tipo`, `VALOR`, `DT_MODIFICACION`, `origen`) \n				VALUES (null,2,2,8,''TRIMESTRAL'',0,''2013'',2);'),
('operacion = C1'),
('operacion = (0)'),
('res = 0'),
('INSERT INTO `valores`(`ID_VALOR`, `ID_TAG_AGF`, `ID_EMPRESA`, `ID_PERIODO`, `tipo`, `VALOR`, `DT_MODIFICACION`, `origen`) \n				VALUES (null,2,2,9,''TRIMESTRAL'',0,''2013'',2);'),
('operacion = C1'),
('operacion = (0)'),
('res = 0'),
('INSERT INTO `valores`(`ID_VALOR`, `ID_TAG_AGF`, `ID_EMPRESA`, `ID_PERIODO`, `tipo`, `VALOR`, `DT_MODIFICACION`, `origen`) \n				VALUES (null,2,2,10,''TRIMESTRAL'',0,''2013'',2);'),
('operacion = C1'),
('operacion = (0)'),
('res = 0'),
('INSERT INTO `valores`(`ID_VALOR`, `ID_TAG_AGF`, `ID_EMPRESA`, `ID_PERIODO`, `tipo`, `VALOR`, `DT_MODIFICACION`, `origen`) \n				VALUES (null,2,2,11,''TRIMESTRAL'',0,''2013'',2);'),
('operacion = C1'),
('operacion = (0)'),
('res = 0'),
('INSERT INTO `valores`(`ID_VALOR`, `ID_TAG_AGF`, `ID_EMPRESA`, `ID_PERIODO`, `tipo`, `VALOR`, `DT_MODIFICACION`, `origen`) \n				VALUES (null,2,2,12,''TRIMESTRAL'',0,''2013'',2);'),
('operacion = C1'),
('operacion = (0)'),
('res = 0'),
('INSERT INTO `valores`(`ID_VALOR`, `ID_TAG_AGF`, `ID_EMPRESA`, `ID_PERIODO`, `tipo`, `VALOR`, `DT_MODIFICACION`, `origen`) \n				VALUES (null,2,2,13,''TRIMESTRAL'',0,''2013'',2);'),
('operacion = C1'),
('operacion = (0)'),
('res = 0'),
('INSERT INTO `valores`(`ID_VALOR`, `ID_TAG_AGF`, `ID_EMPRESA`, `ID_PERIODO`, `tipo`, `VALOR`, `DT_MODIFICACION`, `origen`) \n				VALUES (null,2,2,14,''TRIMESTRAL'',0,''2013'',2);'),
('operacion = C1'),
('operacion = (0)'),
('res = 0'),
('INSERT INTO `valores`(`ID_VALOR`, `ID_TAG_AGF`, `ID_EMPRESA`, `ID_PERIODO`, `tipo`, `VALOR`, `DT_MODIFICACION`, `origen`) \n				VALUES (null,2,2,15,''TRIMESTRAL'',0,''2013'',2);'),
('operacion = C1'),
('operacion = (0)'),
('res = 0'),
('INSERT INTO `valores`(`ID_VALOR`, `ID_TAG_AGF`, `ID_EMPRESA`, `ID_PERIODO`, `tipo`, `VALOR`, `DT_MODIFICACION`, `origen`) \n				VALUES (null,2,2,16,''TRIMESTRAL'',0,''2013'',2);'),
('operacion = C1'),
('operacion = (0)'),
('res = 0'),
('INSERT INTO `valores`(`ID_VALOR`, `ID_TAG_AGF`, `ID_EMPRESA`, `ID_PERIODO`, `tipo`, `VALOR`, `DT_MODIFICACION`, `origen`) \n				VALUES (null,2,2,28,''TRIMESTRAL'',0,''2013'',2);'),
('operacion = C1'),
('operacion = (0)'),
('res = 0'),
('INSERT INTO `valores`(`ID_VALOR`, `ID_TAG_AGF`, `ID_EMPRESA`, `ID_PERIODO`, `tipo`, `VALOR`, `DT_MODIFICACION`, `origen`) \n				VALUES (null,2,2,29,''TRIMESTRAL'',0,''2013'',2);'),
('operacion = C1'),
('operacion = (0)'),
('res = 0'),
('INSERT INTO `valores`(`ID_VALOR`, `ID_TAG_AGF`, `ID_EMPRESA`, `ID_PERIODO`, `tipo`, `VALOR`, `DT_MODIFICACION`, `origen`) \n				VALUES (null,2,2,30,''TRIMESTRAL'',0,''2013'',2);'),
('operacion = C1'),
('operacion = (0)'),
('res = 0'),
('INSERT INTO `valores`(`ID_VALOR`, `ID_TAG_AGF`, `ID_EMPRESA`, `ID_PERIODO`, `tipo`, `VALOR`, `DT_MODIFICACION`, `origen`) \n				VALUES (null,2,2,31,''TRIMESTRAL'',0,''2013'',2);'),
('operacion = C1'),
('operacion = (0)'),
('res = 0'),
('INSERT INTO `valores`(`ID_VALOR`, `ID_TAG_AGF`, `ID_EMPRESA`, `ID_PERIODO`, `tipo`, `VALOR`, `DT_MODIFICACION`, `origen`) \n				VALUES (null,2,2,32,''TRIMESTRAL'',0,''2013'',2);'),
('operacion = C1'),
('operacion = (0)'),
('res = 0'),
('INSERT INTO `valores`(`ID_VALOR`, `ID_TAG_AGF`, `ID_EMPRESA`, `ID_PERIODO`, `tipo`, `VALOR`, `DT_MODIFICACION`, `origen`) \n				VALUES (null,2,2,33,''TRIMESTRAL'',0,''2013'',2);'),
('operacion = C1'),
('operacion = (0)'),
('res = 0'),
('INSERT INTO `valores`(`ID_VALOR`, `ID_TAG_AGF`, `ID_EMPRESA`, `ID_PERIODO`, `tipo`, `VALOR`, `DT_MODIFICACION`, `origen`) \n				VALUES (null,2,2,34,''TRIMESTRAL'',0,''2013'',2);'),
('operacion = C1'),
('operacion = (0)'),
('res = 0'),
('INSERT INTO `valores`(`ID_VALOR`, `ID_TAG_AGF`, `ID_EMPRESA`, `ID_PERIODO`, `tipo`, `VALOR`, `DT_MODIFICACION`, `origen`) \n				VALUES (null,2,2,35,''TRIMESTRAL'',0,''2013'',2);'),
('operacion = C1'),
('operacion = (0)'),
('res = 0'),
('INSERT INTO `valores`(`ID_VALOR`, `ID_TAG_AGF`, `ID_EMPRESA`, `ID_PERIODO`, `tipo`, `VALOR`, `DT_MODIFICACION`, `origen`) \n				VALUES (null,2,3,1,''TRIMESTRAL'',0,''2013'',2);'),
('operacion = C1'),
('operacion = (0)'),
('res = 0'),
('INSERT INTO `valores`(`ID_VALOR`, `ID_TAG_AGF`, `ID_EMPRESA`, `ID_PERIODO`, `tipo`, `VALOR`, `DT_MODIFICACION`, `origen`) \n				VALUES (null,2,3,2,''TRIMESTRAL'',0,''2013'',2);'),
('operacion = C1'),
('operacion = (0)'),
('res = 0'),
('INSERT INTO `valores`(`ID_VALOR`, `ID_TAG_AGF`, `ID_EMPRESA`, `ID_PERIODO`, `tipo`, `VALOR`, `DT_MODIFICACION`, `origen`) \n				VALUES (null,2,3,3,''TRIMESTRAL'',0,''2013'',2);'),
('operacion = C1'),
('operacion = (0)'),
('res = 0'),
('INSERT INTO `valores`(`ID_VALOR`, `ID_TAG_AGF`, `ID_EMPRESA`, `ID_PERIODO`, `tipo`, `VALOR`, `DT_MODIFICACION`, `origen`) \n				VALUES (null,2,3,4,''TRIMESTRAL'',0,''2013'',2);'),
('operacion = C1'),
('operacion = (0)'),
('res = 0'),
('INSERT INTO `valores`(`ID_VALOR`, `ID_TAG_AGF`, `ID_EMPRESA`, `ID_PERIODO`, `tipo`, `VALOR`, `DT_MODIFICACION`, `origen`) \n				VALUES (null,2,3,5,''TRIMESTRAL'',0,''2013'',2);'),
('operacion = C1'),
('operacion = (0)'),
('res = 0'),
('INSERT INTO `valores`(`ID_VALOR`, `ID_TAG_AGF`, `ID_EMPRESA`, `ID_PERIODO`, `tipo`, `VALOR`, `DT_MODIFICACION`, `origen`) \n				VALUES (null,2,3,6,''TRIMESTRAL'',0,''2013'',2);'),
('operacion = C1'),
('operacion = (0)'),
('res = 0'),
('INSERT INTO `valores`(`ID_VALOR`, `ID_TAG_AGF`, `ID_EMPRESA`, `ID_PERIODO`, `tipo`, `VALOR`, `DT_MODIFICACION`, `origen`) \n				VALUES (null,2,3,7,''TRIMESTRAL'',0,''2013'',2);'),
('operacion = C1'),
('operacion = (0)'),
('res = 0'),
('INSERT INTO `valores`(`ID_VALOR`, `ID_TAG_AGF`, `ID_EMPRESA`, `ID_PERIODO`, `tipo`, `VALOR`, `DT_MODIFICACION`, `origen`) \n				VALUES (null,2,3,8,''TRIMESTRAL'',0,''2013'',2);'),
('operacion = C1'),
('operacion = (0)'),
('res = 0'),
('INSERT INTO `valores`(`ID_VALOR`, `ID_TAG_AGF`, `ID_EMPRESA`, `ID_PERIODO`, `tipo`, `VALOR`, `DT_MODIFICACION`, `origen`) \n				VALUES (null,2,3,9,''TRIMESTRAL'',0,''2013'',2);'),
('operacion = C1'),
('operacion = (0)'),
('res = 0'),
('INSERT INTO `valores`(`ID_VALOR`, `ID_TAG_AGF`, `ID_EMPRESA`, `ID_PERIODO`, `tipo`, `VALOR`, `DT_MODIFICACION`, `origen`) \n				VALUES (null,2,3,10,''TRIMESTRAL'',0,''2013'',2);'),
('operacion = C1'),
('operacion = (0)'),
('res = 0'),
('INSERT INTO `valores`(`ID_VALOR`, `ID_TAG_AGF`, `ID_EMPRESA`, `ID_PERIODO`, `tipo`, `VALOR`, `DT_MODIFICACION`, `origen`) \n				VALUES (null,2,3,11,''TRIMESTRAL'',0,''2013'',2);'),
('operacion = C1'),
('operacion = (0)'),
('res = 0'),
('INSERT INTO `valores`(`ID_VALOR`, `ID_TAG_AGF`, `ID_EMPRESA`, `ID_PERIODO`, `tipo`, `VALOR`, `DT_MODIFICACION`, `origen`) \n				VALUES (null,2,3,12,''TRIMESTRAL'',0,''2013'',2);'),
('operacion = C1'),
('operacion = (0)'),
('res = 0'),
('INSERT INTO `valores`(`ID_VALOR`, `ID_TAG_AGF`, `ID_EMPRESA`, `ID_PERIODO`, `tipo`, `VALOR`, `DT_MODIFICACION`, `origen`) \n				VALUES (null,2,3,13,''TRIMESTRAL'',0,''2013'',2);'),
('operacion = C1'),
('operacion = (0)'),
('res = 0'),
('INSERT INTO `valores`(`ID_VALOR`, `ID_TAG_AGF`, `ID_EMPRESA`, `ID_PERIODO`, `tipo`, `VALOR`, `DT_MODIFICACION`, `origen`) \n				VALUES (null,2,3,14,''TRIMESTRAL'',0,''2013'',2);'),
('operacion = C1'),
('operacion = (0)'),
('res = 0'),
('INSERT INTO `valores`(`ID_VALOR`, `ID_TAG_AGF`, `ID_EMPRESA`, `ID_PERIODO`, `tipo`, `VALOR`, `DT_MODIFICACION`, `origen`) \n				VALUES (null,2,3,15,''TRIMESTRAL'',0,''2013'',2);'),
('operacion = C1'),
('operacion = (0)'),
('res = 0'),
('INSERT INTO `valores`(`ID_VALOR`, `ID_TAG_AGF`, `ID_EMPRESA`, `ID_PERIODO`, `tipo`, `VALOR`, `DT_MODIFICACION`, `origen`) \n				VALUES (null,2,3,16,''TRIMESTRAL'',0,''2013'',2);'),
('operacion = C1'),
('operacion = (0)'),
('res = 0'),
('INSERT INTO `valores`(`ID_VALOR`, `ID_TAG_AGF`, `ID_EMPRESA`, `ID_PERIODO`, `tipo`, `VALOR`, `DT_MODIFICACION`, `origen`) \n				VALUES (null,2,3,28,''TRIMESTRAL'',0,''2013'',2);'),
('operacion = C1'),
('operacion = (0)'),
('res = 0'),
('INSERT INTO `valores`(`ID_VALOR`, `ID_TAG_AGF`, `ID_EMPRESA`, `ID_PERIODO`, `tipo`, `VALOR`, `DT_MODIFICACION`, `origen`) \n				VALUES (null,2,3,29,''TRIMESTRAL'',0,''2013'',2);'),
('operacion = C1'),
('operacion = (0)'),
('res = 0'),
('INSERT INTO `valores`(`ID_VALOR`, `ID_TAG_AGF`, `ID_EMPRESA`, `ID_PERIODO`, `tipo`, `VALOR`, `DT_MODIFICACION`, `origen`) \n				VALUES (null,2,3,30,''TRIMESTRAL'',0,''2013'',2);'),
('operacion = C1'),
('operacion = (0)'),
('res = 0'),
('INSERT INTO `valores`(`ID_VALOR`, `ID_TAG_AGF`, `ID_EMPRESA`, `ID_PERIODO`, `tipo`, `VALOR`, `DT_MODIFICACION`, `origen`) \n				VALUES (null,2,3,31,''TRIMESTRAL'',0,''2013'',2);'),
('operacion = C1'),
('operacion = (0)'),
('res = 0'),
('INSERT INTO `valores`(`ID_VALOR`, `ID_TAG_AGF`, `ID_EMPRESA`, `ID_PERIODO`, `tipo`, `VALOR`, `DT_MODIFICACION`, `origen`) \n				VALUES (null,2,3,32,''TRIMESTRAL'',0,''2013'',2);'),
('operacion = C1'),
('operacion = (0)'),
('res = 0'),
('INSERT INTO `valores`(`ID_VALOR`, `ID_TAG_AGF`, `ID_EMPRESA`, `ID_PERIODO`, `tipo`, `VALOR`, `DT_MODIFICACION`, `origen`) \n				VALUES (null,2,3,33,''TRIMESTRAL'',0,''2013'',2);'),
('operacion = C1'),
('operacion = (0)'),
('res = 0'),
('INSERT INTO `valores`(`ID_VALOR`, `ID_TAG_AGF`, `ID_EMPRESA`, `ID_PERIODO`, `tipo`, `VALOR`, `DT_MODIFICACION`, `origen`) \n				VALUES (null,2,3,34,''TRIMESTRAL'',0,''2013'',2);'),
('operacion = C1'),
('operacion = (0)'),
('res = 0'),
('INSERT INTO `valores`(`ID_VALOR`, `ID_TAG_AGF`, `ID_EMPRESA`, `ID_PERIODO`, `tipo`, `VALOR`, `DT_MODIFICACION`, `origen`) \n				VALUES (null,2,3,35,''TRIMESTRAL'',0,''2013'',2);'),
('UPDATE indices_financieros \n				SET `id_formula` =  2\n				WHERE id_indice_financiero = 2;'),
('SELECT a.id_indice_financiero, a.nombre, c.id_empresa, c.RSO, 0, ID_GRUPO_INDICE_FINANCIERO\n				FROM indices_financieros a inner join \n					 indice_empresa b on id_indice_financiero = id_indice inner join \n					 empresas c on b.id_empresa = c.id_empresa\n				WHERE b.tipo = 0					\n				UNION\n				SELECT a.id_indice_financiero, a.nombre, c.id_subgrupo, c.nombre, 1,ID_GRUPO_INDICE_FINANCIERO\n				FROM indices_financieros a inner join \n					 indice_empresa b on a.id_indice_financiero = b.id_indice inner join \n					 subgrupos c on b.id_empresa = c.id_subgrupo\n				WHERE b.tipo <> 0\n				ORDER BY 1;'),
('6'),
('SELECT a.ID_INDICE_FINANCIERO,a.id_formula,NOMBRE, DESCRIPCION, formula, decimales, ID_GRUPO_INDICE_FINANCIERO, formula_desc, rango_superior, rango_inferior,rangos_desc,\n							campo1, campo2, campo3, campo4, campo5\n	                	                    FROM indices_financieros a, formulas b\n	                	                    WHERE a.id_formula = b.id_formula'),
('SELECT a.`ID_FORMULA`, \n               (select nombre from tag_agf b where b.ID_TAG_AGF = a.campo1 and b.oa = a.tipoc1) as `CAMPO1N`, \n               (select nombre from tag_agf b where b.ID_TAG_AGF = a.campo2 and b.oa = a.tipoc1) as `CAMPO2N`, \n               (select nombre from tag_agf b where b.ID_TAG_AGF = a.campo3 and b.oa = a.tipoc1) as `CAMPO3N`, \n               (select nombre from tag_agf b where b.ID_TAG_AGF = a.campo4 and b.oa = a.tipoc1) as `CAMPO4N`, \n               (select nombre from tag_agf b where b.ID_TAG_AGF = a.campo5 and b.oa = a.tipoc1) as `CAMPO5N`,\n               `CAMPO1`,\n               `CAMPO2`,\n               `CAMPO3`,\n               `CAMPO4`,\n               `CAMPO5`,\n               `tipoc1`, `tipoc2`, `tipoc3`, `tipoc4`, `tipoc5`, `FORMULA`, \n               `cod1`, `cod2`, `cod3`, `cod4`, `cod5`, a.`id_indice_financiero`, a.`num_formula` ,\n               CASE when x.id_formula IS NULL THEN 0 ELSE 1 END\n				  as selected\n               FROM `formulas` a LEFT JOIN empresa_indice x\n					ON x.id_indice_financiero = a.id_indice_financiero \n						AND x.id_formula = a.id_formula\n               WHERE a.id_indice_financiero = 2\n					AND x.id_empresa = 1;'),
('SELECT a.`ID_FORMULA`, \n               (select nombre from tag_agf b where b.ID_TAG_AGF = a.campo1 and b.oa = a.tipoc1) as `CAMPO1N`, \n               (select nombre from tag_agf b where b.ID_TAG_AGF = a.campo2 and b.oa = a.tipoc1) as `CAMPO2N`, \n               (select nombre from tag_agf b where b.ID_TAG_AGF = a.campo3 and b.oa = a.tipoc1) as `CAMPO3N`, \n               (select nombre from tag_agf b where b.ID_TAG_AGF = a.campo4 and b.oa = a.tipoc1) as `CAMPO4N`, \n               (select nombre from tag_agf b where b.ID_TAG_AGF = a.campo5 and b.oa = a.tipoc1) as `CAMPO5N`,\n               `CAMPO1`,\n               `CAMPO2`,\n               `CAMPO3`,\n               `CAMPO4`,\n               `CAMPO5`,\n               `tipoc1`, `tipoc2`, `tipoc3`, `tipoc4`, `tipoc5`, `FORMULA`, \n               `cod1`, `cod2`, `cod3`, `cod4`, `cod5`, a.`id_indice_financiero`, a.`num_formula` ,\n               CASE when x.id_formula IS NULL THEN 0 ELSE 1 END\n				  as selected\n               FROM `formulas` a LEFT JOIN empresa_indice x\n					ON x.id_indice_financiero = a.id_indice_financiero \n						AND x.id_formula = a.id_formula\n               WHERE a.id_indice_financiero = 1\n					AND x.id_empresa = 1;'),
('SELECT a.`ID_FORMULA`, \n               (select nombre from tag_agf b where b.ID_TAG_AGF = a.campo1 and b.oa = a.tipoc1) as `CAMPO1N`, \n               (select nombre from tag_agf b where b.ID_TAG_AGF = a.campo2 and b.oa = a.tipoc1) as `CAMPO2N`, \n               (select nombre from tag_agf b where b.ID_TAG_AGF = a.campo3 and b.oa = a.tipoc1) as `CAMPO3N`, \n               (select nombre from tag_agf b where b.ID_TAG_AGF = a.campo4 and b.oa = a.tipoc1) as `CAMPO4N`, \n               (select nombre from tag_agf b where b.ID_TAG_AGF = a.campo5 and b.oa = a.tipoc1) as `CAMPO5N`,\n               `CAMPO1`,\n               `CAMPO2`,\n               `CAMPO3`,\n               `CAMPO4`,\n               `CAMPO5`,\n               `tipoc1`, `tipoc2`, `tipoc3`, `tipoc4`, `tipoc5`, `FORMULA`, \n               `cod1`, `cod2`, `cod3`, `cod4`, `cod5`, a.`id_indice_financiero`, a.`num_formula` ,\n               CASE when x.id_formula IS NULL THEN 0 ELSE 1 END\n				  as selected\n               FROM `formulas` a LEFT JOIN empresa_indice x\n					ON x.id_indice_financiero = a.id_indice_financiero \n						AND x.id_formula = a.id_formula\n               WHERE a.id_indice_financiero = 2\n					AND x.id_empresa = 1;');
INSERT INTO `log` (`datos`) VALUES
('SELECT a.`ID_FORMULA`, \n               (select nombre from tag_agf b where b.ID_TAG_AGF = a.campo1 and b.oa = a.tipoc1) as `CAMPO1N`, \n               (select nombre from tag_agf b where b.ID_TAG_AGF = a.campo2 and b.oa = a.tipoc1) as `CAMPO2N`, \n               (select nombre from tag_agf b where b.ID_TAG_AGF = a.campo3 and b.oa = a.tipoc1) as `CAMPO3N`, \n               (select nombre from tag_agf b where b.ID_TAG_AGF = a.campo4 and b.oa = a.tipoc1) as `CAMPO4N`, \n               (select nombre from tag_agf b where b.ID_TAG_AGF = a.campo5 and b.oa = a.tipoc1) as `CAMPO5N`,\n               `CAMPO1`,\n               `CAMPO2`,\n               `CAMPO3`,\n               `CAMPO4`,\n               `CAMPO5`,\n               `tipoc1`, `tipoc2`, `tipoc3`, `tipoc4`, `tipoc5`, `FORMULA`, \n               `cod1`, `cod2`, `cod3`, `cod4`, `cod5`, a.`id_indice_financiero`, a.`num_formula` ,\n               CASE when x.id_formula IS NULL THEN 0 ELSE 1 END\n				  as selected\n               FROM `formulas` a LEFT JOIN empresa_indice x\n					ON x.id_indice_financiero = a.id_indice_financiero \n						AND x.id_formula = a.id_formula\n               WHERE a.id_indice_financiero = 2\n					AND x.id_empresa = 2;'),
('SELECT a.`ID_FORMULA`, \n               (select nombre from tag_agf b where b.ID_TAG_AGF = a.campo1 and b.oa = a.tipoc1) as `CAMPO1N`, \n               (select nombre from tag_agf b where b.ID_TAG_AGF = a.campo2 and b.oa = a.tipoc1) as `CAMPO2N`, \n               (select nombre from tag_agf b where b.ID_TAG_AGF = a.campo3 and b.oa = a.tipoc1) as `CAMPO3N`, \n               (select nombre from tag_agf b where b.ID_TAG_AGF = a.campo4 and b.oa = a.tipoc1) as `CAMPO4N`, \n               (select nombre from tag_agf b where b.ID_TAG_AGF = a.campo5 and b.oa = a.tipoc1) as `CAMPO5N`,\n               `CAMPO1`,\n               `CAMPO2`,\n               `CAMPO3`,\n               `CAMPO4`,\n               `CAMPO5`,\n               `tipoc1`, `tipoc2`, `tipoc3`, `tipoc4`, `tipoc5`, `FORMULA`, \n               `cod1`, `cod2`, `cod3`, `cod4`, `cod5`, a.`id_indice_financiero`, a.`num_formula` ,\n               CASE when x.id_formula IS NULL THEN 0 ELSE 1 END\n				  as selected\n               FROM `formulas` a LEFT JOIN empresa_indice x\n					ON x.id_indice_financiero = a.id_indice_financiero \n						AND x.id_formula = a.id_formula\n						AND x.id_empresa = 2\n               WHERE a.id_indice_financiero = 1\n					;'),
('SELECT a.`ID_FORMULA`, \n               (select nombre from tag_agf b where b.ID_TAG_AGF = a.campo1 and b.oa = a.tipoc1) as `CAMPO1N`, \n               (select nombre from tag_agf b where b.ID_TAG_AGF = a.campo2 and b.oa = a.tipoc1) as `CAMPO2N`, \n               (select nombre from tag_agf b where b.ID_TAG_AGF = a.campo3 and b.oa = a.tipoc1) as `CAMPO3N`, \n               (select nombre from tag_agf b where b.ID_TAG_AGF = a.campo4 and b.oa = a.tipoc1) as `CAMPO4N`, \n               (select nombre from tag_agf b where b.ID_TAG_AGF = a.campo5 and b.oa = a.tipoc1) as `CAMPO5N`,\n               `CAMPO1`,\n               `CAMPO2`,\n               `CAMPO3`,\n               `CAMPO4`,\n               `CAMPO5`,\n               `tipoc1`, `tipoc2`, `tipoc3`, `tipoc4`, `tipoc5`, `FORMULA`, \n               `cod1`, `cod2`, `cod3`, `cod4`, `cod5`, a.`id_indice_financiero`, a.`num_formula` ,\n               CASE when x.id_formula IS NULL THEN 0 ELSE 1 END\n				  as selected\n               FROM `formulas` a LEFT JOIN empresa_indice x\n					ON x.id_indice_financiero = a.id_indice_financiero \n						AND x.id_formula = a.id_formula\n						AND x.id_empresa = 2\n               WHERE a.id_indice_financiero = 2\n					;'),
('SELECT a.`ID_FORMULA`, \n               (select nombre from tag_agf b where b.ID_TAG_AGF = a.campo1 and b.oa = a.tipoc1) as `CAMPO1N`, \n               (select nombre from tag_agf b where b.ID_TAG_AGF = a.campo2 and b.oa = a.tipoc1) as `CAMPO2N`, \n               (select nombre from tag_agf b where b.ID_TAG_AGF = a.campo3 and b.oa = a.tipoc1) as `CAMPO3N`, \n               (select nombre from tag_agf b where b.ID_TAG_AGF = a.campo4 and b.oa = a.tipoc1) as `CAMPO4N`, \n               (select nombre from tag_agf b where b.ID_TAG_AGF = a.campo5 and b.oa = a.tipoc1) as `CAMPO5N`,\n               `CAMPO1`,\n               `CAMPO2`,\n               `CAMPO3`,\n               `CAMPO4`,\n               `CAMPO5`,\n               `tipoc1`, `tipoc2`, `tipoc3`, `tipoc4`, `tipoc5`, `FORMULA`, \n               `cod1`, `cod2`, `cod3`, `cod4`, `cod5`, a.`id_indice_financiero`, a.`num_formula` ,\n               CASE when x.id_formula IS NULL THEN 0 ELSE 1 END\n				  as selected\n               FROM `formulas` a LEFT JOIN empresa_indice x\n					ON x.id_indice_financiero = a.id_indice_financiero \n						AND x.id_formula = a.id_formula\n						AND x.id_empresa = 2\n               WHERE a.id_indice_financiero = 2\n					;'),
('SELECT a.`ID_FORMULA`, \n               (select nombre from tag_agf b where b.ID_TAG_AGF = a.campo1 and b.oa = a.tipoc1) as `CAMPO1N`, \n               (select nombre from tag_agf b where b.ID_TAG_AGF = a.campo2 and b.oa = a.tipoc1) as `CAMPO2N`, \n               (select nombre from tag_agf b where b.ID_TAG_AGF = a.campo3 and b.oa = a.tipoc1) as `CAMPO3N`, \n               (select nombre from tag_agf b where b.ID_TAG_AGF = a.campo4 and b.oa = a.tipoc1) as `CAMPO4N`, \n               (select nombre from tag_agf b where b.ID_TAG_AGF = a.campo5 and b.oa = a.tipoc1) as `CAMPO5N`,\n               `CAMPO1`,\n               `CAMPO2`,\n               `CAMPO3`,\n               `CAMPO4`,\n               `CAMPO5`,\n               `tipoc1`, `tipoc2`, `tipoc3`, `tipoc4`, `tipoc5`, `FORMULA`, \n               `cod1`, `cod2`, `cod3`, `cod4`, `cod5`, a.`id_indice_financiero`, a.`num_formula` ,\n               CASE when x.id_formula IS NULL THEN 0 ELSE 1 END\n				  as selected\n               FROM `formulas` a LEFT JOIN empresa_indice x\n					ON x.id_indice_financiero = a.id_indice_financiero \n						AND x.id_formula = a.id_formula\n						AND x.id_empresa = 3\n               WHERE a.id_indice_financiero = 2\n					;'),
('SELECT a.`ID_FORMULA`, \n               (select nombre from tag_agf b where b.ID_TAG_AGF = a.campo1 and b.oa = a.tipoc1) as `CAMPO1N`, \n               (select nombre from tag_agf b where b.ID_TAG_AGF = a.campo2 and b.oa = a.tipoc1) as `CAMPO2N`, \n               (select nombre from tag_agf b where b.ID_TAG_AGF = a.campo3 and b.oa = a.tipoc1) as `CAMPO3N`, \n               (select nombre from tag_agf b where b.ID_TAG_AGF = a.campo4 and b.oa = a.tipoc1) as `CAMPO4N`, \n               (select nombre from tag_agf b where b.ID_TAG_AGF = a.campo5 and b.oa = a.tipoc1) as `CAMPO5N`,\n               `CAMPO1`,\n               `CAMPO2`,\n               `CAMPO3`,\n               `CAMPO4`,\n               `CAMPO5`,\n               `tipoc1`, `tipoc2`, `tipoc3`, `tipoc4`, `tipoc5`, `FORMULA`, \n               `cod1`, `cod2`, `cod3`, `cod4`, `cod5`, a.`id_indice_financiero`, a.`num_formula` ,\n               CASE when x.id_formula IS NULL THEN 0 ELSE 1 END\n				  as selected\n               FROM `formulas` a LEFT JOIN empresa_indice x\n					ON x.id_indice_financiero = a.id_indice_financiero \n						AND x.id_formula = a.id_formula\n						AND x.id_empresa = 1\n               WHERE a.id_indice_financiero = 2\n					;'),
('SELECT a.id_indice_financiero, a.nombre, c.id_empresa, c.RSO, 0, ID_GRUPO_INDICE_FINANCIERO\n				FROM indices_financieros a inner join \n					 indice_empresa b on id_indice_financiero = id_indice inner join \n					 empresas c on b.id_empresa = c.id_empresa\n				WHERE b.tipo = 0					\n				UNION\n				SELECT a.id_indice_financiero, a.nombre, c.id_subgrupo, c.nombre, 1,ID_GRUPO_INDICE_FINANCIERO\n				FROM indices_financieros a inner join \n					 indice_empresa b on a.id_indice_financiero = b.id_indice inner join \n					 subgrupos c on b.id_empresa = c.id_subgrupo\n				WHERE b.tipo <> 0\n				ORDER BY 1;'),
('6'),
('SELECT a.id_indice_financiero, a.nombre, c.id_empresa, c.RSO, 0, ID_GRUPO_INDICE_FINANCIERO\n				FROM indices_financieros a inner join \n					 indice_empresa b on id_indice_financiero = id_indice inner join \n					 empresas c on b.id_empresa = c.id_empresa\n				WHERE b.tipo = 0					\n				UNION\n				SELECT a.id_indice_financiero, a.nombre, c.id_subgrupo, c.nombre, 1,ID_GRUPO_INDICE_FINANCIERO\n				FROM indices_financieros a inner join \n					 indice_empresa b on a.id_indice_financiero = b.id_indice inner join \n					 subgrupos c on b.id_empresa = c.id_subgrupo\n				WHERE b.tipo <> 0\n				ORDER BY 1;'),
('6'),
('SELECT a.ID_INDICE_FINANCIERO,a.id_formula,NOMBRE, DESCRIPCION, formula, decimales, ID_GRUPO_INDICE_FINANCIERO, formula_desc, rango_superior, rango_inferior,rangos_desc,\n							campo1, campo2, campo3, campo4, campo5\n	                	                    FROM indices_financieros a, formulas b\n	                	                    WHERE a.id_formula = b.id_formula'),
('SELECT a.`ID_FORMULA`, \n               (select nombre from tag_agf b where b.ID_TAG_AGF = a.campo1 and b.oa = a.tipoc1) as `CAMPO1N`, \n               (select nombre from tag_agf b where b.ID_TAG_AGF = a.campo2 and b.oa = a.tipoc1) as `CAMPO2N`, \n               (select nombre from tag_agf b where b.ID_TAG_AGF = a.campo3 and b.oa = a.tipoc1) as `CAMPO3N`, \n               (select nombre from tag_agf b where b.ID_TAG_AGF = a.campo4 and b.oa = a.tipoc1) as `CAMPO4N`, \n               (select nombre from tag_agf b where b.ID_TAG_AGF = a.campo5 and b.oa = a.tipoc1) as `CAMPO5N`,\n               `CAMPO1`,\n               `CAMPO2`,\n               `CAMPO3`,\n               `CAMPO4`,\n               `CAMPO5`,\n               `tipoc1`, `tipoc2`, `tipoc3`, `tipoc4`, `tipoc5`, `FORMULA`, \n               `cod1`, `cod2`, `cod3`, `cod4`, `cod5`, a.`id_indice_financiero`, a.`num_formula` ,\n               CASE when x.id_formula IS NULL THEN 0 ELSE 1 END\n				  as selected\n               FROM `formulas` a LEFT JOIN empresa_indice x\n					ON x.id_indice_financiero = a.id_indice_financiero \n						AND x.id_formula = a.id_formula\n						AND x.id_empresa = 1\n               WHERE a.id_indice_financiero = 2\n					;'),
('SELECT a.id_indice_financiero, a.nombre, c.id_empresa, c.RSO, 0, ID_GRUPO_INDICE_FINANCIERO\n				FROM indices_financieros a inner join \n					 indice_empresa b on id_indice_financiero = id_indice inner join \n					 empresas c on b.id_empresa = c.id_empresa\n				WHERE b.tipo = 0					\n				UNION\n				SELECT a.id_indice_financiero, a.nombre, c.id_subgrupo, c.nombre, 1,ID_GRUPO_INDICE_FINANCIERO\n				FROM indices_financieros a inner join \n					 indice_empresa b on a.id_indice_financiero = b.id_indice inner join \n					 subgrupos c on b.id_empresa = c.id_subgrupo\n				WHERE b.tipo <> 0\n				ORDER BY 1;'),
('6'),
('SELECT a.id_indice_financiero, a.nombre, c.id_empresa, c.RSO, 0, ID_GRUPO_INDICE_FINANCIERO\n				FROM indices_financieros a inner join \n					 indice_empresa b on id_indice_financiero = id_indice inner join \n					 empresas c on b.id_empresa = c.id_empresa\n				WHERE b.tipo = 0					\n				UNION\n				SELECT a.id_indice_financiero, a.nombre, c.id_subgrupo, c.nombre, 1,ID_GRUPO_INDICE_FINANCIERO\n				FROM indices_financieros a inner join \n					 indice_empresa b on a.id_indice_financiero = b.id_indice inner join \n					 subgrupos c on b.id_empresa = c.id_subgrupo\n				WHERE b.tipo <> 0\n				ORDER BY 1;'),
('6'),
('SELECT a.ID_INDICE_FINANCIERO,a.id_formula,NOMBRE, DESCRIPCION, formula, decimales, ID_GRUPO_INDICE_FINANCIERO, formula_desc, rango_superior, rango_inferior,rangos_desc,\n							campo1, campo2, campo3, campo4, campo5\n	                	                    FROM indices_financieros a, formulas b\n	                	                    WHERE a.id_formula = b.id_formula'),
('SELECT a.`ID_FORMULA`, \n               (select nombre from tag_agf b where b.ID_TAG_AGF = a.campo1 and b.oa = a.tipoc1) as `CAMPO1N`, \n               (select nombre from tag_agf b where b.ID_TAG_AGF = a.campo2 and b.oa = a.tipoc1) as `CAMPO2N`, \n               (select nombre from tag_agf b where b.ID_TAG_AGF = a.campo3 and b.oa = a.tipoc1) as `CAMPO3N`, \n               (select nombre from tag_agf b where b.ID_TAG_AGF = a.campo4 and b.oa = a.tipoc1) as `CAMPO4N`, \n               (select nombre from tag_agf b where b.ID_TAG_AGF = a.campo5 and b.oa = a.tipoc1) as `CAMPO5N`,\n               `CAMPO1`,\n               `CAMPO2`,\n               `CAMPO3`,\n               `CAMPO4`,\n               `CAMPO5`,\n               `tipoc1`, `tipoc2`, `tipoc3`, `tipoc4`, `tipoc5`, `FORMULA`, \n               `cod1`, `cod2`, `cod3`, `cod4`, `cod5`, a.`id_indice_financiero`, a.`num_formula` ,\n               CASE when x.id_formula IS NULL THEN 0 ELSE 1 END\n				  as selected\n               FROM `formulas` a LEFT JOIN empresa_indice x\n					ON x.id_indice_financiero = a.id_indice_financiero \n						AND x.id_formula = a.id_formula\n						AND x.id_empresa = 1\n               WHERE a.id_indice_financiero = 2\n					;'),
('SELECT a.id_indice_financiero, a.nombre, c.id_empresa, c.RSO, 0, ID_GRUPO_INDICE_FINANCIERO\n				FROM indices_financieros a inner join \n					 indice_empresa b on id_indice_financiero = id_indice inner join \n					 empresas c on b.id_empresa = c.id_empresa\n				WHERE b.tipo = 0					\n				UNION\n				SELECT a.id_indice_financiero, a.nombre, c.id_subgrupo, c.nombre, 1,ID_GRUPO_INDICE_FINANCIERO\n				FROM indices_financieros a inner join \n					 indice_empresa b on a.id_indice_financiero = b.id_indice inner join \n					 subgrupos c on b.id_empresa = c.id_subgrupo\n				WHERE b.tipo <> 0\n				ORDER BY 1;'),
('6'),
('SELECT a.id_indice_financiero, a.nombre, c.id_empresa, c.RSO, 0, ID_GRUPO_INDICE_FINANCIERO\n				FROM indices_financieros a inner join \n					 indice_empresa b on id_indice_financiero = id_indice inner join \n					 empresas c on b.id_empresa = c.id_empresa\n				WHERE b.tipo = 0					\n				UNION\n				SELECT a.id_indice_financiero, a.nombre, c.id_subgrupo, c.nombre, 1,ID_GRUPO_INDICE_FINANCIERO\n				FROM indices_financieros a inner join \n					 indice_empresa b on a.id_indice_financiero = b.id_indice inner join \n					 subgrupos c on b.id_empresa = c.id_subgrupo\n				WHERE b.tipo <> 0\n				ORDER BY 1;'),
('6'),
('SELECT a.ID_INDICE_FINANCIERO,a.id_formula,NOMBRE, DESCRIPCION, formula, decimales, ID_GRUPO_INDICE_FINANCIERO, formula_desc, rango_superior, rango_inferior,rangos_desc,\n							campo1, campo2, campo3, campo4, campo5\n	                	                    FROM indices_financieros a, formulas b\n	                	                    WHERE a.id_formula = b.id_formula'),
('SELECT a.`ID_FORMULA`, \n               (select nombre from tag_agf b where b.ID_TAG_AGF = a.campo1 and b.oa = a.tipoc1) as `CAMPO1N`, \n               (select nombre from tag_agf b where b.ID_TAG_AGF = a.campo2 and b.oa = a.tipoc1) as `CAMPO2N`, \n               (select nombre from tag_agf b where b.ID_TAG_AGF = a.campo3 and b.oa = a.tipoc1) as `CAMPO3N`, \n               (select nombre from tag_agf b where b.ID_TAG_AGF = a.campo4 and b.oa = a.tipoc1) as `CAMPO4N`, \n               (select nombre from tag_agf b where b.ID_TAG_AGF = a.campo5 and b.oa = a.tipoc1) as `CAMPO5N`,\n               `CAMPO1`,\n               `CAMPO2`,\n               `CAMPO3`,\n               `CAMPO4`,\n               `CAMPO5`,\n               `tipoc1`, `tipoc2`, `tipoc3`, `tipoc4`, `tipoc5`, `FORMULA`, \n               `cod1`, `cod2`, `cod3`, `cod4`, `cod5`, a.`id_indice_financiero`, a.`num_formula` ,\n               CASE when x.id_formula IS NULL THEN 0 ELSE 1 END\n				  as selected\n               FROM `formulas` a LEFT JOIN empresa_indice x\n					ON x.id_indice_financiero = a.id_indice_financiero \n						AND x.id_formula = a.id_formula\n						AND x.id_empresa = 1\n               WHERE a.id_indice_financiero = 2\n					;'),
('SELECT a.id_indice_financiero, a.nombre, c.id_empresa, c.RSO, 0, ID_GRUPO_INDICE_FINANCIERO\n				FROM indices_financieros a inner join \n					 indice_empresa b on id_indice_financiero = id_indice inner join \n					 empresas c on b.id_empresa = c.id_empresa\n				WHERE b.tipo = 0					\n				UNION\n				SELECT a.id_indice_financiero, a.nombre, c.id_subgrupo, c.nombre, 1,ID_GRUPO_INDICE_FINANCIERO\n				FROM indices_financieros a inner join \n					 indice_empresa b on a.id_indice_financiero = b.id_indice inner join \n					 subgrupos c on b.id_empresa = c.id_subgrupo\n				WHERE b.tipo <> 0\n				ORDER BY 1;'),
('6'),
('SELECT a.id_indice_financiero, a.nombre, c.id_empresa, c.RSO, 0, ID_GRUPO_INDICE_FINANCIERO\n				FROM indices_financieros a inner join \n					 indice_empresa b on id_indice_financiero = id_indice inner join \n					 empresas c on b.id_empresa = c.id_empresa\n				WHERE b.tipo = 0					\n				UNION\n				SELECT a.id_indice_financiero, a.nombre, c.id_subgrupo, c.nombre, 1,ID_GRUPO_INDICE_FINANCIERO\n				FROM indices_financieros a inner join \n					 indice_empresa b on a.id_indice_financiero = b.id_indice inner join \n					 subgrupos c on b.id_empresa = c.id_subgrupo\n				WHERE b.tipo <> 0\n				ORDER BY 1;'),
('6'),
('SELECT a.ID_INDICE_FINANCIERO,a.id_formula,NOMBRE, DESCRIPCION, formula, decimales, ID_GRUPO_INDICE_FINANCIERO, formula_desc, rango_superior, rango_inferior,rangos_desc,\n							campo1, campo2, campo3, campo4, campo5\n	                	                    FROM indices_financieros a, formulas b\n	                	                    WHERE a.id_formula = b.id_formula'),
('SELECT a.`ID_FORMULA`, \n               (select nombre from tag_agf b where b.ID_TAG_AGF = a.campo1 and b.oa = a.tipoc1) as `CAMPO1N`, \n               (select nombre from tag_agf b where b.ID_TAG_AGF = a.campo2 and b.oa = a.tipoc1) as `CAMPO2N`, \n               (select nombre from tag_agf b where b.ID_TAG_AGF = a.campo3 and b.oa = a.tipoc1) as `CAMPO3N`, \n               (select nombre from tag_agf b where b.ID_TAG_AGF = a.campo4 and b.oa = a.tipoc1) as `CAMPO4N`, \n               (select nombre from tag_agf b where b.ID_TAG_AGF = a.campo5 and b.oa = a.tipoc1) as `CAMPO5N`,\n               `CAMPO1`,\n               `CAMPO2`,\n               `CAMPO3`,\n               `CAMPO4`,\n               `CAMPO5`,\n               `tipoc1`, `tipoc2`, `tipoc3`, `tipoc4`, `tipoc5`, `FORMULA`, \n               `cod1`, `cod2`, `cod3`, `cod4`, `cod5`, a.`id_indice_financiero`, a.`num_formula` ,\n               CASE when x.id_formula IS NULL THEN 0 ELSE 1 END\n				  as selected\n               FROM `formulas` a LEFT JOIN empresa_indice x\n					ON x.id_indice_financiero = a.id_indice_financiero \n						AND x.id_formula = a.id_formula\n						AND x.id_empresa = 1\n               WHERE a.id_indice_financiero = 2\n					;'),
('SELECT a.id_indice_financiero, a.nombre, c.id_empresa, c.RSO, 0, ID_GRUPO_INDICE_FINANCIERO\n				FROM indices_financieros a inner join \n					 indice_empresa b on id_indice_financiero = id_indice inner join \n					 empresas c on b.id_empresa = c.id_empresa\n				WHERE b.tipo = 0					\n				UNION\n				SELECT a.id_indice_financiero, a.nombre, c.id_subgrupo, c.nombre, 1,ID_GRUPO_INDICE_FINANCIERO\n				FROM indices_financieros a inner join \n					 indice_empresa b on a.id_indice_financiero = b.id_indice inner join \n					 subgrupos c on b.id_empresa = c.id_subgrupo\n				WHERE b.tipo <> 0\n				ORDER BY 1;'),
('6'),
('SELECT a.id_indice_financiero, a.nombre, c.id_empresa, c.RSO, 0, ID_GRUPO_INDICE_FINANCIERO\n				FROM indices_financieros a inner join \n					 indice_empresa b on id_indice_financiero = id_indice inner join \n					 empresas c on b.id_empresa = c.id_empresa\n				WHERE b.tipo = 0					\n				UNION\n				SELECT a.id_indice_financiero, a.nombre, c.id_subgrupo, c.nombre, 1,ID_GRUPO_INDICE_FINANCIERO\n				FROM indices_financieros a inner join \n					 indice_empresa b on a.id_indice_financiero = b.id_indice inner join \n					 subgrupos c on b.id_empresa = c.id_subgrupo\n				WHERE b.tipo <> 0\n				ORDER BY 1;'),
('6'),
('SELECT a.ID_INDICE_FINANCIERO,a.id_formula,NOMBRE, DESCRIPCION, formula, decimales, ID_GRUPO_INDICE_FINANCIERO, formula_desc, rango_superior, rango_inferior,rangos_desc,\n							campo1, campo2, campo3, campo4, campo5\n	                	                    FROM indices_financieros a, formulas b\n	                	                    WHERE a.id_formula = b.id_formula'),
('SELECT a.`ID_FORMULA`, \n               (select nombre from tag_agf b where b.ID_TAG_AGF = a.campo1 and b.oa = a.tipoc1) as `CAMPO1N`, \n               (select nombre from tag_agf b where b.ID_TAG_AGF = a.campo2 and b.oa = a.tipoc1) as `CAMPO2N`, \n               (select nombre from tag_agf b where b.ID_TAG_AGF = a.campo3 and b.oa = a.tipoc1) as `CAMPO3N`, \n               (select nombre from tag_agf b where b.ID_TAG_AGF = a.campo4 and b.oa = a.tipoc1) as `CAMPO4N`, \n               (select nombre from tag_agf b where b.ID_TAG_AGF = a.campo5 and b.oa = a.tipoc1) as `CAMPO5N`,\n               `CAMPO1`,\n               `CAMPO2`,\n               `CAMPO3`,\n               `CAMPO4`,\n               `CAMPO5`,\n               `tipoc1`, `tipoc2`, `tipoc3`, `tipoc4`, `tipoc5`, `FORMULA`, \n               `cod1`, `cod2`, `cod3`, `cod4`, `cod5`, a.`id_indice_financiero`, a.`num_formula` ,\n               CASE when x.id_formula IS NULL THEN 0 ELSE 1 END\n				  as selected\n               FROM `formulas` a LEFT JOIN empresa_indice x\n					ON x.id_indice_financiero = a.id_indice_financiero \n						AND x.id_formula = a.id_formula\n						AND x.id_empresa = 1\n               WHERE a.id_indice_financiero = 2\n					;'),
('SELECT a.id_indice_financiero, a.nombre, c.id_empresa, c.RSO, 0, ID_GRUPO_INDICE_FINANCIERO\n				FROM indices_financieros a inner join \n					 indice_empresa b on id_indice_financiero = id_indice inner join \n					 empresas c on b.id_empresa = c.id_empresa\n				WHERE b.tipo = 0					\n				UNION\n				SELECT a.id_indice_financiero, a.nombre, c.id_subgrupo, c.nombre, 1,ID_GRUPO_INDICE_FINANCIERO\n				FROM indices_financieros a inner join \n					 indice_empresa b on a.id_indice_financiero = b.id_indice inner join \n					 subgrupos c on b.id_empresa = c.id_subgrupo\n				WHERE b.tipo <> 0\n				ORDER BY 1;'),
('6'),
('SELECT a.id_indice_financiero, a.nombre, c.id_empresa, c.RSO, 0, ID_GRUPO_INDICE_FINANCIERO\n				FROM indices_financieros a inner join \n					 indice_empresa b on id_indice_financiero = id_indice inner join \n					 empresas c on b.id_empresa = c.id_empresa\n				WHERE b.tipo = 0					\n				UNION\n				SELECT a.id_indice_financiero, a.nombre, c.id_subgrupo, c.nombre, 1,ID_GRUPO_INDICE_FINANCIERO\n				FROM indices_financieros a inner join \n					 indice_empresa b on a.id_indice_financiero = b.id_indice inner join \n					 subgrupos c on b.id_empresa = c.id_subgrupo\n				WHERE b.tipo <> 0\n				ORDER BY 1;'),
('6'),
('SELECT a.ID_INDICE_FINANCIERO,a.id_formula,NOMBRE, DESCRIPCION, formula, decimales, ID_GRUPO_INDICE_FINANCIERO, formula_desc, rango_superior, rango_inferior,rangos_desc,\n							campo1, campo2, campo3, campo4, campo5\n	                	                    FROM indices_financieros a, formulas b\n	                	                    WHERE a.id_formula = b.id_formula'),
('SELECT a.`ID_FORMULA`, \n               (select nombre from tag_agf b where b.ID_TAG_AGF = a.campo1 and b.oa = a.tipoc1) as `CAMPO1N`, \n               (select nombre from tag_agf b where b.ID_TAG_AGF = a.campo2 and b.oa = a.tipoc1) as `CAMPO2N`, \n               (select nombre from tag_agf b where b.ID_TAG_AGF = a.campo3 and b.oa = a.tipoc1) as `CAMPO3N`, \n               (select nombre from tag_agf b where b.ID_TAG_AGF = a.campo4 and b.oa = a.tipoc1) as `CAMPO4N`, \n               (select nombre from tag_agf b where b.ID_TAG_AGF = a.campo5 and b.oa = a.tipoc1) as `CAMPO5N`,\n               `CAMPO1`,\n               `CAMPO2`,\n               `CAMPO3`,\n               `CAMPO4`,\n               `CAMPO5`,\n               `tipoc1`, `tipoc2`, `tipoc3`, `tipoc4`, `tipoc5`, `FORMULA`, \n               `cod1`, `cod2`, `cod3`, `cod4`, `cod5`, a.`id_indice_financiero`, a.`num_formula` ,\n               CASE when x.id_formula IS NULL THEN 0 ELSE 1 END\n				  as selected\n               FROM `formulas` a LEFT JOIN empresa_indice x\n					ON x.id_indice_financiero = a.id_indice_financiero \n						AND x.id_formula = a.id_formula\n						AND x.id_empresa = 1\n               WHERE a.id_indice_financiero = 2\n					;'),
('SELECT a.`ID_FORMULA`, \n               (select nombre from tag_agf b where b.ID_TAG_AGF = a.campo1 and b.oa = a.tipoc1) as `CAMPO1N`, \n               (select nombre from tag_agf b where b.ID_TAG_AGF = a.campo2 and b.oa = a.tipoc1) as `CAMPO2N`, \n               (select nombre from tag_agf b where b.ID_TAG_AGF = a.campo3 and b.oa = a.tipoc1) as `CAMPO3N`, \n               (select nombre from tag_agf b where b.ID_TAG_AGF = a.campo4 and b.oa = a.tipoc1) as `CAMPO4N`, \n               (select nombre from tag_agf b where b.ID_TAG_AGF = a.campo5 and b.oa = a.tipoc1) as `CAMPO5N`,\n               `CAMPO1`,\n               `CAMPO2`,\n               `CAMPO3`,\n               `CAMPO4`,\n               `CAMPO5`,\n               `tipoc1`, `tipoc2`, `tipoc3`, `tipoc4`, `tipoc5`, `FORMULA`, \n               `cod1`, `cod2`, `cod3`, `cod4`, `cod5`, a.`id_indice_financiero`, a.`num_formula` ,\n               CASE when x.id_formula IS NULL THEN 0 ELSE 1 END\n				  as selected\n               FROM `formulas` a LEFT JOIN empresa_indice x\n					ON x.id_indice_financiero = a.id_indice_financiero \n						AND x.id_formula = a.id_formula\n						AND x.id_empresa = 1\n               WHERE a.id_indice_financiero = 2\n					;'),
('SELECT a.`ID_FORMULA`, \n               (select nombre from tag_agf b where b.ID_TAG_AGF = a.campo1 and b.oa = a.tipoc1) as `CAMPO1N`, \n               (select nombre from tag_agf b where b.ID_TAG_AGF = a.campo2 and b.oa = a.tipoc1) as `CAMPO2N`, \n               (select nombre from tag_agf b where b.ID_TAG_AGF = a.campo3 and b.oa = a.tipoc1) as `CAMPO3N`, \n               (select nombre from tag_agf b where b.ID_TAG_AGF = a.campo4 and b.oa = a.tipoc1) as `CAMPO4N`, \n               (select nombre from tag_agf b where b.ID_TAG_AGF = a.campo5 and b.oa = a.tipoc1) as `CAMPO5N`,\n               `CAMPO1`,\n               `CAMPO2`,\n               `CAMPO3`,\n               `CAMPO4`,\n               `CAMPO5`,\n               `tipoc1`, `tipoc2`, `tipoc3`, `tipoc4`, `tipoc5`, `FORMULA`, \n               `cod1`, `cod2`, `cod3`, `cod4`, `cod5`, a.`id_indice_financiero`, a.`num_formula` ,\n               CASE when x.id_formula IS NULL THEN 0 ELSE 1 END\n				  as selected\n               FROM `formulas` a LEFT JOIN empresa_indice x\n					ON x.id_indice_financiero = a.id_indice_financiero \n						AND x.id_formula = a.id_formula\n						AND x.id_empresa = 1\n               WHERE a.id_indice_financiero = 1\n					;'),
('SELECT a.`ID_FORMULA`, \n               (select nombre from tag_agf b where b.ID_TAG_AGF = a.campo1 and b.oa = a.tipoc1) as `CAMPO1N`, \n               (select nombre from tag_agf b where b.ID_TAG_AGF = a.campo2 and b.oa = a.tipoc1) as `CAMPO2N`, \n               (select nombre from tag_agf b where b.ID_TAG_AGF = a.campo3 and b.oa = a.tipoc1) as `CAMPO3N`, \n               (select nombre from tag_agf b where b.ID_TAG_AGF = a.campo4 and b.oa = a.tipoc1) as `CAMPO4N`, \n               (select nombre from tag_agf b where b.ID_TAG_AGF = a.campo5 and b.oa = a.tipoc1) as `CAMPO5N`,\n               `CAMPO1`,\n               `CAMPO2`,\n               `CAMPO3`,\n               `CAMPO4`,\n               `CAMPO5`,\n               `tipoc1`, `tipoc2`, `tipoc3`, `tipoc4`, `tipoc5`, `FORMULA`, \n               `cod1`, `cod2`, `cod3`, `cod4`, `cod5`, a.`id_indice_financiero`, a.`num_formula` ,\n               CASE when x.id_formula IS NULL THEN 0 ELSE 1 END\n				  as selected\n               FROM `formulas` a LEFT JOIN empresa_indice x\n					ON x.id_indice_financiero = a.id_indice_financiero \n						AND x.id_formula = a.id_formula\n						AND x.id_empresa = 1\n               WHERE a.id_indice_financiero = 2\n					;'),
('SELECT a.id_indice_financiero, a.nombre, c.id_empresa, c.RSO, 0, ID_GRUPO_INDICE_FINANCIERO\n				FROM indices_financieros a inner join \n					 indice_empresa b on id_indice_financiero = id_indice inner join \n					 empresas c on b.id_empresa = c.id_empresa\n				WHERE b.tipo = 0					\n				UNION\n				SELECT a.id_indice_financiero, a.nombre, c.id_subgrupo, c.nombre, 1,ID_GRUPO_INDICE_FINANCIERO\n				FROM indices_financieros a inner join \n					 indice_empresa b on a.id_indice_financiero = b.id_indice inner join \n					 subgrupos c on b.id_empresa = c.id_subgrupo\n				WHERE b.tipo <> 0\n				ORDER BY 1;'),
('6'),
('SELECT a.id_indice_financiero, a.nombre, c.id_empresa, c.RSO, 0, ID_GRUPO_INDICE_FINANCIERO\n				FROM indices_financieros a inner join \n					 indice_empresa b on id_indice_financiero = id_indice inner join \n					 empresas c on b.id_empresa = c.id_empresa\n				WHERE b.tipo = 0					\n				UNION\n				SELECT a.id_indice_financiero, a.nombre, c.id_subgrupo, c.nombre, 1,ID_GRUPO_INDICE_FINANCIERO\n				FROM indices_financieros a inner join \n					 indice_empresa b on a.id_indice_financiero = b.id_indice inner join \n					 subgrupos c on b.id_empresa = c.id_subgrupo\n				WHERE b.tipo <> 0\n				ORDER BY 1;'),
('6'),
('SELECT a.ID_INDICE_FINANCIERO,a.id_formula,NOMBRE, DESCRIPCION, formula, decimales, ID_GRUPO_INDICE_FINANCIERO, formula_desc, rango_superior, rango_inferior,rangos_desc,\n							campo1, campo2, campo3, campo4, campo5\n	                	                    FROM indices_financieros a, formulas b\n	                	                    WHERE a.id_formula = b.id_formula'),
('SELECT a.`ID_FORMULA`, \n               (select nombre from tag_agf b where b.ID_TAG_AGF = a.campo1 and b.oa = a.tipoc1) as `CAMPO1N`, \n               (select nombre from tag_agf b where b.ID_TAG_AGF = a.campo2 and b.oa = a.tipoc1) as `CAMPO2N`, \n               (select nombre from tag_agf b where b.ID_TAG_AGF = a.campo3 and b.oa = a.tipoc1) as `CAMPO3N`, \n               (select nombre from tag_agf b where b.ID_TAG_AGF = a.campo4 and b.oa = a.tipoc1) as `CAMPO4N`, \n               (select nombre from tag_agf b where b.ID_TAG_AGF = a.campo5 and b.oa = a.tipoc1) as `CAMPO5N`,\n               `CAMPO1`,\n               `CAMPO2`,\n               `CAMPO3`,\n               `CAMPO4`,\n               `CAMPO5`,\n               `tipoc1`, `tipoc2`, `tipoc3`, `tipoc4`, `tipoc5`, `FORMULA`, \n               `cod1`, `cod2`, `cod3`, `cod4`, `cod5`, a.`id_indice_financiero`, a.`num_formula` ,\n               CASE when x.id_formula IS NULL THEN 0 ELSE 1 END\n				  as selected\n               FROM `formulas` a LEFT JOIN empresa_indice x\n					ON x.id_indice_financiero = a.id_indice_financiero \n						AND x.id_formula = a.id_formula\n						AND x.id_empresa = 1\n               WHERE a.id_indice_financiero = 2\n					;'),
('SELECT a.id_indice_financiero, a.nombre, c.id_empresa, c.RSO, 0, ID_GRUPO_INDICE_FINANCIERO\n				FROM indices_financieros a inner join \n					 indice_empresa b on id_indice_financiero = id_indice inner join \n					 empresas c on b.id_empresa = c.id_empresa\n				WHERE b.tipo = 0					\n				UNION\n				SELECT a.id_indice_financiero, a.nombre, c.id_subgrupo, c.nombre, 1,ID_GRUPO_INDICE_FINANCIERO\n				FROM indices_financieros a inner join \n					 indice_empresa b on a.id_indice_financiero = b.id_indice inner join \n					 subgrupos c on b.id_empresa = c.id_subgrupo\n				WHERE b.tipo <> 0\n				ORDER BY 1;'),
('6'),
('SELECT a.id_indice_financiero, a.nombre, c.id_empresa, c.RSO, 0, ID_GRUPO_INDICE_FINANCIERO\n				FROM indices_financieros a inner join \n					 indice_empresa b on id_indice_financiero = id_indice inner join \n					 empresas c on b.id_empresa = c.id_empresa\n				WHERE b.tipo = 0					\n				UNION\n				SELECT a.id_indice_financiero, a.nombre, c.id_subgrupo, c.nombre, 1,ID_GRUPO_INDICE_FINANCIERO\n				FROM indices_financieros a inner join \n					 indice_empresa b on a.id_indice_financiero = b.id_indice inner join \n					 subgrupos c on b.id_empresa = c.id_subgrupo\n				WHERE b.tipo <> 0\n				ORDER BY 1;'),
('6'),
('SELECT a.ID_INDICE_FINANCIERO,a.id_formula,NOMBRE, DESCRIPCION, formula, decimales, ID_GRUPO_INDICE_FINANCIERO, formula_desc, rango_superior, rango_inferior,rangos_desc,\n							campo1, campo2, campo3, campo4, campo5\n	                	                    FROM indices_financieros a, formulas b\n	                	                    WHERE a.id_formula = b.id_formula'),
('SELECT a.`ID_FORMULA`, \n               (select nombre from tag_agf b where b.ID_TAG_AGF = a.campo1 and b.oa = a.tipoc1) as `CAMPO1N`, \n               (select nombre from tag_agf b where b.ID_TAG_AGF = a.campo2 and b.oa = a.tipoc1) as `CAMPO2N`, \n               (select nombre from tag_agf b where b.ID_TAG_AGF = a.campo3 and b.oa = a.tipoc1) as `CAMPO3N`, \n               (select nombre from tag_agf b where b.ID_TAG_AGF = a.campo4 and b.oa = a.tipoc1) as `CAMPO4N`, \n               (select nombre from tag_agf b where b.ID_TAG_AGF = a.campo5 and b.oa = a.tipoc1) as `CAMPO5N`,\n               `CAMPO1`,\n               `CAMPO2`,\n               `CAMPO3`,\n               `CAMPO4`,\n               `CAMPO5`,\n               `tipoc1`, `tipoc2`, `tipoc3`, `tipoc4`, `tipoc5`, `FORMULA`, \n               `cod1`, `cod2`, `cod3`, `cod4`, `cod5`, a.`id_indice_financiero`, a.`num_formula` ,\n               CASE when x.id_formula IS NULL THEN 0 ELSE 1 END\n				  as selected\n               FROM `formulas` a LEFT JOIN empresa_indice x\n					ON x.id_indice_financiero = a.id_indice_financiero \n						AND x.id_formula = a.id_formula\n						AND x.id_empresa = 1\n               WHERE a.id_indice_financiero = 2\n					;'),
('SELECT a.`ID_FORMULA`, \n               (select nombre from tag_agf b where b.ID_TAG_AGF = a.campo1 and b.oa = a.tipoc1) as `CAMPO1N`, \n               (select nombre from tag_agf b where b.ID_TAG_AGF = a.campo2 and b.oa = a.tipoc1) as `CAMPO2N`, \n               (select nombre from tag_agf b where b.ID_TAG_AGF = a.campo3 and b.oa = a.tipoc1) as `CAMPO3N`, \n               (select nombre from tag_agf b where b.ID_TAG_AGF = a.campo4 and b.oa = a.tipoc1) as `CAMPO4N`, \n               (select nombre from tag_agf b where b.ID_TAG_AGF = a.campo5 and b.oa = a.tipoc1) as `CAMPO5N`,\n               `CAMPO1`,\n               `CAMPO2`,\n               `CAMPO3`,\n               `CAMPO4`,\n               `CAMPO5`,\n               `tipoc1`, `tipoc2`, `tipoc3`, `tipoc4`, `tipoc5`, `FORMULA`, \n               `cod1`, `cod2`, `cod3`, `cod4`, `cod5`, a.`id_indice_financiero`, a.`num_formula` ,\n               CASE when x.id_formula IS NULL THEN 0 ELSE 1 END\n				  as selected\n               FROM `formulas` a LEFT JOIN empresa_indice x\n					ON x.id_indice_financiero = a.id_indice_financiero \n						AND x.id_formula = a.id_formula\n						AND x.id_empresa = 1\n               WHERE a.id_indice_financiero = 2\n					;'),
('SELECT a.id_indice_financiero, a.nombre, c.id_empresa, c.RSO, 0, ID_GRUPO_INDICE_FINANCIERO\n				FROM indices_financieros a inner join \n					 indice_empresa b on id_indice_financiero = id_indice inner join \n					 empresas c on b.id_empresa = c.id_empresa\n				WHERE b.tipo = 0					\n				UNION\n				SELECT a.id_indice_financiero, a.nombre, c.id_subgrupo, c.nombre, 1,ID_GRUPO_INDICE_FINANCIERO\n				FROM indices_financieros a inner join \n					 indice_empresa b on a.id_indice_financiero = b.id_indice inner join \n					 subgrupos c on b.id_empresa = c.id_subgrupo\n				WHERE b.tipo <> 0\n				ORDER BY 1;'),
('6'),
('SELECT a.id_indice_financiero, a.nombre, c.id_empresa, c.RSO, 0, ID_GRUPO_INDICE_FINANCIERO\n				FROM indices_financieros a inner join \n					 indice_empresa b on id_indice_financiero = id_indice inner join \n					 empresas c on b.id_empresa = c.id_empresa\n				WHERE b.tipo = 0					\n				UNION\n				SELECT a.id_indice_financiero, a.nombre, c.id_subgrupo, c.nombre, 1,ID_GRUPO_INDICE_FINANCIERO\n				FROM indices_financieros a inner join \n					 indice_empresa b on a.id_indice_financiero = b.id_indice inner join \n					 subgrupos c on b.id_empresa = c.id_subgrupo\n				WHERE b.tipo <> 0\n				ORDER BY 1;'),
('6'),
('SELECT a.ID_INDICE_FINANCIERO,a.id_formula,NOMBRE, DESCRIPCION, formula, decimales, ID_GRUPO_INDICE_FINANCIERO, formula_desc, rango_superior, rango_inferior,rangos_desc,\n							campo1, campo2, campo3, campo4, campo5\n	                	                    FROM indices_financieros a, formulas b\n	                	                    WHERE a.id_formula = b.id_formula'),
('SELECT a.`ID_FORMULA`, \n               (select nombre from tag_agf b where b.ID_TAG_AGF = a.campo1 and b.oa = a.tipoc1) as `CAMPO1N`, \n               (select nombre from tag_agf b where b.ID_TAG_AGF = a.campo2 and b.oa = a.tipoc1) as `CAMPO2N`, \n               (select nombre from tag_agf b where b.ID_TAG_AGF = a.campo3 and b.oa = a.tipoc1) as `CAMPO3N`, \n               (select nombre from tag_agf b where b.ID_TAG_AGF = a.campo4 and b.oa = a.tipoc1) as `CAMPO4N`, \n               (select nombre from tag_agf b where b.ID_TAG_AGF = a.campo5 and b.oa = a.tipoc1) as `CAMPO5N`,\n               `CAMPO1`,\n               `CAMPO2`,\n               `CAMPO3`,\n               `CAMPO4`,\n               `CAMPO5`,\n               `tipoc1`, `tipoc2`, `tipoc3`, `tipoc4`, `tipoc5`, `FORMULA`, \n               `cod1`, `cod2`, `cod3`, `cod4`, `cod5`, a.`id_indice_financiero`, a.`num_formula` ,\n               CASE when x.id_formula IS NULL THEN 0 ELSE 1 END\n				  as selected\n               FROM `formulas` a LEFT JOIN empresa_indice x\n					ON x.id_indice_financiero = a.id_indice_financiero \n						AND x.id_formula = a.id_formula\n						AND x.id_empresa = 1\n               WHERE a.id_indice_financiero = 2\n					;'),
('SELECT a.id_indice_financiero, a.nombre, c.id_empresa, c.RSO, 0, ID_GRUPO_INDICE_FINANCIERO\n				FROM indices_financieros a inner join \n					 indice_empresa b on id_indice_financiero = id_indice inner join \n					 empresas c on b.id_empresa = c.id_empresa\n				WHERE b.tipo = 0					\n				UNION\n				SELECT a.id_indice_financiero, a.nombre, c.id_subgrupo, c.nombre, 1,ID_GRUPO_INDICE_FINANCIERO\n				FROM indices_financieros a inner join \n					 indice_empresa b on a.id_indice_financiero = b.id_indice inner join \n					 subgrupos c on b.id_empresa = c.id_subgrupo\n				WHERE b.tipo <> 0\n				ORDER BY 1;'),
('6'),
('SELECT a.id_indice_financiero, a.nombre, c.id_empresa, c.RSO, 0, ID_GRUPO_INDICE_FINANCIERO\n				FROM indices_financieros a inner join \n					 indice_empresa b on id_indice_financiero = id_indice inner join \n					 empresas c on b.id_empresa = c.id_empresa\n				WHERE b.tipo = 0					\n				UNION\n				SELECT a.id_indice_financiero, a.nombre, c.id_subgrupo, c.nombre, 1,ID_GRUPO_INDICE_FINANCIERO\n				FROM indices_financieros a inner join \n					 indice_empresa b on a.id_indice_financiero = b.id_indice inner join \n					 subgrupos c on b.id_empresa = c.id_subgrupo\n				WHERE b.tipo <> 0\n				ORDER BY 1;'),
('6'),
('SELECT a.ID_INDICE_FINANCIERO,a.id_formula,NOMBRE, DESCRIPCION, formula, decimales, ID_GRUPO_INDICE_FINANCIERO, formula_desc, rango_superior, rango_inferior,rangos_desc,\n							campo1, campo2, campo3, campo4, campo5\n	                	                    FROM indices_financieros a, formulas b\n	                	                    WHERE a.id_formula = b.id_formula'),
('SELECT a.`ID_FORMULA`, \n               (select nombre from tag_agf b where b.ID_TAG_AGF = a.campo1 and b.oa = a.tipoc1) as `CAMPO1N`, \n               (select nombre from tag_agf b where b.ID_TAG_AGF = a.campo2 and b.oa = a.tipoc1) as `CAMPO2N`, \n               (select nombre from tag_agf b where b.ID_TAG_AGF = a.campo3 and b.oa = a.tipoc1) as `CAMPO3N`, \n               (select nombre from tag_agf b where b.ID_TAG_AGF = a.campo4 and b.oa = a.tipoc1) as `CAMPO4N`, \n               (select nombre from tag_agf b where b.ID_TAG_AGF = a.campo5 and b.oa = a.tipoc1) as `CAMPO5N`,\n               `CAMPO1`,\n               `CAMPO2`,\n               `CAMPO3`,\n               `CAMPO4`,\n               `CAMPO5`,\n               `tipoc1`, `tipoc2`, `tipoc3`, `tipoc4`, `tipoc5`, `FORMULA`, \n               `cod1`, `cod2`, `cod3`, `cod4`, `cod5`, a.`id_indice_financiero`, a.`num_formula` ,\n               CASE when x.id_formula IS NULL THEN 0 ELSE 1 END\n				  as selected\n               FROM `formulas` a LEFT JOIN empresa_indice x\n					ON x.id_indice_financiero = a.id_indice_financiero \n						AND x.id_formula = a.id_formula\n						AND x.id_empresa = 1\n               WHERE a.id_indice_financiero = 2\n					;'),
('SELECT a.id_indice_financiero, a.nombre, c.id_empresa, c.RSO, 0, ID_GRUPO_INDICE_FINANCIERO\n				FROM indices_financieros a inner join \n					 indice_empresa b on id_indice_financiero = id_indice inner join \n					 empresas c on b.id_empresa = c.id_empresa\n				WHERE b.tipo = 0					\n				UNION\n				SELECT a.id_indice_financiero, a.nombre, c.id_subgrupo, c.nombre, 1,ID_GRUPO_INDICE_FINANCIERO\n				FROM indices_financieros a inner join \n					 indice_empresa b on a.id_indice_financiero = b.id_indice inner join \n					 subgrupos c on b.id_empresa = c.id_subgrupo\n				WHERE b.tipo <> 0\n				ORDER BY 1;'),
('6'),
('SELECT a.id_indice_financiero, a.nombre, c.id_empresa, c.RSO, 0, ID_GRUPO_INDICE_FINANCIERO\n				FROM indices_financieros a inner join \n					 indice_empresa b on id_indice_financiero = id_indice inner join \n					 empresas c on b.id_empresa = c.id_empresa\n				WHERE b.tipo = 0					\n				UNION\n				SELECT a.id_indice_financiero, a.nombre, c.id_subgrupo, c.nombre, 1,ID_GRUPO_INDICE_FINANCIERO\n				FROM indices_financieros a inner join \n					 indice_empresa b on a.id_indice_financiero = b.id_indice inner join \n					 subgrupos c on b.id_empresa = c.id_subgrupo\n				WHERE b.tipo <> 0\n				ORDER BY 1;'),
('6'),
('SELECT a.ID_INDICE_FINANCIERO,a.id_formula,NOMBRE, DESCRIPCION, formula, decimales, ID_GRUPO_INDICE_FINANCIERO, formula_desc, rango_superior, rango_inferior,rangos_desc,\n							campo1, campo2, campo3, campo4, campo5\n	                	                    FROM indices_financieros a, formulas b\n	                	                    WHERE a.id_formula = b.id_formula'),
('SELECT a.`ID_FORMULA`, \n               (select nombre from tag_agf b where b.ID_TAG_AGF = a.campo1 and b.oa = a.tipoc1) as `CAMPO1N`, \n               (select nombre from tag_agf b where b.ID_TAG_AGF = a.campo2 and b.oa = a.tipoc1) as `CAMPO2N`, \n               (select nombre from tag_agf b where b.ID_TAG_AGF = a.campo3 and b.oa = a.tipoc1) as `CAMPO3N`, \n               (select nombre from tag_agf b where b.ID_TAG_AGF = a.campo4 and b.oa = a.tipoc1) as `CAMPO4N`, \n               (select nombre from tag_agf b where b.ID_TAG_AGF = a.campo5 and b.oa = a.tipoc1) as `CAMPO5N`,\n               `CAMPO1`,\n               `CAMPO2`,\n               `CAMPO3`,\n               `CAMPO4`,\n               `CAMPO5`,\n               `tipoc1`, `tipoc2`, `tipoc3`, `tipoc4`, `tipoc5`, `FORMULA`, \n               `cod1`, `cod2`, `cod3`, `cod4`, `cod5`, a.`id_indice_financiero`, a.`num_formula` ,\n               CASE when x.id_formula IS NULL THEN 0 ELSE 1 END\n				  as selected\n               FROM `formulas` a LEFT JOIN empresa_indice x\n					ON x.id_indice_financiero = a.id_indice_financiero \n						AND x.id_formula = a.id_formula\n						AND x.id_empresa = 1\n               WHERE a.id_indice_financiero = 2\n					;'),
('SELECT a.id_indice_financiero, a.nombre, c.id_empresa, c.RSO, 0, ID_GRUPO_INDICE_FINANCIERO\n				FROM indices_financieros a inner join \n					 indice_empresa b on id_indice_financiero = id_indice inner join \n					 empresas c on b.id_empresa = c.id_empresa\n				WHERE b.tipo = 0					\n				UNION\n				SELECT a.id_indice_financiero, a.nombre, c.id_subgrupo, c.nombre, 1,ID_GRUPO_INDICE_FINANCIERO\n				FROM indices_financieros a inner join \n					 indice_empresa b on a.id_indice_financiero = b.id_indice inner join \n					 subgrupos c on b.id_empresa = c.id_subgrupo\n				WHERE b.tipo <> 0\n				ORDER BY 1;'),
('6'),
('SELECT a.id_indice_financiero, a.nombre, c.id_empresa, c.RSO, 0, ID_GRUPO_INDICE_FINANCIERO\n				FROM indices_financieros a inner join \n					 indice_empresa b on id_indice_financiero = id_indice inner join \n					 empresas c on b.id_empresa = c.id_empresa\n				WHERE b.tipo = 0					\n				UNION\n				SELECT a.id_indice_financiero, a.nombre, c.id_subgrupo, c.nombre, 1,ID_GRUPO_INDICE_FINANCIERO\n				FROM indices_financieros a inner join \n					 indice_empresa b on a.id_indice_financiero = b.id_indice inner join \n					 subgrupos c on b.id_empresa = c.id_subgrupo\n				WHERE b.tipo <> 0\n				ORDER BY 1;'),
('6'),
('SELECT a.ID_INDICE_FINANCIERO,a.id_formula,NOMBRE, DESCRIPCION, formula, decimales, ID_GRUPO_INDICE_FINANCIERO, formula_desc, rango_superior, rango_inferior,rangos_desc,\n							campo1, campo2, campo3, campo4, campo5\n	                	                    FROM indices_financieros a, formulas b\n	                	                    WHERE a.id_formula = b.id_formula'),
('SELECT a.`ID_FORMULA`, \n               (select nombre from tag_agf b where b.ID_TAG_AGF = a.campo1 and b.oa = a.tipoc1) as `CAMPO1N`, \n               (select nombre from tag_agf b where b.ID_TAG_AGF = a.campo2 and b.oa = a.tipoc1) as `CAMPO2N`, \n               (select nombre from tag_agf b where b.ID_TAG_AGF = a.campo3 and b.oa = a.tipoc1) as `CAMPO3N`, \n               (select nombre from tag_agf b where b.ID_TAG_AGF = a.campo4 and b.oa = a.tipoc1) as `CAMPO4N`, \n               (select nombre from tag_agf b where b.ID_TAG_AGF = a.campo5 and b.oa = a.tipoc1) as `CAMPO5N`,\n               `CAMPO1`,\n               `CAMPO2`,\n               `CAMPO3`,\n               `CAMPO4`,\n               `CAMPO5`,\n               `tipoc1`, `tipoc2`, `tipoc3`, `tipoc4`, `tipoc5`, `FORMULA`, \n               `cod1`, `cod2`, `cod3`, `cod4`, `cod5`, a.`id_indice_financiero`, a.`num_formula` ,\n               CASE when x.id_formula IS NULL THEN 0 ELSE 1 END\n				  as selected\n               FROM `formulas` a LEFT JOIN empresa_indice x\n					ON x.id_indice_financiero = a.id_indice_financiero \n						AND x.id_formula = a.id_formula\n						AND x.id_empresa = 1\n               WHERE a.id_indice_financiero = 2\n					;'),
('SELECT a.id_indice_financiero, a.nombre, c.id_empresa, c.RSO, 0, ID_GRUPO_INDICE_FINANCIERO\n				FROM indices_financieros a inner join \n					 indice_empresa b on id_indice_financiero = id_indice inner join \n					 empresas c on b.id_empresa = c.id_empresa\n				WHERE b.tipo = 0					\n				UNION\n				SELECT a.id_indice_financiero, a.nombre, c.id_subgrupo, c.nombre, 1,ID_GRUPO_INDICE_FINANCIERO\n				FROM indices_financieros a inner join \n					 indice_empresa b on a.id_indice_financiero = b.id_indice inner join \n					 subgrupos c on b.id_empresa = c.id_subgrupo\n				WHERE b.tipo <> 0\n				ORDER BY 1;'),
('6'),
('SELECT a.id_indice_financiero, a.nombre, c.id_empresa, c.RSO, 0, ID_GRUPO_INDICE_FINANCIERO\n				FROM indices_financieros a inner join \n					 indice_empresa b on id_indice_financiero = id_indice inner join \n					 empresas c on b.id_empresa = c.id_empresa\n				WHERE b.tipo = 0					\n				UNION\n				SELECT a.id_indice_financiero, a.nombre, c.id_subgrupo, c.nombre, 1,ID_GRUPO_INDICE_FINANCIERO\n				FROM indices_financieros a inner join \n					 indice_empresa b on a.id_indice_financiero = b.id_indice inner join \n					 subgrupos c on b.id_empresa = c.id_subgrupo\n				WHERE b.tipo <> 0\n				ORDER BY 1;'),
('6'),
('SELECT a.ID_INDICE_FINANCIERO,a.id_formula,NOMBRE, DESCRIPCION, formula, decimales, ID_GRUPO_INDICE_FINANCIERO, formula_desc, rango_superior, rango_inferior,rangos_desc,\n							campo1, campo2, campo3, campo4, campo5\n	                	                    FROM indices_financieros a, formulas b\n	                	                    WHERE a.id_formula = b.id_formula'),
('SELECT a.`ID_FORMULA`, \n               (select nombre from tag_agf b where b.ID_TAG_AGF = a.campo1 and b.oa = a.tipoc1) as `CAMPO1N`, \n               (select nombre from tag_agf b where b.ID_TAG_AGF = a.campo2 and b.oa = a.tipoc1) as `CAMPO2N`, \n               (select nombre from tag_agf b where b.ID_TAG_AGF = a.campo3 and b.oa = a.tipoc1) as `CAMPO3N`, \n               (select nombre from tag_agf b where b.ID_TAG_AGF = a.campo4 and b.oa = a.tipoc1) as `CAMPO4N`, \n               (select nombre from tag_agf b where b.ID_TAG_AGF = a.campo5 and b.oa = a.tipoc1) as `CAMPO5N`,\n               `CAMPO1`,\n               `CAMPO2`,\n               `CAMPO3`,\n               `CAMPO4`,\n               `CAMPO5`,\n               `tipoc1`, `tipoc2`, `tipoc3`, `tipoc4`, `tipoc5`, `FORMULA`, \n               `cod1`, `cod2`, `cod3`, `cod4`, `cod5`, a.`id_indice_financiero`, a.`num_formula` ,\n               CASE when x.id_formula IS NULL THEN 0 ELSE 1 END\n				  as selected\n               FROM `formulas` a LEFT JOIN empresa_indice x\n					ON x.id_indice_financiero = a.id_indice_financiero \n						AND x.id_formula = a.id_formula\n						AND x.id_empresa = 1\n               WHERE a.id_indice_financiero = 2\n					;'),
('SELECT a.id_indice_financiero, a.nombre, c.id_empresa, c.RSO, 0, ID_GRUPO_INDICE_FINANCIERO\n				FROM indices_financieros a inner join \n					 indice_empresa b on id_indice_financiero = id_indice inner join \n					 empresas c on b.id_empresa = c.id_empresa\n				WHERE b.tipo = 0					\n				UNION\n				SELECT a.id_indice_financiero, a.nombre, c.id_subgrupo, c.nombre, 1,ID_GRUPO_INDICE_FINANCIERO\n				FROM indices_financieros a inner join \n					 indice_empresa b on a.id_indice_financiero = b.id_indice inner join \n					 subgrupos c on b.id_empresa = c.id_subgrupo\n				WHERE b.tipo <> 0\n				ORDER BY 1;'),
('6');
INSERT INTO `log` (`datos`) VALUES
('SELECT a.id_indice_financiero, a.nombre, c.id_empresa, c.RSO, 0, ID_GRUPO_INDICE_FINANCIERO\n				FROM indices_financieros a inner join \n					 indice_empresa b on id_indice_financiero = id_indice inner join \n					 empresas c on b.id_empresa = c.id_empresa\n				WHERE b.tipo = 0					\n				UNION\n				SELECT a.id_indice_financiero, a.nombre, c.id_subgrupo, c.nombre, 1,ID_GRUPO_INDICE_FINANCIERO\n				FROM indices_financieros a inner join \n					 indice_empresa b on a.id_indice_financiero = b.id_indice inner join \n					 subgrupos c on b.id_empresa = c.id_subgrupo\n				WHERE b.tipo <> 0\n				ORDER BY 1;'),
('6'),
('SELECT a.ID_INDICE_FINANCIERO,a.id_formula,NOMBRE, DESCRIPCION, formula, decimales, ID_GRUPO_INDICE_FINANCIERO, formula_desc, rango_superior, rango_inferior,rangos_desc,\n							campo1, campo2, campo3, campo4, campo5\n	                	                    FROM indices_financieros a, formulas b\n	                	                    WHERE a.id_formula = b.id_formula'),
('SELECT a.`ID_FORMULA`, \n               (select nombre from tag_agf b where b.ID_TAG_AGF = a.campo1 and b.oa = a.tipoc1) as `CAMPO1N`, \n               (select nombre from tag_agf b where b.ID_TAG_AGF = a.campo2 and b.oa = a.tipoc1) as `CAMPO2N`, \n               (select nombre from tag_agf b where b.ID_TAG_AGF = a.campo3 and b.oa = a.tipoc1) as `CAMPO3N`, \n               (select nombre from tag_agf b where b.ID_TAG_AGF = a.campo4 and b.oa = a.tipoc1) as `CAMPO4N`, \n               (select nombre from tag_agf b where b.ID_TAG_AGF = a.campo5 and b.oa = a.tipoc1) as `CAMPO5N`,\n               `CAMPO1`,\n               `CAMPO2`,\n               `CAMPO3`,\n               `CAMPO4`,\n               `CAMPO5`,\n               `tipoc1`, `tipoc2`, `tipoc3`, `tipoc4`, `tipoc5`, `FORMULA`, \n               `cod1`, `cod2`, `cod3`, `cod4`, `cod5`, a.`id_indice_financiero`, a.`num_formula` ,\n               CASE when x.id_formula IS NULL THEN 0 ELSE 1 END\n				  as selected\n               FROM `formulas` a LEFT JOIN empresa_indice x\n					ON x.id_indice_financiero = a.id_indice_financiero \n						AND x.id_formula = a.id_formula\n						AND x.id_empresa = 1\n               WHERE a.id_indice_financiero = 2\n					;'),
('SELECT a.id_indice_financiero, a.nombre, c.id_empresa, c.RSO, 0, ID_GRUPO_INDICE_FINANCIERO\n				FROM indices_financieros a inner join \n					 indice_empresa b on id_indice_financiero = id_indice inner join \n					 empresas c on b.id_empresa = c.id_empresa\n				WHERE b.tipo = 0					\n				UNION\n				SELECT a.id_indice_financiero, a.nombre, c.id_subgrupo, c.nombre, 1,ID_GRUPO_INDICE_FINANCIERO\n				FROM indices_financieros a inner join \n					 indice_empresa b on a.id_indice_financiero = b.id_indice inner join \n					 subgrupos c on b.id_empresa = c.id_subgrupo\n				WHERE b.tipo <> 0\n				ORDER BY 1;'),
('6'),
('SELECT a.id_indice_financiero, a.nombre, c.id_empresa, c.RSO, 0, ID_GRUPO_INDICE_FINANCIERO\n				FROM indices_financieros a inner join \n					 indice_empresa b on id_indice_financiero = id_indice inner join \n					 empresas c on b.id_empresa = c.id_empresa\n				WHERE b.tipo = 0					\n				UNION\n				SELECT a.id_indice_financiero, a.nombre, c.id_subgrupo, c.nombre, 1,ID_GRUPO_INDICE_FINANCIERO\n				FROM indices_financieros a inner join \n					 indice_empresa b on a.id_indice_financiero = b.id_indice inner join \n					 subgrupos c on b.id_empresa = c.id_subgrupo\n				WHERE b.tipo <> 0\n				ORDER BY 1;'),
('6'),
('Array\n(\n    [0] => Array\n        (\n            [ID_GRUPO_INDICE_FINANCIERO] => 1\n            [nombre] => Demo\n            [descripcion] => 0\n        )\n\n)\n'),
('SELECT a.ID_INDICE_FINANCIERO,a.id_formula,NOMBRE, DESCRIPCION, formula, decimales, ID_GRUPO_INDICE_FINANCIERO, formula_desc, rango_superior, rango_inferior,rangos_desc,\n							campo1, campo2, campo3, campo4, campo5\n	                	                    FROM indices_financieros a, formulas b\n	                	                    WHERE a.id_formula = b.id_formula'),
('SELECT a.`ID_FORMULA`, \n               (select nombre from tag_agf b where b.ID_TAG_AGF = a.campo1 and b.oa = a.tipoc1) as `CAMPO1N`, \n               (select nombre from tag_agf b where b.ID_TAG_AGF = a.campo2 and b.oa = a.tipoc1) as `CAMPO2N`, \n               (select nombre from tag_agf b where b.ID_TAG_AGF = a.campo3 and b.oa = a.tipoc1) as `CAMPO3N`, \n               (select nombre from tag_agf b where b.ID_TAG_AGF = a.campo4 and b.oa = a.tipoc1) as `CAMPO4N`, \n               (select nombre from tag_agf b where b.ID_TAG_AGF = a.campo5 and b.oa = a.tipoc1) as `CAMPO5N`,\n               `CAMPO1`,\n               `CAMPO2`,\n               `CAMPO3`,\n               `CAMPO4`,\n               `CAMPO5`,\n               `tipoc1`, `tipoc2`, `tipoc3`, `tipoc4`, `tipoc5`, `FORMULA`, \n               `cod1`, `cod2`, `cod3`, `cod4`, `cod5`, a.`id_indice_financiero`, a.`num_formula` ,\n               CASE when x.id_formula IS NULL THEN 0 ELSE 1 END\n				  as selected\n               FROM `formulas` a LEFT JOIN empresa_indice x\n					ON x.id_indice_financiero = a.id_indice_financiero \n						AND x.id_formula = a.id_formula\n						AND x.id_empresa = 1\n               WHERE a.id_indice_financiero = 2\n					;'),
('SELECT a.id_indice_financiero, a.nombre, c.id_empresa, c.RSO, 0, ID_GRUPO_INDICE_FINANCIERO\n				FROM indices_financieros a inner join \n					 indice_empresa b on id_indice_financiero = id_indice inner join \n					 empresas c on b.id_empresa = c.id_empresa\n				WHERE b.tipo = 0					\n				UNION\n				SELECT a.id_indice_financiero, a.nombre, c.id_subgrupo, c.nombre, 1,ID_GRUPO_INDICE_FINANCIERO\n				FROM indices_financieros a inner join \n					 indice_empresa b on a.id_indice_financiero = b.id_indice inner join \n					 subgrupos c on b.id_empresa = c.id_subgrupo\n				WHERE b.tipo <> 0\n				ORDER BY 1;'),
('6'),
('SELECT a.id_indice_financiero, a.nombre, c.id_empresa, c.RSO, 0, ID_GRUPO_INDICE_FINANCIERO\n				FROM indices_financieros a inner join \n					 indice_empresa b on id_indice_financiero = id_indice inner join \n					 empresas c on b.id_empresa = c.id_empresa\n				WHERE b.tipo = 0					\n				UNION\n				SELECT a.id_indice_financiero, a.nombre, c.id_subgrupo, c.nombre, 1,ID_GRUPO_INDICE_FINANCIERO\n				FROM indices_financieros a inner join \n					 indice_empresa b on a.id_indice_financiero = b.id_indice inner join \n					 subgrupos c on b.id_empresa = c.id_subgrupo\n				WHERE b.tipo <> 0\n				ORDER BY 1;'),
('6'),
('SELECT a.ID_INDICE_FINANCIERO,a.id_formula,NOMBRE, DESCRIPCION, formula, decimales, ID_GRUPO_INDICE_FINANCIERO, formula_desc, rango_superior, rango_inferior,rangos_desc,\n							campo1, campo2, campo3, campo4, campo5\n	                	                    FROM indices_financieros a, formulas b\n	                	                    WHERE a.id_formula = b.id_formula'),
('SELECT a.ID_INDICE_FINANCIERO,a.id_formula,NOMBRE, DESCRIPCION, formula, decimales, ID_GRUPO_INDICE_FINANCIERO, formula_desc, rango_superior, rango_inferior,rangos_desc,\n							campo1, campo2, campo3, campo4, campo5\n	                	                    FROM indices_financieros a, formulas b\n	                	                    WHERE a.id_formula = b.id_formula'),
('SELECT a.`ID_FORMULA`, \n               (select nombre from tag_agf b where b.ID_TAG_AGF = a.campo1 and b.oa = a.tipoc1) as `CAMPO1N`, \n               (select nombre from tag_agf b where b.ID_TAG_AGF = a.campo2 and b.oa = a.tipoc1) as `CAMPO2N`, \n               (select nombre from tag_agf b where b.ID_TAG_AGF = a.campo3 and b.oa = a.tipoc1) as `CAMPO3N`, \n               (select nombre from tag_agf b where b.ID_TAG_AGF = a.campo4 and b.oa = a.tipoc1) as `CAMPO4N`, \n               (select nombre from tag_agf b where b.ID_TAG_AGF = a.campo5 and b.oa = a.tipoc1) as `CAMPO5N`,\n               `CAMPO1`,\n               `CAMPO2`,\n               `CAMPO3`,\n               `CAMPO4`,\n               `CAMPO5`,\n               `tipoc1`, `tipoc2`, `tipoc3`, `tipoc4`, `tipoc5`, `FORMULA`, \n               `cod1`, `cod2`, `cod3`, `cod4`, `cod5`, a.`id_indice_financiero`, a.`num_formula` ,\n               CASE when x.id_formula IS NULL THEN 0 ELSE 1 END\n				  as selected\n               FROM `formulas` a LEFT JOIN empresa_indice x\n					ON x.id_indice_financiero = a.id_indice_financiero \n						AND x.id_formula = a.id_formula\n						AND x.id_empresa = 1\n               WHERE a.id_indice_financiero = 2\n					;'),
('SELECT a.id_indice_financiero, a.nombre, c.id_empresa, c.RSO, 0, ID_GRUPO_INDICE_FINANCIERO\n				FROM indices_financieros a inner join \n					 indice_empresa b on id_indice_financiero = id_indice inner join \n					 empresas c on b.id_empresa = c.id_empresa\n				WHERE b.tipo = 0					\n				UNION\n				SELECT a.id_indice_financiero, a.nombre, c.id_subgrupo, c.nombre, 1,ID_GRUPO_INDICE_FINANCIERO\n				FROM indices_financieros a inner join \n					 indice_empresa b on a.id_indice_financiero = b.id_indice inner join \n					 subgrupos c on b.id_empresa = c.id_subgrupo\n				WHERE b.tipo <> 0\n				ORDER BY 1;'),
('6'),
('SELECT a.id_indice_financiero, a.nombre, c.id_empresa, c.RSO, 0, ID_GRUPO_INDICE_FINANCIERO\n				FROM indices_financieros a inner join \n					 indice_empresa b on id_indice_financiero = id_indice inner join \n					 empresas c on b.id_empresa = c.id_empresa\n				WHERE b.tipo = 0					\n				UNION\n				SELECT a.id_indice_financiero, a.nombre, c.id_subgrupo, c.nombre, 1,ID_GRUPO_INDICE_FINANCIERO\n				FROM indices_financieros a inner join \n					 indice_empresa b on a.id_indice_financiero = b.id_indice inner join \n					 subgrupos c on b.id_empresa = c.id_subgrupo\n				WHERE b.tipo <> 0\n				ORDER BY 1;'),
('6'),
('SELECT a.ID_INDICE_FINANCIERO,a.id_formula,NOMBRE, DESCRIPCION, formula, decimales, ID_GRUPO_INDICE_FINANCIERO, formula_desc, rango_superior, rango_inferior,rangos_desc,\n							campo1, campo2, campo3, campo4, campo5\n	                	                    FROM indices_financieros a, formulas b\n	                	                    WHERE a.id_formula = b.id_formula'),
('SELECT a.`ID_FORMULA`, \n               (select nombre from tag_agf b where b.ID_TAG_AGF = a.campo1 and b.oa = a.tipoc1) as `CAMPO1N`, \n               (select nombre from tag_agf b where b.ID_TAG_AGF = a.campo2 and b.oa = a.tipoc1) as `CAMPO2N`, \n               (select nombre from tag_agf b where b.ID_TAG_AGF = a.campo3 and b.oa = a.tipoc1) as `CAMPO3N`, \n               (select nombre from tag_agf b where b.ID_TAG_AGF = a.campo4 and b.oa = a.tipoc1) as `CAMPO4N`, \n               (select nombre from tag_agf b where b.ID_TAG_AGF = a.campo5 and b.oa = a.tipoc1) as `CAMPO5N`,\n               `CAMPO1`,\n               `CAMPO2`,\n               `CAMPO3`,\n               `CAMPO4`,\n               `CAMPO5`,\n               `tipoc1`, `tipoc2`, `tipoc3`, `tipoc4`, `tipoc5`, `FORMULA`, \n               `cod1`, `cod2`, `cod3`, `cod4`, `cod5`, a.`id_indice_financiero`, a.`num_formula` ,\n               CASE when x.id_formula IS NULL THEN 0 ELSE 1 END\n				  as selected\n               FROM `formulas` a LEFT JOIN empresa_indice x\n					ON x.id_indice_financiero = a.id_indice_financiero \n						AND x.id_formula = a.id_formula\n						AND x.id_empresa = 1\n               WHERE a.id_indice_financiero = 2\n					;'),
('SELECT a.id_indice_financiero, a.nombre, c.id_empresa, c.RSO, 0, ID_GRUPO_INDICE_FINANCIERO\n				FROM indices_financieros a inner join \n					 indice_empresa b on id_indice_financiero = id_indice inner join \n					 empresas c on b.id_empresa = c.id_empresa\n				WHERE b.tipo = 0					\n				UNION\n				SELECT a.id_indice_financiero, a.nombre, c.id_subgrupo, c.nombre, 1,ID_GRUPO_INDICE_FINANCIERO\n				FROM indices_financieros a inner join \n					 indice_empresa b on a.id_indice_financiero = b.id_indice inner join \n					 subgrupos c on b.id_empresa = c.id_subgrupo\n				WHERE b.tipo <> 0\n				ORDER BY 1;'),
('6'),
('SELECT a.id_indice_financiero, a.nombre, c.id_empresa, c.RSO, 0, ID_GRUPO_INDICE_FINANCIERO\n				FROM indices_financieros a inner join \n					 indice_empresa b on id_indice_financiero = id_indice inner join \n					 empresas c on b.id_empresa = c.id_empresa\n				WHERE b.tipo = 0					\n				UNION\n				SELECT a.id_indice_financiero, a.nombre, c.id_subgrupo, c.nombre, 1,ID_GRUPO_INDICE_FINANCIERO\n				FROM indices_financieros a inner join \n					 indice_empresa b on a.id_indice_financiero = b.id_indice inner join \n					 subgrupos c on b.id_empresa = c.id_subgrupo\n				WHERE b.tipo <> 0\n				ORDER BY 1;'),
('6'),
('SELECT a.ID_INDICE_FINANCIERO,a.id_formula,NOMBRE, DESCRIPCION, formula, decimales, ID_GRUPO_INDICE_FINANCIERO, formula_desc, rango_superior, rango_inferior,rangos_desc,\n							campo1, campo2, campo3, campo4, campo5\n	                	                    FROM indices_financieros a, formulas b\n	                	                    WHERE a.id_formula = b.id_formula'),
('SELECT a.`ID_FORMULA`, \n               (select nombre from tag_agf b where b.ID_TAG_AGF = a.campo1 and b.oa = a.tipoc1) as `CAMPO1N`, \n               (select nombre from tag_agf b where b.ID_TAG_AGF = a.campo2 and b.oa = a.tipoc1) as `CAMPO2N`, \n               (select nombre from tag_agf b where b.ID_TAG_AGF = a.campo3 and b.oa = a.tipoc1) as `CAMPO3N`, \n               (select nombre from tag_agf b where b.ID_TAG_AGF = a.campo4 and b.oa = a.tipoc1) as `CAMPO4N`, \n               (select nombre from tag_agf b where b.ID_TAG_AGF = a.campo5 and b.oa = a.tipoc1) as `CAMPO5N`,\n               `CAMPO1`,\n               `CAMPO2`,\n               `CAMPO3`,\n               `CAMPO4`,\n               `CAMPO5`,\n               `tipoc1`, `tipoc2`, `tipoc3`, `tipoc4`, `tipoc5`, `FORMULA`, \n               `cod1`, `cod2`, `cod3`, `cod4`, `cod5`, a.`id_indice_financiero`, a.`num_formula` ,\n               CASE when x.id_formula IS NULL THEN '''' ELSE ''Activa'' END\n				  as selected\n               FROM `formulas` a LEFT JOIN empresa_indice x\n					ON x.id_indice_financiero = a.id_indice_financiero \n						AND x.id_formula = a.id_formula\n						AND x.id_empresa = 1\n               WHERE a.id_indice_financiero = 2\n					;'),
('SELECT a.`ID_FORMULA`, \n               (select nombre from tag_agf b where b.ID_TAG_AGF = a.campo1 and b.oa = a.tipoc1) as `CAMPO1N`, \n               (select nombre from tag_agf b where b.ID_TAG_AGF = a.campo2 and b.oa = a.tipoc1) as `CAMPO2N`, \n               (select nombre from tag_agf b where b.ID_TAG_AGF = a.campo3 and b.oa = a.tipoc1) as `CAMPO3N`, \n               (select nombre from tag_agf b where b.ID_TAG_AGF = a.campo4 and b.oa = a.tipoc1) as `CAMPO4N`, \n               (select nombre from tag_agf b where b.ID_TAG_AGF = a.campo5 and b.oa = a.tipoc1) as `CAMPO5N`,\n               `CAMPO1`,\n               `CAMPO2`,\n               `CAMPO3`,\n               `CAMPO4`,\n               `CAMPO5`,\n               `tipoc1`, `tipoc2`, `tipoc3`, `tipoc4`, `tipoc5`, `FORMULA`, \n               `cod1`, `cod2`, `cod3`, `cod4`, `cod5`, a.`id_indice_financiero`, a.`num_formula` ,\n               CASE when x.id_formula IS NULL THEN '''' ELSE ''Activa'' END\n				  as selected\n               FROM `formulas` a LEFT JOIN empresa_indice x\n					ON x.id_indice_financiero = a.id_indice_financiero \n						AND x.id_formula = a.id_formula\n						AND x.id_empresa = 2\n               WHERE a.id_indice_financiero = 2\n					;'),
('SELECT a.`ID_FORMULA`, \n               (select nombre from tag_agf b where b.ID_TAG_AGF = a.campo1 and b.oa = a.tipoc1) as `CAMPO1N`, \n               (select nombre from tag_agf b where b.ID_TAG_AGF = a.campo2 and b.oa = a.tipoc1) as `CAMPO2N`, \n               (select nombre from tag_agf b where b.ID_TAG_AGF = a.campo3 and b.oa = a.tipoc1) as `CAMPO3N`, \n               (select nombre from tag_agf b where b.ID_TAG_AGF = a.campo4 and b.oa = a.tipoc1) as `CAMPO4N`, \n               (select nombre from tag_agf b where b.ID_TAG_AGF = a.campo5 and b.oa = a.tipoc1) as `CAMPO5N`,\n               `CAMPO1`,\n               `CAMPO2`,\n               `CAMPO3`,\n               `CAMPO4`,\n               `CAMPO5`,\n               `tipoc1`, `tipoc2`, `tipoc3`, `tipoc4`, `tipoc5`, `FORMULA`, \n               `cod1`, `cod2`, `cod3`, `cod4`, `cod5`, a.`id_indice_financiero`, a.`num_formula` ,\n               CASE when x.id_formula IS NULL THEN '''' ELSE ''Activa'' END\n				  as selected\n               FROM `formulas` a LEFT JOIN empresa_indice x\n					ON x.id_indice_financiero = a.id_indice_financiero \n						AND x.id_formula = a.id_formula\n						AND x.id_empresa = 1\n               WHERE a.id_indice_financiero = 2\n					;'),
('UPDATE empresa_indice \n				SET num_formula = 1, \n					id_formula = 3 \n				Where id_indice_financiero = 2 \n					AND id_empresa = 1;'),
('SELECT a.id_indice_financiero, a.nombre, c.id_empresa, c.RSO, 0, ID_GRUPO_INDICE_FINANCIERO\n				FROM indices_financieros a inner join \n					 indice_empresa b on id_indice_financiero = id_indice inner join \n					 empresas c on b.id_empresa = c.id_empresa\n				WHERE b.tipo = 0					\n				UNION\n				SELECT a.id_indice_financiero, a.nombre, c.id_subgrupo, c.nombre, 1,ID_GRUPO_INDICE_FINANCIERO\n				FROM indices_financieros a inner join \n					 indice_empresa b on a.id_indice_financiero = b.id_indice inner join \n					 subgrupos c on b.id_empresa = c.id_subgrupo\n				WHERE b.tipo <> 0\n				ORDER BY 1;'),
('6'),
('SELECT a.id_indice_financiero, a.nombre, c.id_empresa, c.RSO, 0, ID_GRUPO_INDICE_FINANCIERO\n				FROM indices_financieros a inner join \n					 indice_empresa b on id_indice_financiero = id_indice inner join \n					 empresas c on b.id_empresa = c.id_empresa\n				WHERE b.tipo = 0					\n				UNION\n				SELECT a.id_indice_financiero, a.nombre, c.id_subgrupo, c.nombre, 1,ID_GRUPO_INDICE_FINANCIERO\n				FROM indices_financieros a inner join \n					 indice_empresa b on a.id_indice_financiero = b.id_indice inner join \n					 subgrupos c on b.id_empresa = c.id_subgrupo\n				WHERE b.tipo <> 0\n				ORDER BY 1;'),
('6'),
('SELECT a.id_indice_financiero, a.nombre, c.id_empresa, c.RSO, 0, ID_GRUPO_INDICE_FINANCIERO\n				FROM indices_financieros a inner join \n					 indice_empresa b on id_indice_financiero = id_indice inner join \n					 empresas c on b.id_empresa = c.id_empresa\n				WHERE b.tipo = 0					\n				UNION\n				SELECT a.id_indice_financiero, a.nombre, c.id_subgrupo, c.nombre, 1,ID_GRUPO_INDICE_FINANCIERO\n				FROM indices_financieros a inner join \n					 indice_empresa b on a.id_indice_financiero = b.id_indice inner join \n					 subgrupos c on b.id_empresa = c.id_subgrupo\n				WHERE b.tipo <> 0\n				ORDER BY 1;'),
('6'),
('SELECT a.id_indice_financiero, a.nombre, c.id_empresa, c.RSO, 0, ID_GRUPO_INDICE_FINANCIERO\n				FROM indices_financieros a inner join \n					 indice_empresa b on id_indice_financiero = id_indice inner join \n					 empresas c on b.id_empresa = c.id_empresa\n				WHERE b.tipo = 0					\n				UNION\n				SELECT a.id_indice_financiero, a.nombre, c.id_subgrupo, c.nombre, 1,ID_GRUPO_INDICE_FINANCIERO\n				FROM indices_financieros a inner join \n					 indice_empresa b on a.id_indice_financiero = b.id_indice inner join \n					 subgrupos c on b.id_empresa = c.id_subgrupo\n				WHERE b.tipo <> 0\n				ORDER BY 1;'),
('6'),
('SELECT a.ID_INDICE_FINANCIERO,a.id_formula,NOMBRE, DESCRIPCION, formula, decimales, ID_GRUPO_INDICE_FINANCIERO, formula_desc, rango_superior, rango_inferior,rangos_desc,\n							campo1, campo2, campo3, campo4, campo5\n	                	                    FROM indices_financieros a, formulas b\n	                	                    WHERE a.id_formula = b.id_formula'),
('SELECT a.`ID_FORMULA`, \n               (select nombre from tag_agf b where b.ID_TAG_AGF = a.campo1 and b.oa = a.tipoc1) as `CAMPO1N`, \n               (select nombre from tag_agf b where b.ID_TAG_AGF = a.campo2 and b.oa = a.tipoc1) as `CAMPO2N`, \n               (select nombre from tag_agf b where b.ID_TAG_AGF = a.campo3 and b.oa = a.tipoc1) as `CAMPO3N`, \n               (select nombre from tag_agf b where b.ID_TAG_AGF = a.campo4 and b.oa = a.tipoc1) as `CAMPO4N`, \n               (select nombre from tag_agf b where b.ID_TAG_AGF = a.campo5 and b.oa = a.tipoc1) as `CAMPO5N`,\n               `CAMPO1`,\n               `CAMPO2`,\n               `CAMPO3`,\n               `CAMPO4`,\n               `CAMPO5`,\n               `tipoc1`, `tipoc2`, `tipoc3`, `tipoc4`, `tipoc5`, `FORMULA`, \n               `cod1`, `cod2`, `cod3`, `cod4`, `cod5`, a.`id_indice_financiero`, a.`num_formula` ,\n               CASE when x.id_formula IS NULL THEN '''' ELSE ''Activa'' END\n				  as selected\n               FROM `formulas` a LEFT JOIN empresa_indice x\n					ON x.id_indice_financiero = a.id_indice_financiero \n						AND x.id_formula = a.id_formula\n						AND x.id_empresa = 2\n               WHERE a.id_indice_financiero = 2\n					;'),
('SELECT a.id_indice_financiero, a.nombre, c.id_empresa, c.RSO, 0, ID_GRUPO_INDICE_FINANCIERO\n				FROM indices_financieros a inner join \n					 indice_empresa b on id_indice_financiero = id_indice inner join \n					 empresas c on b.id_empresa = c.id_empresa\n				WHERE b.tipo = 0					\n				UNION\n				SELECT a.id_indice_financiero, a.nombre, c.id_subgrupo, c.nombre, 1,ID_GRUPO_INDICE_FINANCIERO\n				FROM indices_financieros a inner join \n					 indice_empresa b on a.id_indice_financiero = b.id_indice inner join \n					 subgrupos c on b.id_empresa = c.id_subgrupo\n				WHERE b.tipo <> 0\n				ORDER BY 1;'),
('6'),
('SELECT a.id_indice_financiero, a.nombre, c.id_empresa, c.RSO, 0, ID_GRUPO_INDICE_FINANCIERO\n				FROM indices_financieros a inner join \n					 indice_empresa b on id_indice_financiero = id_indice inner join \n					 empresas c on b.id_empresa = c.id_empresa\n				WHERE b.tipo = 0					\n				UNION\n				SELECT a.id_indice_financiero, a.nombre, c.id_subgrupo, c.nombre, 1,ID_GRUPO_INDICE_FINANCIERO\n				FROM indices_financieros a inner join \n					 indice_empresa b on a.id_indice_financiero = b.id_indice inner join \n					 subgrupos c on b.id_empresa = c.id_subgrupo\n				WHERE b.tipo <> 0\n				ORDER BY 1;'),
('6'),
('SELECT a.ID_INDICE_FINANCIERO,a.id_formula,NOMBRE, DESCRIPCION, formula, decimales, ID_GRUPO_INDICE_FINANCIERO, formula_desc, rango_superior, rango_inferior,rangos_desc,\n							campo1, campo2, campo3, campo4, campo5\n	                	                    FROM indices_financieros a, formulas b\n	                	                    WHERE a.id_formula = b.id_formula'),
('SELECT a.`ID_FORMULA`, \n               (select nombre from tag_agf b where b.ID_TAG_AGF = a.campo1 and b.oa = a.tipoc1) as `CAMPO1N`, \n               (select nombre from tag_agf b where b.ID_TAG_AGF = a.campo2 and b.oa = a.tipoc1) as `CAMPO2N`, \n               (select nombre from tag_agf b where b.ID_TAG_AGF = a.campo3 and b.oa = a.tipoc1) as `CAMPO3N`, \n               (select nombre from tag_agf b where b.ID_TAG_AGF = a.campo4 and b.oa = a.tipoc1) as `CAMPO4N`, \n               (select nombre from tag_agf b where b.ID_TAG_AGF = a.campo5 and b.oa = a.tipoc1) as `CAMPO5N`,\n               `CAMPO1`,\n               `CAMPO2`,\n               `CAMPO3`,\n               `CAMPO4`,\n               `CAMPO5`,\n               `tipoc1`, `tipoc2`, `tipoc3`, `tipoc4`, `tipoc5`, `FORMULA`, \n               `cod1`, `cod2`, `cod3`, `cod4`, `cod5`, a.`id_indice_financiero`, a.`num_formula` ,\n               CASE when x.id_formula IS NULL THEN '''' ELSE ''Activa'' END\n				  as selected\n               FROM `formulas` a LEFT JOIN empresa_indice x\n					ON x.id_indice_financiero = a.id_indice_financiero \n						AND x.id_formula = a.id_formula\n						AND x.id_empresa = 1\n               WHERE a.id_indice_financiero = 2\n					;'),
('SELECT a.`ID_FORMULA`, \n               (select nombre from tag_agf b where b.ID_TAG_AGF = a.campo1 and b.oa = a.tipoc1) as `CAMPO1N`, \n               (select nombre from tag_agf b where b.ID_TAG_AGF = a.campo2 and b.oa = a.tipoc1) as `CAMPO2N`, \n               (select nombre from tag_agf b where b.ID_TAG_AGF = a.campo3 and b.oa = a.tipoc1) as `CAMPO3N`, \n               (select nombre from tag_agf b where b.ID_TAG_AGF = a.campo4 and b.oa = a.tipoc1) as `CAMPO4N`, \n               (select nombre from tag_agf b where b.ID_TAG_AGF = a.campo5 and b.oa = a.tipoc1) as `CAMPO5N`,\n               `CAMPO1`,\n               `CAMPO2`,\n               `CAMPO3`,\n               `CAMPO4`,\n               `CAMPO5`,\n               `tipoc1`, `tipoc2`, `tipoc3`, `tipoc4`, `tipoc5`, `FORMULA`, \n               `cod1`, `cod2`, `cod3`, `cod4`, `cod5`, a.`id_indice_financiero`, a.`num_formula` ,\n               CASE when x.id_formula IS NULL THEN '''' ELSE ''Activa'' END\n				  as selected\n               FROM `formulas` a LEFT JOIN empresa_indice x\n					ON x.id_indice_financiero = a.id_indice_financiero \n						AND x.id_formula = a.id_formula\n						AND x.id_empresa = 2\n               WHERE a.id_indice_financiero = 2\n					;'),
('SELECT a.id_indice_financiero, a.nombre, c.id_empresa, c.RSO, 0, ID_GRUPO_INDICE_FINANCIERO\n				FROM indices_financieros a inner join \n					 indice_empresa b on id_indice_financiero = id_indice inner join \n					 empresas c on b.id_empresa = c.id_empresa\n				WHERE b.tipo = 0					\n				UNION\n				SELECT a.id_indice_financiero, a.nombre, c.id_subgrupo, c.nombre, 1,ID_GRUPO_INDICE_FINANCIERO\n				FROM indices_financieros a inner join \n					 indice_empresa b on a.id_indice_financiero = b.id_indice inner join \n					 subgrupos c on b.id_empresa = c.id_subgrupo\n				WHERE b.tipo <> 0\n				ORDER BY 1;'),
('6'),
('SELECT a.id_indice_financiero, a.nombre, c.id_empresa, c.RSO, 0, ID_GRUPO_INDICE_FINANCIERO\n				FROM indices_financieros a inner join \n					 indice_empresa b on id_indice_financiero = id_indice inner join \n					 empresas c on b.id_empresa = c.id_empresa\n				WHERE b.tipo = 0					\n				UNION\n				SELECT a.id_indice_financiero, a.nombre, c.id_subgrupo, c.nombre, 1,ID_GRUPO_INDICE_FINANCIERO\n				FROM indices_financieros a inner join \n					 indice_empresa b on a.id_indice_financiero = b.id_indice inner join \n					 subgrupos c on b.id_empresa = c.id_subgrupo\n				WHERE b.tipo <> 0\n				ORDER BY 1;'),
('6'),
('SELECT a.ID_INDICE_FINANCIERO,a.id_formula,NOMBRE, DESCRIPCION, formula, decimales, ID_GRUPO_INDICE_FINANCIERO, formula_desc, rango_superior, rango_inferior,rangos_desc,\n							campo1, campo2, campo3, campo4, campo5\n	                	                    FROM indices_financieros a, formulas b\n	                	                    WHERE a.id_formula = b.id_formula'),
('SELECT a.`ID_FORMULA`, \n               (select nombre from tag_agf b where b.ID_TAG_AGF = a.campo1 and b.oa = a.tipoc1) as `CAMPO1N`, \n               (select nombre from tag_agf b where b.ID_TAG_AGF = a.campo2 and b.oa = a.tipoc1) as `CAMPO2N`, \n               (select nombre from tag_agf b where b.ID_TAG_AGF = a.campo3 and b.oa = a.tipoc1) as `CAMPO3N`, \n               (select nombre from tag_agf b where b.ID_TAG_AGF = a.campo4 and b.oa = a.tipoc1) as `CAMPO4N`, \n               (select nombre from tag_agf b where b.ID_TAG_AGF = a.campo5 and b.oa = a.tipoc1) as `CAMPO5N`,\n               `CAMPO1`,\n               `CAMPO2`,\n               `CAMPO3`,\n               `CAMPO4`,\n               `CAMPO5`,\n               `tipoc1`, `tipoc2`, `tipoc3`, `tipoc4`, `tipoc5`, `FORMULA`, \n               `cod1`, `cod2`, `cod3`, `cod4`, `cod5`, a.`id_indice_financiero`, a.`num_formula` ,\n               CASE when x.id_formula IS NULL THEN '''' ELSE ''Activa'' END\n				  as selected\n               FROM `formulas` a LEFT JOIN empresa_indice x\n					ON x.id_indice_financiero = a.id_indice_financiero \n						AND x.id_formula = a.id_formula\n						AND x.id_empresa = 1\n               WHERE a.id_indice_financiero = 2\n					;'),
('UPDATE empresa_indice \n				SET num_formula = 0, \n					id_formula = 2 \n				Where id_indice_financiero = 2 \n					AND id_empresa = 1;'),
('SELECT a.`ID_FORMULA`, \n               (select nombre from tag_agf b where b.ID_TAG_AGF = a.campo1 and b.oa = a.tipoc1) as `CAMPO1N`, \n               (select nombre from tag_agf b where b.ID_TAG_AGF = a.campo2 and b.oa = a.tipoc1) as `CAMPO2N`, \n               (select nombre from tag_agf b where b.ID_TAG_AGF = a.campo3 and b.oa = a.tipoc1) as `CAMPO3N`, \n               (select nombre from tag_agf b where b.ID_TAG_AGF = a.campo4 and b.oa = a.tipoc1) as `CAMPO4N`, \n               (select nombre from tag_agf b where b.ID_TAG_AGF = a.campo5 and b.oa = a.tipoc1) as `CAMPO5N`,\n               `CAMPO1`,\n               `CAMPO2`,\n               `CAMPO3`,\n               `CAMPO4`,\n               `CAMPO5`,\n               `tipoc1`, `tipoc2`, `tipoc3`, `tipoc4`, `tipoc5`, `FORMULA`, \n               `cod1`, `cod2`, `cod3`, `cod4`, `cod5`, a.`id_indice_financiero`, a.`num_formula` ,\n               CASE when x.id_formula IS NULL THEN '''' ELSE ''Activa'' END\n				  as selected\n               FROM `formulas` a LEFT JOIN empresa_indice x\n					ON x.id_indice_financiero = a.id_indice_financiero \n						AND x.id_formula = a.id_formula\n						AND x.id_empresa = 2\n               WHERE a.id_indice_financiero = 2\n					;'),
('SELECT a.`ID_FORMULA`, \n               (select nombre from tag_agf b where b.ID_TAG_AGF = a.campo1 and b.oa = a.tipoc1) as `CAMPO1N`, \n               (select nombre from tag_agf b where b.ID_TAG_AGF = a.campo2 and b.oa = a.tipoc1) as `CAMPO2N`, \n               (select nombre from tag_agf b where b.ID_TAG_AGF = a.campo3 and b.oa = a.tipoc1) as `CAMPO3N`, \n               (select nombre from tag_agf b where b.ID_TAG_AGF = a.campo4 and b.oa = a.tipoc1) as `CAMPO4N`, \n               (select nombre from tag_agf b where b.ID_TAG_AGF = a.campo5 and b.oa = a.tipoc1) as `CAMPO5N`,\n               `CAMPO1`,\n               `CAMPO2`,\n               `CAMPO3`,\n               `CAMPO4`,\n               `CAMPO5`,\n               `tipoc1`, `tipoc2`, `tipoc3`, `tipoc4`, `tipoc5`, `FORMULA`, \n               `cod1`, `cod2`, `cod3`, `cod4`, `cod5`, a.`id_indice_financiero`, a.`num_formula` ,\n               CASE when x.id_formula IS NULL THEN '''' ELSE ''Activa'' END\n				  as selected\n               FROM `formulas` a LEFT JOIN empresa_indice x\n					ON x.id_indice_financiero = a.id_indice_financiero \n						AND x.id_formula = a.id_formula\n						AND x.id_empresa = 2\n               WHERE a.id_indice_financiero = 2\n					;'),
('SELECT a.`ID_FORMULA`, \n               (select nombre from tag_agf b where b.ID_TAG_AGF = a.campo1 and b.oa = a.tipoc1) as `CAMPO1N`, \n               (select nombre from tag_agf b where b.ID_TAG_AGF = a.campo2 and b.oa = a.tipoc1) as `CAMPO2N`, \n               (select nombre from tag_agf b where b.ID_TAG_AGF = a.campo3 and b.oa = a.tipoc1) as `CAMPO3N`, \n               (select nombre from tag_agf b where b.ID_TAG_AGF = a.campo4 and b.oa = a.tipoc1) as `CAMPO4N`, \n               (select nombre from tag_agf b where b.ID_TAG_AGF = a.campo5 and b.oa = a.tipoc1) as `CAMPO5N`,\n               `CAMPO1`,\n               `CAMPO2`,\n               `CAMPO3`,\n               `CAMPO4`,\n               `CAMPO5`,\n               `tipoc1`, `tipoc2`, `tipoc3`, `tipoc4`, `tipoc5`, `FORMULA`, \n               `cod1`, `cod2`, `cod3`, `cod4`, `cod5`, a.`id_indice_financiero`, a.`num_formula` ,\n               CASE when x.id_formula IS NULL THEN '''' ELSE ''Activa'' END\n				  as selected\n               FROM `formulas` a LEFT JOIN empresa_indice x\n					ON x.id_indice_financiero = a.id_indice_financiero \n						AND x.id_formula = a.id_formula\n						AND x.id_empresa = 1\n               WHERE a.id_indice_financiero = 2\n					;'),
('SELECT a.`ID_FORMULA`, \n               (select nombre from tag_agf b where b.ID_TAG_AGF = a.campo1 and b.oa = a.tipoc1) as `CAMPO1N`, \n               (select nombre from tag_agf b where b.ID_TAG_AGF = a.campo2 and b.oa = a.tipoc1) as `CAMPO2N`, \n               (select nombre from tag_agf b where b.ID_TAG_AGF = a.campo3 and b.oa = a.tipoc1) as `CAMPO3N`, \n               (select nombre from tag_agf b where b.ID_TAG_AGF = a.campo4 and b.oa = a.tipoc1) as `CAMPO4N`, \n               (select nombre from tag_agf b where b.ID_TAG_AGF = a.campo5 and b.oa = a.tipoc1) as `CAMPO5N`,\n               `CAMPO1`,\n               `CAMPO2`,\n               `CAMPO3`,\n               `CAMPO4`,\n               `CAMPO5`,\n               `tipoc1`, `tipoc2`, `tipoc3`, `tipoc4`, `tipoc5`, `FORMULA`, \n               `cod1`, `cod2`, `cod3`, `cod4`, `cod5`, a.`id_indice_financiero`, a.`num_formula` ,\n               CASE when x.id_formula IS NULL THEN '''' ELSE ''Activa'' END\n				  as selected\n               FROM `formulas` a LEFT JOIN empresa_indice x\n					ON x.id_indice_financiero = a.id_indice_financiero \n						AND x.id_formula = a.id_formula\n						AND x.id_empresa = 2\n               WHERE a.id_indice_financiero = 2\n					;'),
('UPDATE empresa_indice \n				SET num_formula = 1, \n					id_formula = 3 \n				Where id_indice_financiero = 2 \n					AND id_empresa = 2;'),
('SELECT a.`ID_FORMULA`, \n               (select nombre from tag_agf b where b.ID_TAG_AGF = a.campo1 and b.oa = a.tipoc1) as `CAMPO1N`, \n               (select nombre from tag_agf b where b.ID_TAG_AGF = a.campo2 and b.oa = a.tipoc1) as `CAMPO2N`, \n               (select nombre from tag_agf b where b.ID_TAG_AGF = a.campo3 and b.oa = a.tipoc1) as `CAMPO3N`, \n               (select nombre from tag_agf b where b.ID_TAG_AGF = a.campo4 and b.oa = a.tipoc1) as `CAMPO4N`, \n               (select nombre from tag_agf b where b.ID_TAG_AGF = a.campo5 and b.oa = a.tipoc1) as `CAMPO5N`,\n               `CAMPO1`,\n               `CAMPO2`,\n               `CAMPO3`,\n               `CAMPO4`,\n               `CAMPO5`,\n               `tipoc1`, `tipoc2`, `tipoc3`, `tipoc4`, `tipoc5`, `FORMULA`, \n               `cod1`, `cod2`, `cod3`, `cod4`, `cod5`, a.`id_indice_financiero`, a.`num_formula` ,\n               CASE when x.id_formula IS NULL THEN '''' ELSE ''Activa'' END\n				  as selected\n               FROM `formulas` a LEFT JOIN empresa_indice x\n					ON x.id_indice_financiero = a.id_indice_financiero \n						AND x.id_formula = a.id_formula\n						AND x.id_empresa = 2\n               WHERE a.id_indice_financiero = 1\n					;'),
('SELECT a.`ID_FORMULA`, \n               (select nombre from tag_agf b where b.ID_TAG_AGF = a.campo1 and b.oa = a.tipoc1) as `CAMPO1N`, \n               (select nombre from tag_agf b where b.ID_TAG_AGF = a.campo2 and b.oa = a.tipoc1) as `CAMPO2N`, \n               (select nombre from tag_agf b where b.ID_TAG_AGF = a.campo3 and b.oa = a.tipoc1) as `CAMPO3N`, \n               (select nombre from tag_agf b where b.ID_TAG_AGF = a.campo4 and b.oa = a.tipoc1) as `CAMPO4N`, \n               (select nombre from tag_agf b where b.ID_TAG_AGF = a.campo5 and b.oa = a.tipoc1) as `CAMPO5N`,\n               `CAMPO1`,\n               `CAMPO2`,\n               `CAMPO3`,\n               `CAMPO4`,\n               `CAMPO5`,\n               `tipoc1`, `tipoc2`, `tipoc3`, `tipoc4`, `tipoc5`, `FORMULA`, \n               `cod1`, `cod2`, `cod3`, `cod4`, `cod5`, a.`id_indice_financiero`, a.`num_formula` ,\n               CASE when x.id_formula IS NULL THEN '''' ELSE ''Activa'' END\n				  as selected\n               FROM `formulas` a LEFT JOIN empresa_indice x\n					ON x.id_indice_financiero = a.id_indice_financiero \n						AND x.id_formula = a.id_formula\n						AND x.id_empresa = 2\n               WHERE a.id_indice_financiero = 2\n					;'),
('SELECT a.ID_INDICE_FINANCIERO,a.id_formula,NOMBRE, DESCRIPCION, formula, decimales, ID_GRUPO_INDICE_FINANCIERO, formula_desc, rango_superior, rango_inferior,rangos_desc,\n							campo1, campo2, campo3, campo4, campo5\n	                	                    FROM indices_financieros a, formulas b\n	                	                    WHERE a.id_formula = b.id_formula'),
('SELECT a.id_indice_financiero, a.nombre, c.id_empresa, c.RSO, 0, ID_GRUPO_INDICE_FINANCIERO\n				FROM indices_financieros a inner join \n					 indice_empresa b on id_indice_financiero = id_indice inner join \n					 empresas c on b.id_empresa = c.id_empresa\n				WHERE b.tipo = 0					\n				UNION\n				SELECT a.id_indice_financiero, a.nombre, c.id_subgrupo, c.nombre, 1,ID_GRUPO_INDICE_FINANCIERO\n				FROM indices_financieros a inner join \n					 indice_empresa b on a.id_indice_financiero = b.id_indice inner join \n					 subgrupos c on b.id_empresa = c.id_subgrupo\n				WHERE b.tipo <> 0\n				ORDER BY 1;'),
('6'),
('SELECT a.id_indice_financiero, a.nombre, c.id_empresa, c.RSO, 0, ID_GRUPO_INDICE_FINANCIERO\n				FROM indices_financieros a inner join \n					 indice_empresa b on id_indice_financiero = id_indice inner join \n					 empresas c on b.id_empresa = c.id_empresa\n				WHERE b.tipo = 0					\n				UNION\n				SELECT a.id_indice_financiero, a.nombre, c.id_subgrupo, c.nombre, 1,ID_GRUPO_INDICE_FINANCIERO\n				FROM indices_financieros a inner join \n					 indice_empresa b on a.id_indice_financiero = b.id_indice inner join \n					 subgrupos c on b.id_empresa = c.id_subgrupo\n				WHERE b.tipo <> 0\n				ORDER BY 1;'),
('6');

-- --------------------------------------------------------

--
-- Estructura de tabla para la tabla `log_ingreso_tag`
--

CREATE TABLE IF NOT EXISTS `log_ingreso_tag` (
  `ID_LOG_INGRESO_TAG` int(18) NOT NULL,
  `ID_LOG_REGISTRO` int(18) DEFAULT NULL,
  `EMPRESA` varchar(300) COLLATE utf8_spanish2_ci DEFAULT NULL,
  `PERIODO` varchar(50) COLLATE utf8_spanish2_ci DEFAULT NULL,
  `ID_TAG_AGF` int(18) DEFAULT NULL,
  `TAG_AGF` varchar(300) COLLATE utf8_spanish2_ci DEFAULT NULL,
  `ID_TAG_XBRL` int(18) DEFAULT NULL,
  `TAG_XBRL` varchar(300) COLLATE utf8_spanish2_ci DEFAULT NULL,
  `ORIGEN` varchar(50) COLLATE utf8_spanish2_ci DEFAULT NULL,
  `VALOR` float(18,4) DEFAULT NULL,
  `OUTPUT` varchar(300) COLLATE utf8_spanish2_ci DEFAULT NULL,
  `DT_OUTPUT` datetime DEFAULT NULL
) ENGINE=InnoDB DEFAULT CHARSET=utf8 COLLATE=utf8_spanish2_ci;

-- --------------------------------------------------------

--
-- Estructura de tabla para la tabla `log_proceso`
--

CREATE TABLE IF NOT EXISTS `log_proceso` (
  `ID_LOG_PROCESO` int(18) NOT NULL,
  `PROCESO` varchar(300) COLLATE utf8_spanish2_ci DEFAULT NULL,
  `DT_INICIO` datetime DEFAULT NULL,
  `DT_FIN` datetime DEFAULT NULL,
  `ESTADO` varchar(300) COLLATE utf8_spanish2_ci DEFAULT NULL
) ENGINE=InnoDB DEFAULT CHARSET=utf8 COLLATE=utf8_spanish2_ci;

-- --------------------------------------------------------

--
-- Estructura de tabla para la tabla `log_registro`
--

CREATE TABLE IF NOT EXISTS `log_registro` (
  `ID_LOG_REGISTRO` int(18) NOT NULL,
  `ID_LOG_PROCESO` int(18) NOT NULL,
  `DT_IN` datetime DEFAULT NULL,
  `DT_OUT` datetime DEFAULT NULL,
  `INPUT` varchar(300) COLLATE utf8_spanish2_ci DEFAULT NULL,
  `EMPRESA` varchar(300) COLLATE utf8_spanish2_ci DEFAULT NULL,
  `PERIODO` varchar(10) COLLATE utf8_spanish2_ci DEFAULT NULL,
  `OUTPUT` varchar(300) COLLATE utf8_spanish2_ci DEFAULT NULL
) ENGINE=InnoDB DEFAULT CHARSET=utf8 COLLATE=utf8_spanish2_ci;

-- --------------------------------------------------------

--
-- Estructura de tabla para la tabla `masivo`
--

CREATE TABLE IF NOT EXISTS `masivo` (
  `id` int(11) NOT NULL AUTO_INCREMENT,
  `id_indice` int(11) NOT NULL,
  `id_tag_agf` int(11) NOT NULL,
  `id_formula` int(11) NOT NULL,
  PRIMARY KEY (`id`)
) ENGINE=InnoDB DEFAULT CHARSET=utf8 COLLATE=utf8_spanish2_ci AUTO_INCREMENT=1 ;

-- --------------------------------------------------------

--
-- Estructura de tabla para la tabla `monedas`
--

CREATE TABLE IF NOT EXISTS `monedas` (
  `id` int(11) NOT NULL AUTO_INCREMENT,
  `nombre` varchar(64) COLLATE utf8_spanish2_ci DEFAULT NULL,
  `codigo` varchar(10) COLLATE utf8_spanish2_ci DEFAULT NULL,
  `valor_defecto` float(18,2) DEFAULT NULL,
  `operacion` varchar(10) COLLATE utf8_spanish2_ci DEFAULT NULL,
  `signo` varchar(5) COLLATE utf8_spanish2_ci DEFAULT NULL,
  `cantidad_decimal` int(11) DEFAULT NULL,
  PRIMARY KEY (`id`)
) ENGINE=InnoDB DEFAULT CHARSET=utf8 COLLATE=utf8_spanish2_ci AUTO_INCREMENT=1 ;

-- --------------------------------------------------------

--
-- Estructura de tabla para la tabla `perfiles`
--

CREATE TABLE IF NOT EXISTS `perfiles` (
  `ID_PERFIL` int(11) NOT NULL,
  `NOMBRE` varchar(50) COLLATE utf8_spanish2_ci DEFAULT NULL,
  `OA` bit(1) DEFAULT NULL
) ENGINE=InnoDB DEFAULT CHARSET=utf8 COLLATE=utf8_spanish2_ci;

-- --------------------------------------------------------

--
-- Estructura de tabla para la tabla `periodos`
--

CREATE TABLE IF NOT EXISTS `periodos` (
  `ID_PERIODO` int(18) NOT NULL AUTO_INCREMENT,
  `label` varchar(7) COLLATE utf8_spanish2_ci NOT NULL,
  `ANO` int(11) DEFAULT NULL,
  `MES` int(11) DEFAULT NULL,
  `OA` bit(1) DEFAULT NULL,
  `orden` int(11) NOT NULL,
  `mask` varchar(4) COLLATE utf8_spanish2_ci NOT NULL,
  PRIMARY KEY (`ID_PERIODO`)
) ENGINE=InnoDB  DEFAULT CHARSET=utf8 COLLATE=utf8_spanish2_ci AUTO_INCREMENT=36 ;

--
-- Volcado de datos para la tabla `periodos`
--

INSERT INTO `periodos` (`ID_PERIODO`, `label`, `ANO`, `MES`, `OA`, `orden`, `mask`) VALUES
(1, '3/2010', 2010, 3, b'1', 5, '1Q10'),
(2, '6/2010', 2010, 6, b'1', 6, '2Q10'),
(3, '9/2010', 2010, 9, b'1', 7, '3Q10'),
(4, '12/2010', 2010, 12, b'1', 8, '4Q10'),
(5, '3/2011', 2011, 3, b'1', 9, '1Q11'),
(6, '6/2011', 2011, 6, b'1', 10, '2Q11'),
(7, '9/2011', 2011, 9, b'1', 11, '3Q11'),
(8, '12/2011', 2011, 12, b'1', 12, '4Q11'),
(9, '3/2012', 2012, 3, b'1', 13, '1Q12'),
(10, '6/2012', 2012, 6, b'1', 14, '2Q12'),
(11, '9/2012', 2012, 9, b'1', 15, '3Q12'),
(12, '12/2012', 2012, 12, b'1', 16, '4Q12'),
(13, '3/2009', 2009, 3, b'1', 1, '1Q09'),
(14, '6/2009', 2009, 6, b'1', 2, '2Q09'),
(15, '9/2009', 2009, 9, b'1', 3, '3Q09'),
(16, '12/2009', 2009, 12, b'1', 4, '4Q09'),
(28, '3/2013', 2013, 3, b'1', 17, '1Q13'),
(29, '6/2013', 2013, 6, b'1', 18, '2Q13'),
(30, '9/2013', 2013, 9, b'1', 19, '3Q13'),
(31, '12/2013', 2013, 12, b'1', 20, '4Q13'),
(32, '03/2014', 2014, 3, b'1', 21, '1Q14'),
(33, '06/2014', 2014, 6, b'1', 22, '2Q14'),
(34, '09/2014', 2014, 9, b'1', 23, '3Q14'),
(35, '12/2014', 2014, 12, b'1', 24, '4Q14');

-- --------------------------------------------------------

--
-- Estructura de tabla para la tabla `subgrupos`
--

CREATE TABLE IF NOT EXISTS `subgrupos` (
  `ID_SUBGRUPO` int(18) NOT NULL AUTO_INCREMENT,
  `NOMBRE` varchar(50) COLLATE utf8_spanish2_ci DEFAULT NULL,
  `DESCRIPCION` varchar(255) COLLATE utf8_spanish2_ci DEFAULT NULL,
  PRIMARY KEY (`ID_SUBGRUPO`)
) ENGINE=InnoDB  DEFAULT CHARSET=utf8 COLLATE=utf8_spanish2_ci AUTO_INCREMENT=2 ;

--
-- Volcado de datos para la tabla `subgrupos`
--

INSERT INTO `subgrupos` (`ID_SUBGRUPO`, `NOMBRE`, `DESCRIPCION`) VALUES
(1, 'DEMO', '0');

-- --------------------------------------------------------

--
-- Estructura de tabla para la tabla `subgrupos_empresas`
--

CREATE TABLE IF NOT EXISTS `subgrupos_empresas` (
  `ID_SUBGRUPO` int(18) NOT NULL,
  `ID_EMPRESA` int(18) NOT NULL
) ENGINE=InnoDB DEFAULT CHARSET=utf8 COLLATE=utf8_spanish2_ci;

--
-- Volcado de datos para la tabla `subgrupos_empresas`
--

INSERT INTO `subgrupos_empresas` (`ID_SUBGRUPO`, `ID_EMPRESA`) VALUES
(102, 721),
(102, 724),
(1, 3),
(1, 1),
(1, 2);

-- --------------------------------------------------------

--
-- Estructura de tabla para la tabla `tag_agf`
--

CREATE TABLE IF NOT EXISTS `tag_agf` (
  `ID_TAG_AGF` int(18) NOT NULL AUTO_INCREMENT,
  `NOMBRE` varchar(300) COLLATE utf8_spanish2_ci DEFAULT NULL,
  `ETIQUETA` varchar(300) COLLATE utf8_spanish2_ci DEFAULT NULL,
  `COMPONENTE` varchar(50) COLLATE utf8_spanish2_ci DEFAULT NULL,
  `ORIGEN` varchar(50) COLLATE utf8_spanish2_ci DEFAULT NULL,
  `OA` bit(1) DEFAULT NULL,
  PRIMARY KEY (`ID_TAG_AGF`)
) ENGINE=InnoDB  DEFAULT CHARSET=utf8 COLLATE=utf8_spanish2_ci AUTO_INCREMENT=15 ;

--
-- Volcado de datos para la tabla `tag_agf`
--

INSERT INTO `tag_agf` (`ID_TAG_AGF`, `NOMBRE`, `ETIQUETA`, `COMPONENTE`, `ORIGEN`, `OA`) VALUES
(1, 'porcentaje ventas tc tienda', 'porcentaje ventas tc tienda', 'NO ESPECIFICA', 'MANUAL', b'1'),
(2, 'nro cliente total', 'nro cliente total', 'NO ESPECIFICA', 'MANUAL', b'1'),
(3, 'nro cliente repactada', 'nro cliente repactada', 'NO ESPECIFICA', 'MANUAL', b'1'),
(4, 'nro cliente no repactada', 'nro cliente no repactada', 'NO ESPECIFICA', 'MANUAL', b'1'),
(5, 'SSS', 'SSS', 'NO ESPECIFICA', 'MANUAL', b'1'),
(6, 'Ingresos Retail', 'Ingresos Retail', 'NO ESPECIFICA', 'XBRL', b'1'),
(7, 'Ingresos Financieros', 'Ingresos Financieros', 'NO ESPECIFICA', 'XBRL', b'1'),
(8, 'EBITDA', 'EBITDA', 'NO ESPECIFICA', 'MANUAL', b'1'),
(9, 'EBITDA CORP', 'EBITDA CORP', 'NO ESPECIFICA', 'MANUAL', b'1'),
(10, 'EBITDA Chile', 'EBITDA Chile', 'NO ESPECIFICA', 'MANUAL', b'1'),
(11, 'Cartera Bruta Total', 'Cartera Bruta Total', 'NO ESPECIFICA', 'XBRL', b'1'),
(12, 'Cartera No Repactada', 'Cartera No Repactada', 'NO ESPECIFICA', 'XBRL', b'1'),
(13, 'Cartera Repactada', 'Cartera Repactada', 'NO ESPECIFICA', 'XBRL', b'1'),
(14, 'Metros cuadrados', 'Metros cuadrados', 'NO ESPECIFICA', 'MANUAL', b'1');

-- --------------------------------------------------------

--
-- Estructura de tabla para la tabla `tag_agf_xbrl`
--

CREATE TABLE IF NOT EXISTS `tag_agf_xbrl` (
  `ID_TAG_AGF` int(18) NOT NULL,
  `ID_TAG_XBRL` int(18) NOT NULL
) ENGINE=InnoDB DEFAULT CHARSET=utf8 COLLATE=utf8_spanish2_ci;

-- --------------------------------------------------------

--
-- Estructura de tabla para la tabla `tag_xbrl`
--

CREATE TABLE IF NOT EXISTS `tag_xbrl` (
  `ID_TAG_XBRL` int(18) NOT NULL,
  `NOMBRE` varchar(300) COLLATE utf8_spanish2_ci DEFAULT NULL,
  `ETIQUETA` varchar(300) COLLATE utf8_spanish2_ci DEFAULT NULL,
  `PREFIX` varchar(300) COLLATE utf8_spanish2_ci DEFAULT NULL,
  `COMPONENTE` varchar(50) COLLATE utf8_spanish2_ci DEFAULT NULL,
  `TAXONOMIA` varchar(50) COLLATE utf8_spanish2_ci DEFAULT NULL
) ENGINE=InnoDB DEFAULT CHARSET=utf8 COLLATE=utf8_spanish2_ci;

-- --------------------------------------------------------

--
-- Estructura de tabla para la tabla `tipos_empresas`
--

CREATE TABLE IF NOT EXISTS `tipos_empresas` (
  `ID_TIPO_EMPRESA` int(18) NOT NULL AUTO_INCREMENT,
  `NOMBRE` varchar(50) COLLATE utf8_spanish2_ci DEFAULT NULL,
  `DESCRIPCION` varchar(255) COLLATE utf8_spanish2_ci DEFAULT NULL,
  `OA` bit(1) DEFAULT NULL,
  PRIMARY KEY (`ID_TIPO_EMPRESA`)
) ENGINE=InnoDB  DEFAULT CHARSET=utf8 COLLATE=utf8_spanish2_ci AUTO_INCREMENT=2 ;

--
-- Volcado de datos para la tabla `tipos_empresas`
--

INSERT INTO `tipos_empresas` (`ID_TIPO_EMPRESA`, `NOMBRE`, `DESCRIPCION`, `OA`) VALUES
(1, 'Inicial', '0', b'1');

-- --------------------------------------------------------

--
-- Estructura de tabla para la tabla `usuarios`
--

CREATE TABLE IF NOT EXISTS `usuarios` (
  `ID_USUARIO` int(11) NOT NULL,
  `LOGIN` varchar(50) COLLATE utf8_spanish2_ci DEFAULT NULL,
  `PASWORD` varchar(10) COLLATE utf8_spanish2_ci DEFAULT NULL,
  `NOMBRES` varchar(300) COLLATE utf8_spanish2_ci DEFAULT NULL,
  `APELLIDOS` varchar(300) COLLATE utf8_spanish2_ci DEFAULT NULL,
  `RUT` varchar(10) COLLATE utf8_spanish2_ci DEFAULT NULL,
  `EMAIL` varchar(300) COLLATE utf8_spanish2_ci DEFAULT NULL,
  `FONO` varchar(10) COLLATE utf8_spanish2_ci DEFAULT NULL,
  `OA` bit(1) DEFAULT NULL
) ENGINE=InnoDB DEFAULT CHARSET=utf8 COLLATE=utf8_spanish2_ci;

-- --------------------------------------------------------

--
-- Estructura de tabla para la tabla `usuarios_perfiles`
--

CREATE TABLE IF NOT EXISTS `usuarios_perfiles` (
  `ID_USUARIO` int(11) DEFAULT NULL,
  `ID_PERFIL` int(11) DEFAULT NULL
) ENGINE=InnoDB DEFAULT CHARSET=utf8 COLLATE=utf8_spanish2_ci;

-- --------------------------------------------------------

--
-- Estructura de tabla para la tabla `valores`
--

CREATE TABLE IF NOT EXISTS `valores` (
  `ID_VALOR` int(18) NOT NULL AUTO_INCREMENT,
  `ID_TAG_AGF` int(18) DEFAULT NULL,
  `ID_EMPRESA` int(18) DEFAULT NULL,
  `ID_PERIODO` int(18) DEFAULT NULL,
  `tipo` varchar(10) COLLATE utf8_spanish2_ci NOT NULL DEFAULT 'TRIMESTRAL',
  `VALOR` double(25,2) NOT NULL,
  `DT_MODIFICACION` datetime DEFAULT NULL,
  `origen` int(11) NOT NULL,
  PRIMARY KEY (`ID_VALOR`),
  KEY `ID_PERIODO` (`ID_PERIODO`),
  KEY `ID_TAG_AGF` (`ID_TAG_AGF`,`ID_EMPRESA`,`ID_PERIODO`),
  KEY `ID_TAG_AGF_2` (`ID_TAG_AGF`)
) ENGINE=InnoDB  DEFAULT CHARSET=utf8 COLLATE=utf8_spanish2_ci AUTO_INCREMENT=1809 ;

--
-- Volcado de datos para la tabla `valores`
--

INSERT INTO `valores` (`ID_VALOR`, `ID_TAG_AGF`, `ID_EMPRESA`, `ID_PERIODO`, `tipo`, `VALOR`, `DT_MODIFICACION`, `origen`) VALUES
(1, 1, 1, 1, 'TRIMESTRAL', 0.00, '1900-01-01 00:00:00', 1),
(2, 1, 2, 1, 'TRIMESTRAL', 0.00, '1900-01-01 00:00:00', 1),
(3, 1, 3, 1, 'TRIMESTRAL', 0.00, '1900-01-01 00:00:00', 1),
(4, 1, 1, 2, 'TRIMESTRAL', 0.00, '1900-01-01 00:00:00', 1),
(5, 1, 2, 2, 'TRIMESTRAL', 0.00, '1900-01-01 00:00:00', 1),
(6, 1, 3, 2, 'TRIMESTRAL', 0.00, '1900-01-01 00:00:00', 1),
(7, 1, 1, 3, 'TRIMESTRAL', 0.00, '1900-01-01 00:00:00', 1),
(8, 1, 2, 3, 'TRIMESTRAL', 0.00, '1900-01-01 00:00:00', 1),
(9, 1, 3, 3, 'TRIMESTRAL', 0.00, '1900-01-01 00:00:00', 1),
(10, 1, 1, 4, 'TRIMESTRAL', 0.00, '1900-01-01 00:00:00', 1),
(11, 1, 2, 4, 'TRIMESTRAL', 0.00, '1900-01-01 00:00:00', 1),
(12, 1, 3, 4, 'TRIMESTRAL', 0.00, '1900-01-01 00:00:00', 1),
(13, 1, 1, 5, 'TRIMESTRAL', 0.00, '1900-01-01 00:00:00', 1),
(14, 1, 2, 5, 'TRIMESTRAL', 0.00, '1900-01-01 00:00:00', 1),
(15, 1, 3, 5, 'TRIMESTRAL', 0.00, '1900-01-01 00:00:00', 1),
(16, 1, 1, 6, 'TRIMESTRAL', 0.00, '1900-01-01 00:00:00', 1),
(17, 1, 2, 6, 'TRIMESTRAL', 0.00, '1900-01-01 00:00:00', 1),
(18, 1, 3, 6, 'TRIMESTRAL', 0.00, '1900-01-01 00:00:00', 1),
(19, 1, 1, 7, 'TRIMESTRAL', 0.00, '1900-01-01 00:00:00', 1),
(20, 1, 2, 7, 'TRIMESTRAL', 0.00, '1900-01-01 00:00:00', 1),
(21, 1, 3, 7, 'TRIMESTRAL', 0.00, '1900-01-01 00:00:00', 1),
(22, 1, 1, 8, 'TRIMESTRAL', 0.00, '1900-01-01 00:00:00', 1),
(23, 1, 2, 8, 'TRIMESTRAL', 0.00, '1900-01-01 00:00:00', 1),
(24, 1, 3, 8, 'TRIMESTRAL', 0.00, '1900-01-01 00:00:00', 1),
(25, 1, 1, 9, 'TRIMESTRAL', 0.00, '1900-01-01 00:00:00', 1),
(26, 1, 2, 9, 'TRIMESTRAL', 0.00, '1900-01-01 00:00:00', 1),
(27, 1, 3, 9, 'TRIMESTRAL', 0.00, '1900-01-01 00:00:00', 1),
(28, 1, 1, 10, 'TRIMESTRAL', 0.00, '1900-01-01 00:00:00', 1),
(29, 1, 2, 10, 'TRIMESTRAL', 0.00, '1900-01-01 00:00:00', 1),
(30, 1, 3, 10, 'TRIMESTRAL', 0.00, '1900-01-01 00:00:00', 1),
(31, 1, 1, 11, 'TRIMESTRAL', 0.00, '1900-01-01 00:00:00', 1),
(32, 1, 2, 11, 'TRIMESTRAL', 0.00, '1900-01-01 00:00:00', 1),
(33, 1, 3, 11, 'TRIMESTRAL', 0.00, '1900-01-01 00:00:00', 1),
(34, 1, 1, 12, 'TRIMESTRAL', 0.00, '1900-01-01 00:00:00', 1),
(35, 1, 2, 12, 'TRIMESTRAL', 0.00, '1900-01-01 00:00:00', 1),
(36, 1, 3, 12, 'TRIMESTRAL', 0.00, '1900-01-01 00:00:00', 1),
(37, 1, 1, 13, 'TRIMESTRAL', 0.00, '1900-01-01 00:00:00', 1),
(38, 1, 2, 13, 'TRIMESTRAL', 0.00, '1900-01-01 00:00:00', 1),
(39, 1, 3, 13, 'TRIMESTRAL', 0.00, '1900-01-01 00:00:00', 1),
(40, 1, 1, 14, 'TRIMESTRAL', 0.00, '1900-01-01 00:00:00', 1),
(41, 1, 2, 14, 'TRIMESTRAL', 0.00, '1900-01-01 00:00:00', 1),
(42, 1, 3, 14, 'TRIMESTRAL', 0.00, '1900-01-01 00:00:00', 1),
(43, 1, 1, 15, 'TRIMESTRAL', 0.00, '1900-01-01 00:00:00', 1),
(44, 1, 2, 15, 'TRIMESTRAL', 0.00, '1900-01-01 00:00:00', 1),
(45, 1, 3, 15, 'TRIMESTRAL', 0.00, '1900-01-01 00:00:00', 1),
(46, 1, 1, 16, 'TRIMESTRAL', 0.00, '1900-01-01 00:00:00', 1),
(47, 1, 2, 16, 'TRIMESTRAL', 0.00, '1900-01-01 00:00:00', 1),
(48, 1, 3, 16, 'TRIMESTRAL', 0.00, '1900-01-01 00:00:00', 1),
(49, 1, 1, 28, 'TRIMESTRAL', 0.00, '1900-01-01 00:00:00', 1),
(50, 1, 2, 28, 'TRIMESTRAL', 0.00, '1900-01-01 00:00:00', 1),
(51, 1, 3, 28, 'TRIMESTRAL', 0.00, '1900-01-01 00:00:00', 1),
(52, 1, 1, 29, 'TRIMESTRAL', 0.00, '1900-01-01 00:00:00', 1),
(53, 1, 2, 29, 'TRIMESTRAL', 0.00, '1900-01-01 00:00:00', 1),
(54, 1, 3, 29, 'TRIMESTRAL', 0.00, '1900-01-01 00:00:00', 1),
(55, 1, 1, 30, 'TRIMESTRAL', 0.00, '1900-01-01 00:00:00', 1),
(56, 1, 2, 30, 'TRIMESTRAL', 0.00, '1900-01-01 00:00:00', 1),
(57, 1, 3, 30, 'TRIMESTRAL', 0.00, '1900-01-01 00:00:00', 1),
(58, 1, 1, 31, 'TRIMESTRAL', 0.00, '1900-01-01 00:00:00', 1),
(59, 1, 2, 31, 'TRIMESTRAL', 0.00, '1900-01-01 00:00:00', 1),
(60, 1, 3, 31, 'TRIMESTRAL', 0.00, '1900-01-01 00:00:00', 1),
(61, 1, 1, 32, 'TRIMESTRAL', 0.00, '1900-01-01 00:00:00', 1),
(62, 1, 2, 32, 'TRIMESTRAL', 0.00, '1900-01-01 00:00:00', 1),
(63, 1, 3, 32, 'TRIMESTRAL', 0.00, '1900-01-01 00:00:00', 1),
(64, 1, 1, 33, 'TRIMESTRAL', 0.00, '1900-01-01 00:00:00', 1),
(65, 1, 2, 33, 'TRIMESTRAL', 0.00, '1900-01-01 00:00:00', 1),
(66, 1, 3, 33, 'TRIMESTRAL', 0.00, '1900-01-01 00:00:00', 1),
(67, 1, 1, 34, 'TRIMESTRAL', 0.00, '1900-01-01 00:00:00', 1),
(68, 1, 2, 34, 'TRIMESTRAL', 0.00, '1900-01-01 00:00:00', 1),
(69, 1, 3, 34, 'TRIMESTRAL', 0.00, '1900-01-01 00:00:00', 1),
(70, 1, 1, 35, 'TRIMESTRAL', 0.00, '1900-01-01 00:00:00', 1),
(71, 1, 2, 35, 'TRIMESTRAL', 0.00, '1900-01-01 00:00:00', 1),
(72, 1, 3, 35, 'TRIMESTRAL', 0.00, '1900-01-01 00:00:00', 1),
(128, 2, 1, 1, 'TRIMESTRAL', 0.00, '1900-01-01 00:00:00', 1),
(129, 2, 2, 1, 'TRIMESTRAL', 0.00, '1900-01-01 00:00:00', 1),
(130, 2, 3, 1, 'TRIMESTRAL', 0.00, '1900-01-01 00:00:00', 1),
(131, 2, 1, 2, 'TRIMESTRAL', 0.00, '1900-01-01 00:00:00', 1),
(132, 2, 2, 2, 'TRIMESTRAL', 0.00, '1900-01-01 00:00:00', 1),
(133, 2, 3, 2, 'TRIMESTRAL', 0.00, '1900-01-01 00:00:00', 1),
(134, 2, 1, 3, 'TRIMESTRAL', 0.00, '1900-01-01 00:00:00', 1),
(135, 2, 2, 3, 'TRIMESTRAL', 0.00, '1900-01-01 00:00:00', 1),
(136, 2, 3, 3, 'TRIMESTRAL', 0.00, '1900-01-01 00:00:00', 1),
(137, 2, 1, 4, 'TRIMESTRAL', 0.00, '1900-01-01 00:00:00', 1),
(138, 2, 2, 4, 'TRIMESTRAL', 0.00, '1900-01-01 00:00:00', 1),
(139, 2, 3, 4, 'TRIMESTRAL', 0.00, '1900-01-01 00:00:00', 1),
(140, 2, 1, 5, 'TRIMESTRAL', 0.00, '1900-01-01 00:00:00', 1),
(141, 2, 2, 5, 'TRIMESTRAL', 0.00, '1900-01-01 00:00:00', 1),
(142, 2, 3, 5, 'TRIMESTRAL', 0.00, '1900-01-01 00:00:00', 1),
(143, 2, 1, 6, 'TRIMESTRAL', 0.00, '1900-01-01 00:00:00', 1),
(144, 2, 2, 6, 'TRIMESTRAL', 0.00, '1900-01-01 00:00:00', 1),
(145, 2, 3, 6, 'TRIMESTRAL', 0.00, '1900-01-01 00:00:00', 1),
(146, 2, 1, 7, 'TRIMESTRAL', 0.00, '1900-01-01 00:00:00', 1),
(147, 2, 2, 7, 'TRIMESTRAL', 0.00, '1900-01-01 00:00:00', 1),
(148, 2, 3, 7, 'TRIMESTRAL', 0.00, '1900-01-01 00:00:00', 1),
(149, 2, 1, 8, 'TRIMESTRAL', 0.00, '1900-01-01 00:00:00', 1),
(150, 2, 2, 8, 'TRIMESTRAL', 0.00, '1900-01-01 00:00:00', 1),
(151, 2, 3, 8, 'TRIMESTRAL', 0.00, '1900-01-01 00:00:00', 1),
(152, 2, 1, 9, 'TRIMESTRAL', 0.00, '1900-01-01 00:00:00', 1),
(153, 2, 2, 9, 'TRIMESTRAL', 0.00, '1900-01-01 00:00:00', 1),
(154, 2, 3, 9, 'TRIMESTRAL', 0.00, '1900-01-01 00:00:00', 1),
(155, 2, 1, 10, 'TRIMESTRAL', 0.00, '1900-01-01 00:00:00', 1),
(156, 2, 2, 10, 'TRIMESTRAL', 0.00, '1900-01-01 00:00:00', 1),
(157, 2, 3, 10, 'TRIMESTRAL', 0.00, '1900-01-01 00:00:00', 1),
(158, 2, 1, 11, 'TRIMESTRAL', 0.00, '1900-01-01 00:00:00', 1),
(159, 2, 2, 11, 'TRIMESTRAL', 0.00, '1900-01-01 00:00:00', 1),
(160, 2, 3, 11, 'TRIMESTRAL', 0.00, '1900-01-01 00:00:00', 1),
(161, 2, 1, 12, 'TRIMESTRAL', 0.00, '1900-01-01 00:00:00', 1),
(162, 2, 2, 12, 'TRIMESTRAL', 0.00, '1900-01-01 00:00:00', 1),
(163, 2, 3, 12, 'TRIMESTRAL', 0.00, '1900-01-01 00:00:00', 1),
(164, 2, 1, 13, 'TRIMESTRAL', 0.00, '1900-01-01 00:00:00', 1),
(165, 2, 2, 13, 'TRIMESTRAL', 0.00, '1900-01-01 00:00:00', 1),
(166, 2, 3, 13, 'TRIMESTRAL', 0.00, '1900-01-01 00:00:00', 1),
(167, 2, 1, 14, 'TRIMESTRAL', 0.00, '1900-01-01 00:00:00', 1),
(168, 2, 2, 14, 'TRIMESTRAL', 0.00, '1900-01-01 00:00:00', 1),
(169, 2, 3, 14, 'TRIMESTRAL', 0.00, '1900-01-01 00:00:00', 1),
(170, 2, 1, 15, 'TRIMESTRAL', 0.00, '1900-01-01 00:00:00', 1),
(171, 2, 2, 15, 'TRIMESTRAL', 0.00, '1900-01-01 00:00:00', 1),
(172, 2, 3, 15, 'TRIMESTRAL', 0.00, '1900-01-01 00:00:00', 1),
(173, 2, 1, 16, 'TRIMESTRAL', 0.00, '1900-01-01 00:00:00', 1),
(174, 2, 2, 16, 'TRIMESTRAL', 0.00, '1900-01-01 00:00:00', 1),
(175, 2, 3, 16, 'TRIMESTRAL', 0.00, '1900-01-01 00:00:00', 1),
(176, 2, 1, 28, 'TRIMESTRAL', 0.00, '1900-01-01 00:00:00', 1),
(177, 2, 2, 28, 'TRIMESTRAL', 0.00, '1900-01-01 00:00:00', 1),
(178, 2, 3, 28, 'TRIMESTRAL', 0.00, '1900-01-01 00:00:00', 1),
(179, 2, 1, 29, 'TRIMESTRAL', 0.00, '1900-01-01 00:00:00', 1),
(180, 2, 2, 29, 'TRIMESTRAL', 0.00, '1900-01-01 00:00:00', 1),
(181, 2, 3, 29, 'TRIMESTRAL', 0.00, '1900-01-01 00:00:00', 1),
(182, 2, 1, 30, 'TRIMESTRAL', 0.00, '1900-01-01 00:00:00', 1),
(183, 2, 2, 30, 'TRIMESTRAL', 0.00, '1900-01-01 00:00:00', 1),
(184, 2, 3, 30, 'TRIMESTRAL', 0.00, '1900-01-01 00:00:00', 1),
(185, 2, 1, 31, 'TRIMESTRAL', 0.00, '1900-01-01 00:00:00', 1),
(186, 2, 2, 31, 'TRIMESTRAL', 0.00, '1900-01-01 00:00:00', 1),
(187, 2, 3, 31, 'TRIMESTRAL', 0.00, '1900-01-01 00:00:00', 1),
(188, 2, 1, 32, 'TRIMESTRAL', 0.00, '1900-01-01 00:00:00', 1),
(189, 2, 2, 32, 'TRIMESTRAL', 0.00, '1900-01-01 00:00:00', 1),
(190, 2, 3, 32, 'TRIMESTRAL', 0.00, '1900-01-01 00:00:00', 1),
(191, 2, 1, 33, 'TRIMESTRAL', 0.00, '1900-01-01 00:00:00', 1),
(192, 2, 2, 33, 'TRIMESTRAL', 0.00, '1900-01-01 00:00:00', 1),
(193, 2, 3, 33, 'TRIMESTRAL', 0.00, '1900-01-01 00:00:00', 1),
(194, 2, 1, 34, 'TRIMESTRAL', 0.00, '1900-01-01 00:00:00', 1),
(195, 2, 2, 34, 'TRIMESTRAL', 0.00, '1900-01-01 00:00:00', 1),
(196, 2, 3, 34, 'TRIMESTRAL', 0.00, '1900-01-01 00:00:00', 1),
(197, 2, 1, 35, 'TRIMESTRAL', 0.00, '1900-01-01 00:00:00', 1),
(198, 2, 2, 35, 'TRIMESTRAL', 0.00, '1900-01-01 00:00:00', 1),
(199, 2, 3, 35, 'TRIMESTRAL', 0.00, '1900-01-01 00:00:00', 1),
(255, 3, 1, 1, 'TRIMESTRAL', 0.00, '1900-01-01 00:00:00', 1),
(256, 3, 2, 1, 'TRIMESTRAL', 0.00, '1900-01-01 00:00:00', 1),
(257, 3, 3, 1, 'TRIMESTRAL', 0.00, '1900-01-01 00:00:00', 1),
(258, 3, 1, 2, 'TRIMESTRAL', 0.00, '1900-01-01 00:00:00', 1),
(259, 3, 2, 2, 'TRIMESTRAL', 0.00, '1900-01-01 00:00:00', 1),
(260, 3, 3, 2, 'TRIMESTRAL', 0.00, '1900-01-01 00:00:00', 1),
(261, 3, 1, 3, 'TRIMESTRAL', 0.00, '1900-01-01 00:00:00', 1),
(262, 3, 2, 3, 'TRIMESTRAL', 0.00, '1900-01-01 00:00:00', 1),
(263, 3, 3, 3, 'TRIMESTRAL', 0.00, '1900-01-01 00:00:00', 1),
(264, 3, 1, 4, 'TRIMESTRAL', 0.00, '1900-01-01 00:00:00', 1),
(265, 3, 2, 4, 'TRIMESTRAL', 0.00, '1900-01-01 00:00:00', 1),
(266, 3, 3, 4, 'TRIMESTRAL', 0.00, '1900-01-01 00:00:00', 1),
(267, 3, 1, 5, 'TRIMESTRAL', 0.00, '1900-01-01 00:00:00', 1),
(268, 3, 2, 5, 'TRIMESTRAL', 0.00, '1900-01-01 00:00:00', 1),
(269, 3, 3, 5, 'TRIMESTRAL', 0.00, '1900-01-01 00:00:00', 1),
(270, 3, 1, 6, 'TRIMESTRAL', 0.00, '1900-01-01 00:00:00', 1),
(271, 3, 2, 6, 'TRIMESTRAL', 0.00, '1900-01-01 00:00:00', 1),
(272, 3, 3, 6, 'TRIMESTRAL', 0.00, '1900-01-01 00:00:00', 1),
(273, 3, 1, 7, 'TRIMESTRAL', 0.00, '1900-01-01 00:00:00', 1),
(274, 3, 2, 7, 'TRIMESTRAL', 0.00, '1900-01-01 00:00:00', 1),
(275, 3, 3, 7, 'TRIMESTRAL', 0.00, '1900-01-01 00:00:00', 1),
(276, 3, 1, 8, 'TRIMESTRAL', 0.00, '1900-01-01 00:00:00', 1),
(277, 3, 2, 8, 'TRIMESTRAL', 0.00, '1900-01-01 00:00:00', 1),
(278, 3, 3, 8, 'TRIMESTRAL', 0.00, '1900-01-01 00:00:00', 1),
(279, 3, 1, 9, 'TRIMESTRAL', 0.00, '1900-01-01 00:00:00', 1),
(280, 3, 2, 9, 'TRIMESTRAL', 0.00, '1900-01-01 00:00:00', 1),
(281, 3, 3, 9, 'TRIMESTRAL', 0.00, '1900-01-01 00:00:00', 1),
(282, 3, 1, 10, 'TRIMESTRAL', 0.00, '1900-01-01 00:00:00', 1),
(283, 3, 2, 10, 'TRIMESTRAL', 0.00, '1900-01-01 00:00:00', 1),
(284, 3, 3, 10, 'TRIMESTRAL', 0.00, '1900-01-01 00:00:00', 1),
(285, 3, 1, 11, 'TRIMESTRAL', 0.00, '1900-01-01 00:00:00', 1),
(286, 3, 2, 11, 'TRIMESTRAL', 0.00, '1900-01-01 00:00:00', 1),
(287, 3, 3, 11, 'TRIMESTRAL', 0.00, '1900-01-01 00:00:00', 1),
(288, 3, 1, 12, 'TRIMESTRAL', 0.00, '1900-01-01 00:00:00', 1),
(289, 3, 2, 12, 'TRIMESTRAL', 0.00, '1900-01-01 00:00:00', 1),
(290, 3, 3, 12, 'TRIMESTRAL', 0.00, '1900-01-01 00:00:00', 1),
(291, 3, 1, 13, 'TRIMESTRAL', 0.00, '1900-01-01 00:00:00', 1),
(292, 3, 2, 13, 'TRIMESTRAL', 0.00, '1900-01-01 00:00:00', 1),
(293, 3, 3, 13, 'TRIMESTRAL', 0.00, '1900-01-01 00:00:00', 1),
(294, 3, 1, 14, 'TRIMESTRAL', 0.00, '1900-01-01 00:00:00', 1),
(295, 3, 2, 14, 'TRIMESTRAL', 0.00, '1900-01-01 00:00:00', 1),
(296, 3, 3, 14, 'TRIMESTRAL', 0.00, '1900-01-01 00:00:00', 1),
(297, 3, 1, 15, 'TRIMESTRAL', 0.00, '1900-01-01 00:00:00', 1),
(298, 3, 2, 15, 'TRIMESTRAL', 0.00, '1900-01-01 00:00:00', 1),
(299, 3, 3, 15, 'TRIMESTRAL', 0.00, '1900-01-01 00:00:00', 1),
(300, 3, 1, 16, 'TRIMESTRAL', 0.00, '1900-01-01 00:00:00', 1),
(301, 3, 2, 16, 'TRIMESTRAL', 0.00, '1900-01-01 00:00:00', 1),
(302, 3, 3, 16, 'TRIMESTRAL', 0.00, '1900-01-01 00:00:00', 1),
(303, 3, 1, 28, 'TRIMESTRAL', 0.00, '1900-01-01 00:00:00', 1),
(304, 3, 2, 28, 'TRIMESTRAL', 0.00, '1900-01-01 00:00:00', 1),
(305, 3, 3, 28, 'TRIMESTRAL', 0.00, '1900-01-01 00:00:00', 1),
(306, 3, 1, 29, 'TRIMESTRAL', 0.00, '1900-01-01 00:00:00', 1),
(307, 3, 2, 29, 'TRIMESTRAL', 0.00, '1900-01-01 00:00:00', 1),
(308, 3, 3, 29, 'TRIMESTRAL', 0.00, '1900-01-01 00:00:00', 1),
(309, 3, 1, 30, 'TRIMESTRAL', 0.00, '1900-01-01 00:00:00', 1),
(310, 3, 2, 30, 'TRIMESTRAL', 0.00, '1900-01-01 00:00:00', 1),
(311, 3, 3, 30, 'TRIMESTRAL', 0.00, '1900-01-01 00:00:00', 1),
(312, 3, 1, 31, 'TRIMESTRAL', 0.00, '1900-01-01 00:00:00', 1),
(313, 3, 2, 31, 'TRIMESTRAL', 0.00, '1900-01-01 00:00:00', 1),
(314, 3, 3, 31, 'TRIMESTRAL', 0.00, '1900-01-01 00:00:00', 1),
(315, 3, 1, 32, 'TRIMESTRAL', 0.00, '1900-01-01 00:00:00', 1),
(316, 3, 2, 32, 'TRIMESTRAL', 0.00, '1900-01-01 00:00:00', 1),
(317, 3, 3, 32, 'TRIMESTRAL', 0.00, '1900-01-01 00:00:00', 1),
(318, 3, 1, 33, 'TRIMESTRAL', 0.00, '1900-01-01 00:00:00', 1),
(319, 3, 2, 33, 'TRIMESTRAL', 0.00, '1900-01-01 00:00:00', 1),
(320, 3, 3, 33, 'TRIMESTRAL', 0.00, '1900-01-01 00:00:00', 1),
(321, 3, 1, 34, 'TRIMESTRAL', 0.00, '1900-01-01 00:00:00', 1),
(322, 3, 2, 34, 'TRIMESTRAL', 0.00, '1900-01-01 00:00:00', 1),
(323, 3, 3, 34, 'TRIMESTRAL', 0.00, '1900-01-01 00:00:00', 1),
(324, 3, 1, 35, 'TRIMESTRAL', 0.00, '1900-01-01 00:00:00', 1),
(325, 3, 2, 35, 'TRIMESTRAL', 0.00, '1900-01-01 00:00:00', 1),
(326, 3, 3, 35, 'TRIMESTRAL', 0.00, '1900-01-01 00:00:00', 1),
(382, 4, 1, 1, 'TRIMESTRAL', 0.00, '1900-01-01 00:00:00', 1),
(383, 4, 2, 1, 'TRIMESTRAL', 0.00, '1900-01-01 00:00:00', 1),
(384, 4, 3, 1, 'TRIMESTRAL', 0.00, '1900-01-01 00:00:00', 1),
(385, 4, 1, 2, 'TRIMESTRAL', 0.00, '1900-01-01 00:00:00', 1),
(386, 4, 2, 2, 'TRIMESTRAL', 0.00, '1900-01-01 00:00:00', 1),
(387, 4, 3, 2, 'TRIMESTRAL', 0.00, '1900-01-01 00:00:00', 1),
(388, 4, 1, 3, 'TRIMESTRAL', 0.00, '1900-01-01 00:00:00', 1),
(389, 4, 2, 3, 'TRIMESTRAL', 0.00, '1900-01-01 00:00:00', 1),
(390, 4, 3, 3, 'TRIMESTRAL', 0.00, '1900-01-01 00:00:00', 1),
(391, 4, 1, 4, 'TRIMESTRAL', 0.00, '1900-01-01 00:00:00', 1),
(392, 4, 2, 4, 'TRIMESTRAL', 0.00, '1900-01-01 00:00:00', 1),
(393, 4, 3, 4, 'TRIMESTRAL', 0.00, '1900-01-01 00:00:00', 1),
(394, 4, 1, 5, 'TRIMESTRAL', 0.00, '1900-01-01 00:00:00', 1),
(395, 4, 2, 5, 'TRIMESTRAL', 0.00, '1900-01-01 00:00:00', 1),
(396, 4, 3, 5, 'TRIMESTRAL', 0.00, '1900-01-01 00:00:00', 1),
(397, 4, 1, 6, 'TRIMESTRAL', 0.00, '1900-01-01 00:00:00', 1),
(398, 4, 2, 6, 'TRIMESTRAL', 0.00, '1900-01-01 00:00:00', 1),
(399, 4, 3, 6, 'TRIMESTRAL', 0.00, '1900-01-01 00:00:00', 1),
(400, 4, 1, 7, 'TRIMESTRAL', 0.00, '1900-01-01 00:00:00', 1),
(401, 4, 2, 7, 'TRIMESTRAL', 0.00, '1900-01-01 00:00:00', 1),
(402, 4, 3, 7, 'TRIMESTRAL', 0.00, '1900-01-01 00:00:00', 1),
(403, 4, 1, 8, 'TRIMESTRAL', 0.00, '1900-01-01 00:00:00', 1),
(404, 4, 2, 8, 'TRIMESTRAL', 0.00, '1900-01-01 00:00:00', 1),
(405, 4, 3, 8, 'TRIMESTRAL', 0.00, '1900-01-01 00:00:00', 1),
(406, 4, 1, 9, 'TRIMESTRAL', 0.00, '1900-01-01 00:00:00', 1),
(407, 4, 2, 9, 'TRIMESTRAL', 0.00, '1900-01-01 00:00:00', 1),
(408, 4, 3, 9, 'TRIMESTRAL', 0.00, '1900-01-01 00:00:00', 1),
(409, 4, 1, 10, 'TRIMESTRAL', 0.00, '1900-01-01 00:00:00', 1),
(410, 4, 2, 10, 'TRIMESTRAL', 0.00, '1900-01-01 00:00:00', 1),
(411, 4, 3, 10, 'TRIMESTRAL', 0.00, '1900-01-01 00:00:00', 1),
(412, 4, 1, 11, 'TRIMESTRAL', 0.00, '1900-01-01 00:00:00', 1),
(413, 4, 2, 11, 'TRIMESTRAL', 0.00, '1900-01-01 00:00:00', 1),
(414, 4, 3, 11, 'TRIMESTRAL', 0.00, '1900-01-01 00:00:00', 1),
(415, 4, 1, 12, 'TRIMESTRAL', 0.00, '1900-01-01 00:00:00', 1),
(416, 4, 2, 12, 'TRIMESTRAL', 0.00, '1900-01-01 00:00:00', 1),
(417, 4, 3, 12, 'TRIMESTRAL', 0.00, '1900-01-01 00:00:00', 1),
(418, 4, 1, 13, 'TRIMESTRAL', 0.00, '1900-01-01 00:00:00', 1),
(419, 4, 2, 13, 'TRIMESTRAL', 0.00, '1900-01-01 00:00:00', 1),
(420, 4, 3, 13, 'TRIMESTRAL', 0.00, '1900-01-01 00:00:00', 1),
(421, 4, 1, 14, 'TRIMESTRAL', 0.00, '1900-01-01 00:00:00', 1),
(422, 4, 2, 14, 'TRIMESTRAL', 0.00, '1900-01-01 00:00:00', 1),
(423, 4, 3, 14, 'TRIMESTRAL', 0.00, '1900-01-01 00:00:00', 1),
(424, 4, 1, 15, 'TRIMESTRAL', 0.00, '1900-01-01 00:00:00', 1),
(425, 4, 2, 15, 'TRIMESTRAL', 0.00, '1900-01-01 00:00:00', 1),
(426, 4, 3, 15, 'TRIMESTRAL', 0.00, '1900-01-01 00:00:00', 1),
(427, 4, 1, 16, 'TRIMESTRAL', 0.00, '1900-01-01 00:00:00', 1),
(428, 4, 2, 16, 'TRIMESTRAL', 0.00, '1900-01-01 00:00:00', 1),
(429, 4, 3, 16, 'TRIMESTRAL', 0.00, '1900-01-01 00:00:00', 1),
(430, 4, 1, 28, 'TRIMESTRAL', 0.00, '1900-01-01 00:00:00', 1),
(431, 4, 2, 28, 'TRIMESTRAL', 0.00, '1900-01-01 00:00:00', 1),
(432, 4, 3, 28, 'TRIMESTRAL', 0.00, '1900-01-01 00:00:00', 1),
(433, 4, 1, 29, 'TRIMESTRAL', 0.00, '1900-01-01 00:00:00', 1),
(434, 4, 2, 29, 'TRIMESTRAL', 0.00, '1900-01-01 00:00:00', 1),
(435, 4, 3, 29, 'TRIMESTRAL', 0.00, '1900-01-01 00:00:00', 1),
(436, 4, 1, 30, 'TRIMESTRAL', 0.00, '1900-01-01 00:00:00', 1),
(437, 4, 2, 30, 'TRIMESTRAL', 0.00, '1900-01-01 00:00:00', 1),
(438, 4, 3, 30, 'TRIMESTRAL', 0.00, '1900-01-01 00:00:00', 1),
(439, 4, 1, 31, 'TRIMESTRAL', 0.00, '1900-01-01 00:00:00', 1),
(440, 4, 2, 31, 'TRIMESTRAL', 0.00, '1900-01-01 00:00:00', 1),
(441, 4, 3, 31, 'TRIMESTRAL', 0.00, '1900-01-01 00:00:00', 1),
(442, 4, 1, 32, 'TRIMESTRAL', 0.00, '1900-01-01 00:00:00', 1),
(443, 4, 2, 32, 'TRIMESTRAL', 0.00, '1900-01-01 00:00:00', 1),
(444, 4, 3, 32, 'TRIMESTRAL', 0.00, '1900-01-01 00:00:00', 1),
(445, 4, 1, 33, 'TRIMESTRAL', 0.00, '1900-01-01 00:00:00', 1),
(446, 4, 2, 33, 'TRIMESTRAL', 0.00, '1900-01-01 00:00:00', 1),
(447, 4, 3, 33, 'TRIMESTRAL', 0.00, '1900-01-01 00:00:00', 1),
(448, 4, 1, 34, 'TRIMESTRAL', 0.00, '1900-01-01 00:00:00', 1),
(449, 4, 2, 34, 'TRIMESTRAL', 0.00, '1900-01-01 00:00:00', 1),
(450, 4, 3, 34, 'TRIMESTRAL', 0.00, '1900-01-01 00:00:00', 1),
(451, 4, 1, 35, 'TRIMESTRAL', 0.00, '1900-01-01 00:00:00', 1),
(452, 4, 2, 35, 'TRIMESTRAL', 0.00, '1900-01-01 00:00:00', 1),
(453, 4, 3, 35, 'TRIMESTRAL', 0.00, '1900-01-01 00:00:00', 1),
(509, 5, 1, 1, 'TRIMESTRAL', 0.00, '1900-01-01 00:00:00', 1),
(510, 5, 2, 1, 'TRIMESTRAL', 0.00, '1900-01-01 00:00:00', 1),
(511, 5, 3, 1, 'TRIMESTRAL', 0.00, '1900-01-01 00:00:00', 1),
(512, 5, 1, 2, 'TRIMESTRAL', 0.00, '1900-01-01 00:00:00', 1),
(513, 5, 2, 2, 'TRIMESTRAL', 0.00, '1900-01-01 00:00:00', 1),
(514, 5, 3, 2, 'TRIMESTRAL', 0.00, '1900-01-01 00:00:00', 1),
(515, 5, 1, 3, 'TRIMESTRAL', 0.00, '1900-01-01 00:00:00', 1),
(516, 5, 2, 3, 'TRIMESTRAL', 0.00, '1900-01-01 00:00:00', 1),
(517, 5, 3, 3, 'TRIMESTRAL', 0.00, '1900-01-01 00:00:00', 1),
(518, 5, 1, 4, 'TRIMESTRAL', 0.00, '1900-01-01 00:00:00', 1),
(519, 5, 2, 4, 'TRIMESTRAL', 0.00, '1900-01-01 00:00:00', 1),
(520, 5, 3, 4, 'TRIMESTRAL', 0.00, '1900-01-01 00:00:00', 1),
(521, 5, 1, 5, 'TRIMESTRAL', 0.00, '1900-01-01 00:00:00', 1),
(522, 5, 2, 5, 'TRIMESTRAL', 0.00, '1900-01-01 00:00:00', 1),
(523, 5, 3, 5, 'TRIMESTRAL', 0.00, '1900-01-01 00:00:00', 1),
(524, 5, 1, 6, 'TRIMESTRAL', 0.00, '1900-01-01 00:00:00', 1),
(525, 5, 2, 6, 'TRIMESTRAL', 0.00, '1900-01-01 00:00:00', 1),
(526, 5, 3, 6, 'TRIMESTRAL', 0.00, '1900-01-01 00:00:00', 1),
(527, 5, 1, 7, 'TRIMESTRAL', 0.00, '1900-01-01 00:00:00', 1),
(528, 5, 2, 7, 'TRIMESTRAL', 0.00, '1900-01-01 00:00:00', 1),
(529, 5, 3, 7, 'TRIMESTRAL', 0.00, '1900-01-01 00:00:00', 1),
(530, 5, 1, 8, 'TRIMESTRAL', 0.00, '1900-01-01 00:00:00', 1),
(531, 5, 2, 8, 'TRIMESTRAL', 0.00, '1900-01-01 00:00:00', 1),
(532, 5, 3, 8, 'TRIMESTRAL', 0.00, '1900-01-01 00:00:00', 1),
(533, 5, 1, 9, 'TRIMESTRAL', 0.00, '1900-01-01 00:00:00', 1),
(534, 5, 2, 9, 'TRIMESTRAL', 0.00, '1900-01-01 00:00:00', 1),
(535, 5, 3, 9, 'TRIMESTRAL', 0.00, '1900-01-01 00:00:00', 1),
(536, 5, 1, 10, 'TRIMESTRAL', 0.00, '1900-01-01 00:00:00', 1),
(537, 5, 2, 10, 'TRIMESTRAL', 0.00, '1900-01-01 00:00:00', 1),
(538, 5, 3, 10, 'TRIMESTRAL', 0.00, '1900-01-01 00:00:00', 1),
(539, 5, 1, 11, 'TRIMESTRAL', 0.00, '1900-01-01 00:00:00', 1),
(540, 5, 2, 11, 'TRIMESTRAL', 0.00, '1900-01-01 00:00:00', 1),
(541, 5, 3, 11, 'TRIMESTRAL', 0.00, '1900-01-01 00:00:00', 1),
(542, 5, 1, 12, 'TRIMESTRAL', 0.00, '1900-01-01 00:00:00', 1),
(543, 5, 2, 12, 'TRIMESTRAL', 0.00, '1900-01-01 00:00:00', 1),
(544, 5, 3, 12, 'TRIMESTRAL', 0.00, '1900-01-01 00:00:00', 1),
(545, 5, 1, 13, 'TRIMESTRAL', 0.00, '1900-01-01 00:00:00', 1),
(546, 5, 2, 13, 'TRIMESTRAL', 0.00, '1900-01-01 00:00:00', 1),
(547, 5, 3, 13, 'TRIMESTRAL', 0.00, '1900-01-01 00:00:00', 1),
(548, 5, 1, 14, 'TRIMESTRAL', 0.00, '1900-01-01 00:00:00', 1),
(549, 5, 2, 14, 'TRIMESTRAL', 0.00, '1900-01-01 00:00:00', 1),
(550, 5, 3, 14, 'TRIMESTRAL', 0.00, '1900-01-01 00:00:00', 1),
(551, 5, 1, 15, 'TRIMESTRAL', 0.00, '1900-01-01 00:00:00', 1),
(552, 5, 2, 15, 'TRIMESTRAL', 0.00, '1900-01-01 00:00:00', 1),
(553, 5, 3, 15, 'TRIMESTRAL', 0.00, '1900-01-01 00:00:00', 1),
(554, 5, 1, 16, 'TRIMESTRAL', 0.00, '1900-01-01 00:00:00', 1),
(555, 5, 2, 16, 'TRIMESTRAL', 0.00, '1900-01-01 00:00:00', 1),
(556, 5, 3, 16, 'TRIMESTRAL', 0.00, '1900-01-01 00:00:00', 1),
(557, 5, 1, 28, 'TRIMESTRAL', 0.00, '1900-01-01 00:00:00', 1),
(558, 5, 2, 28, 'TRIMESTRAL', 0.00, '1900-01-01 00:00:00', 1),
(559, 5, 3, 28, 'TRIMESTRAL', 0.00, '1900-01-01 00:00:00', 1),
(560, 5, 1, 29, 'TRIMESTRAL', 0.00, '1900-01-01 00:00:00', 1),
(561, 5, 2, 29, 'TRIMESTRAL', 0.00, '1900-01-01 00:00:00', 1),
(562, 5, 3, 29, 'TRIMESTRAL', 0.00, '1900-01-01 00:00:00', 1),
(563, 5, 1, 30, 'TRIMESTRAL', 0.00, '1900-01-01 00:00:00', 1),
(564, 5, 2, 30, 'TRIMESTRAL', 0.00, '1900-01-01 00:00:00', 1),
(565, 5, 3, 30, 'TRIMESTRAL', 0.00, '1900-01-01 00:00:00', 1),
(566, 5, 1, 31, 'TRIMESTRAL', 0.00, '1900-01-01 00:00:00', 1),
(567, 5, 2, 31, 'TRIMESTRAL', 0.00, '1900-01-01 00:00:00', 1),
(568, 5, 3, 31, 'TRIMESTRAL', 0.00, '1900-01-01 00:00:00', 1),
(569, 5, 1, 32, 'TRIMESTRAL', 0.00, '1900-01-01 00:00:00', 1),
(570, 5, 2, 32, 'TRIMESTRAL', 0.00, '1900-01-01 00:00:00', 1),
(571, 5, 3, 32, 'TRIMESTRAL', 0.00, '1900-01-01 00:00:00', 1),
(572, 5, 1, 33, 'TRIMESTRAL', 0.00, '1900-01-01 00:00:00', 1),
(573, 5, 2, 33, 'TRIMESTRAL', 0.00, '1900-01-01 00:00:00', 1),
(574, 5, 3, 33, 'TRIMESTRAL', 0.00, '1900-01-01 00:00:00', 1),
(575, 5, 1, 34, 'TRIMESTRAL', 0.00, '1900-01-01 00:00:00', 1),
(576, 5, 2, 34, 'TRIMESTRAL', 0.00, '1900-01-01 00:00:00', 1),
(577, 5, 3, 34, 'TRIMESTRAL', 0.00, '1900-01-01 00:00:00', 1),
(578, 5, 1, 35, 'TRIMESTRAL', 0.00, '1900-01-01 00:00:00', 1),
(579, 5, 2, 35, 'TRIMESTRAL', 0.00, '1900-01-01 00:00:00', 1),
(580, 5, 3, 35, 'TRIMESTRAL', 0.00, '1900-01-01 00:00:00', 1),
(708, 6, 1, 13, 'TRIMESTRAL', 17174.00, NULL, 1),
(709, 6, 1, 14, 'TRIMESTRAL', 21761.00, NULL, 1),
(710, 6, 1, 15, 'TRIMESTRAL', 21147.00, NULL, 1),
(711, 6, 1, 16, 'TRIMESTRAL', 33711.00, NULL, 1),
(712, 6, 1, 1, 'TRIMESTRAL', 18537.00, NULL, 1),
(713, 6, 1, 2, 'TRIMESTRAL', 30099.00, NULL, 1),
(714, 6, 1, 3, 'TRIMESTRAL', 25990.00, NULL, 1),
(715, 6, 1, 4, 'TRIMESTRAL', 45137.00, NULL, 1),
(716, 6, 1, 5, 'TRIMESTRAL', 24900.00, NULL, 1),
(717, 6, 1, 6, 'TRIMESTRAL', 34345.00, NULL, 1),
(718, 6, 1, 7, 'TRIMESTRAL', 34041.00, NULL, 1),
(719, 6, 1, 8, 'TRIMESTRAL', 54803.00, NULL, 1),
(720, 6, 1, 9, 'TRIMESTRAL', 31761.00, NULL, 1),
(721, 6, 1, 10, 'TRIMESTRAL', 40160.00, NULL, 1),
(722, 6, 1, 11, 'TRIMESTRAL', 37194.00, NULL, 1),
(723, 6, 1, 12, 'TRIMESTRAL', 56287.00, NULL, 1),
(724, 6, 1, 28, 'TRIMESTRAL', 33146.00, NULL, 1),
(725, 6, 1, 29, 'TRIMESTRAL', 44619.00, NULL, 1),
(726, 6, 1, 30, 'TRIMESTRAL', 0.00, NULL, 1),
(727, 6, 1, 31, 'TRIMESTRAL', 0.00, NULL, 1),
(728, 6, 1, 32, 'TRIMESTRAL', 0.00, NULL, 1),
(729, 6, 1, 33, 'TRIMESTRAL', 0.00, NULL, 1),
(730, 6, 1, 34, 'TRIMESTRAL', 0.00, NULL, 1),
(731, 6, 1, 35, 'TRIMESTRAL', 0.00, NULL, 1),
(732, 6, 2, 13, 'TRIMESTRAL', 0.00, NULL, 1),
(733, 6, 2, 14, 'TRIMESTRAL', 0.00, NULL, 1),
(734, 6, 2, 15, 'TRIMESTRAL', 0.00, NULL, 1),
(735, 6, 2, 16, 'TRIMESTRAL', 0.00, NULL, 1),
(736, 6, 2, 1, 'TRIMESTRAL', 0.00, NULL, 1),
(737, 6, 2, 2, 'TRIMESTRAL', 0.00, NULL, 1),
(738, 6, 2, 3, 'TRIMESTRAL', 0.00, NULL, 1),
(739, 6, 2, 4, 'TRIMESTRAL', 0.00, NULL, 1),
(740, 6, 2, 5, 'TRIMESTRAL', 0.00, NULL, 1),
(741, 6, 2, 6, 'TRIMESTRAL', 0.00, NULL, 1),
(742, 6, 2, 7, 'TRIMESTRAL', 0.00, NULL, 1),
(743, 6, 2, 8, 'TRIMESTRAL', 85866.00, NULL, 1),
(744, 6, 2, 9, 'TRIMESTRAL', 59358.00, NULL, 1),
(745, 6, 2, 10, 'TRIMESTRAL', 70888.00, NULL, 1),
(746, 6, 2, 11, 'TRIMESTRAL', 66588.00, NULL, 1),
(747, 6, 2, 12, 'TRIMESTRAL', 96920.00, NULL, 1),
(748, 6, 2, 28, 'TRIMESTRAL', 67327.00, NULL, 1),
(749, 6, 2, 29, 'TRIMESTRAL', 80583.00, NULL, 1),
(750, 6, 2, 30, 'TRIMESTRAL', 0.00, NULL, 1),
(751, 6, 2, 31, 'TRIMESTRAL', 0.00, NULL, 1),
(752, 6, 2, 32, 'TRIMESTRAL', 0.00, NULL, 1),
(753, 6, 2, 33, 'TRIMESTRAL', 0.00, NULL, 1),
(754, 6, 2, 34, 'TRIMESTRAL', 0.00, NULL, 1),
(755, 6, 2, 35, 'TRIMESTRAL', 0.00, NULL, 1),
(756, 6, 3, 13, 'TRIMESTRAL', 95992.00, NULL, 1),
(757, 6, 3, 14, 'TRIMESTRAL', 114936.00, NULL, 1),
(758, 6, 3, 15, 'TRIMESTRAL', 107196.00, NULL, 1),
(759, 6, 3, 16, 'TRIMESTRAL', 167872.00, NULL, 1),
(760, 6, 3, 1, 'TRIMESTRAL', 108052.00, NULL, 1),
(761, 6, 3, 2, 'TRIMESTRAL', 149286.00, NULL, 1),
(762, 6, 3, 3, 'TRIMESTRAL', 125177.00, NULL, 1),
(763, 6, 3, 4, 'TRIMESTRAL', 187059.00, NULL, 1),
(764, 6, 3, 5, 'TRIMESTRAL', 126819.00, NULL, 1),
(765, 6, 3, 6, 'TRIMESTRAL', 150977.00, NULL, 1),
(766, 6, 3, 7, 'TRIMESTRAL', 133239.00, NULL, 1),
(767, 6, 3, 8, 'TRIMESTRAL', 200992.00, NULL, 1),
(768, 6, 3, 9, 'TRIMESTRAL', 141120.00, NULL, 1),
(769, 6, 3, 10, 'TRIMESTRAL', 158095.00, NULL, 1),
(770, 6, 3, 11, 'TRIMESTRAL', 151565.00, NULL, 1),
(771, 6, 3, 12, 'TRIMESTRAL', 223096.00, NULL, 1),
(772, 6, 3, 28, 'TRIMESTRAL', 144691.00, NULL, 1),
(773, 6, 3, 29, 'TRIMESTRAL', 161228.00, NULL, 1),
(774, 6, 3, 30, 'TRIMESTRAL', 0.00, NULL, 1),
(775, 6, 3, 31, 'TRIMESTRAL', 0.00, NULL, 1),
(776, 6, 3, 32, 'TRIMESTRAL', 0.00, NULL, 1),
(777, 6, 3, 33, 'TRIMESTRAL', 0.00, NULL, 1),
(778, 6, 3, 34, 'TRIMESTRAL', 0.00, NULL, 1),
(779, 6, 3, 35, 'TRIMESTRAL', 0.00, NULL, 1),
(780, 7, 1, 13, 'TRIMESTRAL', 12336.00, NULL, 1),
(781, 7, 1, 14, 'TRIMESTRAL', 13554.00, NULL, 1),
(782, 7, 1, 15, 'TRIMESTRAL', 11483.00, NULL, 1),
(783, 7, 1, 16, 'TRIMESTRAL', 15195.00, NULL, 1),
(784, 7, 1, 1, 'TRIMESTRAL', 13685.00, NULL, 1),
(785, 7, 1, 2, 'TRIMESTRAL', 15819.00, NULL, 1),
(786, 7, 1, 3, 'TRIMESTRAL', 15380.00, NULL, 1),
(787, 7, 1, 4, 'TRIMESTRAL', 19264.00, NULL, 1),
(788, 7, 1, 5, 'TRIMESTRAL', 18068.00, NULL, 1),
(789, 7, 1, 6, 'TRIMESTRAL', 19911.00, NULL, 1),
(790, 7, 1, 7, 'TRIMESTRAL', 18973.00, NULL, 1),
(791, 7, 1, 8, 'TRIMESTRAL', 22472.00, NULL, 1),
(792, 7, 1, 9, 'TRIMESTRAL', 20683.00, NULL, 1),
(793, 7, 1, 10, 'TRIMESTRAL', 22354.00, NULL, 1),
(794, 7, 1, 11, 'TRIMESTRAL', 21637.00, NULL, 1),
(795, 7, 1, 12, 'TRIMESTRAL', 23754.00, NULL, 1),
(796, 7, 1, 28, 'TRIMESTRAL', 20935.00, NULL, 1),
(797, 7, 1, 29, 'TRIMESTRAL', 21839.00, NULL, 1),
(798, 7, 1, 30, 'TRIMESTRAL', 0.00, NULL, 1),
(799, 7, 1, 31, 'TRIMESTRAL', 0.00, NULL, 1),
(800, 7, 1, 32, 'TRIMESTRAL', 0.00, NULL, 1),
(801, 7, 1, 33, 'TRIMESTRAL', 0.00, NULL, 1),
(802, 7, 1, 34, 'TRIMESTRAL', 0.00, NULL, 1),
(803, 7, 1, 35, 'TRIMESTRAL', 0.00, NULL, 1),
(804, 7, 2, 13, 'TRIMESTRAL', 0.00, NULL, 1),
(805, 7, 2, 14, 'TRIMESTRAL', 0.00, NULL, 1),
(806, 7, 2, 15, 'TRIMESTRAL', 0.00, NULL, 1),
(807, 7, 2, 16, 'TRIMESTRAL', 0.00, NULL, 1),
(808, 7, 2, 1, 'TRIMESTRAL', 0.00, NULL, 1),
(809, 7, 2, 2, 'TRIMESTRAL', 0.00, NULL, 1),
(810, 7, 2, 3, 'TRIMESTRAL', 0.00, NULL, 1),
(811, 7, 2, 4, 'TRIMESTRAL', 0.00, NULL, 1),
(812, 7, 2, 5, 'TRIMESTRAL', 0.00, NULL, 1),
(813, 7, 2, 6, 'TRIMESTRAL', 0.00, NULL, 1),
(814, 7, 2, 7, 'TRIMESTRAL', 0.00, NULL, 1),
(815, 7, 2, 8, 'TRIMESTRAL', 18227.00, NULL, 1),
(816, 7, 2, 9, 'TRIMESTRAL', 15328.00, NULL, 1),
(817, 7, 2, 10, 'TRIMESTRAL', 14210.00, NULL, 1),
(818, 7, 2, 11, 'TRIMESTRAL', 13625.00, NULL, 1),
(819, 7, 2, 12, 'TRIMESTRAL', 15013.00, NULL, 1),
(820, 7, 2, 28, 'TRIMESTRAL', 15664.00, NULL, 1),
(821, 7, 2, 29, 'TRIMESTRAL', 17093.00, NULL, 1),
(822, 7, 2, 30, 'TRIMESTRAL', 0.00, NULL, 1),
(823, 7, 2, 31, 'TRIMESTRAL', 0.00, NULL, 1),
(824, 7, 2, 32, 'TRIMESTRAL', 0.00, NULL, 1),
(825, 7, 2, 33, 'TRIMESTRAL', 0.00, NULL, 1),
(826, 7, 2, 34, 'TRIMESTRAL', 0.00, NULL, 1),
(827, 7, 2, 35, 'TRIMESTRAL', 0.00, NULL, 1),
(828, 7, 3, 13, 'TRIMESTRAL', 57566.00, NULL, 1),
(829, 7, 3, 14, 'TRIMESTRAL', 48247.00, NULL, 1),
(830, 7, 3, 15, 'TRIMESTRAL', 42703.00, NULL, 1),
(831, 7, 3, 16, 'TRIMESTRAL', 36233.00, NULL, 1),
(832, 7, 3, 1, 'TRIMESTRAL', 38891.00, NULL, 1),
(833, 7, 3, 2, 'TRIMESTRAL', 36399.00, NULL, 1),
(834, 7, 3, 3, 'TRIMESTRAL', 43091.00, NULL, 1),
(835, 7, 3, 4, 'TRIMESTRAL', 43826.00, NULL, 1),
(836, 7, 3, 5, 'TRIMESTRAL', 44875.00, NULL, 1),
(837, 7, 3, 6, 'TRIMESTRAL', 43722.00, NULL, 1),
(838, 7, 3, 7, 'TRIMESTRAL', 42140.00, NULL, 1),
(839, 7, 3, 8, 'TRIMESTRAL', 39854.00, NULL, 1),
(840, 7, 3, 9, 'TRIMESTRAL', 40839.00, NULL, 1),
(841, 7, 3, 10, 'TRIMESTRAL', 38434.00, NULL, 1),
(842, 7, 3, 11, 'TRIMESTRAL', 38368.00, NULL, 1),
(843, 7, 3, 12, 'TRIMESTRAL', 38601.00, NULL, 1),
(844, 7, 3, 28, 'TRIMESTRAL', 40470.00, NULL, 1),
(845, 7, 3, 29, 'TRIMESTRAL', 40125.00, NULL, 1),
(846, 7, 3, 30, 'TRIMESTRAL', 0.00, NULL, 1),
(847, 7, 3, 31, 'TRIMESTRAL', 0.00, NULL, 1),
(848, 7, 3, 32, 'TRIMESTRAL', 0.00, NULL, 1),
(849, 7, 3, 33, 'TRIMESTRAL', 0.00, NULL, 1),
(850, 7, 3, 34, 'TRIMESTRAL', 0.00, NULL, 1),
(851, 7, 3, 35, 'TRIMESTRAL', 0.00, NULL, 1),
(924, 8, 1, 1, 'TRIMESTRAL', 0.00, '1900-01-01 00:00:00', 1),
(925, 8, 2, 1, 'TRIMESTRAL', 0.00, '1900-01-01 00:00:00', 1),
(926, 8, 3, 1, 'TRIMESTRAL', 0.00, '1900-01-01 00:00:00', 1),
(927, 8, 1, 2, 'TRIMESTRAL', 0.00, '1900-01-01 00:00:00', 1),
(928, 8, 2, 2, 'TRIMESTRAL', 0.00, '1900-01-01 00:00:00', 1),
(929, 8, 3, 2, 'TRIMESTRAL', 0.00, '1900-01-01 00:00:00', 1),
(930, 8, 1, 3, 'TRIMESTRAL', 0.00, '1900-01-01 00:00:00', 1),
(931, 8, 2, 3, 'TRIMESTRAL', 0.00, '1900-01-01 00:00:00', 1),
(932, 8, 3, 3, 'TRIMESTRAL', 0.00, '1900-01-01 00:00:00', 1),
(933, 8, 1, 4, 'TRIMESTRAL', 0.00, '1900-01-01 00:00:00', 1),
(934, 8, 2, 4, 'TRIMESTRAL', 0.00, '1900-01-01 00:00:00', 1),
(935, 8, 3, 4, 'TRIMESTRAL', 0.00, '1900-01-01 00:00:00', 1),
(936, 8, 1, 5, 'TRIMESTRAL', 0.00, '1900-01-01 00:00:00', 1),
(937, 8, 2, 5, 'TRIMESTRAL', 0.00, '1900-01-01 00:00:00', 1),
(938, 8, 3, 5, 'TRIMESTRAL', 0.00, '1900-01-01 00:00:00', 1),
(939, 8, 1, 6, 'TRIMESTRAL', 0.00, '1900-01-01 00:00:00', 1),
(940, 8, 2, 6, 'TRIMESTRAL', 0.00, '1900-01-01 00:00:00', 1),
(941, 8, 3, 6, 'TRIMESTRAL', 0.00, '1900-01-01 00:00:00', 1),
(942, 8, 1, 7, 'TRIMESTRAL', 0.00, '1900-01-01 00:00:00', 1),
(943, 8, 2, 7, 'TRIMESTRAL', 0.00, '1900-01-01 00:00:00', 1),
(944, 8, 3, 7, 'TRIMESTRAL', 0.00, '1900-01-01 00:00:00', 1),
(945, 8, 1, 8, 'TRIMESTRAL', 0.00, '1900-01-01 00:00:00', 1),
(946, 8, 2, 8, 'TRIMESTRAL', 0.00, '1900-01-01 00:00:00', 1),
(947, 8, 3, 8, 'TRIMESTRAL', 0.00, '1900-01-01 00:00:00', 1),
(948, 8, 1, 9, 'TRIMESTRAL', 0.00, '1900-01-01 00:00:00', 1),
(949, 8, 2, 9, 'TRIMESTRAL', 0.00, '1900-01-01 00:00:00', 1),
(950, 8, 3, 9, 'TRIMESTRAL', 0.00, '1900-01-01 00:00:00', 1),
(951, 8, 1, 10, 'TRIMESTRAL', 0.00, '1900-01-01 00:00:00', 1),
(952, 8, 2, 10, 'TRIMESTRAL', 0.00, '1900-01-01 00:00:00', 1),
(953, 8, 3, 10, 'TRIMESTRAL', 0.00, '1900-01-01 00:00:00', 1),
(954, 8, 1, 11, 'TRIMESTRAL', 0.00, '1900-01-01 00:00:00', 1),
(955, 8, 2, 11, 'TRIMESTRAL', 0.00, '1900-01-01 00:00:00', 1),
(956, 8, 3, 11, 'TRIMESTRAL', 0.00, '1900-01-01 00:00:00', 1),
(957, 8, 1, 12, 'TRIMESTRAL', 0.00, '1900-01-01 00:00:00', 1),
(958, 8, 2, 12, 'TRIMESTRAL', 0.00, '1900-01-01 00:00:00', 1),
(959, 8, 3, 12, 'TRIMESTRAL', 0.00, '1900-01-01 00:00:00', 1),
(960, 8, 1, 13, 'TRIMESTRAL', 0.00, '1900-01-01 00:00:00', 1),
(961, 8, 2, 13, 'TRIMESTRAL', 0.00, '1900-01-01 00:00:00', 1),
(962, 8, 3, 13, 'TRIMESTRAL', 0.00, '1900-01-01 00:00:00', 1),
(963, 8, 1, 14, 'TRIMESTRAL', 0.00, '1900-01-01 00:00:00', 1),
(964, 8, 2, 14, 'TRIMESTRAL', 0.00, '1900-01-01 00:00:00', 1),
(965, 8, 3, 14, 'TRIMESTRAL', 0.00, '1900-01-01 00:00:00', 1),
(966, 8, 1, 15, 'TRIMESTRAL', 0.00, '1900-01-01 00:00:00', 1),
(967, 8, 2, 15, 'TRIMESTRAL', 0.00, '1900-01-01 00:00:00', 1),
(968, 8, 3, 15, 'TRIMESTRAL', 0.00, '1900-01-01 00:00:00', 1),
(969, 8, 1, 16, 'TRIMESTRAL', 0.00, '1900-01-01 00:00:00', 1),
(970, 8, 2, 16, 'TRIMESTRAL', 0.00, '1900-01-01 00:00:00', 1),
(971, 8, 3, 16, 'TRIMESTRAL', 0.00, '1900-01-01 00:00:00', 1),
(972, 8, 1, 28, 'TRIMESTRAL', 0.00, '1900-01-01 00:00:00', 1),
(973, 8, 2, 28, 'TRIMESTRAL', 0.00, '1900-01-01 00:00:00', 1),
(974, 8, 3, 28, 'TRIMESTRAL', 0.00, '1900-01-01 00:00:00', 1),
(975, 8, 1, 29, 'TRIMESTRAL', 0.00, '1900-01-01 00:00:00', 1),
(976, 8, 2, 29, 'TRIMESTRAL', 0.00, '1900-01-01 00:00:00', 1),
(977, 8, 3, 29, 'TRIMESTRAL', 0.00, '1900-01-01 00:00:00', 1),
(978, 8, 1, 30, 'TRIMESTRAL', 0.00, '1900-01-01 00:00:00', 1),
(979, 8, 2, 30, 'TRIMESTRAL', 0.00, '1900-01-01 00:00:00', 1),
(980, 8, 3, 30, 'TRIMESTRAL', 0.00, '1900-01-01 00:00:00', 1),
(981, 8, 1, 31, 'TRIMESTRAL', 0.00, '1900-01-01 00:00:00', 1),
(982, 8, 2, 31, 'TRIMESTRAL', 0.00, '1900-01-01 00:00:00', 1),
(983, 8, 3, 31, 'TRIMESTRAL', 0.00, '1900-01-01 00:00:00', 1),
(984, 8, 1, 32, 'TRIMESTRAL', 0.00, '1900-01-01 00:00:00', 1),
(985, 8, 2, 32, 'TRIMESTRAL', 0.00, '1900-01-01 00:00:00', 1),
(986, 8, 3, 32, 'TRIMESTRAL', 0.00, '1900-01-01 00:00:00', 1),
(987, 8, 1, 33, 'TRIMESTRAL', 0.00, '1900-01-01 00:00:00', 1),
(988, 8, 2, 33, 'TRIMESTRAL', 0.00, '1900-01-01 00:00:00', 1),
(989, 8, 3, 33, 'TRIMESTRAL', 0.00, '1900-01-01 00:00:00', 1),
(990, 8, 1, 34, 'TRIMESTRAL', 0.00, '1900-01-01 00:00:00', 1),
(991, 8, 2, 34, 'TRIMESTRAL', 0.00, '1900-01-01 00:00:00', 1),
(992, 8, 3, 34, 'TRIMESTRAL', 0.00, '1900-01-01 00:00:00', 1),
(993, 8, 1, 35, 'TRIMESTRAL', 0.00, '1900-01-01 00:00:00', 1),
(994, 8, 2, 35, 'TRIMESTRAL', 0.00, '1900-01-01 00:00:00', 1),
(995, 8, 3, 35, 'TRIMESTRAL', 0.00, '1900-01-01 00:00:00', 1),
(1051, 9, 1, 1, 'TRIMESTRAL', 0.00, '1900-01-01 00:00:00', 1),
(1052, 9, 2, 1, 'TRIMESTRAL', 0.00, '1900-01-01 00:00:00', 1),
(1053, 9, 3, 1, 'TRIMESTRAL', 0.00, '1900-01-01 00:00:00', 1),
(1054, 9, 1, 2, 'TRIMESTRAL', 0.00, '1900-01-01 00:00:00', 1),
(1055, 9, 2, 2, 'TRIMESTRAL', 0.00, '1900-01-01 00:00:00', 1),
(1056, 9, 3, 2, 'TRIMESTRAL', 0.00, '1900-01-01 00:00:00', 1),
(1057, 9, 1, 3, 'TRIMESTRAL', 0.00, '1900-01-01 00:00:00', 1),
(1058, 9, 2, 3, 'TRIMESTRAL', 0.00, '1900-01-01 00:00:00', 1),
(1059, 9, 3, 3, 'TRIMESTRAL', 0.00, '1900-01-01 00:00:00', 1),
(1060, 9, 1, 4, 'TRIMESTRAL', 0.00, '1900-01-01 00:00:00', 1),
(1061, 9, 2, 4, 'TRIMESTRAL', 0.00, '1900-01-01 00:00:00', 1),
(1062, 9, 3, 4, 'TRIMESTRAL', 0.00, '1900-01-01 00:00:00', 1),
(1063, 9, 1, 5, 'TRIMESTRAL', 0.00, '1900-01-01 00:00:00', 1),
(1064, 9, 2, 5, 'TRIMESTRAL', 0.00, '1900-01-01 00:00:00', 1),
(1065, 9, 3, 5, 'TRIMESTRAL', 0.00, '1900-01-01 00:00:00', 1),
(1066, 9, 1, 6, 'TRIMESTRAL', 0.00, '1900-01-01 00:00:00', 1),
(1067, 9, 2, 6, 'TRIMESTRAL', 0.00, '1900-01-01 00:00:00', 1),
(1068, 9, 3, 6, 'TRIMESTRAL', 0.00, '1900-01-01 00:00:00', 1),
(1069, 9, 1, 7, 'TRIMESTRAL', 0.00, '1900-01-01 00:00:00', 1),
(1070, 9, 2, 7, 'TRIMESTRAL', 0.00, '1900-01-01 00:00:00', 1),
(1071, 9, 3, 7, 'TRIMESTRAL', 0.00, '1900-01-01 00:00:00', 1),
(1072, 9, 1, 8, 'TRIMESTRAL', 0.00, '1900-01-01 00:00:00', 1),
(1073, 9, 2, 8, 'TRIMESTRAL', 0.00, '1900-01-01 00:00:00', 1),
(1074, 9, 3, 8, 'TRIMESTRAL', 0.00, '1900-01-01 00:00:00', 1),
(1075, 9, 1, 9, 'TRIMESTRAL', 0.00, '1900-01-01 00:00:00', 1),
(1076, 9, 2, 9, 'TRIMESTRAL', 0.00, '1900-01-01 00:00:00', 1),
(1077, 9, 3, 9, 'TRIMESTRAL', 0.00, '1900-01-01 00:00:00', 1),
(1078, 9, 1, 10, 'TRIMESTRAL', 0.00, '1900-01-01 00:00:00', 1),
(1079, 9, 2, 10, 'TRIMESTRAL', 0.00, '1900-01-01 00:00:00', 1),
(1080, 9, 3, 10, 'TRIMESTRAL', 0.00, '1900-01-01 00:00:00', 1),
(1081, 9, 1, 11, 'TRIMESTRAL', 0.00, '1900-01-01 00:00:00', 1),
(1082, 9, 2, 11, 'TRIMESTRAL', 0.00, '1900-01-01 00:00:00', 1),
(1083, 9, 3, 11, 'TRIMESTRAL', 0.00, '1900-01-01 00:00:00', 1),
(1084, 9, 1, 12, 'TRIMESTRAL', 0.00, '1900-01-01 00:00:00', 1),
(1085, 9, 2, 12, 'TRIMESTRAL', 0.00, '1900-01-01 00:00:00', 1),
(1086, 9, 3, 12, 'TRIMESTRAL', 0.00, '1900-01-01 00:00:00', 1),
(1087, 9, 1, 13, 'TRIMESTRAL', 0.00, '1900-01-01 00:00:00', 1),
(1088, 9, 2, 13, 'TRIMESTRAL', 0.00, '1900-01-01 00:00:00', 1),
(1089, 9, 3, 13, 'TRIMESTRAL', 0.00, '1900-01-01 00:00:00', 1),
(1090, 9, 1, 14, 'TRIMESTRAL', 0.00, '1900-01-01 00:00:00', 1),
(1091, 9, 2, 14, 'TRIMESTRAL', 0.00, '1900-01-01 00:00:00', 1),
(1092, 9, 3, 14, 'TRIMESTRAL', 0.00, '1900-01-01 00:00:00', 1),
(1093, 9, 1, 15, 'TRIMESTRAL', 0.00, '1900-01-01 00:00:00', 1),
(1094, 9, 2, 15, 'TRIMESTRAL', 0.00, '1900-01-01 00:00:00', 1),
(1095, 9, 3, 15, 'TRIMESTRAL', 0.00, '1900-01-01 00:00:00', 1),
(1096, 9, 1, 16, 'TRIMESTRAL', 0.00, '1900-01-01 00:00:00', 1),
(1097, 9, 2, 16, 'TRIMESTRAL', 0.00, '1900-01-01 00:00:00', 1),
(1098, 9, 3, 16, 'TRIMESTRAL', 0.00, '1900-01-01 00:00:00', 1),
(1099, 9, 1, 28, 'TRIMESTRAL', 0.00, '1900-01-01 00:00:00', 1),
(1100, 9, 2, 28, 'TRIMESTRAL', 0.00, '1900-01-01 00:00:00', 1),
(1101, 9, 3, 28, 'TRIMESTRAL', 0.00, '1900-01-01 00:00:00', 1),
(1102, 9, 1, 29, 'TRIMESTRAL', 0.00, '1900-01-01 00:00:00', 1),
(1103, 9, 2, 29, 'TRIMESTRAL', 0.00, '1900-01-01 00:00:00', 1),
(1104, 9, 3, 29, 'TRIMESTRAL', 0.00, '1900-01-01 00:00:00', 1),
(1105, 9, 1, 30, 'TRIMESTRAL', 0.00, '1900-01-01 00:00:00', 1),
(1106, 9, 2, 30, 'TRIMESTRAL', 0.00, '1900-01-01 00:00:00', 1),
(1107, 9, 3, 30, 'TRIMESTRAL', 0.00, '1900-01-01 00:00:00', 1),
(1108, 9, 1, 31, 'TRIMESTRAL', 0.00, '1900-01-01 00:00:00', 1),
(1109, 9, 2, 31, 'TRIMESTRAL', 0.00, '1900-01-01 00:00:00', 1),
(1110, 9, 3, 31, 'TRIMESTRAL', 0.00, '1900-01-01 00:00:00', 1),
(1111, 9, 1, 32, 'TRIMESTRAL', 0.00, '1900-01-01 00:00:00', 1),
(1112, 9, 2, 32, 'TRIMESTRAL', 0.00, '1900-01-01 00:00:00', 1),
(1113, 9, 3, 32, 'TRIMESTRAL', 0.00, '1900-01-01 00:00:00', 1),
(1114, 9, 1, 33, 'TRIMESTRAL', 0.00, '1900-01-01 00:00:00', 1),
(1115, 9, 2, 33, 'TRIMESTRAL', 0.00, '1900-01-01 00:00:00', 1),
(1116, 9, 3, 33, 'TRIMESTRAL', 0.00, '1900-01-01 00:00:00', 1),
(1117, 9, 1, 34, 'TRIMESTRAL', 0.00, '1900-01-01 00:00:00', 1),
(1118, 9, 2, 34, 'TRIMESTRAL', 0.00, '1900-01-01 00:00:00', 1),
(1119, 9, 3, 34, 'TRIMESTRAL', 0.00, '1900-01-01 00:00:00', 1),
(1120, 9, 1, 35, 'TRIMESTRAL', 0.00, '1900-01-01 00:00:00', 1),
(1121, 9, 2, 35, 'TRIMESTRAL', 0.00, '1900-01-01 00:00:00', 1),
(1122, 9, 3, 35, 'TRIMESTRAL', 0.00, '1900-01-01 00:00:00', 1),
(1178, 10, 1, 1, 'TRIMESTRAL', 0.00, '1900-01-01 00:00:00', 1),
(1179, 10, 2, 1, 'TRIMESTRAL', 0.00, '1900-01-01 00:00:00', 1),
(1180, 10, 3, 1, 'TRIMESTRAL', 0.00, '1900-01-01 00:00:00', 1),
(1181, 10, 1, 2, 'TRIMESTRAL', 0.00, '1900-01-01 00:00:00', 1),
(1182, 10, 2, 2, 'TRIMESTRAL', 0.00, '1900-01-01 00:00:00', 1),
(1183, 10, 3, 2, 'TRIMESTRAL', 0.00, '1900-01-01 00:00:00', 1),
(1184, 10, 1, 3, 'TRIMESTRAL', 0.00, '1900-01-01 00:00:00', 1),
(1185, 10, 2, 3, 'TRIMESTRAL', 0.00, '1900-01-01 00:00:00', 1),
(1186, 10, 3, 3, 'TRIMESTRAL', 0.00, '1900-01-01 00:00:00', 1),
(1187, 10, 1, 4, 'TRIMESTRAL', 0.00, '1900-01-01 00:00:00', 1),
(1188, 10, 2, 4, 'TRIMESTRAL', 0.00, '1900-01-01 00:00:00', 1),
(1189, 10, 3, 4, 'TRIMESTRAL', 0.00, '1900-01-01 00:00:00', 1),
(1190, 10, 1, 5, 'TRIMESTRAL', 0.00, '1900-01-01 00:00:00', 1),
(1191, 10, 2, 5, 'TRIMESTRAL', 0.00, '1900-01-01 00:00:00', 1),
(1192, 10, 3, 5, 'TRIMESTRAL', 0.00, '1900-01-01 00:00:00', 1),
(1193, 10, 1, 6, 'TRIMESTRAL', 0.00, '1900-01-01 00:00:00', 1),
(1194, 10, 2, 6, 'TRIMESTRAL', 0.00, '1900-01-01 00:00:00', 1),
(1195, 10, 3, 6, 'TRIMESTRAL', 0.00, '1900-01-01 00:00:00', 1),
(1196, 10, 1, 7, 'TRIMESTRAL', 0.00, '1900-01-01 00:00:00', 1),
(1197, 10, 2, 7, 'TRIMESTRAL', 0.00, '1900-01-01 00:00:00', 1),
(1198, 10, 3, 7, 'TRIMESTRAL', 0.00, '1900-01-01 00:00:00', 1),
(1199, 10, 1, 8, 'TRIMESTRAL', 0.00, '1900-01-01 00:00:00', 1),
(1200, 10, 2, 8, 'TRIMESTRAL', 0.00, '1900-01-01 00:00:00', 1),
(1201, 10, 3, 8, 'TRIMESTRAL', 0.00, '1900-01-01 00:00:00', 1),
(1202, 10, 1, 9, 'TRIMESTRAL', 0.00, '1900-01-01 00:00:00', 1),
(1203, 10, 2, 9, 'TRIMESTRAL', 0.00, '1900-01-01 00:00:00', 1),
(1204, 10, 3, 9, 'TRIMESTRAL', 0.00, '1900-01-01 00:00:00', 1),
(1205, 10, 1, 10, 'TRIMESTRAL', 0.00, '1900-01-01 00:00:00', 1),
(1206, 10, 2, 10, 'TRIMESTRAL', 0.00, '1900-01-01 00:00:00', 1),
(1207, 10, 3, 10, 'TRIMESTRAL', 0.00, '1900-01-01 00:00:00', 1),
(1208, 10, 1, 11, 'TRIMESTRAL', 0.00, '1900-01-01 00:00:00', 1),
(1209, 10, 2, 11, 'TRIMESTRAL', 0.00, '1900-01-01 00:00:00', 1),
(1210, 10, 3, 11, 'TRIMESTRAL', 0.00, '1900-01-01 00:00:00', 1),
(1211, 10, 1, 12, 'TRIMESTRAL', 0.00, '1900-01-01 00:00:00', 1),
(1212, 10, 2, 12, 'TRIMESTRAL', 0.00, '1900-01-01 00:00:00', 1),
(1213, 10, 3, 12, 'TRIMESTRAL', 0.00, '1900-01-01 00:00:00', 1),
(1214, 10, 1, 13, 'TRIMESTRAL', 0.00, '1900-01-01 00:00:00', 1),
(1215, 10, 2, 13, 'TRIMESTRAL', 0.00, '1900-01-01 00:00:00', 1),
(1216, 10, 3, 13, 'TRIMESTRAL', 0.00, '1900-01-01 00:00:00', 1),
(1217, 10, 1, 14, 'TRIMESTRAL', 0.00, '1900-01-01 00:00:00', 1),
(1218, 10, 2, 14, 'TRIMESTRAL', 0.00, '1900-01-01 00:00:00', 1),
(1219, 10, 3, 14, 'TRIMESTRAL', 0.00, '1900-01-01 00:00:00', 1),
(1220, 10, 1, 15, 'TRIMESTRAL', 0.00, '1900-01-01 00:00:00', 1),
(1221, 10, 2, 15, 'TRIMESTRAL', 0.00, '1900-01-01 00:00:00', 1),
(1222, 10, 3, 15, 'TRIMESTRAL', 0.00, '1900-01-01 00:00:00', 1),
(1223, 10, 1, 16, 'TRIMESTRAL', 0.00, '1900-01-01 00:00:00', 1),
(1224, 10, 2, 16, 'TRIMESTRAL', 0.00, '1900-01-01 00:00:00', 1),
(1225, 10, 3, 16, 'TRIMESTRAL', 0.00, '1900-01-01 00:00:00', 1),
(1226, 10, 1, 28, 'TRIMESTRAL', 0.00, '1900-01-01 00:00:00', 1),
(1227, 10, 2, 28, 'TRIMESTRAL', 0.00, '1900-01-01 00:00:00', 1),
(1228, 10, 3, 28, 'TRIMESTRAL', 0.00, '1900-01-01 00:00:00', 1),
(1229, 10, 1, 29, 'TRIMESTRAL', 0.00, '1900-01-01 00:00:00', 1),
(1230, 10, 2, 29, 'TRIMESTRAL', 0.00, '1900-01-01 00:00:00', 1),
(1231, 10, 3, 29, 'TRIMESTRAL', 0.00, '1900-01-01 00:00:00', 1),
(1232, 10, 1, 30, 'TRIMESTRAL', 0.00, '1900-01-01 00:00:00', 1),
(1233, 10, 2, 30, 'TRIMESTRAL', 0.00, '1900-01-01 00:00:00', 1),
(1234, 10, 3, 30, 'TRIMESTRAL', 0.00, '1900-01-01 00:00:00', 1),
(1235, 10, 1, 31, 'TRIMESTRAL', 0.00, '1900-01-01 00:00:00', 1),
(1236, 10, 2, 31, 'TRIMESTRAL', 0.00, '1900-01-01 00:00:00', 1),
(1237, 10, 3, 31, 'TRIMESTRAL', 0.00, '1900-01-01 00:00:00', 1),
(1238, 10, 1, 32, 'TRIMESTRAL', 0.00, '1900-01-01 00:00:00', 1),
(1239, 10, 2, 32, 'TRIMESTRAL', 0.00, '1900-01-01 00:00:00', 1),
(1240, 10, 3, 32, 'TRIMESTRAL', 0.00, '1900-01-01 00:00:00', 1),
(1241, 10, 1, 33, 'TRIMESTRAL', 0.00, '1900-01-01 00:00:00', 1),
(1242, 10, 2, 33, 'TRIMESTRAL', 0.00, '1900-01-01 00:00:00', 1),
(1243, 10, 3, 33, 'TRIMESTRAL', 0.00, '1900-01-01 00:00:00', 1),
(1244, 10, 1, 34, 'TRIMESTRAL', 0.00, '1900-01-01 00:00:00', 1),
(1245, 10, 2, 34, 'TRIMESTRAL', 0.00, '1900-01-01 00:00:00', 1),
(1246, 10, 3, 34, 'TRIMESTRAL', 0.00, '1900-01-01 00:00:00', 1),
(1247, 10, 1, 35, 'TRIMESTRAL', 0.00, '1900-01-01 00:00:00', 1),
(1248, 10, 2, 35, 'TRIMESTRAL', 0.00, '1900-01-01 00:00:00', 1),
(1249, 10, 3, 35, 'TRIMESTRAL', 0.00, '1900-01-01 00:00:00', 1),
(1305, 11, 2, 13, 'TRIMESTRAL', 0.00, NULL, 1),
(1306, 11, 2, 14, 'TRIMESTRAL', 0.00, NULL, 1),
(1307, 11, 2, 15, 'TRIMESTRAL', 0.00, NULL, 1),
(1308, 11, 2, 16, 'TRIMESTRAL', 0.00, NULL, 1),
(1309, 11, 2, 1, 'TRIMESTRAL', 0.00, NULL, 1),
(1310, 11, 2, 2, 'TRIMESTRAL', 0.00, NULL, 1),
(1311, 11, 2, 3, 'TRIMESTRAL', 0.00, NULL, 1),
(1312, 11, 2, 4, 'TRIMESTRAL', 0.00, NULL, 1),
(1313, 11, 2, 5, 'TRIMESTRAL', 0.00, NULL, 1),
(1314, 11, 2, 6, 'TRIMESTRAL', 0.00, NULL, 1),
(1315, 11, 2, 7, 'TRIMESTRAL', 0.00, NULL, 1),
(1316, 11, 2, 8, 'TRIMESTRAL', 118015.00, NULL, 1),
(1317, 11, 2, 9, 'TRIMESTRAL', 98889.00, NULL, 1),
(1318, 11, 2, 10, 'TRIMESTRAL', 94381.00, NULL, 1),
(1319, 11, 2, 11, 'TRIMESTRAL', 87281.00, NULL, 1),
(1320, 11, 2, 12, 'TRIMESTRAL', 102229.00, NULL, 1),
(1321, 11, 2, 28, 'TRIMESTRAL', 100669.00, NULL, 1),
(1322, 11, 2, 29, 'TRIMESTRAL', 110318.00, NULL, 1),
(1323, 11, 2, 30, 'TRIMESTRAL', 0.00, NULL, 1),
(1324, 11, 2, 31, 'TRIMESTRAL', 0.00, NULL, 1),
(1325, 11, 2, 32, 'TRIMESTRAL', 0.00, NULL, 1),
(1326, 11, 2, 33, 'TRIMESTRAL', 0.00, NULL, 1),
(1327, 11, 2, 34, 'TRIMESTRAL', 0.00, NULL, 1),
(1328, 11, 2, 35, 'TRIMESTRAL', 0.00, NULL, 1),
(1329, 11, 1, 13, 'TRIMESTRAL', 0.00, NULL, 1),
(1330, 11, 1, 14, 'TRIMESTRAL', 0.00, NULL, 1),
(1331, 11, 1, 15, 'TRIMESTRAL', 0.00, NULL, 1),
(1332, 11, 1, 16, 'TRIMESTRAL', 0.00, NULL, 1),
(1333, 11, 1, 1, 'TRIMESTRAL', 0.00, NULL, 1),
(1334, 11, 1, 2, 'TRIMESTRAL', 0.00, NULL, 1),
(1335, 11, 1, 3, 'TRIMESTRAL', 0.00, NULL, 1),
(1336, 11, 1, 4, 'TRIMESTRAL', 111358.00, NULL, 1),
(1337, 11, 1, 5, 'TRIMESTRAL', 0.00, NULL, 1),
(1338, 11, 1, 6, 'TRIMESTRAL', 0.00, NULL, 1),
(1339, 11, 1, 7, 'TRIMESTRAL', 0.00, NULL, 1),
(1340, 11, 1, 8, 'TRIMESTRAL', 131351.00, NULL, 1),
(1341, 11, 1, 9, 'TRIMESTRAL', 123438.00, NULL, 1),
(1342, 11, 1, 10, 'TRIMESTRAL', 124058.00, NULL, 1),
(1343, 11, 1, 11, 'TRIMESTRAL', 121007.00, NULL, 1),
(1344, 11, 1, 12, 'TRIMESTRAL', 131726.00, NULL, 1),
(1345, 11, 1, 28, 'TRIMESTRAL', 120447.00, NULL, 1),
(1346, 11, 1, 29, 'TRIMESTRAL', 118918.00, NULL, 1),
(1347, 11, 1, 30, 'TRIMESTRAL', 0.00, NULL, 1),
(1348, 11, 1, 31, 'TRIMESTRAL', 0.00, NULL, 1),
(1349, 11, 1, 32, 'TRIMESTRAL', 0.00, NULL, 1),
(1350, 11, 1, 33, 'TRIMESTRAL', 0.00, NULL, 1),
(1351, 11, 1, 34, 'TRIMESTRAL', 0.00, NULL, 1),
(1352, 11, 1, 35, 'TRIMESTRAL', 0.00, NULL, 1),
(1353, 11, 3, 13, 'TRIMESTRAL', 0.00, NULL, 1),
(1354, 11, 3, 14, 'TRIMESTRAL', 0.00, NULL, 1),
(1355, 11, 3, 15, 'TRIMESTRAL', 0.00, NULL, 1),
(1356, 11, 3, 16, 'TRIMESTRAL', 0.00, NULL, 1),
(1357, 11, 3, 1, 'TRIMESTRAL', 0.00, NULL, 1),
(1358, 11, 3, 2, 'TRIMESTRAL', 0.00, NULL, 1),
(1359, 11, 3, 3, 'TRIMESTRAL', 0.00, NULL, 1),
(1360, 11, 3, 4, 'TRIMESTRAL', 392000.00, NULL, 1),
(1361, 11, 3, 5, 'TRIMESTRAL', 0.00, NULL, 1),
(1362, 11, 3, 6, 'TRIMESTRAL', 0.00, NULL, 1),
(1363, 11, 3, 7, 'TRIMESTRAL', 0.00, NULL, 1),
(1364, 11, 3, 8, 'TRIMESTRAL', 385558.00, NULL, 1),
(1365, 11, 3, 9, 'TRIMESTRAL', 361356.00, NULL, 1),
(1366, 11, 3, 10, 'TRIMESTRAL', 353940.00, NULL, 1),
(1367, 11, 3, 11, 'TRIMESTRAL', 355968.00, NULL, 1),
(1368, 11, 3, 12, 'TRIMESTRAL', 391829.00, NULL, 1),
(1369, 11, 3, 28, 'TRIMESTRAL', 372069.00, NULL, 1),
(1370, 11, 3, 29, 'TRIMESTRAL', 375521.00, NULL, 1),
(1371, 11, 3, 30, 'TRIMESTRAL', 0.00, NULL, 1),
(1372, 11, 3, 31, 'TRIMESTRAL', 0.00, NULL, 1),
(1373, 11, 3, 32, 'TRIMESTRAL', 0.00, NULL, 1),
(1374, 11, 3, 33, 'TRIMESTRAL', 0.00, NULL, 1),
(1375, 11, 3, 34, 'TRIMESTRAL', 0.00, NULL, 1),
(1376, 11, 3, 35, 'TRIMESTRAL', 0.00, NULL, 1),
(1377, 12, 2, 13, 'TRIMESTRAL', 0.00, NULL, 1),
(1378, 12, 2, 14, 'TRIMESTRAL', 0.00, NULL, 1),
(1379, 12, 2, 15, 'TRIMESTRAL', 0.00, NULL, 1),
(1380, 12, 2, 16, 'TRIMESTRAL', 0.00, NULL, 1),
(1381, 12, 2, 1, 'TRIMESTRAL', 0.00, NULL, 1),
(1382, 12, 2, 2, 'TRIMESTRAL', 0.00, NULL, 1),
(1383, 12, 2, 3, 'TRIMESTRAL', 0.00, NULL, 1),
(1384, 12, 2, 4, 'TRIMESTRAL', 0.00, NULL, 1),
(1385, 12, 2, 5, 'TRIMESTRAL', 0.00, NULL, 1),
(1386, 12, 2, 6, 'TRIMESTRAL', 0.00, NULL, 1),
(1387, 12, 2, 7, 'TRIMESTRAL', 0.00, NULL, 1),
(1388, 12, 2, 8, 'TRIMESTRAL', 75527.00, NULL, 1),
(1389, 12, 2, 9, 'TRIMESTRAL', 68174.00, NULL, 1),
(1390, 12, 2, 10, 'TRIMESTRAL', 70887.00, NULL, 1),
(1391, 12, 2, 11, 'TRIMESTRAL', 69197.00, NULL, 1),
(1392, 12, 2, 12, 'TRIMESTRAL', 84974.00, NULL, 1),
(1393, 12, 2, 28, 'TRIMESTRAL', 84401.00, NULL, 1),
(1394, 12, 2, 29, 'TRIMESTRAL', 94113.00, NULL, 1),
(1395, 12, 2, 30, 'TRIMESTRAL', 0.00, NULL, 1),
(1396, 12, 2, 31, 'TRIMESTRAL', 0.00, NULL, 1),
(1397, 12, 2, 32, 'TRIMESTRAL', 0.00, NULL, 1),
(1398, 12, 2, 33, 'TRIMESTRAL', 0.00, NULL, 1),
(1399, 12, 2, 34, 'TRIMESTRAL', 0.00, NULL, 1),
(1400, 12, 2, 35, 'TRIMESTRAL', 0.00, NULL, 1),
(1401, 12, 1, 13, 'TRIMESTRAL', 0.00, NULL, 1),
(1402, 12, 1, 14, 'TRIMESTRAL', 0.00, NULL, 1),
(1403, 12, 1, 15, 'TRIMESTRAL', 0.00, NULL, 1),
(1404, 12, 1, 16, 'TRIMESTRAL', 0.00, NULL, 1),
(1405, 12, 1, 1, 'TRIMESTRAL', 0.00, NULL, 1),
(1406, 12, 1, 2, 'TRIMESTRAL', 0.00, NULL, 1),
(1407, 12, 1, 3, 'TRIMESTRAL', 0.00, NULL, 1),
(1408, 12, 1, 4, 'TRIMESTRAL', 91386.00, NULL, 1),
(1409, 12, 1, 5, 'TRIMESTRAL', 0.00, NULL, 1),
(1410, 12, 1, 6, 'TRIMESTRAL', 0.00, NULL, 1),
(1411, 12, 1, 7, 'TRIMESTRAL', 0.00, NULL, 1),
(1412, 12, 1, 8, 'TRIMESTRAL', 109909.00, NULL, 1),
(1413, 12, 1, 9, 'TRIMESTRAL', 100284.00, NULL, 1),
(1414, 12, 1, 10, 'TRIMESTRAL', 97672.00, NULL, 1),
(1415, 12, 1, 11, 'TRIMESTRAL', 91510.00, NULL, 1),
(1416, 12, 1, 12, 'TRIMESTRAL', 102916.00, NULL, 1),
(1417, 12, 1, 28, 'TRIMESTRAL', 92589.00, NULL, 1),
(1418, 12, 1, 29, 'TRIMESTRAL', 91913.00, NULL, 1),
(1419, 12, 1, 30, 'TRIMESTRAL', 0.00, NULL, 1),
(1420, 12, 1, 31, 'TRIMESTRAL', 0.00, NULL, 1),
(1421, 12, 1, 32, 'TRIMESTRAL', 0.00, NULL, 1),
(1422, 12, 1, 33, 'TRIMESTRAL', 0.00, NULL, 1),
(1423, 12, 1, 34, 'TRIMESTRAL', 0.00, NULL, 1),
(1424, 12, 1, 35, 'TRIMESTRAL', 0.00, NULL, 1),
(1425, 12, 3, 13, 'TRIMESTRAL', 0.00, NULL, 1),
(1426, 12, 3, 14, 'TRIMESTRAL', 0.00, NULL, 1),
(1427, 12, 3, 15, 'TRIMESTRAL', 0.00, NULL, 1),
(1428, 12, 3, 16, 'TRIMESTRAL', 0.00, NULL, 1),
(1429, 12, 3, 1, 'TRIMESTRAL', 0.00, NULL, 1),
(1430, 12, 3, 2, 'TRIMESTRAL', 0.00, NULL, 1),
(1431, 12, 3, 3, 'TRIMESTRAL', 0.00, NULL, 1),
(1432, 12, 3, 4, 'TRIMESTRAL', 326188.00, NULL, 1),
(1433, 12, 3, 5, 'TRIMESTRAL', 0.00, NULL, 1),
(1434, 12, 3, 6, 'TRIMESTRAL', 0.00, NULL, 1),
(1435, 12, 3, 7, 'TRIMESTRAL', 0.00, NULL, 1),
(1436, 12, 3, 8, 'TRIMESTRAL', 333542.00, NULL, 1),
(1437, 12, 3, 9, 'TRIMESTRAL', 314746.00, NULL, 1),
(1438, 12, 3, 10, 'TRIMESTRAL', 308281.00, NULL, 1),
(1439, 12, 3, 11, 'TRIMESTRAL', 312884.00, NULL, 1),
(1440, 12, 3, 12, 'TRIMESTRAL', 350324.00, NULL, 1),
(1441, 12, 3, 28, 'TRIMESTRAL', 332274.00, NULL, 1),
(1442, 12, 3, 29, 'TRIMESTRAL', 337101.00, NULL, 1),
(1443, 12, 3, 30, 'TRIMESTRAL', 0.00, NULL, 1),
(1444, 12, 3, 31, 'TRIMESTRAL', 0.00, NULL, 1),
(1445, 12, 3, 32, 'TRIMESTRAL', 0.00, NULL, 1),
(1446, 12, 3, 33, 'TRIMESTRAL', 0.00, NULL, 1),
(1447, 12, 3, 34, 'TRIMESTRAL', 0.00, NULL, 1),
(1448, 12, 3, 35, 'TRIMESTRAL', 0.00, NULL, 1),
(1449, 13, 2, 13, 'TRIMESTRAL', 0.00, NULL, 1),
(1450, 13, 2, 14, 'TRIMESTRAL', 0.00, NULL, 1),
(1451, 13, 2, 15, 'TRIMESTRAL', 0.00, NULL, 1),
(1452, 13, 2, 16, 'TRIMESTRAL', 0.00, NULL, 1),
(1453, 13, 2, 1, 'TRIMESTRAL', 0.00, NULL, 1),
(1454, 13, 2, 2, 'TRIMESTRAL', 0.00, NULL, 1),
(1455, 13, 2, 3, 'TRIMESTRAL', 0.00, NULL, 1),
(1456, 13, 2, 4, 'TRIMESTRAL', 0.00, NULL, 1),
(1457, 13, 2, 5, 'TRIMESTRAL', 0.00, NULL, 1),
(1458, 13, 2, 6, 'TRIMESTRAL', 0.00, NULL, 1),
(1459, 13, 2, 7, 'TRIMESTRAL', 0.00, NULL, 1),
(1460, 13, 2, 8, 'TRIMESTRAL', 42487.00, NULL, 1),
(1461, 13, 2, 9, 'TRIMESTRAL', 30715.00, NULL, 1),
(1462, 13, 2, 10, 'TRIMESTRAL', 23494.00, NULL, 1),
(1463, 13, 2, 11, 'TRIMESTRAL', 18085.00, NULL, 1),
(1464, 13, 2, 12, 'TRIMESTRAL', 17255.00, NULL, 1),
(1465, 13, 2, 28, 'TRIMESTRAL', 16268.00, NULL, 1),
(1466, 13, 2, 29, 'TRIMESTRAL', 16204.00, NULL, 1),
(1467, 13, 2, 30, 'TRIMESTRAL', 0.00, NULL, 1),
(1468, 13, 2, 31, 'TRIMESTRAL', 0.00, NULL, 1),
(1469, 13, 2, 32, 'TRIMESTRAL', 0.00, NULL, 1),
(1470, 13, 2, 33, 'TRIMESTRAL', 0.00, NULL, 1),
(1471, 13, 2, 34, 'TRIMESTRAL', 0.00, NULL, 1),
(1472, 13, 2, 35, 'TRIMESTRAL', 0.00, NULL, 1),
(1473, 13, 1, 13, 'TRIMESTRAL', 0.00, NULL, 1),
(1474, 13, 1, 14, 'TRIMESTRAL', 0.00, NULL, 1),
(1475, 13, 1, 15, 'TRIMESTRAL', 0.00, NULL, 1),
(1476, 13, 1, 16, 'TRIMESTRAL', 0.00, NULL, 1),
(1477, 13, 1, 1, 'TRIMESTRAL', 0.00, NULL, 1);
INSERT INTO `valores` (`ID_VALOR`, `ID_TAG_AGF`, `ID_EMPRESA`, `ID_PERIODO`, `tipo`, `VALOR`, `DT_MODIFICACION`, `origen`) VALUES
(1478, 13, 1, 2, 'TRIMESTRAL', 0.00, NULL, 1),
(1479, 13, 1, 3, 'TRIMESTRAL', 0.00, NULL, 1),
(1480, 13, 1, 4, 'TRIMESTRAL', 19973.00, NULL, 1),
(1481, 13, 1, 5, 'TRIMESTRAL', 0.00, NULL, 1),
(1482, 13, 1, 6, 'TRIMESTRAL', 0.00, NULL, 1),
(1483, 13, 1, 7, 'TRIMESTRAL', 0.00, NULL, 1),
(1484, 13, 1, 8, 'TRIMESTRAL', 21442.00, NULL, 1),
(1485, 13, 1, 9, 'TRIMESTRAL', 23154.00, NULL, 1),
(1486, 13, 1, 10, 'TRIMESTRAL', 26387.00, NULL, 1),
(1487, 13, 1, 11, 'TRIMESTRAL', 29497.00, NULL, 1),
(1488, 13, 1, 12, 'TRIMESTRAL', 28810.00, NULL, 1),
(1489, 13, 1, 28, 'TRIMESTRAL', 27858.00, NULL, 1),
(1490, 13, 1, 29, 'TRIMESTRAL', 27005.00, NULL, 1),
(1491, 13, 1, 30, 'TRIMESTRAL', 0.00, NULL, 1),
(1492, 13, 1, 31, 'TRIMESTRAL', 0.00, NULL, 1),
(1493, 13, 1, 32, 'TRIMESTRAL', 0.00, NULL, 1),
(1494, 13, 1, 33, 'TRIMESTRAL', 0.00, NULL, 1),
(1495, 13, 1, 34, 'TRIMESTRAL', 0.00, NULL, 1),
(1496, 13, 1, 35, 'TRIMESTRAL', 0.00, NULL, 1),
(1497, 13, 3, 13, 'TRIMESTRAL', 0.00, NULL, 1),
(1498, 13, 3, 14, 'TRIMESTRAL', 0.00, NULL, 1),
(1499, 13, 3, 15, 'TRIMESTRAL', 0.00, NULL, 1),
(1500, 13, 3, 16, 'TRIMESTRAL', 0.00, NULL, 1),
(1501, 13, 3, 1, 'TRIMESTRAL', 0.00, NULL, 1),
(1502, 13, 3, 2, 'TRIMESTRAL', 0.00, NULL, 1),
(1503, 13, 3, 3, 'TRIMESTRAL', 0.00, NULL, 1),
(1504, 13, 3, 4, 'TRIMESTRAL', 65812.00, NULL, 1),
(1505, 13, 3, 5, 'TRIMESTRAL', 0.00, NULL, 1),
(1506, 13, 3, 6, 'TRIMESTRAL', 0.00, NULL, 1),
(1507, 13, 3, 7, 'TRIMESTRAL', 0.00, NULL, 1),
(1508, 13, 3, 8, 'TRIMESTRAL', 52016.00, NULL, 1),
(1509, 13, 3, 9, 'TRIMESTRAL', 46610.00, NULL, 1),
(1510, 13, 3, 10, 'TRIMESTRAL', 45659.00, NULL, 1),
(1511, 13, 3, 11, 'TRIMESTRAL', 43084.00, NULL, 1),
(1512, 13, 3, 12, 'TRIMESTRAL', 41504.00, NULL, 1),
(1513, 13, 3, 28, 'TRIMESTRAL', 39795.00, NULL, 1),
(1514, 13, 3, 29, 'TRIMESTRAL', 38420.00, NULL, 1),
(1515, 13, 3, 30, 'TRIMESTRAL', 0.00, NULL, 1),
(1516, 13, 3, 31, 'TRIMESTRAL', 0.00, NULL, 1),
(1517, 13, 3, 32, 'TRIMESTRAL', 0.00, NULL, 1),
(1518, 13, 3, 33, 'TRIMESTRAL', 0.00, NULL, 1),
(1519, 13, 3, 34, 'TRIMESTRAL', 0.00, NULL, 1),
(1520, 13, 3, 35, 'TRIMESTRAL', 0.00, NULL, 1),
(1521, 14, 1, 1, 'TRIMESTRAL', 0.00, '1900-01-01 00:00:00', 1),
(1522, 14, 2, 1, 'TRIMESTRAL', 0.00, '1900-01-01 00:00:00', 1),
(1523, 14, 3, 1, 'TRIMESTRAL', 0.00, '1900-01-01 00:00:00', 1),
(1524, 14, 1, 2, 'TRIMESTRAL', 0.00, '1900-01-01 00:00:00', 1),
(1525, 14, 2, 2, 'TRIMESTRAL', 0.00, '1900-01-01 00:00:00', 1),
(1526, 14, 3, 2, 'TRIMESTRAL', 0.00, '1900-01-01 00:00:00', 1),
(1527, 14, 1, 3, 'TRIMESTRAL', 0.00, '1900-01-01 00:00:00', 1),
(1528, 14, 2, 3, 'TRIMESTRAL', 0.00, '1900-01-01 00:00:00', 1),
(1529, 14, 3, 3, 'TRIMESTRAL', 0.00, '1900-01-01 00:00:00', 1),
(1530, 14, 1, 4, 'TRIMESTRAL', 0.00, '1900-01-01 00:00:00', 1),
(1531, 14, 2, 4, 'TRIMESTRAL', 0.00, '1900-01-01 00:00:00', 1),
(1532, 14, 3, 4, 'TRIMESTRAL', 0.00, '1900-01-01 00:00:00', 1),
(1533, 14, 1, 5, 'TRIMESTRAL', 0.00, '1900-01-01 00:00:00', 1),
(1534, 14, 2, 5, 'TRIMESTRAL', 0.00, '1900-01-01 00:00:00', 1),
(1535, 14, 3, 5, 'TRIMESTRAL', 0.00, '1900-01-01 00:00:00', 1),
(1536, 14, 1, 6, 'TRIMESTRAL', 0.00, '1900-01-01 00:00:00', 1),
(1537, 14, 2, 6, 'TRIMESTRAL', 0.00, '1900-01-01 00:00:00', 1),
(1538, 14, 3, 6, 'TRIMESTRAL', 0.00, '1900-01-01 00:00:00', 1),
(1539, 14, 1, 7, 'TRIMESTRAL', 0.00, '1900-01-01 00:00:00', 1),
(1540, 14, 2, 7, 'TRIMESTRAL', 0.00, '1900-01-01 00:00:00', 1),
(1541, 14, 3, 7, 'TRIMESTRAL', 0.00, '1900-01-01 00:00:00', 1),
(1542, 14, 1, 8, 'TRIMESTRAL', 0.00, '1900-01-01 00:00:00', 1),
(1543, 14, 2, 8, 'TRIMESTRAL', 0.00, '1900-01-01 00:00:00', 1),
(1544, 14, 3, 8, 'TRIMESTRAL', 0.00, '1900-01-01 00:00:00', 1),
(1545, 14, 1, 9, 'TRIMESTRAL', 0.00, '1900-01-01 00:00:00', 1),
(1546, 14, 2, 9, 'TRIMESTRAL', 0.00, '1900-01-01 00:00:00', 1),
(1547, 14, 3, 9, 'TRIMESTRAL', 0.00, '1900-01-01 00:00:00', 1),
(1548, 14, 1, 10, 'TRIMESTRAL', 0.00, '1900-01-01 00:00:00', 1),
(1549, 14, 2, 10, 'TRIMESTRAL', 0.00, '1900-01-01 00:00:00', 1),
(1550, 14, 3, 10, 'TRIMESTRAL', 0.00, '1900-01-01 00:00:00', 1),
(1551, 14, 1, 11, 'TRIMESTRAL', 0.00, '1900-01-01 00:00:00', 1),
(1552, 14, 2, 11, 'TRIMESTRAL', 0.00, '1900-01-01 00:00:00', 1),
(1553, 14, 3, 11, 'TRIMESTRAL', 0.00, '1900-01-01 00:00:00', 1),
(1554, 14, 1, 12, 'TRIMESTRAL', 0.00, '1900-01-01 00:00:00', 1),
(1555, 14, 2, 12, 'TRIMESTRAL', 0.00, '1900-01-01 00:00:00', 1),
(1556, 14, 3, 12, 'TRIMESTRAL', 0.00, '1900-01-01 00:00:00', 1),
(1557, 14, 1, 13, 'TRIMESTRAL', 0.00, '1900-01-01 00:00:00', 1),
(1558, 14, 2, 13, 'TRIMESTRAL', 0.00, '1900-01-01 00:00:00', 1),
(1559, 14, 3, 13, 'TRIMESTRAL', 0.00, '1900-01-01 00:00:00', 1),
(1560, 14, 1, 14, 'TRIMESTRAL', 0.00, '1900-01-01 00:00:00', 1),
(1561, 14, 2, 14, 'TRIMESTRAL', 0.00, '1900-01-01 00:00:00', 1),
(1562, 14, 3, 14, 'TRIMESTRAL', 0.00, '1900-01-01 00:00:00', 1),
(1563, 14, 1, 15, 'TRIMESTRAL', 0.00, '1900-01-01 00:00:00', 1),
(1564, 14, 2, 15, 'TRIMESTRAL', 0.00, '1900-01-01 00:00:00', 1),
(1565, 14, 3, 15, 'TRIMESTRAL', 0.00, '1900-01-01 00:00:00', 1),
(1566, 14, 1, 16, 'TRIMESTRAL', 0.00, '1900-01-01 00:00:00', 1),
(1567, 14, 2, 16, 'TRIMESTRAL', 0.00, '1900-01-01 00:00:00', 1),
(1568, 14, 3, 16, 'TRIMESTRAL', 0.00, '1900-01-01 00:00:00', 1),
(1569, 14, 1, 28, 'TRIMESTRAL', 0.00, '1900-01-01 00:00:00', 1),
(1570, 14, 2, 28, 'TRIMESTRAL', 0.00, '1900-01-01 00:00:00', 1),
(1571, 14, 3, 28, 'TRIMESTRAL', 0.00, '1900-01-01 00:00:00', 1),
(1572, 14, 1, 29, 'TRIMESTRAL', 0.00, '1900-01-01 00:00:00', 1),
(1573, 14, 2, 29, 'TRIMESTRAL', 0.00, '1900-01-01 00:00:00', 1),
(1574, 14, 3, 29, 'TRIMESTRAL', 0.00, '1900-01-01 00:00:00', 1),
(1575, 14, 1, 30, 'TRIMESTRAL', 0.00, '1900-01-01 00:00:00', 1),
(1576, 14, 2, 30, 'TRIMESTRAL', 0.00, '1900-01-01 00:00:00', 1),
(1577, 14, 3, 30, 'TRIMESTRAL', 0.00, '1900-01-01 00:00:00', 1),
(1578, 14, 1, 31, 'TRIMESTRAL', 0.00, '1900-01-01 00:00:00', 1),
(1579, 14, 2, 31, 'TRIMESTRAL', 0.00, '1900-01-01 00:00:00', 1),
(1580, 14, 3, 31, 'TRIMESTRAL', 0.00, '1900-01-01 00:00:00', 1),
(1581, 14, 1, 32, 'TRIMESTRAL', 0.00, '1900-01-01 00:00:00', 1),
(1582, 14, 2, 32, 'TRIMESTRAL', 0.00, '1900-01-01 00:00:00', 1),
(1583, 14, 3, 32, 'TRIMESTRAL', 0.00, '1900-01-01 00:00:00', 1),
(1584, 14, 1, 33, 'TRIMESTRAL', 0.00, '1900-01-01 00:00:00', 1),
(1585, 14, 2, 33, 'TRIMESTRAL', 0.00, '1900-01-01 00:00:00', 1),
(1586, 14, 3, 33, 'TRIMESTRAL', 0.00, '1900-01-01 00:00:00', 1),
(1587, 14, 1, 34, 'TRIMESTRAL', 0.00, '1900-01-01 00:00:00', 1),
(1588, 14, 2, 34, 'TRIMESTRAL', 0.00, '1900-01-01 00:00:00', 1),
(1589, 14, 3, 34, 'TRIMESTRAL', 0.00, '1900-01-01 00:00:00', 1),
(1590, 14, 1, 35, 'TRIMESTRAL', 0.00, '1900-01-01 00:00:00', 1),
(1591, 14, 2, 35, 'TRIMESTRAL', 0.00, '1900-01-01 00:00:00', 1),
(1592, 14, 3, 35, 'TRIMESTRAL', 0.00, '1900-01-01 00:00:00', 1),
(1593, 1, 1, 1, 'TRIMESTRAL', 0.00, '0000-00-00 00:00:00', 2),
(1594, 1, 1, 2, 'TRIMESTRAL', 0.00, '0000-00-00 00:00:00', 2),
(1595, 1, 1, 3, 'TRIMESTRAL', 0.00, '0000-00-00 00:00:00', 2),
(1596, 1, 1, 4, 'TRIMESTRAL', 0.00, '0000-00-00 00:00:00', 2),
(1597, 1, 1, 5, 'TRIMESTRAL', 0.00, '0000-00-00 00:00:00', 2),
(1598, 1, 1, 6, 'TRIMESTRAL', 0.00, '0000-00-00 00:00:00', 2),
(1599, 1, 1, 7, 'TRIMESTRAL', 0.00, '0000-00-00 00:00:00', 2),
(1600, 1, 1, 8, 'TRIMESTRAL', 0.00, '0000-00-00 00:00:00', 2),
(1601, 1, 1, 9, 'TRIMESTRAL', 0.00, '0000-00-00 00:00:00', 2),
(1602, 1, 1, 10, 'TRIMESTRAL', 0.00, '0000-00-00 00:00:00', 2),
(1603, 1, 1, 11, 'TRIMESTRAL', 0.00, '0000-00-00 00:00:00', 2),
(1604, 1, 1, 12, 'TRIMESTRAL', 0.00, '0000-00-00 00:00:00', 2),
(1605, 1, 1, 13, 'TRIMESTRAL', 0.00, '0000-00-00 00:00:00', 2),
(1606, 1, 1, 14, 'TRIMESTRAL', 0.00, '0000-00-00 00:00:00', 2),
(1607, 1, 1, 15, 'TRIMESTRAL', 0.00, '0000-00-00 00:00:00', 2),
(1608, 1, 1, 16, 'TRIMESTRAL', 0.00, '0000-00-00 00:00:00', 2),
(1609, 1, 1, 28, 'TRIMESTRAL', 0.00, '0000-00-00 00:00:00', 2),
(1610, 1, 1, 29, 'TRIMESTRAL', 0.00, '0000-00-00 00:00:00', 2),
(1611, 1, 1, 30, 'TRIMESTRAL', 0.00, '0000-00-00 00:00:00', 2),
(1612, 1, 1, 31, 'TRIMESTRAL', 0.00, '0000-00-00 00:00:00', 2),
(1613, 1, 1, 32, 'TRIMESTRAL', 0.00, '0000-00-00 00:00:00', 2),
(1614, 1, 1, 33, 'TRIMESTRAL', 0.00, '0000-00-00 00:00:00', 2),
(1615, 1, 1, 34, 'TRIMESTRAL', 0.00, '0000-00-00 00:00:00', 2),
(1616, 1, 1, 35, 'TRIMESTRAL', 0.00, '0000-00-00 00:00:00', 2),
(1617, 1, 2, 1, 'TRIMESTRAL', 0.00, '0000-00-00 00:00:00', 2),
(1618, 1, 2, 2, 'TRIMESTRAL', 0.00, '0000-00-00 00:00:00', 2),
(1619, 1, 2, 3, 'TRIMESTRAL', 0.00, '0000-00-00 00:00:00', 2),
(1620, 1, 2, 4, 'TRIMESTRAL', 0.00, '0000-00-00 00:00:00', 2),
(1621, 1, 2, 5, 'TRIMESTRAL', 0.00, '0000-00-00 00:00:00', 2),
(1622, 1, 2, 6, 'TRIMESTRAL', 0.00, '0000-00-00 00:00:00', 2),
(1623, 1, 2, 7, 'TRIMESTRAL', 0.00, '0000-00-00 00:00:00', 2),
(1624, 1, 2, 8, 'TRIMESTRAL', 0.00, '0000-00-00 00:00:00', 2),
(1625, 1, 2, 9, 'TRIMESTRAL', 0.00, '0000-00-00 00:00:00', 2),
(1626, 1, 2, 10, 'TRIMESTRAL', 0.00, '0000-00-00 00:00:00', 2),
(1627, 1, 2, 11, 'TRIMESTRAL', 0.00, '0000-00-00 00:00:00', 2),
(1628, 1, 2, 12, 'TRIMESTRAL', 0.00, '0000-00-00 00:00:00', 2),
(1629, 1, 2, 13, 'TRIMESTRAL', 0.00, '0000-00-00 00:00:00', 2),
(1630, 1, 2, 14, 'TRIMESTRAL', 0.00, '0000-00-00 00:00:00', 2),
(1631, 1, 2, 15, 'TRIMESTRAL', 0.00, '0000-00-00 00:00:00', 2),
(1632, 1, 2, 16, 'TRIMESTRAL', 0.00, '0000-00-00 00:00:00', 2),
(1633, 1, 2, 28, 'TRIMESTRAL', 0.00, '0000-00-00 00:00:00', 2),
(1634, 1, 2, 29, 'TRIMESTRAL', 0.00, '0000-00-00 00:00:00', 2),
(1635, 1, 2, 30, 'TRIMESTRAL', 0.00, '0000-00-00 00:00:00', 2),
(1636, 1, 2, 31, 'TRIMESTRAL', 0.00, '0000-00-00 00:00:00', 2),
(1637, 1, 2, 32, 'TRIMESTRAL', 0.00, '0000-00-00 00:00:00', 2),
(1638, 1, 2, 33, 'TRIMESTRAL', 0.00, '0000-00-00 00:00:00', 2),
(1639, 1, 2, 34, 'TRIMESTRAL', 0.00, '0000-00-00 00:00:00', 2),
(1640, 1, 2, 35, 'TRIMESTRAL', 0.00, '0000-00-00 00:00:00', 2),
(1641, 1, 3, 1, 'TRIMESTRAL', 0.00, '0000-00-00 00:00:00', 2),
(1642, 1, 3, 2, 'TRIMESTRAL', 0.00, '0000-00-00 00:00:00', 2),
(1643, 1, 3, 3, 'TRIMESTRAL', 0.00, '0000-00-00 00:00:00', 2),
(1644, 1, 3, 4, 'TRIMESTRAL', 0.00, '0000-00-00 00:00:00', 2),
(1645, 1, 3, 5, 'TRIMESTRAL', 0.00, '0000-00-00 00:00:00', 2),
(1646, 1, 3, 6, 'TRIMESTRAL', 0.00, '0000-00-00 00:00:00', 2),
(1647, 1, 3, 7, 'TRIMESTRAL', 0.00, '0000-00-00 00:00:00', 2),
(1648, 1, 3, 8, 'TRIMESTRAL', 0.00, '0000-00-00 00:00:00', 2),
(1649, 1, 3, 9, 'TRIMESTRAL', 0.00, '0000-00-00 00:00:00', 2),
(1650, 1, 3, 10, 'TRIMESTRAL', 0.00, '0000-00-00 00:00:00', 2),
(1651, 1, 3, 11, 'TRIMESTRAL', 0.00, '0000-00-00 00:00:00', 2),
(1652, 1, 3, 12, 'TRIMESTRAL', 0.00, '0000-00-00 00:00:00', 2),
(1653, 1, 3, 13, 'TRIMESTRAL', 0.00, '0000-00-00 00:00:00', 2),
(1654, 1, 3, 14, 'TRIMESTRAL', 0.00, '0000-00-00 00:00:00', 2),
(1655, 1, 3, 15, 'TRIMESTRAL', 0.00, '0000-00-00 00:00:00', 2),
(1656, 1, 3, 16, 'TRIMESTRAL', 0.00, '0000-00-00 00:00:00', 2),
(1657, 1, 3, 28, 'TRIMESTRAL', 0.00, '0000-00-00 00:00:00', 2),
(1658, 1, 3, 29, 'TRIMESTRAL', 0.00, '0000-00-00 00:00:00', 2),
(1659, 1, 3, 30, 'TRIMESTRAL', 0.00, '0000-00-00 00:00:00', 2),
(1660, 1, 3, 31, 'TRIMESTRAL', 0.00, '0000-00-00 00:00:00', 2),
(1661, 1, 3, 32, 'TRIMESTRAL', 0.00, '0000-00-00 00:00:00', 2),
(1662, 1, 3, 33, 'TRIMESTRAL', 0.00, '0000-00-00 00:00:00', 2),
(1663, 1, 3, 34, 'TRIMESTRAL', 0.00, '0000-00-00 00:00:00', 2),
(1664, 1, 3, 35, 'TRIMESTRAL', 0.00, '0000-00-00 00:00:00', 2),
(1665, 2, 1, 1, 'TRIMESTRAL', 0.00, '0000-00-00 00:00:00', 2),
(1666, 2, 1, 2, 'TRIMESTRAL', 0.00, '0000-00-00 00:00:00', 2),
(1667, 2, 1, 3, 'TRIMESTRAL', 0.00, '0000-00-00 00:00:00', 2),
(1668, 2, 1, 4, 'TRIMESTRAL', 0.00, '0000-00-00 00:00:00', 2),
(1669, 2, 1, 5, 'TRIMESTRAL', 0.00, '0000-00-00 00:00:00', 2),
(1670, 2, 1, 6, 'TRIMESTRAL', 0.00, '0000-00-00 00:00:00', 2),
(1671, 2, 1, 7, 'TRIMESTRAL', 0.00, '0000-00-00 00:00:00', 2),
(1672, 2, 1, 8, 'TRIMESTRAL', 0.00, '0000-00-00 00:00:00', 2),
(1673, 2, 1, 9, 'TRIMESTRAL', 0.00, '0000-00-00 00:00:00', 2),
(1674, 2, 1, 10, 'TRIMESTRAL', 0.00, '0000-00-00 00:00:00', 2),
(1675, 2, 1, 11, 'TRIMESTRAL', 0.00, '0000-00-00 00:00:00', 2),
(1676, 2, 1, 12, 'TRIMESTRAL', 0.00, '0000-00-00 00:00:00', 2),
(1677, 2, 1, 13, 'TRIMESTRAL', 0.00, '0000-00-00 00:00:00', 2),
(1678, 2, 1, 14, 'TRIMESTRAL', 0.00, '0000-00-00 00:00:00', 2),
(1679, 2, 1, 15, 'TRIMESTRAL', 0.00, '0000-00-00 00:00:00', 2),
(1680, 2, 1, 16, 'TRIMESTRAL', 0.00, '0000-00-00 00:00:00', 2),
(1681, 2, 1, 28, 'TRIMESTRAL', 0.00, '0000-00-00 00:00:00', 2),
(1682, 2, 1, 29, 'TRIMESTRAL', 0.00, '0000-00-00 00:00:00', 2),
(1683, 2, 1, 30, 'TRIMESTRAL', 0.00, '0000-00-00 00:00:00', 2),
(1684, 2, 1, 31, 'TRIMESTRAL', 0.00, '0000-00-00 00:00:00', 2),
(1685, 2, 1, 32, 'TRIMESTRAL', 0.00, '0000-00-00 00:00:00', 2),
(1686, 2, 1, 33, 'TRIMESTRAL', 0.00, '0000-00-00 00:00:00', 2),
(1687, 2, 1, 34, 'TRIMESTRAL', 0.00, '0000-00-00 00:00:00', 2),
(1688, 2, 1, 35, 'TRIMESTRAL', 0.00, '0000-00-00 00:00:00', 2),
(1689, 2, 2, 1, 'TRIMESTRAL', 0.00, '0000-00-00 00:00:00', 2),
(1690, 2, 2, 2, 'TRIMESTRAL', 0.00, '0000-00-00 00:00:00', 2),
(1691, 2, 2, 3, 'TRIMESTRAL', 0.00, '0000-00-00 00:00:00', 2),
(1692, 2, 2, 4, 'TRIMESTRAL', 0.00, '0000-00-00 00:00:00', 2),
(1693, 2, 2, 5, 'TRIMESTRAL', 0.00, '0000-00-00 00:00:00', 2),
(1694, 2, 2, 6, 'TRIMESTRAL', 0.00, '0000-00-00 00:00:00', 2),
(1695, 2, 2, 7, 'TRIMESTRAL', 0.00, '0000-00-00 00:00:00', 2),
(1696, 2, 2, 8, 'TRIMESTRAL', 0.00, '0000-00-00 00:00:00', 2),
(1697, 2, 2, 9, 'TRIMESTRAL', 0.00, '0000-00-00 00:00:00', 2),
(1698, 2, 2, 10, 'TRIMESTRAL', 0.00, '0000-00-00 00:00:00', 2),
(1699, 2, 2, 11, 'TRIMESTRAL', 0.00, '0000-00-00 00:00:00', 2),
(1700, 2, 2, 12, 'TRIMESTRAL', 0.00, '0000-00-00 00:00:00', 2),
(1701, 2, 2, 13, 'TRIMESTRAL', 0.00, '0000-00-00 00:00:00', 2),
(1702, 2, 2, 14, 'TRIMESTRAL', 0.00, '0000-00-00 00:00:00', 2),
(1703, 2, 2, 15, 'TRIMESTRAL', 0.00, '0000-00-00 00:00:00', 2),
(1704, 2, 2, 16, 'TRIMESTRAL', 0.00, '0000-00-00 00:00:00', 2),
(1705, 2, 2, 28, 'TRIMESTRAL', 0.00, '0000-00-00 00:00:00', 2),
(1706, 2, 2, 29, 'TRIMESTRAL', 0.00, '0000-00-00 00:00:00', 2),
(1707, 2, 2, 30, 'TRIMESTRAL', 0.00, '0000-00-00 00:00:00', 2),
(1708, 2, 2, 31, 'TRIMESTRAL', 0.00, '0000-00-00 00:00:00', 2),
(1709, 2, 2, 32, 'TRIMESTRAL', 0.00, '0000-00-00 00:00:00', 2),
(1710, 2, 2, 33, 'TRIMESTRAL', 0.00, '0000-00-00 00:00:00', 2),
(1711, 2, 2, 34, 'TRIMESTRAL', 0.00, '0000-00-00 00:00:00', 2),
(1712, 2, 2, 35, 'TRIMESTRAL', 0.00, '0000-00-00 00:00:00', 2),
(1713, 2, 3, 1, 'TRIMESTRAL', 0.00, '0000-00-00 00:00:00', 2),
(1714, 2, 3, 2, 'TRIMESTRAL', 0.00, '0000-00-00 00:00:00', 2),
(1715, 2, 3, 3, 'TRIMESTRAL', 0.00, '0000-00-00 00:00:00', 2),
(1716, 2, 3, 4, 'TRIMESTRAL', 0.00, '0000-00-00 00:00:00', 2),
(1717, 2, 3, 5, 'TRIMESTRAL', 0.00, '0000-00-00 00:00:00', 2),
(1718, 2, 3, 6, 'TRIMESTRAL', 0.00, '0000-00-00 00:00:00', 2),
(1719, 2, 3, 7, 'TRIMESTRAL', 0.00, '0000-00-00 00:00:00', 2),
(1720, 2, 3, 8, 'TRIMESTRAL', 0.00, '0000-00-00 00:00:00', 2),
(1721, 2, 3, 9, 'TRIMESTRAL', 0.00, '0000-00-00 00:00:00', 2),
(1722, 2, 3, 10, 'TRIMESTRAL', 0.00, '0000-00-00 00:00:00', 2),
(1723, 2, 3, 11, 'TRIMESTRAL', 0.00, '0000-00-00 00:00:00', 2),
(1724, 2, 3, 12, 'TRIMESTRAL', 0.00, '0000-00-00 00:00:00', 2),
(1725, 2, 3, 13, 'TRIMESTRAL', 0.00, '0000-00-00 00:00:00', 2),
(1726, 2, 3, 14, 'TRIMESTRAL', 0.00, '0000-00-00 00:00:00', 2),
(1727, 2, 3, 15, 'TRIMESTRAL', 0.00, '0000-00-00 00:00:00', 2),
(1728, 2, 3, 16, 'TRIMESTRAL', 0.00, '0000-00-00 00:00:00', 2),
(1729, 2, 3, 28, 'TRIMESTRAL', 0.00, '0000-00-00 00:00:00', 2),
(1730, 2, 3, 29, 'TRIMESTRAL', 0.00, '0000-00-00 00:00:00', 2),
(1731, 2, 3, 30, 'TRIMESTRAL', 0.00, '0000-00-00 00:00:00', 2),
(1732, 2, 3, 31, 'TRIMESTRAL', 0.00, '0000-00-00 00:00:00', 2),
(1733, 2, 3, 32, 'TRIMESTRAL', 0.00, '0000-00-00 00:00:00', 2),
(1734, 2, 3, 33, 'TRIMESTRAL', 0.00, '0000-00-00 00:00:00', 2),
(1735, 2, 3, 34, 'TRIMESTRAL', 0.00, '0000-00-00 00:00:00', 2),
(1736, 2, 3, 35, 'TRIMESTRAL', 0.00, '0000-00-00 00:00:00', 2),
(1737, 2, 1, 1, 'TRIMESTRAL', 0.00, '0000-00-00 00:00:00', 2),
(1738, 2, 1, 2, 'TRIMESTRAL', 0.00, '0000-00-00 00:00:00', 2),
(1739, 2, 1, 3, 'TRIMESTRAL', 0.00, '0000-00-00 00:00:00', 2),
(1740, 2, 1, 4, 'TRIMESTRAL', 0.00, '0000-00-00 00:00:00', 2),
(1741, 2, 1, 5, 'TRIMESTRAL', 0.00, '0000-00-00 00:00:00', 2),
(1742, 2, 1, 6, 'TRIMESTRAL', 0.00, '0000-00-00 00:00:00', 2),
(1743, 2, 1, 7, 'TRIMESTRAL', 0.00, '0000-00-00 00:00:00', 2),
(1744, 2, 1, 8, 'TRIMESTRAL', 0.00, '0000-00-00 00:00:00', 2),
(1745, 2, 1, 9, 'TRIMESTRAL', 0.00, '0000-00-00 00:00:00', 2),
(1746, 2, 1, 10, 'TRIMESTRAL', 0.00, '0000-00-00 00:00:00', 2),
(1747, 2, 1, 11, 'TRIMESTRAL', 0.00, '0000-00-00 00:00:00', 2),
(1748, 2, 1, 12, 'TRIMESTRAL', 0.00, '0000-00-00 00:00:00', 2),
(1749, 2, 1, 13, 'TRIMESTRAL', 0.00, '0000-00-00 00:00:00', 2),
(1750, 2, 1, 14, 'TRIMESTRAL', 0.00, '0000-00-00 00:00:00', 2),
(1751, 2, 1, 15, 'TRIMESTRAL', 0.00, '0000-00-00 00:00:00', 2),
(1752, 2, 1, 16, 'TRIMESTRAL', 0.00, '0000-00-00 00:00:00', 2),
(1753, 2, 1, 28, 'TRIMESTRAL', 0.00, '0000-00-00 00:00:00', 2),
(1754, 2, 1, 29, 'TRIMESTRAL', 0.00, '0000-00-00 00:00:00', 2),
(1755, 2, 1, 30, 'TRIMESTRAL', 0.00, '0000-00-00 00:00:00', 2),
(1756, 2, 1, 31, 'TRIMESTRAL', 0.00, '0000-00-00 00:00:00', 2),
(1757, 2, 1, 32, 'TRIMESTRAL', 0.00, '0000-00-00 00:00:00', 2),
(1758, 2, 1, 33, 'TRIMESTRAL', 0.00, '0000-00-00 00:00:00', 2),
(1759, 2, 1, 34, 'TRIMESTRAL', 0.00, '0000-00-00 00:00:00', 2),
(1760, 2, 1, 35, 'TRIMESTRAL', 0.00, '0000-00-00 00:00:00', 2),
(1761, 2, 2, 1, 'TRIMESTRAL', 0.00, '0000-00-00 00:00:00', 2),
(1762, 2, 2, 2, 'TRIMESTRAL', 0.00, '0000-00-00 00:00:00', 2),
(1763, 2, 2, 3, 'TRIMESTRAL', 0.00, '0000-00-00 00:00:00', 2),
(1764, 2, 2, 4, 'TRIMESTRAL', 0.00, '0000-00-00 00:00:00', 2),
(1765, 2, 2, 5, 'TRIMESTRAL', 0.00, '0000-00-00 00:00:00', 2),
(1766, 2, 2, 6, 'TRIMESTRAL', 0.00, '0000-00-00 00:00:00', 2),
(1767, 2, 2, 7, 'TRIMESTRAL', 0.00, '0000-00-00 00:00:00', 2),
(1768, 2, 2, 8, 'TRIMESTRAL', 0.00, '0000-00-00 00:00:00', 2),
(1769, 2, 2, 9, 'TRIMESTRAL', 0.00, '0000-00-00 00:00:00', 2),
(1770, 2, 2, 10, 'TRIMESTRAL', 0.00, '0000-00-00 00:00:00', 2),
(1771, 2, 2, 11, 'TRIMESTRAL', 0.00, '0000-00-00 00:00:00', 2),
(1772, 2, 2, 12, 'TRIMESTRAL', 0.00, '0000-00-00 00:00:00', 2),
(1773, 2, 2, 13, 'TRIMESTRAL', 0.00, '0000-00-00 00:00:00', 2),
(1774, 2, 2, 14, 'TRIMESTRAL', 0.00, '0000-00-00 00:00:00', 2),
(1775, 2, 2, 15, 'TRIMESTRAL', 0.00, '0000-00-00 00:00:00', 2),
(1776, 2, 2, 16, 'TRIMESTRAL', 0.00, '0000-00-00 00:00:00', 2),
(1777, 2, 2, 28, 'TRIMESTRAL', 0.00, '0000-00-00 00:00:00', 2),
(1778, 2, 2, 29, 'TRIMESTRAL', 0.00, '0000-00-00 00:00:00', 2),
(1779, 2, 2, 30, 'TRIMESTRAL', 0.00, '0000-00-00 00:00:00', 2),
(1780, 2, 2, 31, 'TRIMESTRAL', 0.00, '0000-00-00 00:00:00', 2),
(1781, 2, 2, 32, 'TRIMESTRAL', 0.00, '0000-00-00 00:00:00', 2),
(1782, 2, 2, 33, 'TRIMESTRAL', 0.00, '0000-00-00 00:00:00', 2),
(1783, 2, 2, 34, 'TRIMESTRAL', 0.00, '0000-00-00 00:00:00', 2),
(1784, 2, 2, 35, 'TRIMESTRAL', 0.00, '0000-00-00 00:00:00', 2),
(1785, 2, 3, 1, 'TRIMESTRAL', 0.00, '0000-00-00 00:00:00', 2),
(1786, 2, 3, 2, 'TRIMESTRAL', 0.00, '0000-00-00 00:00:00', 2),
(1787, 2, 3, 3, 'TRIMESTRAL', 0.00, '0000-00-00 00:00:00', 2),
(1788, 2, 3, 4, 'TRIMESTRAL', 0.00, '0000-00-00 00:00:00', 2),
(1789, 2, 3, 5, 'TRIMESTRAL', 0.00, '0000-00-00 00:00:00', 2),
(1790, 2, 3, 6, 'TRIMESTRAL', 0.00, '0000-00-00 00:00:00', 2),
(1791, 2, 3, 7, 'TRIMESTRAL', 0.00, '0000-00-00 00:00:00', 2),
(1792, 2, 3, 8, 'TRIMESTRAL', 0.00, '0000-00-00 00:00:00', 2),
(1793, 2, 3, 9, 'TRIMESTRAL', 0.00, '0000-00-00 00:00:00', 2),
(1794, 2, 3, 10, 'TRIMESTRAL', 0.00, '0000-00-00 00:00:00', 2),
(1795, 2, 3, 11, 'TRIMESTRAL', 0.00, '0000-00-00 00:00:00', 2),
(1796, 2, 3, 12, 'TRIMESTRAL', 0.00, '0000-00-00 00:00:00', 2),
(1797, 2, 3, 13, 'TRIMESTRAL', 0.00, '0000-00-00 00:00:00', 2),
(1798, 2, 3, 14, 'TRIMESTRAL', 0.00, '0000-00-00 00:00:00', 2),
(1799, 2, 3, 15, 'TRIMESTRAL', 0.00, '0000-00-00 00:00:00', 2),
(1800, 2, 3, 16, 'TRIMESTRAL', 0.00, '0000-00-00 00:00:00', 2),
(1801, 2, 3, 28, 'TRIMESTRAL', 0.00, '0000-00-00 00:00:00', 2),
(1802, 2, 3, 29, 'TRIMESTRAL', 0.00, '0000-00-00 00:00:00', 2),
(1803, 2, 3, 30, 'TRIMESTRAL', 0.00, '0000-00-00 00:00:00', 2),
(1804, 2, 3, 31, 'TRIMESTRAL', 0.00, '0000-00-00 00:00:00', 2),
(1805, 2, 3, 32, 'TRIMESTRAL', 0.00, '0000-00-00 00:00:00', 2),
(1806, 2, 3, 33, 'TRIMESTRAL', 0.00, '0000-00-00 00:00:00', 2),
(1807, 2, 3, 34, 'TRIMESTRAL', 0.00, '0000-00-00 00:00:00', 2),
(1808, 2, 3, 35, 'TRIMESTRAL', 0.00, '0000-00-00 00:00:00', 2);

-- --------------------------------------------------------

--
-- Estructura Stand-in para la vista `view_grafica`
--
CREATE TABLE IF NOT EXISTS `view_grafica` (
`id_formula` int(11)
,`id_empresa` int(18)
,`id_periodo` int(18)
,`C1` double(25,2)
,`C2` double(25,2)
,`C3` double(25,2)
,`C4` double(25,2)
,`C5` double(25,2)
,`rso` text
,`label` varchar(7)
,`graf` int(1)
,`formula` varchar(100)
,`ano` int(11)
,`mes` int(11)
);
-- --------------------------------------------------------

--
-- Estructura para la vista `view_grafica`
--
DROP TABLE IF EXISTS `view_grafica`;

CREATE ALGORITHM=UNDEFINED DEFINER=`root`@`localhost` SQL SECURITY DEFINER VIEW `view_grafica` AS select `c`.`ID_FORMULA` AS `id_formula`,`a`.`ID_EMPRESA` AS `id_empresa`,`a`.`ID_PERIODO` AS `id_periodo`,(select `x`.`VALOR` from ((`valores` `x` join `indices_financieros` `z`) join `formulas` `w`) where ((`w`.`ID_FORMULA` = `z`.`ID_FORMULA`) and (`x`.`ID_TAG_AGF` = `w`.`CAMPO1`) and (`z`.`ID_INDICE_FINANCIERO` = `b`.`ID_INDICE_FINANCIERO`) and (`x`.`ID_EMPRESA` = `a`.`ID_EMPRESA`) and (`x`.`ID_PERIODO` = `a`.`ID_PERIODO`) and (`x`.`tipo` = 'TRIMESTRAL'))) AS `C1`,(select `x`.`VALOR` from ((`valores` `x` join `indices_financieros` `z`) join `formulas` `w`) where ((`w`.`ID_FORMULA` = `z`.`ID_FORMULA`) and (`x`.`ID_TAG_AGF` = `w`.`CAMPO2`) and (`z`.`ID_INDICE_FINANCIERO` = `b`.`ID_INDICE_FINANCIERO`) and (`x`.`ID_EMPRESA` = `a`.`ID_EMPRESA`) and (`x`.`ID_PERIODO` = `a`.`ID_PERIODO`) and (`x`.`tipo` = 'TRIMESTRAL'))) AS `C2`,(select `x`.`VALOR` from ((`valores` `x` join `indices_financieros` `z`) join `formulas` `w`) where ((`w`.`ID_FORMULA` = `z`.`ID_FORMULA`) and (`x`.`ID_TAG_AGF` = `w`.`CAMPO3`) and (`z`.`ID_INDICE_FINANCIERO` = `b`.`ID_INDICE_FINANCIERO`) and (`x`.`ID_EMPRESA` = `a`.`ID_EMPRESA`) and (`x`.`ID_PERIODO` = `a`.`ID_PERIODO`) and (`x`.`tipo` = 'TRIMESTRAL'))) AS `C3`,(select `x`.`VALOR` from ((`valores` `x` join `indices_financieros` `z`) join `formulas` `w`) where ((`w`.`ID_FORMULA` = `z`.`ID_FORMULA`) and (`x`.`ID_TAG_AGF` = `w`.`CAMPO4`) and (`z`.`ID_INDICE_FINANCIERO` = `b`.`ID_INDICE_FINANCIERO`) and (`x`.`ID_EMPRESA` = `a`.`ID_EMPRESA`) and (`x`.`ID_PERIODO` = `a`.`ID_PERIODO`) and (`x`.`tipo` = 'TRIMESTRAL'))) AS `C4`,(select `x`.`VALOR` from ((`valores` `x` join `indices_financieros` `z`) join `formulas` `w`) where ((`w`.`ID_FORMULA` = `z`.`ID_FORMULA`) and (`x`.`ID_TAG_AGF` = `w`.`CAMPO5`) and (`z`.`ID_INDICE_FINANCIERO` = `b`.`ID_INDICE_FINANCIERO`) and (`x`.`ID_EMPRESA` = `a`.`ID_EMPRESA`) and (`x`.`ID_PERIODO` = `a`.`ID_PERIODO`) and (`x`.`tipo` = 'TRIMESTRAL'))) AS `C5`,concat(`d`.`RSO`,': ',`b`.`NOMBRE`) AS `rso`,`e`.`label` AS `label`,1 AS `graf`,`c`.`FORMULA` AS `formula`,`e`.`ANO` AS `ano`,`e`.`MES` AS `mes` from ((((`valores` `a` join `indices_financieros` `b`) join `formulas` `c`) join `empresas` `d`) join `periodos` `e`) where ((`c`.`ID_FORMULA` = `b`.`ID_FORMULA`) and (`a`.`ID_TAG_AGF` = `c`.`CAMPO1`) and (`a`.`ID_EMPRESA` = `d`.`ID_EMPRESA`) and (`a`.`ID_PERIODO` = `e`.`ID_PERIODO`));

--
-- Restricciones para tablas volcadas
--

--
-- Filtros para la tabla `grupos_subgrupos`
--
ALTER TABLE `grupos_subgrupos`
  ADD CONSTRAINT `cs_subgrupo` FOREIGN KEY (`ID_SUBGRUPO`) REFERENCES `subgrupos` (`ID_SUBGRUPO`),
  ADD CONSTRAINT `cs_tipo_empresa` FOREIGN KEY (`ID_TIPO_EMPRESA`) REFERENCES `tipos_empresas` (`ID_TIPO_EMPRESA`);

/*!40101 SET CHARACTER_SET_CLIENT=@OLD_CHARACTER_SET_CLIENT */;
/*!40101 SET CHARACTER_SET_RESULTS=@OLD_CHARACTER_SET_RESULTS */;
/*!40101 SET COLLATION_CONNECTION=@OLD_COLLATION_CONNECTION */;
