-- phpMyAdmin SQL Dump
-- version 4.0.4.1
-- http://www.phpmyadmin.net
--
-- Host: 127.0.0.1
-- Generation Time: Oct 14, 2013 at 07:38 AM
-- Server version: 5.5.32
-- PHP Version: 5.4.19

SET SQL_MODE = "NO_AUTO_VALUE_ON_ZERO";
SET time_zone = "+00:00";


/*!40101 SET @OLD_CHARACTER_SET_CLIENT=@@CHARACTER_SET_CLIENT */;
/*!40101 SET @OLD_CHARACTER_SET_RESULTS=@@CHARACTER_SET_RESULTS */;
/*!40101 SET @OLD_COLLATION_CONNECTION=@@COLLATION_CONNECTION */;
/*!40101 SET NAMES utf8 */;

--
-- Database: `agf`
--
CREATE DATABASE IF NOT EXISTS `agf` DEFAULT CHARACTER SET utf8 COLLATE utf8_spanish2_ci;
USE `agf`;

-- --------------------------------------------------------

--
-- Table structure for table `agenda_procesos`
--

CREATE TABLE IF NOT EXISTS `agenda_procesos` (
  `ID_AGENDA` int(18) NOT NULL,
  `DT_AGENDA` datetime DEFAULT NULL,
  `PROCESO` varchar(300) COLLATE utf8_spanish2_ci DEFAULT NULL,
  `PARAMETROS` varchar(300) COLLATE utf8_spanish2_ci DEFAULT NULL,
  `DT_COMIENZO` datetime DEFAULT NULL,
  `DT_FIN` datetime DEFAULT NULL,
  `ESTADO` varchar(300) COLLATE utf8_spanish2_ci DEFAULT NULL
) ENGINE=InnoDB DEFAULT CHARSET=utf8 COLLATE=utf8_spanish2_ci;

-- --------------------------------------------------------

--
-- Table structure for table `configexport`
--

CREATE TABLE IF NOT EXISTS `configexport` (
  `id_indice` int(11) NOT NULL
) ENGINE=InnoDB DEFAULT CHARSET=utf8 COLLATE=utf8_spanish2_ci;

--
-- Dumping data for table `configexport`
--

INSERT INTO `configexport` (`id_indice`) VALUES
(188),
(190),
(162);

-- --------------------------------------------------------

--
-- Table structure for table `dolar`
--

CREATE TABLE IF NOT EXISTS `dolar` (
  `ID_DOLAR` int(18) NOT NULL,
  `PERIODO` varchar(20) COLLATE utf8_spanish2_ci DEFAULT NULL,
  `FECHA_DOLAR` varchar(20) COLLATE utf8_spanish2_ci DEFAULT NULL,
  `VALOR` float(18,2) DEFAULT NULL
) ENGINE=InnoDB DEFAULT CHARSET=utf8 COLLATE=utf8_spanish2_ci;

-- --------------------------------------------------------

--
-- Table structure for table `empresas`
--

CREATE TABLE IF NOT EXISTS `empresas` (
  `ID_EMPRESA` int(18) NOT NULL AUTO_INCREMENT,
  `RUT` varchar(10) COLLATE utf8_spanish2_ci DEFAULT NULL,
  `RSO` varchar(300) COLLATE utf8_spanish2_ci DEFAULT NULL,
  `NOMBRE_FANTASIA` varchar(300) COLLATE utf8_spanish2_ci DEFAULT NULL,
  `NOMBRE_BOLSA` varchar(300) COLLATE utf8_spanish2_ci DEFAULT NULL,
  `VALOR_ACCION` float(18,2) DEFAULT NULL,
  `TIPO_BALANCE` varchar(50) COLLATE utf8_spanish2_ci DEFAULT NULL,
  `TIPO_IFRS` varchar(20) COLLATE utf8_spanish2_ci DEFAULT NULL,
  `MONEDA` varchar(100) COLLATE utf8_spanish2_ci DEFAULT NULL,
  `ESTADOS` varchar(100) COLLATE utf8_spanish2_ci DEFAULT NULL,
  `ORIGEN` varchar(50) COLLATE utf8_spanish2_ci DEFAULT NULL,
  `OA` bit(1) DEFAULT NULL,
  `color` int(11) DEFAULT '0',
  PRIMARY KEY (`ID_EMPRESA`)
) ENGINE=InnoDB  DEFAULT CHARSET=utf8 COLLATE=utf8_spanish2_ci AUTO_INCREMENT=733 ;

--
-- Dumping data for table `empresas`
--

INSERT INTO `empresas` (`ID_EMPRESA`, `RUT`, `RSO`, `NOMBRE_FANTASIA`, `NOMBRE_BOLSA`, `VALOR_ACCION`, `TIPO_BALANCE`, `TIPO_IFRS`, `MONEDA`, `ESTADOS`, `ORIGEN`, `OA`, `color`) VALUES
(721, '19', 'EMPRESA A', 'EMPRESA A', 'EMPRESA A', 0.00, 'I', 'Full', 'CLP - Peso chileno', 'ESFC|ERF', 'CARGA_MANUAL', b'1', 13369344),
(724, 'EMPRESA B', 'EMPRESA B', 'EMPRESA B', 'EMPRESA B', 0.00, 'I', 'Full', 'CLP - Peso chileno', 'ESFC|ERF', 'CARGA_MANUAL', b'1', 13209),
(725, '1', 'Falabella (Chile+CMR) ', 'Falabella (Chile+CMR) ', 'Falabella (Chile+CMR) ', 0.00, 'I', 'Full', 'CLP - Peso chileno', 'ESFC|ERF', 'CARGA_MANUAL', b'1', 52326),
(726, 'Cencosud (', 'Cencosud (Paris+Mas) ', 'Cencosud (Paris+Mas) ', 'Cencosud (Paris+Mas) ', 0.00, 'C', 'Full', 'CLP - Peso chileno', 'ESFC|ERF', 'CARGA_MANUAL', b'1', 65484),
(727, 'Ripley Chi', 'Ripley Chile', 'Ripley Chile', 'Ripley Chile', 0.00, 'I', 'Full', 'CLP - Peso chileno', 'ESFC|ERF', 'CARGA_MANUAL', b'1', 0),
(728, 'ABCDIN', 'ABCDIN', 'ABCDIN', 'ABCDIN', 0.00, 'I', 'Full', 'CLP - Peso chileno', 'ESFC|ERF', 'CARGA_MANUAL', b'1', 13369344),
(729, 'La Polar C', 'La Polar Chile', 'La Polar Chile', 'La Polar Chile', 0.00, 'I', 'Full', 'CLP - Peso chileno', 'ESFC|ERF', 'CARGA_MANUAL', b'1', 10066329),
(730, 'Hites', 'Hites', 'Hites', 'Hites', 0.00, 'I', 'Full', 'CLP - Peso chileno', 'ESFC|ERF', 'CARGA_MANUAL', b'1', 255),
(731, 'Falabella ', 'Falabella Chile', 'Falabella Chile', 'Falabella Chile', 0.00, 'I', 'Full', 'CLP - Peso chileno', 'ESFC|ERF', 'CARGA_MANUAL', b'1', 39219),
(732, 'Paris Chil', 'Paris Chile  ', 'Paris Chile  ', 'Paris Chile  ', 0.00, 'I', 'Full', 'CLP - Peso chileno', 'ESFC|ERF', 'CARGA_MANUAL', b'1', 52479);

-- --------------------------------------------------------

--
-- Table structure for table `formulario_item`
--

CREATE TABLE IF NOT EXISTS `formulario_item` (
  `id_empresa` int(11) NOT NULL,
  `id_tag_agf` int(11) NOT NULL,
  `fecha_insert` date NOT NULL,
  `nun_item` int(11) NOT NULL,
  `estado` varchar(1) COLLATE utf8_spanish2_ci NOT NULL DEFAULT 'A'
) ENGINE=InnoDB DEFAULT CHARSET=utf8 COLLATE=utf8_spanish2_ci;

--
-- Dumping data for table `formulario_item`
--

INSERT INTO `formulario_item` (`id_empresa`, `id_tag_agf`, `fecha_insert`, `nun_item`, `estado`) VALUES
(1, 225, '1900-01-01', 0, 'A'),
(1, 226, '1900-01-01', 1, 'A'),
(1, 220, '1900-01-01', 2, 'A'),
(1, 220, '1900-01-01', 3, 'A'),
(1, 3, '1900-01-01', 4, 'A'),
(1, 3, '1900-01-01', 5, 'A'),
(1, 7, '1900-01-01', 6, 'A'),
(1, 227, '1900-01-01', 7, 'A'),
(1, 228, '1900-01-01', 8, 'A'),
(1, 229, '1900-01-01', 9, 'A'),
(2, 229, '1900-01-01', 0, 'A'),
(208, 4, '1900-01-01', 0, 'E'),
(208, 230, '1900-01-01', 1, 'E'),
(14, 231, '1900-01-01', 0, 'A'),
(9, 232, '1900-01-01', 0, 'E'),
(9, 233, '1900-01-01', 1, 'E'),
(9, 234, '1900-01-01', 2, 'E'),
(208, 71, '1900-01-01', 2, 'A'),
(208, 81, '1900-01-01', 3, 'A'),
(208, 235, '1900-01-01', 4, 'E'),
(208, 82, '1900-01-01', 5, 'A'),
(208, 236, '1900-01-01', 6, 'A'),
(208, 237, '1900-01-01', 7, 'A'),
(208, 238, '1900-01-01', 8, 'A'),
(208, 239, '1900-01-01', 9, 'A'),
(208, 240, '1900-01-01', 10, 'A'),
(208, 241, '1900-01-01', 11, 'A'),
(208, 242, '1900-01-01', 12, 'A'),
(208, 243, '1900-01-01', 13, 'A'),
(208, 244, '1900-01-01', 14, 'A'),
(208, 245, '1900-01-01', 15, 'A'),
(208, 246, '1900-01-01', 16, 'A'),
(208, 247, '1900-01-01', 17, 'A'),
(208, 248, '1900-01-01', 18, 'A'),
(9, 55, '1900-01-01', 3, 'E'),
(21, 55, '1900-01-01', 0, 'A'),
(9, 55, '1900-01-01', 4, 'E'),
(9, 55, '1900-01-01', 5, 'E'),
(9, 55, '1900-01-01', 6, 'E'),
(9, 55, '1900-01-01', 7, 'E'),
(9, 55, '1900-01-01', 8, 'E'),
(9, 55, '1900-01-01', 9, 'E'),
(9, 55, '1900-01-01', 10, 'E'),
(9, 55, '1900-01-01', 11, 'E'),
(9, 55, '1900-01-01', 12, 'A'),
(208, 249, '1900-01-01', 19, 'A'),
(718, 261, '1900-01-01', 0, 'A'),
(718, 262, '1900-01-01', 1, 'A'),
(718, 263, '1900-01-01', 2, 'A'),
(713, 261, '1900-01-01', 0, 'A'),
(713, 262, '1900-01-01', 1, 'A'),
(713, 263, '1900-01-01', 2, 'A'),
(714, 261, '1900-01-01', 0, 'A'),
(714, 262, '1900-01-01', 1, 'A'),
(714, 263, '1900-01-01', 2, 'A'),
(715, 261, '1900-01-01', 0, 'A'),
(715, 262, '1900-01-01', 1, 'A'),
(715, 263, '1900-01-01', 2, 'A'),
(716, 261, '1900-01-01', 0, 'A'),
(716, 262, '1900-01-01', 1, 'A'),
(716, 263, '1900-01-01', 2, 'A'),
(717, 261, '1900-01-01', 0, 'A'),
(717, 262, '1900-01-01', 1, 'A'),
(717, 263, '1900-01-01', 2, 'A'),
(718, 264, '1900-01-01', 3, 'A'),
(1, 225, '1900-01-01', 0, 'A'),
(1, 226, '1900-01-01', 1, 'A'),
(1, 220, '1900-01-01', 2, 'A'),
(1, 220, '1900-01-01', 3, 'A'),
(1, 3, '1900-01-01', 4, 'A'),
(1, 3, '1900-01-01', 5, 'A'),
(1, 7, '1900-01-01', 6, 'A'),
(1, 227, '1900-01-01', 7, 'A'),
(1, 228, '1900-01-01', 8, 'A'),
(1, 229, '1900-01-01', 9, 'A'),
(2, 229, '1900-01-01', 0, 'A'),
(208, 4, '1900-01-01', 0, 'E'),
(208, 230, '1900-01-01', 1, 'E'),
(14, 231, '1900-01-01', 0, 'A'),
(9, 232, '1900-01-01', 0, 'E'),
(9, 233, '1900-01-01', 1, 'E'),
(9, 234, '1900-01-01', 2, 'E'),
(208, 71, '1900-01-01', 2, 'A'),
(208, 81, '1900-01-01', 3, 'A'),
(208, 235, '1900-01-01', 4, 'E'),
(208, 82, '1900-01-01', 5, 'A'),
(208, 236, '1900-01-01', 6, 'A'),
(208, 237, '1900-01-01', 7, 'A'),
(208, 238, '1900-01-01', 8, 'A'),
(208, 239, '1900-01-01', 9, 'A'),
(208, 240, '1900-01-01', 10, 'A'),
(208, 241, '1900-01-01', 11, 'A'),
(208, 242, '1900-01-01', 12, 'A'),
(208, 243, '1900-01-01', 13, 'A'),
(208, 244, '1900-01-01', 14, 'A'),
(208, 245, '1900-01-01', 15, 'A'),
(208, 246, '1900-01-01', 16, 'A'),
(208, 247, '1900-01-01', 17, 'A'),
(208, 248, '1900-01-01', 18, 'A'),
(9, 55, '1900-01-01', 3, 'E'),
(21, 55, '1900-01-01', 0, 'A'),
(9, 55, '1900-01-01', 4, 'E'),
(9, 55, '1900-01-01', 5, 'E'),
(9, 55, '1900-01-01', 6, 'E'),
(9, 55, '1900-01-01', 7, 'E'),
(9, 55, '1900-01-01', 8, 'E'),
(9, 55, '1900-01-01', 9, 'E'),
(9, 55, '1900-01-01', 10, 'E'),
(9, 55, '1900-01-01', 11, 'E'),
(9, 55, '1900-01-01', 12, 'A'),
(208, 249, '1900-01-01', 19, 'A'),
(718, 261, '1900-01-01', 0, 'A'),
(718, 262, '1900-01-01', 1, 'A'),
(718, 263, '1900-01-01', 2, 'A'),
(713, 261, '1900-01-01', 0, 'A'),
(713, 262, '1900-01-01', 1, 'A'),
(713, 263, '1900-01-01', 2, 'A'),
(714, 261, '1900-01-01', 0, 'A'),
(714, 262, '1900-01-01', 1, 'A'),
(714, 263, '1900-01-01', 2, 'A'),
(715, 261, '1900-01-01', 0, 'A'),
(715, 262, '1900-01-01', 1, 'A'),
(715, 263, '1900-01-01', 2, 'A'),
(716, 261, '1900-01-01', 0, 'A'),
(716, 262, '1900-01-01', 1, 'A'),
(716, 263, '1900-01-01', 2, 'A'),
(717, 261, '1900-01-01', 0, 'A'),
(717, 262, '1900-01-01', 1, 'A'),
(717, 263, '1900-01-01', 2, 'A'),
(718, 264, '1900-01-01', 3, 'A'),
(721, 267, '1900-01-01', 0, 'A'),
(721, 268, '1900-01-01', 1, 'A'),
(724, 267, '1900-01-01', 0, 'A'),
(724, 268, '1900-01-01', 1, 'A'),
(3, 183, '1900-01-01', 0, 'A');

-- --------------------------------------------------------

--
-- Table structure for table `formulas`
--

CREATE TABLE IF NOT EXISTS `formulas` (
  `ID_FORMULA` int(11) NOT NULL AUTO_INCREMENT,
  `CAMPO1` int(11) DEFAULT NULL,
  `CAMPO2` int(11) DEFAULT NULL,
  `CAMPO3` int(11) DEFAULT NULL,
  `CAMPO4` int(11) DEFAULT NULL,
  `CAMPO5` int(11) DEFAULT NULL,
  `tipoc1` int(11) NOT NULL,
  `tipoc2` int(11) NOT NULL,
  `tipoc3` int(11) NOT NULL,
  `tipoc4` int(11) NOT NULL,
  `tipoc5` int(11) NOT NULL,
  `FORMULA` varchar(100) COLLATE utf8_spanish2_ci DEFAULT NULL,
  `CANTIDAD_CAMPOS` int(11) DEFAULT NULL,
  `DECIMALES` int(11) DEFAULT NULL,
  `cod1` varchar(10) COLLATE utf8_spanish2_ci DEFAULT NULL,
  `cod2` varchar(10) COLLATE utf8_spanish2_ci DEFAULT NULL,
  `cod3` varchar(10) COLLATE utf8_spanish2_ci DEFAULT NULL,
  `cod4` varchar(10) COLLATE utf8_spanish2_ci DEFAULT NULL,
  `cod5` varchar(10) COLLATE utf8_spanish2_ci DEFAULT NULL,
  PRIMARY KEY (`ID_FORMULA`)
) ENGINE=InnoDB  DEFAULT CHARSET=utf8 COLLATE=utf8_spanish2_ci AUTO_INCREMENT=44 ;

--
-- Dumping data for table `formulas`
--

INSERT INTO `formulas` (`ID_FORMULA`, `CAMPO1`, `CAMPO2`, `CAMPO3`, `CAMPO4`, `CAMPO5`, `tipoc1`, `tipoc2`, `tipoc3`, `tipoc4`, `tipoc5`, `FORMULA`, `CANTIDAD_CAMPOS`, `DECIMALES`, `cod1`, `cod2`, `cod3`, `cod4`, `cod5`) VALUES
(1, 269, -1, -1, -1, -1, 1, 1, 1, 1, 1, 'C1', 1, 2, 'C.NN.1', 'no', 'no', 'no', 'no'),
(2, 270, -1, -1, -1, -1, 1, 1, 1, 1, 1, 'C1', 1, 2, 'C.NN.1', 'no', 'no', 'no', 'no'),
(3, 271, -1, -1, -1, -1, 1, 1, 1, 1, 1, 'C1', 1, 2, 'C.NN.1', 'no', 'no', 'no', 'no'),
(4, 272, -1, -1, -1, -1, 1, 1, 1, 1, 1, 'C1', 1, 2, 'C.NN.1', 'no', 'no', 'no', 'no'),
(5, 267, 268, -1, -1, -1, 1, 1, 0, 0, 0, 'C1+C2', 2, 0, 'C.NN.1', 'C.NN.2', 'no', 'no', 'no'),
(6, 267, 268, 267, -1, -1, 1, 1, 1, 0, 0, 'C1+C2-C3', 3, 0, 'C.NN.1', 'C.NN.2', 'C.AN.3', 'no', 'no'),
(7, 0, 0, 0, 0, 0, 0, 0, 0, 0, 0, '\n', 5, 0, '', '', '', '', ''),
(8, 267, 268, 267, -1, -1, 1, 1, 1, 0, 0, 'C1+C2-C3', 3, 0, 'C.NN.1', 'C.NN.2', 'C.AN.3', 'no', 'no'),
(9, 267, 268, 267, -1, -1, 1, 1, 1, 0, 0, 'C1+C2-C3', 3, 0, 'C.NN.1', 'C.NN.2', 'C.AN.3', 'no', 'no'),
(10, 0, 0, 0, 267, 268, 267, -1, -1, 1, 1, '0', 5, 0, '0', '0', '4', 'C.NN.1', 'C.NN.2'),
(11, 0, 0, 0, 267, 268, 267, -1, -1, 1, 1, '0', 5, 0, '0', '0', '4', 'C.NN.1', 'C.NN.2'),
(12, 267, 268, 267, -1, -1, 1, 1, 1, 0, 0, 'C1+C2-C3', 3, 0, 'C.NN.1', 'C.NN.2', 'C.AN.3', 'no', 'no'),
(13, 162, -1, -1, -1, -1, 2, 0, 0, 0, 0, 'C1', 1, 0, 'F.NN.1', 'no', 'no', 'no', 'no'),
(14, 0, 0, 0, 267, 268, 267, -1, -1, 1, 1, '0', 5, 0, '0', '0', '4', 'C.NN.1', 'C.NN.2'),
(15, 0, 0, 0, 267, 268, 267, -1, -1, 1, 1, '0', 5, 0, '0', '0', '4', 'C.NN.1', 'C.NN.2'),
(16, 0, 0, 0, 267, 268, 267, -1, -1, 1, 1, '0', 5, 0, '0', '0', '4', 'C.NN.1', 'C.NN.2'),
(17, 0, 0, 0, 267, 268, 267, -1, -1, 1, 1, '0', 5, 0, '0', '0', '4', 'C.NN.1', 'C.NN.2'),
(18, 0, 0, 0, 267, 268, 267, -1, -1, 1, 1, '0', 5, 0, '0', '0', '4', 'C.NN.1', 'C.NN.2'),
(19, 0, 0, 0, 267, 268, 267, -1, -1, 1, 1, '0', 5, 0, '0', '0', '4', 'C.NN.1', 'C.NN.2'),
(20, 0, 0, 0, 267, 268, 267, -1, -1, 1, 1, '0', 5, 0, '0', '0', '4', 'C.NN.1', 'C.NN.2'),
(21, 0, 0, 0, 267, 268, 267, -1, -1, 1, 1, '0', 5, 0, '0', '0', '4', 'C.NN.1', 'C.NN.2'),
(22, 0, 0, 0, 267, 268, 267, -1, -1, 1, 1, '0', 5, 0, '0', '0', '4', 'C.NN.1', 'C.NN.2'),
(23, 0, 0, 0, 267, 268, 267, -1, -1, 1, 1, '0', 5, 0, '0', '0', '4', 'C.NN.1', 'C.NN.2'),
(24, 161, -1, -1, -1, -1, 1, 0, 0, 0, 0, 'C1', 1, 0, 'C.NN.1', 'no', 'no', 'no', 'no'),
(25, 161, -1, -1, -1, -1, 1, 0, 0, 0, 0, 'C1', 1, 0, 'C.NN.1', 'no', 'no', 'no', 'no'),
(26, 50, -1, -1, -1, -1, 1, 0, 0, 0, 0, 'C1', 1, 0, 'C.NN.1', 'no', 'no', 'no', 'no'),
(27, 0, 0, 0, 267, 268, 267, -1, -1, 1, 1, '0', 5, 0, '0', '0', '4', 'C.NN.1', 'C.NN.2'),
(28, 183, -1, -1, -1, -1, 1, 0, 0, 0, 0, 'C1', 1, 0, 'C.NN.1', 'no', 'no', 'no', 'no'),
(29, 273, -1, -1, -1, -1, 1, 1, 1, 1, 1, 'C1', 1, 2, 'C.NN.1', 'no', 'no', 'no', 'no'),
(30, 274, -1, -1, -1, -1, 1, 1, 1, 1, 1, 'C1', 1, 2, 'C.NN.1', 'no', 'no', 'no', 'no'),
(31, 275, -1, -1, -1, -1, 1, 1, 1, 1, 1, 'C1', 1, 2, 'C.NN.1', 'no', 'no', 'no', 'no'),
(32, 276, -1, -1, -1, -1, 1, 1, 1, 1, 1, 'C1', 1, 2, 'C.NN.1', 'no', 'no', 'no', 'no'),
(33, 277, -1, -1, -1, -1, 1, 1, 1, 1, 1, 'C1', 1, 2, 'C.NN.1', 'no', 'no', 'no', 'no'),
(34, 161, -1, -1, -1, -1, 0, 0, 0, 0, 0, 'C1+C2', 1, 0, '', 'no', 'no', 'no', 'no'),
(35, -1, -1, -1, -1, -1, 0, 0, 0, 0, 0, 'C1', 0, 0, 'no', 'no', 'no', 'no', 'no'),
(36, -1, -1, -1, -1, -1, 0, 0, 0, 0, 0, 'C1', 0, 0, 'no', 'no', 'no', 'no', 'no'),
(37, -1, -1, -1, -1, -1, 0, 0, 0, 0, 0, 'C1', 0, 0, 'no', 'no', 'no', 'no', 'no'),
(38, -1, -1, -1, -1, -1, 0, 0, 0, 0, 0, 'C1', 0, 0, 'no', 'no', 'no', 'no', 'no'),
(39, -1, -1, -1, -1, -1, 0, 0, 0, 0, 0, 'C1', 0, 0, 'no', 'no', 'no', 'no', 'no'),
(40, -1, -1, -1, -1, -1, 0, 0, 0, 0, 0, 'C1', 0, 0, 'no', 'no', 'no', 'no', 'no'),
(41, -1, -1, -1, -1, -1, 0, 0, 0, 0, 0, 'C1', 0, 0, 'no', 'no', 'no', 'no', 'no'),
(42, -1, -1, -1, -1, -1, 0, 0, 0, 0, 0, 'C1', 0, 0, 'no', 'no', 'no', 'no', 'no'),
(43, -1, -1, -1, -1, -1, 0, 0, 0, 0, 0, 'C1', 0, 0, 'no', 'no', 'no', 'no', 'no');

-- --------------------------------------------------------

--
-- Table structure for table `grupos_indices_financieros`
--

CREATE TABLE IF NOT EXISTS `grupos_indices_financieros` (
  `ID_GRUPO_INDICE_FINANCIERO` int(11) NOT NULL AUTO_INCREMENT,
  `NOMBRE` varchar(50) COLLATE utf8_spanish2_ci NOT NULL,
  `DESCRIPCION` varchar(300) COLLATE utf8_spanish2_ci NOT NULL,
  PRIMARY KEY (`ID_GRUPO_INDICE_FINANCIERO`)
) ENGINE=InnoDB  DEFAULT CHARSET=utf8 COLLATE=utf8_spanish2_ci AUTO_INCREMENT=5 ;

--
-- Dumping data for table `grupos_indices_financieros`
--

INSERT INTO `grupos_indices_financieros` (`ID_GRUPO_INDICE_FINANCIERO`, `NOMBRE`, `DESCRIPCION`) VALUES
(2, 'Items', 'Cuentas importantes'),
(3, 'Indices financieros', 'Indices financieros'),
(4, 'Indices Demo', 'Indices Demo');

-- --------------------------------------------------------

--
-- Table structure for table `grupos_subgrupos`
--

CREATE TABLE IF NOT EXISTS `grupos_subgrupos` (
  `ID_TIPO_EMPRESA` int(18) NOT NULL,
  `ID_SUBGRUPO` int(18) NOT NULL
) ENGINE=InnoDB DEFAULT CHARSET=utf8 COLLATE=utf8_spanish2_ci;

--
-- Dumping data for table `grupos_subgrupos`
--

INSERT INTO `grupos_subgrupos` (`ID_TIPO_EMPRESA`, `ID_SUBGRUPO`) VALUES
(4, 101),
(4, 102),
(4, 103),
(4, 104),
(4, 105);

-- --------------------------------------------------------

--
-- Table structure for table `historico_acciones`
--

CREATE TABLE IF NOT EXISTS `historico_acciones` (
  `ID_PRECIO_ACCION` int(18) NOT NULL,
  `ID_EMPRESA` int(18) DEFAULT NULL,
  `FECHA` varchar(15) COLLATE utf8_spanish2_ci DEFAULT NULL,
  `APERTURA` float(18,5) DEFAULT NULL,
  `ALTO` decimal(18,5) DEFAULT NULL,
  `BAJO` float(18,5) DEFAULT NULL,
  `CIERRE` float(18,5) DEFAULT NULL,
  `VOLUMEN` bigint(20) DEFAULT NULL,
  `DT_REGISTRO` datetime DEFAULT NULL
) ENGINE=InnoDB DEFAULT CHARSET=utf8 COLLATE=utf8_spanish2_ci;

-- --------------------------------------------------------

--
-- Table structure for table `indicadores`
--

CREATE TABLE IF NOT EXISTS `indicadores` (
  `ID_INDICADOR` int(18) NOT NULL,
  `TIPO_INDICADOR` varchar(50) COLLATE utf8_spanish2_ci DEFAULT NULL,
  `NOMBRE` varchar(300) COLLATE utf8_spanish2_ci DEFAULT NULL,
  `VALOR` float(18,2) DEFAULT NULL,
  `VARIACION` float(18,2) DEFAULT NULL,
  `DT_ACTUALIZACION` datetime DEFAULT NULL,
  `OA` bit(1) DEFAULT NULL
) ENGINE=InnoDB DEFAULT CHARSET=utf8 COLLATE=utf8_spanish2_ci;

-- --------------------------------------------------------

--
-- Table structure for table `indices_financieros`
--

CREATE TABLE IF NOT EXISTS `indices_financieros` (
  `ID_INDICE_FINANCIERO` int(18) NOT NULL AUTO_INCREMENT,
  `ID_GRUPO_INDICE_FINANCIERO` int(18) DEFAULT NULL,
  `ID_COMPONENTE` int(18) DEFAULT NULL,
  `NOMBRE` varchar(300) COLLATE utf8_spanish2_ci DEFAULT NULL,
  `DESCRIPCION` varchar(300) COLLATE utf8_spanish2_ci DEFAULT NULL,
  `ID_FORMULA` int(18) DEFAULT NULL,
  `FORMULA_DESC` varchar(300) COLLATE utf8_spanish2_ci DEFAULT NULL,
  `RANGO_SUPERIOR` decimal(10,2) NOT NULL,
  `RANGO_INFERIOR` float(10,2) NOT NULL,
  `RANGOS_DESC` text COLLATE utf8_spanish2_ci,
  `OA` bit(1) DEFAULT NULL,
  PRIMARY KEY (`ID_INDICE_FINANCIERO`)
) ENGINE=InnoDB  DEFAULT CHARSET=utf8 COLLATE=utf8_spanish2_ci AUTO_INCREMENT=201 ;

--
-- Dumping data for table `indices_financieros`
--

INSERT INTO `indices_financieros` (`ID_INDICE_FINANCIERO`, `ID_GRUPO_INDICE_FINANCIERO`, `ID_COMPONENTE`, `NOMBRE`, `DESCRIPCION`, `ID_FORMULA`, `FORMULA_DESC`, `RANGO_SUPERIOR`, `RANGO_INFERIOR`, `RANGOS_DESC`, `OA`) VALUES
(158, 3, 4, 'Ingresos Totales', '..', 1, '..', '1000.00', 0.00, '..', b'1'),
(162, 4, 4, 'INDICE 1', 'Con valores del periodo actual', 5, '0', '0.00', 0.00, '0', b'1'),
(188, 3, 4, 'Ingresos Totales Anuales', '..', 31, '..', '1000.00', 0.00, '..', b'1'),
(189, 3, 4, 'Ingresos Retail', '..', 32, '..', '1000.00', 0.00, '..', b'1'),
(190, 3, 4, 'Ingresos Retail Anuales', '..', 33, '..', '1000.00', 0.00, '..', b'1'),
(191, 2, 4, 'prueba', '0', 34, '0', '0.00', 0.00, '0', b'1'),
(192, 2, 4, 'prueba2', '222', 35, '0', '0.00', 0.00, '0', b'1'),
(193, 2, 4, 'prueba3', '0', 36, '0', '0.00', 0.00, '0', b'1'),
(194, 2, 4, 'prueba3', '0', 37, '0', '0.00', 0.00, '0', b'1'),
(195, 2, 4, 'prueba3', '0', 38, '0', '0.00', 0.00, '0', b'1'),
(196, 2, 4, 'prueba3', '0', 39, '0', '0.00', 0.00, '0', b'1'),
(197, 2, 4, 'prueba3', '0', 40, '0', '0.00', 0.00, '0', b'1'),
(198, 2, 4, 'prueba3', '0', 41, '0', '0.00', 0.00, '0', b'1'),
(199, 2, 4, 'prueba4', '0', 42, '0', '0.00', 0.00, '0', b'1'),
(200, 2, 4, 'xxx', '0', 43, '0', '0.00', 0.00, '0', b'1');

-- --------------------------------------------------------

--
-- Table structure for table `indice_empresa`
--

CREATE TABLE IF NOT EXISTS `indice_empresa` (
  `id_indice` int(11) NOT NULL,
  `id_empresa` int(11) NOT NULL,
  `tipo` int(11) NOT NULL
) ENGINE=InnoDB DEFAULT CHARSET=utf8 COLLATE=utf8_spanish2_ci;

--
-- Dumping data for table `indice_empresa`
--

INSERT INTO `indice_empresa` (`id_indice`, `id_empresa`, `tipo`) VALUES
(191, 724, 0),
(191, 721, 0),
(192, 721, 0),
(192, 724, 0),
(193, 721, 0),
(193, 721, 0),
(193, 724, 0),
(193, 724, 0),
(194, 721, 0),
(194, 721, 0),
(194, 724, 0),
(194, 724, 0),
(195, 721, 0),
(195, 721, 0),
(195, 724, 0),
(195, 724, 0),
(196, 721, 0),
(196, 721, 0),
(196, 724, 0),
(196, 724, 0),
(197, 721, 0),
(197, 721, 0),
(197, 724, 0),
(197, 724, 0),
(198, 721, 0),
(198, 721, 0),
(198, 724, 0),
(198, 724, 0),
(199, 721, 0),
(199, 721, 0),
(199, 721, 0),
(199, 721, 0),
(199, 721, 0),
(199, 721, 0),
(199, 721, 0),
(199, 721, 0),
(199, 721, 0),
(199, 721, 0),
(199, 721, 0),
(199, 721, 0),
(199, 721, 0),
(199, 721, 0),
(199, 724, 0),
(199, 724, 0),
(199, 724, 0),
(199, 724, 0),
(199, 724, 0),
(199, 724, 0),
(199, 724, 0),
(199, 724, 0),
(199, 724, 0),
(199, 724, 0),
(199, 724, 0),
(199, 724, 0),
(199, 724, 0),
(199, 724, 0),
(200, 724, 0),
(200, 727, 0);

-- --------------------------------------------------------

--
-- Table structure for table `indice_subgrupo_empresa`
--

CREATE TABLE IF NOT EXISTS `indice_subgrupo_empresa` (
  `id_indice` int(11) NOT NULL,
  `id_subgrupo` int(11) NOT NULL,
  `tipo` int(11) NOT NULL
) ENGINE=InnoDB DEFAULT CHARSET=utf8 COLLATE=utf8_spanish2_ci;

-- --------------------------------------------------------

--
-- Table structure for table `log`
--

CREATE TABLE IF NOT EXISTS `log` (
  `datos` varchar(10000) COLLATE utf8_spanish2_ci NOT NULL
) ENGINE=InnoDB DEFAULT CHARSET=utf8 COLLATE=utf8_spanish2_ci;

--
-- Dumping data for table `log`
--

INSERT INTO `log` (`datos`) VALUES
('Array\n(\n    [0] => prueba3\n    [1] => 0\n    [2] => 0\n    [3] => 0\n    [4] => 0\n    [5] => 0\n    [6] => C1_\n    [7] => 0\n    [8] => -1\n    [9] => -1\n    [10] => -1\n    [11] => -1\n    [12] => -1\n    [13] => 0\n    [14] => 0\n    [15] => 0\n    [16] => 0\n    [17] => 0\n    [18] => 2\n    [19] => no\n    [20] => no\n    [21] => no\n    [22] => no\n    [23] => no\n)\n'),
('Array\n(\n    [0] => 721\n    [1] => 721\n    [2] => 724\n    [3] => 724\n)\n'),
('Indices_Financieros'),
('INSERT INTO formulas values (null, ''-1'', ''-1'', ''-1'', ''-1'', ''-1'', ''0'', ''0'', ''0'', ''0'', ''0'', ''C1'', ''0'', ''0'', ''no'', ''no'', ''no'', ''no'', ''no'');'),
('Array\n(\n    [0] => prueba3\n    [1] => 0\n    [2] => 0\n    [3] => 0\n    [4] => 0\n    [5] => 0\n    [6] => C1\n    [7] => 0\n    [8] => -1\n    [9] => -1\n    [10] => -1\n    [11] => -1\n    [12] => -1\n    [13] => 0\n    [14] => 0\n    [15] => 0\n    [16] => 0\n    [17] => 0\n    [18] => 2\n    [19] => no\n    [20] => no\n    [21] => no\n    [22] => no\n    [23] => no\n)\n'),
('INSERT INTO indices_financieros VALUES (null, ''2'', 4, ''prueba3'', ''0'', ''38'', ''0'', ''0'', ''0'', ''0'', 1);'),
('INSERT INTO indice_empresa values (''195'', ''721'', ''0'');'),
('Array\n(\n    [0] => prueba3\n    [1] => 0\n    [2] => 0\n    [3] => 0\n    [4] => 0\n    [5] => 0\n    [6] => C1\n    [7] => 0\n    [8] => -1\n    [9] => -1\n    [10] => -1\n    [11] => -1\n    [12] => -1\n    [13] => 0\n    [14] => 0\n    [15] => 0\n    [16] => 0\n    [17] => 0\n    [18] => 2\n    [19] => no\n    [20] => no\n    [21] => no\n    [22] => no\n    [23] => no\n)\n'),
('INSERT INTO indice_empresa values (''195'', ''721'', ''0'');'),
('Array\n(\n    [0] => prueba3\n    [1] => 0\n    [2] => 0\n    [3] => 0\n    [4] => 0\n    [5] => 0\n    [6] => C1\n    [7] => 0\n    [8] => -1\n    [9] => -1\n    [10] => -1\n    [11] => -1\n    [12] => -1\n    [13] => 0\n    [14] => 0\n    [15] => 0\n    [16] => 0\n    [17] => 0\n    [18] => 2\n    [19] => no\n    [20] => no\n    [21] => no\n    [22] => no\n    [23] => no\n)\n'),
('INSERT INTO indice_empresa values (''195'', ''724'', ''0'');'),
('Array\n(\n    [0] => prueba3\n    [1] => 0\n    [2] => 0\n    [3] => 0\n    [4] => 0\n    [5] => 0\n    [6] => C1\n    [7] => 0\n    [8] => -1\n    [9] => -1\n    [10] => -1\n    [11] => -1\n    [12] => -1\n    [13] => 0\n    [14] => 0\n    [15] => 0\n    [16] => 0\n    [17] => 0\n    [18] => 2\n    [19] => no\n    [20] => no\n    [21] => no\n    [22] => no\n    [23] => no\n)\n'),
('INSERT INTO indice_empresa values (''195'', ''724'', ''0'');'),
('Array\n(\n    [0] => prueba3\n    [1] => 0\n    [2] => 0\n    [3] => 0\n    [4] => 0\n    [5] => 0\n    [6] => C1\n    [7] => 0\n    [8] => -1\n    [9] => -1\n    [10] => -1\n    [11] => -1\n    [12] => -1\n    [13] => 0\n    [14] => 0\n    [15] => 0\n    [16] => 0\n    [17] => 0\n    [18] => 2\n    [19] => no\n    [20] => no\n    [21] => no\n    [22] => no\n    [23] => no\n)\n'),
('select distinct c.id_formula, a.id_empresa, a.id_periodo,\r\n					(select SUM(valor)\r\n							   from valores x, indices_financieros z, formulas w\r\n					   where w.id_formula = z.id_formula\r\n							 AND x.id_tag_agf = w.campo1\r\n							 AND z.id_indice_financiero = b.id_indice_financiero\r\n							 AND x.id_empresa = a.id_empresa\r\n							  AND x.id_periodo = a.id_periodo \r\n							 AND w.tipoc1 = 2\r\n					 AND x.tipo = ''TRIMESTRAL'' )		 				\r\n					   C1, 			                	\r\n					(select SUM(valor)\r\n							   from valores x, indices_financieros z, formulas w\r\n					   where w.id_formula = z.id_formula\r\n							 AND x.id_tag_agf = w.campo2\r\n							 AND z.id_indice_financiero = b.id_indice_financiero\r\n							 AND x.id_empresa = a.id_empresa\r\n							  AND x.id_periodo = a.id_periodo \r\n							 AND w.tipoc1 = 2\r\n					 AND x.tipo = ''TRIMESTRAL'' )\r\n					C2,\r\n							(select SUM(valor)\r\n							   from valores x, indices_financieros z, formulas w\r\n					   where w.id_formula = z.id_formula\r\n							 AND x.id_tag_agf = w.campo3\r\n							 AND z.id_indice_financiero = b.id_indice_financiero\r\n							 AND x.id_empresa = a.id_empresa\r\n							  AND x.id_periodo = a.id_periodo 									\r\n							 AND w.tipoc1 = 2\r\n					 AND x.tipo = ''TRIMESTRAL'' ) C3,\r\n							(select SUM(valor)\r\n							   from valores x, indices_financieros z, formulas w\r\n					   where w.id_formula = z.id_formula\r\n							 AND x.id_tag_agf = w.campo4\r\n							 AND z.id_indice_financiero = b.id_indice_financiero\r\n							 AND x.id_empresa = a.id_empresa\r\n							  AND x.id_periodo = a.id_periodo 									\r\n							 AND w.tipoc1 = 2\r\n					 AND x.tipo = ''TRIMESTRAL'' ) C4,\r\n							(select SUM(valor)\r\n							   from valores x, indices_financieros z, formulas w\r\n					   where w.id_formula = z.id_formula\r\n							 AND x.id_tag_agf = w.campo5\r\n							 AND z.id_indice_financiero = b.id_indice_financiero\r\n							 AND x.id_empresa = a.id_empresa\r\n							  AND x.id_periodo = a.id_periodo 									\r\n							 AND w.tipoc1 = 2\r\n					 AND x.tipo = ''TRIMESTRAL'' ) C5, concat(d.rso, '': '', b.nombre), label, formula, e.ano, e.mes, d.color\r\n						From valores a, indices_financieros b, formulas c, empresas d, periodos e\r\n						where c.id_formula = b.id_formula			                    \r\n							AND a.id_empresa = d.id_empresa\r\n							AND a.id_periodo = e.id_periodo\r\n							AND c.id_formula = 38\r\n					AND a.tipo = ''TRIMESTRAL'';'),
('0'),
('0'),
('0'),
('0'),
('0'),
('0'),
('0'),
('0'),
('0'),
('0'),
('0'),
('0'),
('0'),
('0'),
('0'),
('0'),
('0'),
('0'),
('0'),
('0'),
('0'),
('0'),
('0'),
('0'),
('0'),
('0'),
('0'),
('0'),
('0'),
('0'),
('0'),
('0'),
('0'),
('0'),
('0'),
('0'),
('0'),
('0'),
('0'),
('0'),
('0'),
('0'),
('0'),
('0'),
('0'),
('0'),
('0'),
('0'),
('0'),
('0'),
('0'),
('0'),
('0'),
('0'),
('0'),
('0'),
('0'),
('0'),
('0'),
('0'),
('0'),
('0'),
('0'),
('0'),
('0'),
('0'),
('0'),
('0'),
('0'),
('0'),
('0'),
('0'),
('0'),
('0'),
('0'),
('0'),
('0'),
('0'),
('0'),
('0'),
('0'),
('0'),
('0'),
('0'),
('0'),
('0'),
('0'),
('0'),
('0'),
('0'),
('0'),
('0'),
('0'),
('0'),
('0'),
('0'),
('0'),
('0'),
('0'),
('0'),
('0'),
('0'),
('0'),
('0'),
('0'),
('0'),
('0'),
('0'),
('0'),
('0'),
('0'),
('0'),
('0'),
('0'),
('0'),
('0'),
('0'),
('0'),
('0'),
('0'),
('0'),
('0'),
('0'),
('0'),
('0'),
('0'),
('0'),
('0'),
('0'),
('0'),
('0'),
('0'),
('0'),
('0'),
('0'),
('0'),
('0'),
('0'),
('0'),
('0'),
('0'),
('0'),
('0'),
('0'),
('0'),
('0'),
('0'),
('0'),
('0'),
('0'),
('0'),
('0'),
('Array\n(\n    [0] => prueba3\n    [1] => 0\n    [2] => 0\n    [3] => 0\n    [4] => 0\n    [5] => 0\n    [6] => C1_\n    [7] => 0\n    [8] => -1\n    [9] => -1\n    [10] => -1\n    [11] => -1\n    [12] => -1\n    [13] => 0\n    [14] => 0\n    [15] => 0\n    [16] => 0\n    [17] => 0\n    [18] => 2\n    [19] => no\n    [20] => no\n    [21] => no\n    [22] => no\n    [23] => no\n)\n'),
('Array\n(\n    [0] => 721\n    [1] => 721\n    [2] => 724\n    [3] => 724\n)\n'),
('Indices_Financieros'),
('INSERT INTO formulas values (null, ''-1'', ''-1'', ''-1'', ''-1'', ''-1'', ''0'', ''0'', ''0'', ''0'', ''0'', ''C1'', ''0'', ''0'', ''no'', ''no'', ''no'', ''no'', ''no'');'),
('Array\n(\n    [0] => prueba3\n    [1] => 0\n    [2] => 0\n    [3] => 0\n    [4] => 0\n    [5] => 0\n    [6] => C1\n    [7] => 0\n    [8] => -1\n    [9] => -1\n    [10] => -1\n    [11] => -1\n    [12] => -1\n    [13] => 0\n    [14] => 0\n    [15] => 0\n    [16] => 0\n    [17] => 0\n    [18] => 2\n    [19] => no\n    [20] => no\n    [21] => no\n    [22] => no\n    [23] => no\n)\n'),
('INSERT INTO indices_financieros VALUES (null, ''2'', 4, ''prueba3'', ''0'', ''39'', ''0'', ''0'', ''0'', ''0'', 1);'),
('INSERT INTO indice_empresa values (''196'', ''721'', ''0'');'),
('Array\n(\n    [0] => prueba3\n    [1] => 0\n    [2] => 0\n    [3] => 0\n    [4] => 0\n    [5] => 0\n    [6] => C1\n    [7] => 0\n    [8] => -1\n    [9] => -1\n    [10] => -1\n    [11] => -1\n    [12] => -1\n    [13] => 0\n    [14] => 0\n    [15] => 0\n    [16] => 0\n    [17] => 0\n    [18] => 2\n    [19] => no\n    [20] => no\n    [21] => no\n    [22] => no\n    [23] => no\n)\n'),
('INSERT INTO indice_empresa values (''196'', ''721'', ''0'');'),
('Array\n(\n    [0] => prueba3\n    [1] => 0\n    [2] => 0\n    [3] => 0\n    [4] => 0\n    [5] => 0\n    [6] => C1\n    [7] => 0\n    [8] => -1\n    [9] => -1\n    [10] => -1\n    [11] => -1\n    [12] => -1\n    [13] => 0\n    [14] => 0\n    [15] => 0\n    [16] => 0\n    [17] => 0\n    [18] => 2\n    [19] => no\n    [20] => no\n    [21] => no\n    [22] => no\n    [23] => no\n)\n'),
('INSERT INTO indice_empresa values (''196'', ''724'', ''0'');'),
('Array\n(\n    [0] => prueba3\n    [1] => 0\n    [2] => 0\n    [3] => 0\n    [4] => 0\n    [5] => 0\n    [6] => C1\n    [7] => 0\n    [8] => -1\n    [9] => -1\n    [10] => -1\n    [11] => -1\n    [12] => -1\n    [13] => 0\n    [14] => 0\n    [15] => 0\n    [16] => 0\n    [17] => 0\n    [18] => 2\n    [19] => no\n    [20] => no\n    [21] => no\n    [22] => no\n    [23] => no\n)\n'),
('INSERT INTO indice_empresa values (''196'', ''724'', ''0'');'),
('Array\n(\n    [0] => prueba3\n    [1] => 0\n    [2] => 0\n    [3] => 0\n    [4] => 0\n    [5] => 0\n    [6] => C1\n    [7] => 0\n    [8] => -1\n    [9] => -1\n    [10] => -1\n    [11] => -1\n    [12] => -1\n    [13] => 0\n    [14] => 0\n    [15] => 0\n    [16] => 0\n    [17] => 0\n    [18] => 2\n    [19] => no\n    [20] => no\n    [21] => no\n    [22] => no\n    [23] => no\n)\n'),
('select distinct c.id_formula, a.id_empresa, a.id_periodo,\r\n					(select SUM(valor)\r\n							   from valores x, indices_financieros z, formulas w\r\n					   where w.id_formula = z.id_formula\r\n							 AND x.id_tag_agf = w.campo1\r\n							 AND z.id_indice_financiero = b.id_indice_financiero\r\n							 AND x.id_empresa = a.id_empresa\r\n							  AND x.id_periodo = a.id_periodo \r\n							 AND w.tipoc1 = 2\r\n					 AND x.tipo = ''TRIMESTRAL'' )		 				\r\n					   C1, 			                	\r\n					(select SUM(valor)\r\n							   from valores x, indices_financieros z, formulas w\r\n					   where w.id_formula = z.id_formula\r\n							 AND x.id_tag_agf = w.campo2\r\n							 AND z.id_indice_financiero = b.id_indice_financiero\r\n							 AND x.id_empresa = a.id_empresa\r\n							  AND x.id_periodo = a.id_periodo \r\n							 AND w.tipoc1 = 2\r\n					 AND x.tipo = ''TRIMESTRAL'' )\r\n					C2,\r\n							(select SUM(valor)\r\n							   from valores x, indices_financieros z, formulas w\r\n					   where w.id_formula = z.id_formula\r\n							 AND x.id_tag_agf = w.campo3\r\n							 AND z.id_indice_financiero = b.id_indice_financiero\r\n							 AND x.id_empresa = a.id_empresa\r\n							  AND x.id_periodo = a.id_periodo 									\r\n							 AND w.tipoc1 = 2\r\n					 AND x.tipo = ''TRIMESTRAL'' ) C3,\r\n							(select SUM(valor)\r\n							   from valores x, indices_financieros z, formulas w\r\n					   where w.id_formula = z.id_formula\r\n							 AND x.id_tag_agf = w.campo4\r\n							 AND z.id_indice_financiero = b.id_indice_financiero\r\n							 AND x.id_empresa = a.id_empresa\r\n							  AND x.id_periodo = a.id_periodo 									\r\n							 AND w.tipoc1 = 2\r\n					 AND x.tipo = ''TRIMESTRAL'' ) C4,\r\n							(select SUM(valor)\r\n							   from valores x, indices_financieros z, formulas w\r\n					   where w.id_formula = z.id_formula\r\n							 AND x.id_tag_agf = w.campo5\r\n							 AND z.id_indice_financiero = b.id_indice_financiero\r\n							 AND x.id_empresa = a.id_empresa\r\n							  AND x.id_periodo = a.id_periodo 									\r\n							 AND w.tipoc1 = 2\r\n					 AND x.tipo = ''TRIMESTRAL'' ) C5, concat(d.rso, '': '', b.nombre), label, formula, e.ano, e.mes, d.color\r\n						From valores a, indices_financieros b, formulas c, empresas d, periodos e\r\n						where c.id_formula = b.id_formula			                    \r\n							AND a.id_empresa = d.id_empresa\r\n							AND a.id_periodo = e.id_periodo\r\n							AND c.id_formula = 39\r\n					AND a.tipo = ''TRIMESTRAL'';'),
('0'),
('0'),
('0'),
('0'),
('0'),
('0'),
('0'),
('0'),
('0'),
('0'),
('0'),
('0'),
('0'),
('0'),
('0'),
('0'),
('0'),
('0'),
('0'),
('0'),
('0'),
('0'),
('0'),
('0'),
('0'),
('0'),
('0'),
('0'),
('0'),
('0'),
('0'),
('0'),
('0'),
('0'),
('0'),
('0'),
('0'),
('0'),
('0'),
('0'),
('0'),
('0'),
('0'),
('0'),
('0'),
('0'),
('0'),
('0'),
('0'),
('0'),
('0'),
('0'),
('0'),
('0'),
('0'),
('0'),
('0'),
('0'),
('0'),
('0'),
('0'),
('0'),
('0'),
('0'),
('0'),
('0'),
('0'),
('0'),
('0'),
('0'),
('0'),
('0'),
('0'),
('0'),
('0'),
('0'),
('0'),
('0'),
('0'),
('0'),
('0'),
('0'),
('0'),
('0'),
('0'),
('0'),
('0'),
('0'),
('0'),
('0'),
('0'),
('0'),
('0'),
('0'),
('0'),
('0'),
('0'),
('0'),
('0'),
('0'),
('0'),
('0'),
('0'),
('0'),
('0'),
('0'),
('0'),
('0'),
('0'),
('0'),
('0'),
('0'),
('0'),
('0'),
('0'),
('0'),
('0'),
('0'),
('0'),
('0'),
('0'),
('0'),
('0'),
('0'),
('0'),
('0'),
('0'),
('0'),
('0'),
('0'),
('0'),
('0'),
('0'),
('0'),
('0'),
('0'),
('0'),
('0'),
('0'),
('0'),
('0'),
('0'),
('0'),
('0'),
('0'),
('0'),
('0'),
('0'),
('0'),
('0'),
('0'),
('0'),
('Array\n(\n    [0] => prueba3\n    [1] => 0\n    [2] => 0\n    [3] => 0\n    [4] => 0\n    [5] => 0\n    [6] => C1_\n    [7] => 0\n    [8] => -1\n    [9] => -1\n    [10] => -1\n    [11] => -1\n    [12] => -1\n    [13] => 0\n    [14] => 0\n    [15] => 0\n    [16] => 0\n    [17] => 0\n    [18] => 2\n    [19] => no\n    [20] => no\n    [21] => no\n    [22] => no\n    [23] => no\n)\n'),
('Array\n(\n    [0] => 721\n    [1] => 721\n    [2] => 724\n    [3] => 724\n)\n'),
('Indices_Financieros'),
('INSERT INTO formulas values (null, ''-1'', ''-1'', ''-1'', ''-1'', ''-1'', ''0'', ''0'', ''0'', ''0'', ''0'', ''C1'', ''0'', ''0'', ''no'', ''no'', ''no'', ''no'', ''no'');'),
('Array\n(\n    [0] => prueba3\n    [1] => 0\n    [2] => 0\n    [3] => 0\n    [4] => 0\n    [5] => 0\n    [6] => C1\n    [7] => 0\n    [8] => -1\n    [9] => -1\n    [10] => -1\n    [11] => -1\n    [12] => -1\n    [13] => 0\n    [14] => 0\n    [15] => 0\n    [16] => 0\n    [17] => 0\n    [18] => 2\n    [19] => no\n    [20] => no\n    [21] => no\n    [22] => no\n    [23] => no\n)\n'),
('INSERT INTO indices_financieros VALUES (null, ''2'', 4, ''prueba3'', ''0'', ''40'', ''0'', ''0'', ''0'', ''0'', 1);'),
('INSERT INTO indice_empresa values (''197'', ''721'', ''0'');'),
('Array\n(\n    [0] => prueba3\n    [1] => 0\n    [2] => 0\n    [3] => 0\n    [4] => 0\n    [5] => 0\n    [6] => C1\n    [7] => 0\n    [8] => -1\n    [9] => -1\n    [10] => -1\n    [11] => -1\n    [12] => -1\n    [13] => 0\n    [14] => 0\n    [15] => 0\n    [16] => 0\n    [17] => 0\n    [18] => 2\n    [19] => no\n    [20] => no\n    [21] => no\n    [22] => no\n    [23] => no\n)\n'),
('INSERT INTO indice_empresa values (''197'', ''721'', ''0'');'),
('Array\n(\n    [0] => prueba3\n    [1] => 0\n    [2] => 0\n    [3] => 0\n    [4] => 0\n    [5] => 0\n    [6] => C1\n    [7] => 0\n    [8] => -1\n    [9] => -1\n    [10] => -1\n    [11] => -1\n    [12] => -1\n    [13] => 0\n    [14] => 0\n    [15] => 0\n    [16] => 0\n    [17] => 0\n    [18] => 2\n    [19] => no\n    [20] => no\n    [21] => no\n    [22] => no\n    [23] => no\n)\n'),
('INSERT INTO indice_empresa values (''197'', ''724'', ''0'');'),
('Array\n(\n    [0] => prueba3\n    [1] => 0\n    [2] => 0\n    [3] => 0\n    [4] => 0\n    [5] => 0\n    [6] => C1\n    [7] => 0\n    [8] => -1\n    [9] => -1\n    [10] => -1\n    [11] => -1\n    [12] => -1\n    [13] => 0\n    [14] => 0\n    [15] => 0\n    [16] => 0\n    [17] => 0\n    [18] => 2\n    [19] => no\n    [20] => no\n    [21] => no\n    [22] => no\n    [23] => no\n)\n'),
('INSERT INTO indice_empresa values (''197'', ''724'', ''0'');'),
('Array\n(\n    [0] => prueba3\n    [1] => 0\n    [2] => 0\n    [3] => 0\n    [4] => 0\n    [5] => 0\n    [6] => C1\n    [7] => 0\n    [8] => -1\n    [9] => -1\n    [10] => -1\n    [11] => -1\n    [12] => -1\n    [13] => 0\n    [14] => 0\n    [15] => 0\n    [16] => 0\n    [17] => 0\n    [18] => 2\n    [19] => no\n    [20] => no\n    [21] => no\n    [22] => no\n    [23] => no\n)\n'),
('select distinct c.id_formula, a.id_empresa, a.id_periodo,\r\n					(select SUM(valor)\r\n							   from valores x, indices_financieros z, formulas w\r\n					   where w.id_formula = z.id_formula\r\n							 AND x.id_tag_agf = w.campo1\r\n							 AND z.id_indice_financiero = b.id_indice_financiero\r\n							 AND x.id_empresa = a.id_empresa\r\n							  AND x.id_periodo = a.id_periodo \r\n							 AND w.tipoc1 = 2\r\n					 AND x.tipo = ''TRIMESTRAL'' )		 				\r\n					   C1, 			                	\r\n					(select SUM(valor)\r\n							   from valores x, indices_financieros z, formulas w\r\n					   where w.id_formula = z.id_formula\r\n							 AND x.id_tag_agf = w.campo2\r\n							 AND z.id_indice_financiero = b.id_indice_financiero\r\n							 AND x.id_empresa = a.id_empresa\r\n							  AND x.id_periodo = a.id_periodo \r\n							 AND w.tipoc1 = 2\r\n					 AND x.tipo = ''TRIMESTRAL'' )\r\n					C2,\r\n							(select SUM(valor)\r\n							   from valores x, indices_financieros z, formulas w\r\n					   where w.id_formula = z.id_formula\r\n							 AND x.id_tag_agf = w.campo3\r\n							 AND z.id_indice_financiero = b.id_indice_financiero\r\n							 AND x.id_empresa = a.id_empresa\r\n							  AND x.id_periodo = a.id_periodo 									\r\n							 AND w.tipoc1 = 2\r\n					 AND x.tipo = ''TRIMESTRAL'' ) C3,\r\n							(select SUM(valor)\r\n							   from valores x, indices_financieros z, formulas w\r\n					   where w.id_formula = z.id_formula\r\n							 AND x.id_tag_agf = w.campo4\r\n							 AND z.id_indice_financiero = b.id_indice_financiero\r\n							 AND x.id_empresa = a.id_empresa\r\n							  AND x.id_periodo = a.id_periodo 									\r\n							 AND w.tipoc1 = 2\r\n					 AND x.tipo = ''TRIMESTRAL'' ) C4,\r\n							(select SUM(valor)\r\n							   from valores x, indices_financieros z, formulas w\r\n					   where w.id_formula = z.id_formula\r\n							 AND x.id_tag_agf = w.campo5\r\n							 AND z.id_indice_financiero = b.id_indice_financiero\r\n							 AND x.id_empresa = a.id_empresa\r\n							  AND x.id_periodo = a.id_periodo 									\r\n							 AND w.tipoc1 = 2\r\n					 AND x.tipo = ''TRIMESTRAL'' ) C5, concat(d.rso, '': '', b.nombre), label, formula, e.ano, e.mes, d.color\r\n						From valores a, indices_financieros b, formulas c, empresas d, periodos e\r\n						where c.id_formula = b.id_formula			                    \r\n							AND a.id_empresa = d.id_empresa\r\n							AND a.id_periodo = e.id_periodo\r\n							AND c.id_formula = 40\r\n					AND a.tipo = ''TRIMESTRAL'';'),
('0'),
('0'),
('0'),
('0'),
('0'),
('0'),
('0'),
('0'),
('0'),
('0'),
('0'),
('0'),
('0'),
('0'),
('0'),
('0'),
('0'),
('0'),
('0'),
('0'),
('0'),
('0'),
('0'),
('0'),
('0'),
('0'),
('0'),
('0'),
('0'),
('0'),
('0'),
('0'),
('0'),
('0'),
('0'),
('0'),
('0'),
('0'),
('0'),
('0'),
('0'),
('0'),
('0'),
('0'),
('0'),
('0'),
('0'),
('0'),
('0'),
('0'),
('0'),
('0'),
('0'),
('0'),
('0'),
('0'),
('0'),
('0'),
('0'),
('0'),
('0'),
('0'),
('0'),
('0'),
('0'),
('0'),
('0'),
('0'),
('0'),
('0'),
('0'),
('0'),
('0'),
('0'),
('0'),
('0'),
('0'),
('0'),
('0'),
('0'),
('0'),
('0'),
('0'),
('0'),
('0'),
('0'),
('0'),
('0'),
('0'),
('0'),
('0'),
('0'),
('0'),
('0'),
('0'),
('0'),
('0'),
('0'),
('0'),
('0'),
('0'),
('0'),
('0'),
('0'),
('0'),
('0'),
('0'),
('0'),
('0'),
('0'),
('0'),
('0'),
('0'),
('0'),
('0'),
('0'),
('0'),
('0'),
('0'),
('0'),
('0'),
('0'),
('0'),
('0'),
('0'),
('0'),
('0'),
('0'),
('0'),
('0'),
('0'),
('0'),
('0'),
('0'),
('0'),
('0'),
('0'),
('0'),
('0'),
('0'),
('0'),
('0'),
('0'),
('0'),
('0'),
('0'),
('0'),
('0'),
('0'),
('0'),
('0'),
('0'),
('Array\n(\n    [0] => prueba3\n    [1] => 0\n    [2] => 0\n    [3] => 0\n    [4] => 0\n    [5] => 0\n    [6] => C1_\n    [7] => 0\n    [8] => -1\n    [9] => -1\n    [10] => -1\n    [11] => -1\n    [12] => -1\n    [13] => 0\n    [14] => 0\n    [15] => 0\n    [16] => 0\n    [17] => 0\n    [18] => 2\n    [19] => no\n    [20] => no\n    [21] => no\n    [22] => no\n    [23] => no\n)\n'),
('Array\n(\n    [0] => 721\n    [1] => 721\n    [2] => 724\n    [3] => 724\n)\n'),
('Indices_Financieros'),
('INSERT INTO formulas values (null, ''-1'', ''-1'', ''-1'', ''-1'', ''-1'', ''0'', ''0'', ''0'', ''0'', ''0'', ''C1'', ''0'', ''0'', ''no'', ''no'', ''no'', ''no'', ''no'');'),
('Array\n(\n    [0] => prueba3\n    [1] => 0\n    [2] => 0\n    [3] => 0\n    [4] => 0\n    [5] => 0\n    [6] => C1\n    [7] => 0\n    [8] => -1\n    [9] => -1\n    [10] => -1\n    [11] => -1\n    [12] => -1\n    [13] => 0\n    [14] => 0\n    [15] => 0\n    [16] => 0\n    [17] => 0\n    [18] => 2\n    [19] => no\n    [20] => no\n    [21] => no\n    [22] => no\n    [23] => no\n)\n'),
('INSERT INTO indices_financieros VALUES (null, ''2'', 4, ''prueba3'', ''0'', ''41'', ''0'', ''0'', ''0'', ''0'', 1);'),
('INSERT INTO indice_empresa values (''198'', ''721'', ''0'');'),
('Array\n(\n    [0] => prueba3\n    [1] => 0\n    [2] => 0\n    [3] => 0\n    [4] => 0\n    [5] => 0\n    [6] => C1\n    [7] => 0\n    [8] => -1\n    [9] => -1\n    [10] => -1\n    [11] => -1\n    [12] => -1\n    [13] => 0\n    [14] => 0\n    [15] => 0\n    [16] => 0\n    [17] => 0\n    [18] => 2\n    [19] => no\n    [20] => no\n    [21] => no\n    [22] => no\n    [23] => no\n)\n'),
('INSERT INTO indice_empresa values (''198'', ''721'', ''0'');'),
('Array\n(\n    [0] => prueba3\n    [1] => 0\n    [2] => 0\n    [3] => 0\n    [4] => 0\n    [5] => 0\n    [6] => C1\n    [7] => 0\n    [8] => -1\n    [9] => -1\n    [10] => -1\n    [11] => -1\n    [12] => -1\n    [13] => 0\n    [14] => 0\n    [15] => 0\n    [16] => 0\n    [17] => 0\n    [18] => 2\n    [19] => no\n    [20] => no\n    [21] => no\n    [22] => no\n    [23] => no\n)\n'),
('INSERT INTO indice_empresa values (''198'', ''724'', ''0'');'),
('Array\n(\n    [0] => prueba3\n    [1] => 0\n    [2] => 0\n    [3] => 0\n    [4] => 0\n    [5] => 0\n    [6] => C1\n    [7] => 0\n    [8] => -1\n    [9] => -1\n    [10] => -1\n    [11] => -1\n    [12] => -1\n    [13] => 0\n    [14] => 0\n    [15] => 0\n    [16] => 0\n    [17] => 0\n    [18] => 2\n    [19] => no\n    [20] => no\n    [21] => no\n    [22] => no\n    [23] => no\n)\n'),
('INSERT INTO indice_empresa values (''198'', ''724'', ''0'');'),
('Array\n(\n    [0] => prueba3\n    [1] => 0\n    [2] => 0\n    [3] => 0\n    [4] => 0\n    [5] => 0\n    [6] => C1\n    [7] => 0\n    [8] => -1\n    [9] => -1\n    [10] => -1\n    [11] => -1\n    [12] => -1\n    [13] => 0\n    [14] => 0\n    [15] => 0\n    [16] => 0\n    [17] => 0\n    [18] => 2\n    [19] => no\n    [20] => no\n    [21] => no\n    [22] => no\n    [23] => no\n)\n'),
('select distinct c.id_formula, a.id_empresa, a.id_periodo,\r\n					(select SUM(valor)\r\n							   from valores x, indices_financieros z, formulas w\r\n					   where w.id_formula = z.id_formula\r\n							 AND x.id_tag_agf = w.campo1\r\n							 AND z.id_indice_financiero = b.id_indice_financiero\r\n							 AND x.id_empresa = a.id_empresa\r\n							  AND x.id_periodo = a.id_periodo \r\n							 AND w.tipoc1 = 2\r\n					 AND x.tipo = ''TRIMESTRAL'' )		 				\r\n					   C1, 			                	\r\n					(select SUM(valor)\r\n							   from valores x, indices_financieros z, formulas w\r\n					   where w.id_formula = z.id_formula\r\n							 AND x.id_tag_agf = w.campo2\r\n							 AND z.id_indice_financiero = b.id_indice_financiero\r\n							 AND x.id_empresa = a.id_empresa\r\n							  AND x.id_periodo = a.id_periodo \r\n							 AND w.tipoc1 = 2\r\n					 AND x.tipo = ''TRIMESTRAL'' )\r\n					C2,\r\n							(select SUM(valor)\r\n							   from valores x, indices_financieros z, formulas w\r\n					   where w.id_formula = z.id_formula\r\n							 AND x.id_tag_agf = w.campo3\r\n							 AND z.id_indice_financiero = b.id_indice_financiero\r\n							 AND x.id_empresa = a.id_empresa\r\n							  AND x.id_periodo = a.id_periodo 									\r\n							 AND w.tipoc1 = 2\r\n					 AND x.tipo = ''TRIMESTRAL'' ) C3,\r\n							(select SUM(valor)\r\n							   from valores x, indices_financieros z, formulas w\r\n					   where w.id_formula = z.id_formula\r\n							 AND x.id_tag_agf = w.campo4\r\n							 AND z.id_indice_financiero = b.id_indice_financiero\r\n							 AND x.id_empresa = a.id_empresa\r\n							  AND x.id_periodo = a.id_periodo 									\r\n							 AND w.tipoc1 = 2\r\n					 AND x.tipo = ''TRIMESTRAL'' ) C4,\r\n							(select SUM(valor)\r\n							   from valores x, indices_financieros z, formulas w\r\n					   where w.id_formula = z.id_formula\r\n							 AND x.id_tag_agf = w.campo5\r\n							 AND z.id_indice_financiero = b.id_indice_financiero\r\n							 AND x.id_empresa = a.id_empresa\r\n							  AND x.id_periodo = a.id_periodo 									\r\n							 AND w.tipoc1 = 2\r\n					 AND x.tipo = ''TRIMESTRAL'' ) C5, concat(d.rso, '': '', b.nombre), label, formula, e.ano, e.mes, d.color\r\n						From valores a, indices_financieros b, formulas c, empresas d, periodos e\r\n						where c.id_formula = b.id_formula			                    \r\n							AND a.id_empresa = d.id_empresa\r\n							AND a.id_periodo = e.id_periodo\r\n							AND c.id_formula = 41\r\n					AND a.tipo = ''TRIMESTRAL'';'),
('0'),
('0'),
('0'),
('0'),
('0'),
('0'),
('0'),
('0'),
('0'),
('0'),
('0'),
('0'),
('0'),
('0'),
('0'),
('0'),
('0'),
('0'),
('0'),
('0'),
('0'),
('0'),
('0'),
('0'),
('0'),
('0'),
('0'),
('0'),
('0'),
('0'),
('0'),
('0'),
('0'),
('0'),
('0'),
('0'),
('0'),
('0'),
('0'),
('0'),
('0'),
('0'),
('0'),
('0'),
('0'),
('0'),
('0'),
('0'),
('0'),
('0'),
('0'),
('0'),
('0'),
('0'),
('0'),
('0'),
('0'),
('0'),
('0'),
('0'),
('0'),
('0'),
('0'),
('0'),
('0'),
('0'),
('0'),
('0'),
('0'),
('0'),
('0'),
('0'),
('0'),
('0'),
('0'),
('0'),
('0'),
('0'),
('0'),
('0'),
('0'),
('0'),
('0'),
('0'),
('0'),
('0'),
('0'),
('0'),
('0'),
('0'),
('0'),
('0'),
('0'),
('0'),
('0'),
('0'),
('0'),
('0'),
('0'),
('0'),
('0'),
('0'),
('0'),
('0'),
('0'),
('0'),
('0'),
('0'),
('0'),
('0'),
('0'),
('0'),
('0'),
('0'),
('0'),
('0'),
('0'),
('0'),
('0'),
('0'),
('0'),
('0'),
('0'),
('0'),
('0'),
('0'),
('0'),
('0'),
('0'),
('0'),
('0'),
('0'),
('0'),
('0'),
('0'),
('0'),
('0'),
('0'),
('0'),
('0'),
('0'),
('0'),
('0'),
('0'),
('0'),
('0'),
('0'),
('0'),
('0'),
('0'),
('0'),
('0'),
('Array\n(\n    [0] => prueba4\n    [1] => 0\n    [2] => 0\n    [3] => 0\n    [4] => 0\n    [5] => 0\n    [6] => C1_\n    [7] => 0\n    [8] => -1\n    [9] => -1\n    [10] => -1\n    [11] => -1\n    [12] => -1\n    [13] => 0\n    [14] => 0\n    [15] => 0\n    [16] => 0\n    [17] => 0\n    [18] => 2\n    [19] => no\n    [20] => no\n    [21] => no\n    [22] => no\n    [23] => no\n)\n'),
('Array\n(\n    [0] => 721\n    [1] => 721\n    [2] => 721\n    [3] => 721\n    [4] => 721\n    [5] => 721\n    [6] => 721\n    [7] => 721\n    [8] => 721\n    [9] => 721\n    [10] => 721\n    [11] => 721\n    [12] => 721\n    [13] => 721\n    [14] => 724\n    [15] => 724\n    [16] => 724\n    [17] => 724\n    [18] => 724\n    [19] => 724\n    [20] => 724\n    [21] => 724\n    [22] => 724\n    [23] => 724\n    [24] => 724\n    [25] => 724\n    [26] => 724\n    [27] => 724\n)\n'),
('Indices_Financieros'),
('INSERT INTO formulas values (null, ''-1'', ''-1'', ''-1'', ''-1'', ''-1'', ''0'', ''0'', ''0'', ''0'', ''0'', ''C1'', ''0'', ''0'', ''no'', ''no'', ''no'', ''no'', ''no'');'),
('Array\n(\n    [0] => prueba4\n    [1] => 0\n    [2] => 0\n    [3] => 0\n    [4] => 0\n    [5] => 0\n    [6] => C1\n    [7] => 0\n    [8] => -1\n    [9] => -1\n    [10] => -1\n    [11] => -1\n    [12] => -1\n    [13] => 0\n    [14] => 0\n    [15] => 0\n    [16] => 0\n    [17] => 0\n    [18] => 2\n    [19] => no\n    [20] => no\n    [21] => no\n    [22] => no\n    [23] => no\n)\n'),
('INSERT INTO indices_financieros VALUES (null, ''2'', 4, ''prueba4'', ''0'', ''42'', ''0'', ''0'', ''0'', ''0'', 1);'),
('INSERT INTO indice_empresa values (''199'', ''721'', ''0'');'),
('Array\n(\n    [0] => prueba4\n    [1] => 0\n    [2] => 0\n    [3] => 0\n    [4] => 0\n    [5] => 0\n    [6] => C1\n    [7] => 0\n    [8] => -1\n    [9] => -1\n    [10] => -1\n    [11] => -1\n    [12] => -1\n    [13] => 0\n    [14] => 0\n    [15] => 0\n    [16] => 0\n    [17] => 0\n    [18] => 2\n    [19] => no\n    [20] => no\n    [21] => no\n    [22] => no\n    [23] => no\n)\n'),
('INSERT INTO indice_empresa values (''199'', ''721'', ''0'');'),
('Array\n(\n    [0] => prueba4\n    [1] => 0\n    [2] => 0\n    [3] => 0\n    [4] => 0\n    [5] => 0\n    [6] => C1\n    [7] => 0\n    [8] => -1\n    [9] => -1\n    [10] => -1\n    [11] => -1\n    [12] => -1\n    [13] => 0\n    [14] => 0\n    [15] => 0\n    [16] => 0\n    [17] => 0\n    [18] => 2\n    [19] => no\n    [20] => no\n    [21] => no\n    [22] => no\n    [23] => no\n)\n'),
('INSERT INTO indice_empresa values (''199'', ''721'', ''0'');'),
('Array\n(\n    [0] => prueba4\n    [1] => 0\n    [2] => 0\n    [3] => 0\n    [4] => 0\n    [5] => 0\n    [6] => C1\n    [7] => 0\n    [8] => -1\n    [9] => -1\n    [10] => -1\n    [11] => -1\n    [12] => -1\n    [13] => 0\n    [14] => 0\n    [15] => 0\n    [16] => 0\n    [17] => 0\n    [18] => 2\n    [19] => no\n    [20] => no\n    [21] => no\n    [22] => no\n    [23] => no\n)\n'),
('INSERT INTO indice_empresa values (''199'', ''721'', ''0'');'),
('Array\n(\n    [0] => prueba4\n    [1] => 0\n    [2] => 0\n    [3] => 0\n    [4] => 0\n    [5] => 0\n    [6] => C1\n    [7] => 0\n    [8] => -1\n    [9] => -1\n    [10] => -1\n    [11] => -1\n    [12] => -1\n    [13] => 0\n    [14] => 0\n    [15] => 0\n    [16] => 0\n    [17] => 0\n    [18] => 2\n    [19] => no\n    [20] => no\n    [21] => no\n    [22] => no\n    [23] => no\n)\n'),
('INSERT INTO indice_empresa values (''199'', ''721'', ''0'');'),
('Array\n(\n    [0] => prueba4\n    [1] => 0\n    [2] => 0\n    [3] => 0\n    [4] => 0\n    [5] => 0\n    [6] => C1\n    [7] => 0\n    [8] => -1\n    [9] => -1\n    [10] => -1\n    [11] => -1\n    [12] => -1\n    [13] => 0\n    [14] => 0\n    [15] => 0\n    [16] => 0\n    [17] => 0\n    [18] => 2\n    [19] => no\n    [20] => no\n    [21] => no\n    [22] => no\n    [23] => no\n)\n'),
('INSERT INTO indice_empresa values (''199'', ''721'', ''0'');'),
('Array\n(\n    [0] => prueba4\n    [1] => 0\n    [2] => 0\n    [3] => 0\n    [4] => 0\n    [5] => 0\n    [6] => C1\n    [7] => 0\n    [8] => -1\n    [9] => -1\n    [10] => -1\n    [11] => -1\n    [12] => -1\n    [13] => 0\n    [14] => 0\n    [15] => 0\n    [16] => 0\n    [17] => 0\n    [18] => 2\n    [19] => no\n    [20] => no\n    [21] => no\n    [22] => no\n    [23] => no\n)\n'),
('INSERT INTO indice_empresa values (''199'', ''721'', ''0'');'),
('Array\n(\n    [0] => prueba4\n    [1] => 0\n    [2] => 0\n    [3] => 0\n    [4] => 0\n    [5] => 0\n    [6] => C1\n    [7] => 0\n    [8] => -1\n    [9] => -1\n    [10] => -1\n    [11] => -1\n    [12] => -1\n    [13] => 0\n    [14] => 0\n    [15] => 0\n    [16] => 0\n    [17] => 0\n    [18] => 2\n    [19] => no\n    [20] => no\n    [21] => no\n    [22] => no\n    [23] => no\n)\n'),
('INSERT INTO indice_empresa values (''199'', ''721'', ''0'');'),
('Array\n(\n    [0] => prueba4\n    [1] => 0\n    [2] => 0\n    [3] => 0\n    [4] => 0\n    [5] => 0\n    [6] => C1\n    [7] => 0\n    [8] => -1\n    [9] => -1\n    [10] => -1\n    [11] => -1\n    [12] => -1\n    [13] => 0\n    [14] => 0\n    [15] => 0\n    [16] => 0\n    [17] => 0\n    [18] => 2\n    [19] => no\n    [20] => no\n    [21] => no\n    [22] => no\n    [23] => no\n)\n'),
('INSERT INTO indice_empresa values (''199'', ''721'', ''0'');'),
('Array\n(\n    [0] => prueba4\n    [1] => 0\n    [2] => 0\n    [3] => 0\n    [4] => 0\n    [5] => 0\n    [6] => C1\n    [7] => 0\n    [8] => -1\n    [9] => -1\n    [10] => -1\n    [11] => -1\n    [12] => -1\n    [13] => 0\n    [14] => 0\n    [15] => 0\n    [16] => 0\n    [17] => 0\n    [18] => 2\n    [19] => no\n    [20] => no\n    [21] => no\n    [22] => no\n    [23] => no\n)\n'),
('INSERT INTO indice_empresa values (''199'', ''721'', ''0'');'),
('Array\n(\n    [0] => prueba4\n    [1] => 0\n    [2] => 0\n    [3] => 0\n    [4] => 0\n    [5] => 0\n    [6] => C1\n    [7] => 0\n    [8] => -1\n    [9] => -1\n    [10] => -1\n    [11] => -1\n    [12] => -1\n    [13] => 0\n    [14] => 0\n    [15] => 0\n    [16] => 0\n    [17] => 0\n    [18] => 2\n    [19] => no\n    [20] => no\n    [21] => no\n    [22] => no\n    [23] => no\n)\n'),
('INSERT INTO indice_empresa values (''199'', ''721'', ''0'');'),
('Array\n(\n    [0] => prueba4\n    [1] => 0\n    [2] => 0\n    [3] => 0\n    [4] => 0\n    [5] => 0\n    [6] => C1\n    [7] => 0\n    [8] => -1\n    [9] => -1\n    [10] => -1\n    [11] => -1\n    [12] => -1\n    [13] => 0\n    [14] => 0\n    [15] => 0\n    [16] => 0\n    [17] => 0\n    [18] => 2\n    [19] => no\n    [20] => no\n    [21] => no\n    [22] => no\n    [23] => no\n)\n'),
('INSERT INTO indice_empresa values (''199'', ''721'', ''0'');'),
('Array\n(\n    [0] => prueba4\n    [1] => 0\n    [2] => 0\n    [3] => 0\n    [4] => 0\n    [5] => 0\n    [6] => C1\n    [7] => 0\n    [8] => -1\n    [9] => -1\n    [10] => -1\n    [11] => -1\n    [12] => -1\n    [13] => 0\n    [14] => 0\n    [15] => 0\n    [16] => 0\n    [17] => 0\n    [18] => 2\n    [19] => no\n    [20] => no\n    [21] => no\n    [22] => no\n    [23] => no\n)\n'),
('INSERT INTO indice_empresa values (''199'', ''721'', ''0'');'),
('Array\n(\n    [0] => prueba4\n    [1] => 0\n    [2] => 0\n    [3] => 0\n    [4] => 0\n    [5] => 0\n    [6] => C1\n    [7] => 0\n    [8] => -1\n    [9] => -1\n    [10] => -1\n    [11] => -1\n    [12] => -1\n    [13] => 0\n    [14] => 0\n    [15] => 0\n    [16] => 0\n    [17] => 0\n    [18] => 2\n    [19] => no\n    [20] => no\n    [21] => no\n    [22] => no\n    [23] => no\n)\n'),
('INSERT INTO indice_empresa values (''199'', ''721'', ''0'');'),
('Array\n(\n    [0] => prueba4\n    [1] => 0\n    [2] => 0\n    [3] => 0\n    [4] => 0\n    [5] => 0\n    [6] => C1\n    [7] => 0\n    [8] => -1\n    [9] => -1\n    [10] => -1\n    [11] => -1\n    [12] => -1\n    [13] => 0\n    [14] => 0\n    [15] => 0\n    [16] => 0\n    [17] => 0\n    [18] => 2\n    [19] => no\n    [20] => no\n    [21] => no\n    [22] => no\n    [23] => no\n)\n'),
('INSERT INTO indice_empresa values (''199'', ''724'', ''0'');'),
('Array\n(\n    [0] => prueba4\n    [1] => 0\n    [2] => 0\n    [3] => 0\n    [4] => 0\n    [5] => 0\n    [6] => C1\n    [7] => 0\n    [8] => -1\n    [9] => -1\n    [10] => -1\n    [11] => -1\n    [12] => -1\n    [13] => 0\n    [14] => 0\n    [15] => 0\n    [16] => 0\n    [17] => 0\n    [18] => 2\n    [19] => no\n    [20] => no\n    [21] => no\n    [22] => no\n    [23] => no\n)\n'),
('INSERT INTO indice_empresa values (''199'', ''724'', ''0'');'),
('Array\n(\n    [0] => prueba4\n    [1] => 0\n    [2] => 0\n    [3] => 0\n    [4] => 0\n    [5] => 0\n    [6] => C1\n    [7] => 0\n    [8] => -1\n    [9] => -1\n    [10] => -1\n    [11] => -1\n    [12] => -1\n    [13] => 0\n    [14] => 0\n    [15] => 0\n    [16] => 0\n    [17] => 0\n    [18] => 2\n    [19] => no\n    [20] => no\n    [21] => no\n    [22] => no\n    [23] => no\n)\n'),
('INSERT INTO indice_empresa values (''199'', ''724'', ''0'');'),
('Array\n(\n    [0] => prueba4\n    [1] => 0\n    [2] => 0\n    [3] => 0\n    [4] => 0\n    [5] => 0\n    [6] => C1\n    [7] => 0\n    [8] => -1\n    [9] => -1\n    [10] => -1\n    [11] => -1\n    [12] => -1\n    [13] => 0\n    [14] => 0\n    [15] => 0\n    [16] => 0\n    [17] => 0\n    [18] => 2\n    [19] => no\n    [20] => no\n    [21] => no\n    [22] => no\n    [23] => no\n)\n'),
('INSERT INTO indice_empresa values (''199'', ''724'', ''0'');'),
('Array\n(\n    [0] => prueba4\n    [1] => 0\n    [2] => 0\n    [3] => 0\n    [4] => 0\n    [5] => 0\n    [6] => C1\n    [7] => 0\n    [8] => -1\n    [9] => -1\n    [10] => -1\n    [11] => -1\n    [12] => -1\n    [13] => 0\n    [14] => 0\n    [15] => 0\n    [16] => 0\n    [17] => 0\n    [18] => 2\n    [19] => no\n    [20] => no\n    [21] => no\n    [22] => no\n    [23] => no\n)\n'),
('INSERT INTO indice_empresa values (''199'', ''724'', ''0'');'),
('Array\n(\n    [0] => prueba4\n    [1] => 0\n    [2] => 0\n    [3] => 0\n    [4] => 0\n    [5] => 0\n    [6] => C1\n    [7] => 0\n    [8] => -1\n    [9] => -1\n    [10] => -1\n    [11] => -1\n    [12] => -1\n    [13] => 0\n    [14] => 0\n    [15] => 0\n    [16] => 0\n    [17] => 0\n    [18] => 2\n    [19] => no\n    [20] => no\n    [21] => no\n    [22] => no\n    [23] => no\n)\n'),
('INSERT INTO indice_empresa values (''199'', ''724'', ''0'');'),
('Array\n(\n    [0] => prueba4\n    [1] => 0\n    [2] => 0\n    [3] => 0\n    [4] => 0\n    [5] => 0\n    [6] => C1\n    [7] => 0\n    [8] => -1\n    [9] => -1\n    [10] => -1\n    [11] => -1\n    [12] => -1\n    [13] => 0\n    [14] => 0\n    [15] => 0\n    [16] => 0\n    [17] => 0\n    [18] => 2\n    [19] => no\n    [20] => no\n    [21] => no\n    [22] => no\n    [23] => no\n)\n'),
('INSERT INTO indice_empresa values (''199'', ''724'', ''0'');'),
('Array\n(\n    [0] => prueba4\n    [1] => 0\n    [2] => 0\n    [3] => 0\n    [4] => 0\n    [5] => 0\n    [6] => C1\n    [7] => 0\n    [8] => -1\n    [9] => -1\n    [10] => -1\n    [11] => -1\n    [12] => -1\n    [13] => 0\n    [14] => 0\n    [15] => 0\n    [16] => 0\n    [17] => 0\n    [18] => 2\n    [19] => no\n    [20] => no\n    [21] => no\n    [22] => no\n    [23] => no\n)\n'),
('INSERT INTO indice_empresa values (''199'', ''724'', ''0'');'),
('Array\n(\n    [0] => prueba4\n    [1] => 0\n    [2] => 0\n    [3] => 0\n    [4] => 0\n    [5] => 0\n    [6] => C1\n    [7] => 0\n    [8] => -1\n    [9] => -1\n    [10] => -1\n    [11] => -1\n    [12] => -1\n    [13] => 0\n    [14] => 0\n    [15] => 0\n    [16] => 0\n    [17] => 0\n    [18] => 2\n    [19] => no\n    [20] => no\n    [21] => no\n    [22] => no\n    [23] => no\n)\n'),
('INSERT INTO indice_empresa values (''199'', ''724'', ''0'');'),
('Array\n(\n    [0] => prueba4\n    [1] => 0\n    [2] => 0\n    [3] => 0\n    [4] => 0\n    [5] => 0\n    [6] => C1\n    [7] => 0\n    [8] => -1\n    [9] => -1\n    [10] => -1\n    [11] => -1\n    [12] => -1\n    [13] => 0\n    [14] => 0\n    [15] => 0\n    [16] => 0\n    [17] => 0\n    [18] => 2\n    [19] => no\n    [20] => no\n    [21] => no\n    [22] => no\n    [23] => no\n)\n'),
('INSERT INTO indice_empresa values (''199'', ''724'', ''0'');'),
('Array\n(\n    [0] => prueba4\n    [1] => 0\n    [2] => 0\n    [3] => 0\n    [4] => 0\n    [5] => 0\n    [6] => C1\n    [7] => 0\n    [8] => -1\n    [9] => -1\n    [10] => -1\n    [11] => -1\n    [12] => -1\n    [13] => 0\n    [14] => 0\n    [15] => 0\n    [16] => 0\n    [17] => 0\n    [18] => 2\n    [19] => no\n    [20] => no\n    [21] => no\n    [22] => no\n    [23] => no\n)\n'),
('INSERT INTO indice_empresa values (''199'', ''724'', ''0'');'),
('Array\n(\n    [0] => prueba4\n    [1] => 0\n    [2] => 0\n    [3] => 0\n    [4] => 0\n    [5] => 0\n    [6] => C1\n    [7] => 0\n    [8] => -1\n    [9] => -1\n    [10] => -1\n    [11] => -1\n    [12] => -1\n    [13] => 0\n    [14] => 0\n    [15] => 0\n    [16] => 0\n    [17] => 0\n    [18] => 2\n    [19] => no\n    [20] => no\n    [21] => no\n    [22] => no\n    [23] => no\n)\n'),
('INSERT INTO indice_empresa values (''199'', ''724'', ''0'');'),
('Array\n(\n    [0] => prueba4\n    [1] => 0\n    [2] => 0\n    [3] => 0\n    [4] => 0\n    [5] => 0\n    [6] => C1\n    [7] => 0\n    [8] => -1\n    [9] => -1\n    [10] => -1\n    [11] => -1\n    [12] => -1\n    [13] => 0\n    [14] => 0\n    [15] => 0\n    [16] => 0\n    [17] => 0\n    [18] => 2\n    [19] => no\n    [20] => no\n    [21] => no\n    [22] => no\n    [23] => no\n)\n'),
('INSERT INTO indice_empresa values (''199'', ''724'', ''0'');'),
('Array\n(\n    [0] => prueba4\n    [1] => 0\n    [2] => 0\n    [3] => 0\n    [4] => 0\n    [5] => 0\n    [6] => C1\n    [7] => 0\n    [8] => -1\n    [9] => -1\n    [10] => -1\n    [11] => -1\n    [12] => -1\n    [13] => 0\n    [14] => 0\n    [15] => 0\n    [16] => 0\n    [17] => 0\n    [18] => 2\n    [19] => no\n    [20] => no\n    [21] => no\n    [22] => no\n    [23] => no\n)\n'),
('INSERT INTO indice_empresa values (''199'', ''724'', ''0'');'),
('Array\n(\n    [0] => prueba4\n    [1] => 0\n    [2] => 0\n    [3] => 0\n    [4] => 0\n    [5] => 0\n    [6] => C1\n    [7] => 0\n    [8] => -1\n    [9] => -1\n    [10] => -1\n    [11] => -1\n    [12] => -1\n    [13] => 0\n    [14] => 0\n    [15] => 0\n    [16] => 0\n    [17] => 0\n    [18] => 2\n    [19] => no\n    [20] => no\n    [21] => no\n    [22] => no\n    [23] => no\n)\n'),
('select distinct c.id_formula, a.id_empresa, a.id_periodo,\r\n					(select SUM(valor)\r\n							   from valores x, indices_financieros z, formulas w\r\n					   where w.id_formula = z.id_formula\r\n							 AND x.id_tag_agf = w.campo1\r\n							 AND z.id_indice_financiero = b.id_indice_financiero\r\n							 AND x.id_empresa = a.id_empresa\r\n							  AND x.id_periodo = a.id_periodo \r\n							 AND w.tipoc1 = 2\r\n					 AND x.tipo = ''TRIMESTRAL'' )		 				\r\n					   C1, 			                	\r\n					(select SUM(valor)\r\n							   from valores x, indices_financieros z, formulas w\r\n					   where w.id_formula = z.id_formula\r\n							 AND x.id_tag_agf = w.campo2\r\n							 AND z.id_indice_financiero = b.id_indice_financiero\r\n							 AND x.id_empresa = a.id_empresa\r\n							  AND x.id_periodo = a.id_periodo \r\n							 AND w.tipoc1 = 2\r\n					 AND x.tipo = ''TRIMESTRAL'' )\r\n					C2,\r\n							(select SUM(valor)\r\n							   from valores x, indices_financieros z, formulas w\r\n					   where w.id_formula = z.id_formula\r\n							 AND x.id_tag_agf = w.campo3\r\n							 AND z.id_indice_financiero = b.id_indice_financiero\r\n							 AND x.id_empresa = a.id_empresa\r\n							  AND x.id_periodo = a.id_periodo 									\r\n							 AND w.tipoc1 = 2\r\n					 AND x.tipo = ''TRIMESTRAL'' ) C3,\r\n							(select SUM(valor)\r\n							   from valores x, indices_financieros z, formulas w\r\n					   where w.id_formula = z.id_formula\r\n							 AND x.id_tag_agf = w.campo4\r\n							 AND z.id_indice_financiero = b.id_indice_financiero\r\n							 AND x.id_empresa = a.id_empresa\r\n							  AND x.id_periodo = a.id_periodo 									\r\n							 AND w.tipoc1 = 2\r\n					 AND x.tipo = ''TRIMESTRAL'' ) C4,\r\n							(select SUM(valor)\r\n							   from valores x, indices_financieros z, formulas w\r\n					   where w.id_formula = z.id_formula\r\n							 AND x.id_tag_agf = w.campo5\r\n							 AND z.id_indice_financiero = b.id_indice_financiero\r\n							 AND x.id_empresa = a.id_empresa\r\n							  AND x.id_periodo = a.id_periodo 									\r\n							 AND w.tipoc1 = 2\r\n					 AND x.tipo = ''TRIMESTRAL'' ) C5, concat(d.rso, '': '', b.nombre), label, formula, e.ano, e.mes, d.color\r\n						From valores a, indices_financieros b, formulas c, empresas d, periodos e\r\n						where c.id_formula = b.id_formula			                    \r\n							AND a.id_empresa = d.id_empresa\r\n							AND a.id_periodo = e.id_periodo\r\n							AND c.id_formula = 42\r\n					AND a.tipo = ''TRIMESTRAL'';'),
('0'),
('0'),
('0'),
('0'),
('0'),
('0'),
('0'),
('0'),
('0'),
('0'),
('0'),
('0'),
('0'),
('0'),
('0'),
('0'),
('0'),
('0'),
('0'),
('0'),
('0'),
('0'),
('0'),
('0'),
('0'),
('0'),
('0'),
('0'),
('0'),
('0'),
('0'),
('0'),
('0'),
('0'),
('0'),
('0'),
('0'),
('0'),
('0'),
('0'),
('0'),
('0'),
('0'),
('0'),
('0'),
('0'),
('0'),
('0'),
('0'),
('0'),
('0'),
('0'),
('0'),
('0'),
('0'),
('0'),
('0'),
('0'),
('0'),
('0'),
('0'),
('0'),
('0'),
('0'),
('0'),
('0'),
('0'),
('0'),
('0'),
('0'),
('0'),
('0'),
('0'),
('0'),
('0'),
('0'),
('0'),
('0'),
('0'),
('0'),
('0'),
('0'),
('0'),
('0'),
('0'),
('0'),
('0'),
('0'),
('0'),
('0'),
('0'),
('0'),
('0'),
('0'),
('0'),
('0'),
('0'),
('0'),
('0'),
('0'),
('0'),
('0'),
('0'),
('0'),
('0'),
('0'),
('0'),
('0'),
('0'),
('0'),
('0'),
('0'),
('0'),
('0'),
('0'),
('0'),
('0'),
('0'),
('0'),
('0'),
('0'),
('0'),
('0'),
('0'),
('0'),
('0'),
('0'),
('0'),
('0'),
('0'),
('0'),
('0'),
('0'),
('0'),
('0'),
('0'),
('0'),
('0'),
('0'),
('0'),
('0'),
('0'),
('0'),
('0'),
('0'),
('0'),
('0'),
('0'),
('0'),
('0'),
('0'),
('0'),
('Array\n(\n    [0] => xxx\n    [1] => 0\n    [2] => 0\n    [3] => 0\n    [4] => 0\n    [5] => 0\n    [6] => C1_\n    [7] => 0\n    [8] => -1\n    [9] => -1\n    [10] => -1\n    [11] => -1\n    [12] => -1\n    [13] => 0\n    [14] => 0\n    [15] => 0\n    [16] => 0\n    [17] => 0\n    [18] => 2\n    [19] => no\n    [20] => no\n    [21] => no\n    [22] => no\n    [23] => no\n)\n'),
('Array\n(\n    [0] => 724\n    [1] => 727\n)\n'),
('Indices_Financieros'),
('INSERT INTO formulas values (null, ''-1'', ''-1'', ''-1'', ''-1'', ''-1'', ''0'', ''0'', ''0'', ''0'', ''0'', ''C1'', ''0'', ''0'', ''no'', ''no'', ''no'', ''no'', ''no'');'),
('Array\n(\n    [0] => xxx\n    [1] => 0\n    [2] => 0\n    [3] => 0\n    [4] => 0\n    [5] => 0\n    [6] => C1\n    [7] => 0\n    [8] => -1\n    [9] => -1\n    [10] => -1\n    [11] => -1\n    [12] => -1\n    [13] => 0\n    [14] => 0\n    [15] => 0\n    [16] => 0\n    [17] => 0\n    [18] => 2\n    [19] => no\n    [20] => no\n    [21] => no\n    [22] => no\n    [23] => no\n)\n'),
('INSERT INTO indices_financieros VALUES (null, ''2'', 4, ''xxx'', ''0'', ''43'', ''0'', ''0'', ''0'', ''0'', 1);'),
('INSERT INTO indice_empresa values (''200'', ''724'', ''0'');'),
('Array\n(\n    [0] => xxx\n    [1] => 0\n    [2] => 0\n    [3] => 0\n    [4] => 0\n    [5] => 0\n    [6] => C1\n    [7] => 0\n    [8] => -1\n    [9] => -1\n    [10] => -1\n    [11] => -1\n    [12] => -1\n    [13] => 0\n    [14] => 0\n    [15] => 0\n    [16] => 0\n    [17] => 0\n    [18] => 2\n    [19] => no\n    [20] => no\n    [21] => no\n    [22] => no\n    [23] => no\n)\n'),
('INSERT INTO indice_empresa values (''200'', ''727'', ''0'');'),
('Array\n(\n    [0] => xxx\n    [1] => 0\n    [2] => 0\n    [3] => 0\n    [4] => 0\n    [5] => 0\n    [6] => C1\n    [7] => 0\n    [8] => -1\n    [9] => -1\n    [10] => -1\n    [11] => -1\n    [12] => -1\n    [13] => 0\n    [14] => 0\n    [15] => 0\n    [16] => 0\n    [17] => 0\n    [18] => 2\n    [19] => no\n    [20] => no\n    [21] => no\n    [22] => no\n    [23] => no\n)\n'),
('select distinct c.id_formula, a.id_empresa, a.id_periodo,\r\n					(select SUM(valor)\r\n							   from valores x, indices_financieros z, formulas w\r\n					   where w.id_formula = z.id_formula\r\n							 AND x.id_tag_agf = w.campo1\r\n							 AND z.id_indice_financiero = b.id_indice_financiero\r\n							 AND x.id_empresa = a.id_empresa\r\n							  AND x.id_periodo = a.id_periodo \r\n							 AND w.tipoc1 = 2\r\n					 AND x.tipo = ''TRIMESTRAL'' )		 				\r\n					   C1, 			                	\r\n					(select SUM(valor)\r\n							   from valores x, indices_financieros z, formulas w\r\n					   where w.id_formula = z.id_formula\r\n							 AND x.id_tag_agf = w.campo2\r\n							 AND z.id_indice_financiero = b.id_indice_financiero\r\n							 AND x.id_empresa = a.id_empresa\r\n							  AND x.id_periodo = a.id_periodo \r\n							 AND w.tipoc1 = 2\r\n					 AND x.tipo = ''TRIMESTRAL'' )\r\n					C2,\r\n							(select SUM(valor)\r\n							   from valores x, indices_financieros z, formulas w\r\n					   where w.id_formula = z.id_formula\r\n							 AND x.id_tag_agf = w.campo3\r\n							 AND z.id_indice_financiero = b.id_indice_financiero\r\n							 AND x.id_empresa = a.id_empresa\r\n							  AND x.id_periodo = a.id_periodo 									\r\n							 AND w.tipoc1 = 2\r\n					 AND x.tipo = ''TRIMESTRAL'' ) C3,\r\n							(select SUM(valor)\r\n							   from valores x, indices_financieros z, formulas w\r\n					   where w.id_formula = z.id_formula\r\n							 AND x.id_tag_agf = w.campo4\r\n							 AND z.id_indice_financiero = b.id_indice_financiero\r\n							 AND x.id_empresa = a.id_empresa\r\n							  AND x.id_periodo = a.id_periodo 									\r\n							 AND w.tipoc1 = 2\r\n					 AND x.tipo = ''TRIMESTRAL'' ) C4,\r\n							(select SUM(valor)\r\n							   from valores x, indices_financieros z, formulas w\r\n					   where w.id_formula = z.id_formula\r\n							 AND x.id_tag_agf = w.campo5\r\n							 AND z.id_indice_financiero = b.id_indice_financiero\r\n							 AND x.id_empresa = a.id_empresa\r\n							  AND x.id_periodo = a.id_periodo 									\r\n							 AND w.tipoc1 = 2\r\n					 AND x.tipo = ''TRIMESTRAL'' ) C5, concat(d.rso, '': '', b.nombre), label, formula, e.ano, e.mes, d.color\r\n						From valores a, indices_financieros b, formulas c, empresas d, periodos e\r\n						where c.id_formula = b.id_formula			                    \r\n							AND a.id_empresa = d.id_empresa\r\n							AND a.id_periodo = e.id_periodo\r\n							AND c.id_formula = 43\r\n					AND a.tipo = ''TRIMESTRAL'';'),
('0'),
('0'),
('0'),
('0'),
('0'),
('0'),
('0'),
('0'),
('0'),
('0'),
('0'),
('0'),
('0'),
('0'),
('0'),
('0'),
('0'),
('0'),
('0'),
('0'),
('0'),
('0'),
('0'),
('0'),
('0'),
('0'),
('0'),
('0'),
('0'),
('0'),
('0'),
('0'),
('0'),
('0'),
('0'),
('0'),
('0'),
('0'),
('0'),
('0'),
('0'),
('0'),
('0'),
('0'),
('0'),
('0'),
('0'),
('0'),
('0'),
('0'),
('0'),
('0'),
('0'),
('0'),
('0'),
('0'),
('0'),
('0'),
('0'),
('0'),
('0'),
('0'),
('0'),
('0'),
('0'),
('0'),
('0'),
('0'),
('0'),
('0'),
('0'),
('0'),
('0'),
('0'),
('0'),
('0'),
('0'),
('0'),
('0'),
('0'),
('0'),
('0'),
('0'),
('0'),
('0'),
('0'),
('0'),
('0'),
('0'),
('0'),
('0'),
('0'),
('0'),
('0'),
('0'),
('0'),
('0'),
('0'),
('0'),
('0'),
('0'),
('0'),
('0'),
('0'),
('0'),
('0'),
('0'),
('0'),
('0'),
('0'),
('0'),
('0'),
('0'),
('0'),
('0'),
('0'),
('0'),
('0'),
('0'),
('0'),
('0'),
('0'),
('0'),
('0'),
('0'),
('0'),
('0'),
('0'),
('0'),
('0'),
('0'),
('0'),
('0'),
('0'),
('0'),
('0'),
('0'),
('0'),
('0'),
('0'),
('0'),
('0'),
('0'),
('0'),
('0'),
('0'),
('0'),
('0'),
('0'),
('0'),
('0'),
('0');

-- --------------------------------------------------------

--
-- Table structure for table `log_ingreso_tag`
--

CREATE TABLE IF NOT EXISTS `log_ingreso_tag` (
  `ID_LOG_INGRESO_TAG` int(18) NOT NULL,
  `ID_LOG_REGISTRO` int(18) DEFAULT NULL,
  `EMPRESA` varchar(300) COLLATE utf8_spanish2_ci DEFAULT NULL,
  `PERIODO` varchar(50) COLLATE utf8_spanish2_ci DEFAULT NULL,
  `ID_TAG_AGF` int(18) DEFAULT NULL,
  `TAG_AGF` varchar(300) COLLATE utf8_spanish2_ci DEFAULT NULL,
  `ID_TAG_XBRL` int(18) DEFAULT NULL,
  `TAG_XBRL` varchar(300) COLLATE utf8_spanish2_ci DEFAULT NULL,
  `ORIGEN` varchar(50) COLLATE utf8_spanish2_ci DEFAULT NULL,
  `VALOR` float(18,4) DEFAULT NULL,
  `OUTPUT` varchar(300) COLLATE utf8_spanish2_ci DEFAULT NULL,
  `DT_OUTPUT` datetime DEFAULT NULL
) ENGINE=InnoDB DEFAULT CHARSET=utf8 COLLATE=utf8_spanish2_ci;

-- --------------------------------------------------------

--
-- Table structure for table `log_proceso`
--

CREATE TABLE IF NOT EXISTS `log_proceso` (
  `ID_LOG_PROCESO` int(18) NOT NULL,
  `PROCESO` varchar(300) COLLATE utf8_spanish2_ci DEFAULT NULL,
  `DT_INICIO` datetime DEFAULT NULL,
  `DT_FIN` datetime DEFAULT NULL,
  `ESTADO` varchar(300) COLLATE utf8_spanish2_ci DEFAULT NULL
) ENGINE=InnoDB DEFAULT CHARSET=utf8 COLLATE=utf8_spanish2_ci;

-- --------------------------------------------------------

--
-- Table structure for table `log_registro`
--

CREATE TABLE IF NOT EXISTS `log_registro` (
  `ID_LOG_REGISTRO` int(18) NOT NULL,
  `ID_LOG_PROCESO` int(18) NOT NULL,
  `DT_IN` datetime DEFAULT NULL,
  `DT_OUT` datetime DEFAULT NULL,
  `INPUT` varchar(300) COLLATE utf8_spanish2_ci DEFAULT NULL,
  `EMPRESA` varchar(300) COLLATE utf8_spanish2_ci DEFAULT NULL,
  `PERIODO` varchar(10) COLLATE utf8_spanish2_ci DEFAULT NULL,
  `OUTPUT` varchar(300) COLLATE utf8_spanish2_ci DEFAULT NULL
) ENGINE=InnoDB DEFAULT CHARSET=utf8 COLLATE=utf8_spanish2_ci;

-- --------------------------------------------------------

--
-- Table structure for table `monedas`
--

CREATE TABLE IF NOT EXISTS `monedas` (
  `id` int(11) NOT NULL AUTO_INCREMENT,
  `nombre` varchar(64) COLLATE utf8_spanish2_ci DEFAULT NULL,
  `codigo` varchar(10) COLLATE utf8_spanish2_ci DEFAULT NULL,
  `valor_defecto` float(18,2) DEFAULT NULL,
  `operacion` varchar(10) COLLATE utf8_spanish2_ci DEFAULT NULL,
  `signo` varchar(5) COLLATE utf8_spanish2_ci DEFAULT NULL,
  `cantidad_decimal` int(11) DEFAULT NULL,
  PRIMARY KEY (`id`)
) ENGINE=InnoDB DEFAULT CHARSET=utf8 COLLATE=utf8_spanish2_ci AUTO_INCREMENT=1 ;

-- --------------------------------------------------------

--
-- Table structure for table `perfiles`
--

CREATE TABLE IF NOT EXISTS `perfiles` (
  `ID_PERFIL` int(11) NOT NULL,
  `NOMBRE` varchar(50) COLLATE utf8_spanish2_ci DEFAULT NULL,
  `OA` bit(1) DEFAULT NULL
) ENGINE=InnoDB DEFAULT CHARSET=utf8 COLLATE=utf8_spanish2_ci;

-- --------------------------------------------------------

--
-- Table structure for table `periodos`
--

CREATE TABLE IF NOT EXISTS `periodos` (
  `ID_PERIODO` int(18) NOT NULL AUTO_INCREMENT,
  `label` varchar(7) COLLATE utf8_spanish2_ci NOT NULL,
  `ANO` int(11) DEFAULT NULL,
  `MES` int(11) DEFAULT NULL,
  `OA` bit(1) DEFAULT NULL,
  `orden` int(11) NOT NULL,
  PRIMARY KEY (`ID_PERIODO`)
) ENGINE=InnoDB  DEFAULT CHARSET=utf8 COLLATE=utf8_spanish2_ci AUTO_INCREMENT=30 ;

--
-- Dumping data for table `periodos`
--

INSERT INTO `periodos` (`ID_PERIODO`, `label`, `ANO`, `MES`, `OA`, `orden`) VALUES
(1, '3/2010', 2010, 3, b'1', 5),
(2, '6/2010', 2010, 6, b'1', 6),
(3, '9/2010', 2010, 9, b'1', 7),
(4, '12/2010', 2010, 12, b'1', 8),
(5, '3/2011', 2011, 3, b'1', 9),
(6, '6/2011', 2011, 6, b'1', 10),
(7, '9/2011', 2011, 9, b'1', 11),
(8, '12/2011', 2011, 12, b'1', 12),
(9, '3/2012', 2012, 3, b'1', 13),
(10, '6/2012', 2012, 6, b'1', 14),
(11, '9/2012', 2012, 9, b'1', 15),
(12, '12/2012', 2012, 12, b'1', 16),
(13, '3/2009', 2009, 3, b'1', 1),
(14, '6/2009', 2009, 6, b'1', 2),
(15, '9/2009', 2009, 9, b'1', 3),
(16, '12/2009', 2009, 12, b'1', 4),
(24, '2009', 2009, 0, b'0', 0),
(25, '2010', 2010, 0, b'0', 0),
(26, '2011', 2011, 0, b'0', 0),
(27, '2012', 2012, 0, b'0', 0),
(28, '3/2013', 2013, 3, b'1', 17),
(29, '6/2013', 2013, 6, b'1', 18);

-- --------------------------------------------------------

--
-- Table structure for table `subgrupos`
--

CREATE TABLE IF NOT EXISTS `subgrupos` (
  `ID_SUBGRUPO` int(18) NOT NULL AUTO_INCREMENT,
  `NOMBRE` varchar(50) COLLATE utf8_spanish2_ci DEFAULT NULL,
  `DESCRIPCION` varchar(255) COLLATE utf8_spanish2_ci DEFAULT NULL,
  PRIMARY KEY (`ID_SUBGRUPO`)
) ENGINE=InnoDB  DEFAULT CHARSET=utf8 COLLATE=utf8_spanish2_ci AUTO_INCREMENT=106 ;

--
-- Dumping data for table `subgrupos`
--

INSERT INTO `subgrupos` (`ID_SUBGRUPO`, `NOMBRE`, `DESCRIPCION`) VALUES
(101, 'Ingresos Totales', '..'),
(102, 'DEMO', '...'),
(103, 'Ingresos Totales Anuales', '..'),
(104, 'Ingresos Retail', 'Ingresos Retail'),
(105, 'Ingresos Retail Anuales', 'Ingresos Retail Anuales');

-- --------------------------------------------------------

--
-- Table structure for table `subgrupos_empresas`
--

CREATE TABLE IF NOT EXISTS `subgrupos_empresas` (
  `ID_SUBGRUPO` int(18) NOT NULL,
  `ID_EMPRESA` int(18) NOT NULL
) ENGINE=InnoDB DEFAULT CHARSET=utf8 COLLATE=utf8_spanish2_ci;

--
-- Dumping data for table `subgrupos_empresas`
--

INSERT INTO `subgrupos_empresas` (`ID_SUBGRUPO`, `ID_EMPRESA`) VALUES
(102, 724),
(102, 721),
(101, 727),
(101, 730),
(101, 726),
(101, 728),
(101, 725),
(101, 729),
(103, 727),
(103, 730),
(103, 726),
(103, 728),
(103, 731),
(103, 729),
(104, 730),
(104, 728),
(104, 732),
(104, 731),
(104, 727),
(104, 729),
(105, 727),
(105, 729),
(105, 731),
(105, 728),
(105, 730),
(105, 732);

-- --------------------------------------------------------

--
-- Table structure for table `tag_agf`
--

CREATE TABLE IF NOT EXISTS `tag_agf` (
  `ID_TAG_AGF` int(18) NOT NULL AUTO_INCREMENT,
  `NOMBRE` varchar(300) COLLATE utf8_spanish2_ci DEFAULT NULL,
  `ETIQUETA` varchar(300) COLLATE utf8_spanish2_ci DEFAULT NULL,
  `COMPONENTE` varchar(50) COLLATE utf8_spanish2_ci DEFAULT NULL,
  `ORIGEN` varchar(50) COLLATE utf8_spanish2_ci DEFAULT NULL,
  `OA` bit(1) DEFAULT NULL,
  PRIMARY KEY (`ID_TAG_AGF`)
) ENGINE=InnoDB  DEFAULT CHARSET=utf8 COLLATE=utf8_spanish2_ci AUTO_INCREMENT=278 ;

--
-- Dumping data for table `tag_agf`
--

INSERT INTO `tag_agf` (`ID_TAG_AGF`, `NOMBRE`, `ETIQUETA`, `COMPONENTE`, `ORIGEN`, `OA`) VALUES
(1, 'Efectivo y equivalentes al efectivo', 'Efectivo y equivalentes al efectivo', 'BALANCE', 'XBRL', b'1'),
(2, 'Otros activos financieros corrientes', 'Otros activos financieros corrientes', 'BALANCE', 'XBRL', b'1'),
(3, 'Otros activos no financieros corrientes', 'Otros activos no financieros corrientes', 'BALANCE', 'XBRL', b'1'),
(4, 'Deudores comerciales y otras cuentas por cobrar corrientes', 'Deudores comerciales y otras cuentas por cobrar corrientes', 'BALANCE', 'XBRL', b'1'),
(5, 'Cuentas por cobrar a entidades relacionadas, corrientes', 'Cuentas por cobrar a entidades relacionadas, corrientes', 'BALANCE', 'XBRL', b'1'),
(6, 'Inventarios corrientes', 'Inventarios corrientes', 'BALANCE', 'XBRL', b'1'),
(7, 'Activos biol', 'Activos biol', 'BALANCE', 'XBRL', b'1'),
(8, 'Activos por impuestos corrientes, corrientes', 'Activos por impuestos corrientes, corrientes', 'BALANCE', 'XBRL', b'1'),
(9, 'Total de activos corrientes distintos de los activo o grupos de activos para su disposici', 'Total de activos corrientes distintos de los activo o grupos de activos para su disposici', 'BALANCE', 'XBRL', b'1'),
(10, 'Activos no corrientes o grupos de activos para su disposici', 'Activos no corrientes o grupos de activos para su disposici', 'BALANCE', 'XBRL', b'1'),
(11, 'Activos corrientes totales', 'Activos corrientes totales', 'BALANCE', 'XBRL', b'1'),
(12, 'Otros activos financieros no corrientes', 'Otros activos financieros no corrientes', 'BALANCE', 'XBRL', b'1'),
(13, 'Otros activos no financieros no corrientes', 'Otros activos no financieros no corrientes', 'BALANCE', 'XBRL', b'1'),
(14, 'Cuentas por cobrar no corrientes', 'Cuentas por cobrar no corrientes', 'BALANCE', 'XBRL', b'1'),
(15, 'Inventarios, no corrientes', 'Inventarios, no corrientes', 'BALANCE', 'XBRL', b'1'),
(16, 'Cuentas por cobrar a entidades relacionadas, no corrientes', 'Cuentas por cobrar a entidades relacionadas, no corrientes', 'BALANCE', 'XBRL', b'1'),
(17, 'Inversiones contabilizadas utilizando el m', 'Inversiones contabilizadas utilizando el m', 'BALANCE', 'XBRL', b'1'),
(18, 'Activos intangibles distintos de la plusval', 'Activos intangibles distintos de la plusval', 'BALANCE', 'XBRL', b'1'),
(19, 'Plusval', 'Plusval', 'BALANCE', 'XBRL', b'1'),
(20, 'Propiedades, planta y equipo', 'Propiedades, planta y equipo', 'BALANCE', 'XBRL', b'1'),
(21, 'Activos biol', 'Activos biol', 'BALANCE', 'XBRL', b'1'),
(22, 'Propiedad de inversi', 'Propiedad de inversi', 'BALANCE', 'XBRL', b'1'),
(23, 'Activos por impuestos corrientes, no corrientes', 'Activos por impuestos corrientes, no corrientes', 'BALANCE', 'XBRL', b'1'),
(24, 'Activos por impuestos diferidos', 'Activos por impuestos diferidos', 'BALANCE', 'XBRL', b'1'),
(25, 'Total de activos no corrientes', 'Total de activos no corrientes', 'BALANCE', 'XBRL', b'1'),
(26, 'Total de activos', 'Total de activos', 'BALANCE', 'XBRL', b'1'),
(27, 'Otros pasivos financieros corrientes', 'Otros pasivos financieros corrientes', 'BALANCE', 'XBRL', b'1'),
(28, 'Cuentas por pagar comerciales y otras cuentas por pagar', 'Cuentas por pagar comerciales y otras cuentas por pagar', 'BALANCE', 'XBRL', b'1'),
(29, 'Cuentas por pagar a entidades relacionadas, corrientes', 'Cuentas por pagar a entidades relacionadas, corrientes', 'BALANCE', 'XBRL', b'1'),
(30, 'Otras provisiones a corto plazo', 'Otras provisiones a corto plazo', 'BALANCE', 'XBRL', b'1'),
(31, 'Pasivos por impuestos corrientes, corrientes', 'Pasivos por impuestos corrientes, corrientes', 'BALANCE', 'XBRL', b'1'),
(32, 'Provisiones corrientes por beneficios a los empleados', 'Provisiones corrientes por beneficios a los empleados', 'BALANCE', 'XBRL', b'1'),
(33, 'Otros pasivos no financieros corrientes', 'Otros pasivos no financieros corrientes', 'BALANCE', 'XBRL', b'1'),
(34, 'Total de pasivos corrientes distintos de los pasivos incluidos en grupos de activos para su disposici', 'Total de pasivos corrientes distintos de los pasivos incluidos en grupos de activos para su disposici', 'BALANCE', 'XBRL', b'1'),
(35, 'Pasivos incluidos en grupos de activos para su disposici', 'Pasivos incluidos en grupos de activos para su disposici', 'BALANCE', 'XBRL', b'1'),
(36, 'Pasivos corrientes totales', 'Pasivos corrientes totales', 'BALANCE', 'XBRL', b'1'),
(37, 'Otros pasivos financieros no corrientes', 'Otros pasivos financieros no corrientes', 'BALANCE', 'XBRL', b'1'),
(38, 'Cuentas por pagar no corrientes', 'Cuentas por pagar no corrientes', 'BALANCE', 'XBRL', b'1'),
(39, 'Cuentas por pagar a entidades relacionadas, no corrientes', 'Cuentas por pagar a entidades relacionadas, no corrientes', 'BALANCE', 'XBRL', b'1'),
(40, 'Otras provisiones a largo plazo', 'Otras provisiones a largo plazo', 'BALANCE', 'XBRL', b'1'),
(41, 'Pasivo por impuestos diferidos', 'Pasivo por impuestos diferidos', 'BALANCE', 'XBRL', b'1'),
(42, 'Pasivos por impuestos corrientes, no corrientes', 'Pasivos por impuestos corrientes, no corrientes', 'BALANCE', 'XBRL', b'1'),
(43, 'Provisiones no corrientes por beneficios a los empleados', 'Provisiones no corrientes por beneficios a los empleados', 'BALANCE', 'XBRL', b'1'),
(44, 'Otros pasivos no financieros no corrientes', 'Otros pasivos no financieros no corrientes', 'BALANCE', 'XBRL', b'1'),
(45, 'Total de pasivos no corrientes', 'Total de pasivos no corrientes', 'BALANCE', 'XBRL', b'1'),
(46, 'Total de pasivos', 'Total de pasivos', 'BALANCE', 'XBRL', b'1'),
(47, 'Capital emitido', 'Capital emitido', 'BALANCE', 'XBRL', b'1'),
(48, 'Ganancias (p', 'Ganancias (p', 'BALANCE', 'XBRL', b'1'),
(49, 'Prima de emisi', 'Prima de emisi', 'BALANCE', 'XBRL', b'1'),
(50, 'Acciones propias en cartera', 'Acciones propias en cartera', 'BALANCE', 'XBRL', b'1'),
(51, 'Otras participaciones en el patrimonio', 'Otras participaciones en el patrimonio', 'BALANCE', 'XBRL', b'1'),
(52, 'Otras reservas', 'Otras reservas', 'BALANCE', 'XBRL', b'1'),
(53, 'Patrimonio atribuible a los propietarios de la controladora', 'Patrimonio atribuible a los propietarios de la controladora', 'BALANCE', 'XBRL', b'1'),
(54, 'Participaciones no controladoras', 'Participaciones no controladoras', 'BALANCE', 'XBRL', b'1'),
(55, 'Patrimonio total', 'Patrimonio total', 'BALANCE', 'XBRL', b'1'),
(56, 'Total de patrimonio y pasivos', 'Total de patrimonio y pasivos', 'BALANCE', 'XBRL', b'1'),
(57, 'Activos por impuestos corrientes', 'Activos por impuestos corrientes', 'BALANCE', 'XBRL', b'1'),
(58, 'Inventarios', 'Inventarios', 'BALANCE', 'XBRL', b'1'),
(59, 'Cuentas por cobrar a entidades relacionadas', 'Cuentas por cobrar a entidades relacionadas', 'BALANCE', 'XBRL', b'1'),
(60, 'Otros activos no financieros', 'Otros activos no financieros', 'BALANCE', 'XBRL', b'1'),
(61, 'Deudores comerciales y otras cuentas por cobrar', 'Deudores comerciales y otras cuentas por cobrar', 'BALANCE', 'XBRL', b'1'),
(62, 'Otros activos financieros', 'Otros activos financieros', 'BALANCE', 'XBRL', b'1'),
(63, 'Activos biol', 'Activos biol', 'BALANCE', 'XBRL', b'1'),
(64, 'Activos intangibles distintos de la plusval', 'Activos intangibles distintos de la plusval', 'BALANCE', 'XBRL', b'1'),
(65, 'Cuentas por pagar a entidades relacionadas', 'Cuentas por pagar a entidades relacionadas', 'BALANCE', 'XBRL', b'1'),
(66, 'Pasivos por impuestos corrientes', 'Pasivos por impuestos corrientes', 'BALANCE', 'XBRL', b'1'),
(67, 'Otros pasivos no financieros', 'Otros pasivos no financieros', 'BALANCE', 'XBRL', b'1'),
(68, 'Otros pasivos financieros', 'Otros pasivos financieros', 'BALANCE', 'XBRL', b'1'),
(69, 'Provisiones por beneficios a los empleados', 'Provisiones por beneficios a los empleados', 'BALANCE', 'XBRL', b'1'),
(70, 'Otras provisiones', 'Otras provisiones', 'BALANCE', 'XBRL', b'1'),
(71, 'Ingresos de actividades ordinarias', 'Ingresos de actividades ordinarias', 'RESULTADO', 'XBRL', b'1'),
(72, 'Costo de ventas', 'Costo de ventas', 'RESULTADO', 'XBRL', b'1'),
(73, 'Ganancia bruta', 'Ganancia bruta', 'RESULTADO', 'XBRL', b'1'),
(74, 'Otros ingresos', 'Otros ingresos', 'RESULTADO', 'XBRL', b'1'),
(75, 'Costos de distribuci', 'Costos de distribuci', 'RESULTADO', 'XBRL', b'1'),
(76, 'Gastos de administraci', 'Gastos de administraci', 'RESULTADO', 'XBRL', b'1'),
(77, 'Otros gastos, por funci', 'Otros gastos, por funci', 'RESULTADO', 'XBRL', b'1'),
(78, 'Otras ganancias (p', 'Otras ganancias (p', 'RESULTADO', 'XBRL', b'1'),
(79, 'Ganancias (p', 'Ganancias (p', 'RESULTADO', 'XBRL', b'1'),
(80, 'Ganancias (p', 'Ganancias (p', 'RESULTADO', 'XBRL', b'1'),
(81, 'Ingresos financieros', 'Ingresos financieros', 'RESULTADO', 'XBRL', b'1'),
(82, 'Costos financieros', 'Costos financieros', 'RESULTADO', 'XBRL', b'1'),
(83, 'Participaci', 'Participaci', 'RESULTADO', 'XBRL', b'1'),
(84, 'Diferencias de cambio', 'Diferencias de cambio', 'RESULTADO', 'XBRL', b'1'),
(85, 'Resultados por unidades de reajuste', 'Resultados por unidades de reajuste', 'RESULTADO', 'XBRL', b'1'),
(86, 'Ganancias (p', 'Ganancias (p', 'RESULTADO', 'XBRL', b'1'),
(87, 'Ganancia (p', 'Ganancia (p', 'RESULTADO', 'XBRL', b'1'),
(88, 'Gasto por impuestos a las ganancias', 'Gasto por impuestos a las ganancias', 'RESULTADO', 'XBRL', b'1'),
(89, 'Ganancia (p', 'Ganancia (p', 'RESULTADO', 'XBRL', b'1'),
(90, 'Ganancia (p', 'Ganancia (p', 'RESULTADO', 'XBRL', b'1'),
(91, 'Ganancia (p', 'Ganancia (p', 'RESULTADO', 'XBRL', b'1'),
(92, 'Ganancia (p', 'Ganancia (p', 'RESULTADO', 'XBRL', b'1'),
(93, 'Ganancia (p', 'Ganancia (p', 'RESULTADO', 'XBRL', b'1'),
(94, 'Ganancia (p', 'Ganancia (p', 'RESULTADO', 'XBRL', b'1'),
(95, 'Ganancia (p', 'Ganancia (p', 'RESULTADO', 'XBRL', b'1'),
(96, 'Ganancia (p', 'Ganancia (p', 'RESULTADO', 'XBRL', b'1'),
(97, 'Ganancias (p', 'Ganancias (p', 'RESULTADO', 'XBRL', b'1'),
(98, 'Ganancias (p', 'Ganancias (p', 'RESULTADO', 'XBRL', b'1'),
(99, 'Ganancias (p', 'Ganancias (p', 'RESULTADO', 'XBRL', b'1'),
(100, 'Disminuci', 'Disminuci', 'RESULTADO', 'XBRL', b'1'),
(101, 'Otros trabajos realizados por la entidad y capitalizados', 'Otros trabajos realizados por la entidad y capitalizados', 'RESULTADO', 'XBRL', b'1'),
(102, 'Materias primas y consumibles utilizados', 'Materias primas y consumibles utilizados', 'RESULTADO', 'XBRL', b'1'),
(103, 'Gastos por beneficios a los empleados', 'Gastos por beneficios a los empleados', 'RESULTADO', 'XBRL', b'1'),
(104, 'Gasto por depreciaci', 'Gasto por depreciaci', 'RESULTADO', 'XBRL', b'1'),
(105, 'P', 'P', 'RESULTADO', 'XBRL', b'1'),
(106, 'Otros gastos, por naturaleza', 'Otros gastos, por naturaleza', 'RESULTADO', 'XBRL', b'1'),
(107, 'Reversi', 'Reversi', 'RESULTADO', 'XBRL', b'1'),
(108, 'Cambios en inventarios de productos terminados y en proceso', 'Cambios en inventarios de productos terminados y en proceso', 'RESULTADO', 'XBRL', b'1'),
(109, 'Ganancias que surgen de la baja en cuentas de activos financieros medidos al costo amortizado', 'Ganancias que surgen de la baja en cuentas de activos financieros medidos al costo amortizado', 'RESULTADO', 'XBRL', b'1'),
(110, 'P', 'P', 'RESULTADO', 'XBRL', b'1'),
(111, 'Activos no corrientes o grupos de activos para su disposici', 'Activos no corrientes o grupos de activos para su disposici', 'BALANCE', 'XBRL', b'1'),
(112, 'Activos no corrientes o grupos de activos para su disposici', 'Activos no corrientes o grupos de activos para su disposici', 'BALANCE', 'XBRL', b'1'),
(113, 'Otras cuentas no corrientes por pagar', 'Otras cuentas no corrientes por pagar', 'BALANCE', 'XBRL', b'1'),
(114, 'Revalorizaciones Propiedades Plantas Equipos', 'Revalorizaciones Propiedades Plantas Equipos', 'RESULTADO', 'XBRL', b'1'),
(115, 'ActivosFinancierosDisponiblesVenta', 'ActivosFinancierosDisponiblesVenta', 'RESULTADO', 'XBRL', b'1'),
(116, 'CoberturaFlujoCaja', 'CoberturaFlujoCaja', 'RESULTADO', 'XBRL', b'1'),
(117, 'VariacionesValorRazonableOtrosActivos', 'VariacionesValorRazonableOtrosActivos', 'RESULTADO', 'XBRL', b'1'),
(118, 'AjustesConversion', 'AjustesConversion', 'RESULTADO', 'XBRL', b'1'),
(119, 'AjustesAsociadas', 'AjustesAsociadas', 'RESULTADO', 'XBRL', b'1'),
(120, 'Ganancias (P', 'Ganancias (P', 'RESULTADO', 'XBRL', b'1'),
(121, 'Otros Ajustes al Patrimonio Neto', 'Otros Ajustes al Patrimonio Neto', 'RESULTADO', 'XBRL', b'1'),
(122, 'Impuesto a la Renta Relacionado a los Componentes de Otros Ingresos y Gastos con Cargo o Abono en el Patrimonio Neto', 'Impuesto a la Renta Relacionado a los Componentes de Otros Ingresos y Gastos con Cargo o Abono en el Patrimonio Neto', 'RESULTADO', 'XBRL', b'1'),
(123, 'Otros Ingresos y Gastos con Cargo o Abono en el Patrimonio Neto, Total', 'Otros Ingresos y Gastos con Cargo o Abono en el Patrimonio Neto, Total', 'RESULTADO', 'XBRL', b'1'),
(124, 'Resultado de Ingresos y Gastos Integrales, Total', 'Resultado de Ingresos y Gastos Integrales, Total', 'RESULTADO', 'XBRL', b'1'),
(125, 'Resultado de Ingresos y Gastos Integrales Atribuible a los Accionistas Mayoritarios', 'Resultado de Ingresos y Gastos Integrales Atribuible a los Accionistas Mayoritarios', 'RESULTADO', 'XBRL', b'1'),
(126, 'ResultadoIngresosGastosIntegralesAtribuibleParticipacionesMinoritarias', 'ResultadoIngresosGastosIntegralesAtribuibleParticipacionesMinoritarias', 'RESULTADO', 'XBRL', b'1'),
(127, 'Ganancia (P', 'Ganancia (P', 'RESULTADO', 'XBRL', b'1'),
(128, 'Ganancia (P', 'Ganancia (P', 'RESULTADO', 'XBRL', b'1'),
(129, 'Ganancia (P', 'Ganancia (P', 'RESULTADO', 'XBRL', b'1'),
(130, 'Ganancia (P', 'Ganancia (P', 'RESULTADO', 'XBRL', b'1'),
(131, 'Gasto (Ingreso) por Impuesto a las Ganancias', 'Gasto (Ingreso) por Impuesto a las Ganancias', 'RESULTADO', 'XBRL', b'1'),
(132, 'Otros Ingresos distintos de los de Operaci', 'Otros Ingresos distintos de los de Operaci', 'RESULTADO', 'XBRL', b'1'),
(133, 'Participaci', 'Participaci', 'RESULTADO', 'XBRL', b'1'),
(134, 'Participaci', 'Participaci', 'RESULTADO', 'XBRL', b'1'),
(135, 'Minusval', 'Minusval', 'RESULTADO', 'XBRL', b'1'),
(136, 'Ingreso (P', 'Ingreso (P', 'RESULTADO', 'XBRL', b'1'),
(137, 'Ganancia (P', 'Ganancia (P', 'RESULTADO', 'XBRL', b'1'),
(138, 'Costos Financieros [de Actividades No Financieras]', 'Costos Financieros [de Actividades No Financieras]', 'RESULTADO', 'XBRL', b'1'),
(139, 'Ganancia (P', 'Ganancia (P', 'RESULTADO', 'XBRL', b'1'),
(140, 'Ingresos Ordinarios, Total', 'Ingresos Ordinarios, Total', 'RESULTADO', 'XBRL', b'1'),
(141, 'Otros Ingresos de Operaci', 'Otros Ingresos de Operaci', 'RESULTADO', 'XBRL', b'1'),
(142, 'Cambios, Disminuciones (Incrementos), en Inventarios de Productos Terminados y en Curso', 'Cambios, Disminuciones (Incrementos), en Inventarios de Productos Terminados y en Curso', 'RESULTADO', 'XBRL', b'1'),
(143, 'Gastos de Personal', 'Gastos de Personal', 'RESULTADO', 'XBRL', b'1'),
(144, 'Depreciaci', 'Depreciaci', 'RESULTADO', 'XBRL', b'1'),
(145, 'P', 'P', 'RESULTADO', 'XBRL', b'1'),
(146, 'Investigaci', 'Investigaci', 'RESULTADO', 'XBRL', b'1'),
(147, 'Costos de Reestructuraci', 'Costos de Reestructuraci', 'RESULTADO', 'XBRL', b'1'),
(148, 'Otros Gastos Varios de Operaci', 'Otros Gastos Varios de Operaci', 'RESULTADO', 'XBRL', b'1'),
(149, 'Ganancia (P', 'Ganancia (P', 'RESULTADO', 'XBRL', b'1'),
(150, 'Costos de Mercadotecnia ', 'Costos de Mercadotecnia ', 'RESULTADO', 'XBRL', b'1'),
(151, 'Activos Pignorados como Garant', 'Activos Pignorados como Garant', 'BALANCE', 'XBRL', b'1'),
(152, 'Activos de Cobertura, no Corriente', 'Activos de Cobertura, no Corriente', 'BALANCE', 'XBRL', b'1'),
(153, 'Pagos Anticipados, No Corriente', 'Pagos Anticipados, No Corriente', 'BALANCE', 'XBRL', b'1'),
(154, 'Efectivo de Utilizaci', 'Efectivo de Utilizaci', 'BALANCE', 'XBRL', b'1'),
(155, 'Otros Activos, No Corriente', 'Otros Activos, No Corriente', 'BALANCE', 'XBRL', b'1'),
(156, 'Activos, No Corrientes, Total', 'Activos, No Corrientes, Total', 'BALANCE', 'XBRL', b'1'),
(157, 'Activos, Total', 'Activos, Total', 'BALANCE', 'XBRL', b'1'),
(158, 'Pr', 'Pr', 'BALANCE', 'XBRL', b'1'),
(159, 'Pr', 'Pr', 'BALANCE', 'XBRL', b'1'),
(160, 'Otros Pasivos Financieros, Corriente', 'Otros Pasivos Financieros, Corriente', 'BALANCE', 'XBRL', b'1'),
(161, 'Acreedores Comerciales y Otras Cuentas por Pagar, Corriente', 'Acreedores Comerciales y Otras Cuentas por Pagar, Corriente', 'BALANCE', 'XBRL', b'1'),
(162, 'Resultados Retenidos (P', 'Resultados Retenidos (P', 'BALANCE', 'XBRL', b'1'),
(163, 'Patrimonio Neto Atribuible a los Tenedores de Instrumentos de Patrimonio Neto de Controladora', 'Patrimonio Neto Atribuible a los Tenedores de Instrumentos de Patrimonio Neto de Controladora', 'BALANCE', 'XBRL', b'1'),
(164, 'Participaciones Minoritarias', 'Participaciones Minoritarias', 'BALANCE', 'XBRL', b'1'),
(165, 'Patrimonio Neto, Total', 'Patrimonio Neto, Total', 'BALANCE', 'XBRL', b'1'),
(166, 'Otros Pasivos, No Corrientes', 'Otros Pasivos, No Corrientes', 'BALANCE', 'XBRL', b'1'),
(167, 'Ingresos Diferidos, No Corriente', 'Ingresos Diferidos, No Corriente', 'BALANCE', 'XBRL', b'1'),
(168, 'Obligaci', 'Obligaci', 'BALANCE', 'XBRL', b'1'),
(169, 'Pasivos de Cobertura, no Corriente', 'Pasivos de Cobertura, no Corriente', 'BALANCE', 'XBRL', b'1'),
(170, 'Pasivos, No Corrientes, Total', 'Pasivos, No Corrientes, Total', 'BALANCE', 'XBRL', b'1'),
(171, 'Activos Financieros a Valor Razonable con Cambios en Resultados', 'Activos Financieros a Valor Razonable con Cambios en Resultados', 'BALANCE', 'XBRL', b'1'),
(172, 'Activos Financieros Disponibles para la Venta, Corrientes', 'Activos Financieros Disponibles para la Venta, Corrientes', 'BALANCE', 'XBRL', b'1'),
(173, 'Patrimonio Neto y Pasivos, Total', 'Patrimonio Neto y Pasivos, Total', 'BALANCE', 'XBRL', b'1'),
(174, 'Provisiones, no Corriente', 'Provisiones, no Corriente', 'BALANCE', 'XBRL', b'1'),
(175, 'Activos de Cobertura, Corriente', 'Activos de Cobertura, Corriente', 'BALANCE', 'XBRL', b'1'),
(176, 'Activos Pignorados como Garant', 'Activos Pignorados como Garant', 'BALANCE', 'XBRL', b'1'),
(177, 'Pagos Anticipados, Corriente', 'Pagos Anticipados, Corriente', 'BALANCE', 'XBRL', b'1'),
(178, 'Cuentas por cobrar por Impuestos Corrientes', 'Cuentas por cobrar por Impuestos Corrientes', 'BALANCE', 'XBRL', b'1'),
(179, 'Otros Activos, Corriente', 'Otros Activos, Corriente', 'BALANCE', 'XBRL', b'1'),
(180, 'Activos Corrientes en Operaci', 'Activos Corrientes en Operaci', 'BALANCE', 'XBRL', b'1'),
(181, 'Activos No Corrientes y Grupos en Desapropiaci', 'Activos No Corrientes y Grupos en Desapropiaci', 'BALANCE', 'XBRL', b'1'),
(182, 'AvailableForSaleFinancialAssetsNonCurrent', 'AvailableForSaleFinancialAssetsNonCurrent', 'BALANCE', 'XBRL', b'1'),
(183, 'ActivoFinancieroOtrosNoCorriente', 'ActivoFinancieroOtrosNoCorriente', 'BALANCE', 'XBRL', b'1'),
(184, 'TradeAndOtherReceivablesNetNonCurrent', 'TradeAndOtherReceivablesNetNonCurrent', 'BALANCE', 'XBRL', b'1'),
(185, 'Inversiones en Asociadas Contabilizadas por el M', 'Inversiones en Asociadas Contabilizadas por el M', 'BALANCE', 'XBRL', b'1'),
(186, 'Otras Inversiones Contabilizadas por el M', 'Otras Inversiones Contabilizadas por el M', 'BALANCE', 'XBRL', b'1'),
(187, 'Activos Intangibles, Neto', 'Activos Intangibles, Neto', 'BALANCE', 'XBRL', b'1'),
(188, 'Provisiones, Corriente', 'Provisiones, Corriente', 'BALANCE', 'XBRL', b'1'),
(189, 'Cuentas por Pagar por Impuestos Corrientes', 'Cuentas por Pagar por Impuestos Corrientes', 'BALANCE', 'XBRL', b'1'),
(190, 'Otros Pasivos, Corriente', 'Otros Pasivos, Corriente', 'BALANCE', 'XBRL', b'1'),
(191, 'Ingresos Diferidos, Corriente', 'Ingresos Diferidos, Corriente', 'BALANCE', 'XBRL', b'1'),
(192, 'Obligaci', 'Obligaci', 'BALANCE', 'XBRL', b'1'),
(193, 'Pasivos de Cobertura, Corriente', 'Pasivos de Cobertura, Corriente', 'BALANCE', 'XBRL', b'1'),
(194, 'Pasivos Acumulados (o Devengados), Total', 'Pasivos Acumulados (o Devengados), Total', 'BALANCE', 'XBRL', b'1'),
(195, 'Pasivos Corrientes en Operaci', 'Pasivos Corrientes en Operaci', 'BALANCE', 'XBRL', b'1'),
(196, 'Pasivos, Corrientes, Total', 'Pasivos, Corrientes, Total', 'BALANCE', 'XBRL', b'1'),
(197, 'InterestBearingBorrowingsNonCurrent', 'InterestBearingBorrowingsNonCurrent', 'BALANCE', 'XBRL', b'1'),
(198, 'NonInterestBearingBorrowingsNonCurrent', 'NonInterestBearingBorrowingsNonCurrent', 'BALANCE', 'XBRL', b'1'),
(199, 'OtherFinancialLiabilitiesNonCurrent', 'OtherFinancialLiabilitiesNonCurrent', 'BALANCE', 'XBRL', b'1'),
(200, 'TradeAndOtherPayablesNonCurrent', 'TradeAndOtherPayablesNonCurrent', 'BALANCE', 'XBRL', b'1'),
(201, 'OtherNonOperatingExpenses', 'Otros Gastos distintos de los de Operaci', 'RESULTADO', 'XBRL', b'1'),
(202, 'ShareOfProfitLossFromEquityAccountedJointVentures', 'Participaci', 'RESULTADO', 'XBRL', b'1'),
(236, 'Item SSS', 'Item SSS', 'NO ESPECIFICA', 'MANUAL', b'1'),
(237, 'Porcentaje Cartera Repactada al da', 'Porcentaje Cartera Repactada al da', 'NO ESPECIFICA', 'MANUAL', b'1'),
(238, 'Porcentaje Cartera Repactada entre 1 da y 30 das', 'Porcentaje Cartera Repactada entre 1 da y 30 das', 'NO ESPECIFICA', 'MANUAL', b'1'),
(239, 'Porcentaje Cartera Repactada entre 31 das y 60 das', 'Porcentaje Cartera Repactada entre 31 das y 60 das', 'NO ESPECIFICA', 'MANUAL', b'1'),
(240, 'Porcentaje Cartera Repactada entre 61 das y 90 das', 'Porcentaje Cartera Repactada entre 61 das y 90 das', 'NO ESPECIFICA', 'MANUAL', b'1'),
(241, 'Porcentaje Cartera Repactada entre 91 das y 120 das', 'Porcentaje Cartera Repactada entre 91 das y 120 das', 'NO ESPECIFICA', 'MANUAL', b'1'),
(242, 'Porcentaje Cartera Repactada entre 121 das y 150 das', 'Porcentaje Cartera Repactada entre 121 das y 150 das', 'NO ESPECIFICA', 'MANUAL', b'1'),
(243, 'Porcentaje Cartera Repactada entre 151 das y 180 das', 'Porcentaje Cartera Repactada entre 151 das y 180 das', 'NO ESPECIFICA', 'MANUAL', b'1'),
(244, 'Porcentaje Cartera Repactada de ms de 180 das', 'Porcentaje Cartera Repactada de ms de 180 das', 'NO ESPECIFICA', 'MANUAL', b'1'),
(245, 'Cartera Bruta por Tramos entre 1 y 30 das', 'Cartera Bruta por Tramos entre 1 y 30 das', 'NO ESPECIFICA', 'MANUAL', b'1'),
(246, 'Cartera Bruta por Tramos entre 31 das y 90 das', 'Cartera Bruta por Tramos entre 31 das y 90 das', 'NO ESPECIFICA', 'MANUAL', b'1'),
(247, 'Cartera Bruta por Tramos entre 91 das y 180 das', 'Cartera Bruta por Tramos entre 91 das y 180 das', 'NO ESPECIFICA', 'MANUAL', b'1'),
(248, 'Cartera Bruta por Tramos de ms de 180', 'Cartera Bruta por Tramos de ms de 180', 'NO ESPECIFICA', 'MANUAL', b'1'),
(250, 'Ingresos Servicios Financieros', 'Ingresos Servicios Financieros', 'NO ESPECIFICA', 'MANUAL', b'1'),
(251, 'Inngreso Servicios Financieros Hites', 'Inngreso Servicios Financieros Hites', 'NO ESPECIFICA', 'MANUAL', b'1'),
(252, 'Ingresos Serv. Financieros Trimestre Anterior', 'Ingresos Serv. Financieros Trimestre Anterior', 'NO ESPECIFICA', 'MANUAL', b'1'),
(261, 'Ingresos Retail Chile', 'Ingresos Retail Chile', 'NO ESPECIFICA', 'MANUAL', b'1'),
(262, 'Ingresos Servicios Financieros Chile', 'Ingresos Servicios Financieros Chile', 'NO ESPECIFICA', 'MANUAL', b'1'),
(263, 'Multiplo', 'Multiplo', 'NO ESPECIFICA', 'MANUAL', b'1'),
(264, 'Ingresos Retail', 'Ingresos Retail', 'NO ESPECIFICA', 'MANUAL', b'1'),
(265, 'Costo Retail', 'Costo Retail', 'NO ESPECIFICA', 'MANUAL', b'1'),
(266, 'Margen Retail', 'Margen Retail', 'NO ESPECIFICA', 'MANUAL', b'1'),
(267, 'Item 1', 'Item 1', 'NO ESPECIFICA', 'MANUAL', b'1'),
(268, 'Item 2', 'Item 2', 'NO ESPECIFICA', 'MANUAL', b'1'),
(269, 'Ingresos Totales', 'Ingresos Totales', 'NO ESPECIFICA', 'MANUAL', b'1'),
(275, 'Ingresos Totales Anuales', 'Ingresos Totales Anuales', 'NO ESPECIFICA', 'MANUAL', b'1'),
(276, 'Ingresos Retail', 'Ingresos Retail', 'NO ESPECIFICA', 'MANUAL', b'1'),
(277, 'Ingresos Retail Anuales', 'Ingresos Retail Anuales', 'NO ESPECIFICA', 'MANUAL', b'1');

-- --------------------------------------------------------

--
-- Table structure for table `tag_agf_xbrl`
--

CREATE TABLE IF NOT EXISTS `tag_agf_xbrl` (
  `ID_TAG_AGF` int(18) NOT NULL,
  `ID_TAG_XBRL` int(18) NOT NULL
) ENGINE=InnoDB DEFAULT CHARSET=utf8 COLLATE=utf8_spanish2_ci;

-- --------------------------------------------------------

--
-- Table structure for table `tag_xbrl`
--

CREATE TABLE IF NOT EXISTS `tag_xbrl` (
  `ID_TAG_XBRL` int(18) NOT NULL,
  `NOMBRE` varchar(300) COLLATE utf8_spanish2_ci DEFAULT NULL,
  `ETIQUETA` varchar(300) COLLATE utf8_spanish2_ci DEFAULT NULL,
  `PREFIX` varchar(300) COLLATE utf8_spanish2_ci DEFAULT NULL,
  `COMPONENTE` varchar(50) COLLATE utf8_spanish2_ci DEFAULT NULL,
  `TAXONOMIA` varchar(50) COLLATE utf8_spanish2_ci DEFAULT NULL
) ENGINE=InnoDB DEFAULT CHARSET=utf8 COLLATE=utf8_spanish2_ci;

-- --------------------------------------------------------

--
-- Table structure for table `tipos_empresas`
--

CREATE TABLE IF NOT EXISTS `tipos_empresas` (
  `ID_TIPO_EMPRESA` int(18) NOT NULL AUTO_INCREMENT,
  `NOMBRE` varchar(50) COLLATE utf8_spanish2_ci DEFAULT NULL,
  `DESCRIPCION` varchar(255) COLLATE utf8_spanish2_ci DEFAULT NULL,
  `OA` bit(1) DEFAULT NULL,
  PRIMARY KEY (`ID_TIPO_EMPRESA`)
) ENGINE=InnoDB  DEFAULT CHARSET=utf8 COLLATE=utf8_spanish2_ci AUTO_INCREMENT=5 ;

--
-- Dumping data for table `tipos_empresas`
--

INSERT INTO `tipos_empresas` (`ID_TIPO_EMPRESA`, `NOMBRE`, `DESCRIPCION`, `OA`) VALUES
(4, 'Grupo Comparativo Hites', 'Comparaciones', b'1');

-- --------------------------------------------------------

--
-- Table structure for table `usuarios`
--

CREATE TABLE IF NOT EXISTS `usuarios` (
  `ID_USUARIO` int(11) NOT NULL,
  `LOGIN` varchar(50) COLLATE utf8_spanish2_ci DEFAULT NULL,
  `PASWORD` varchar(10) COLLATE utf8_spanish2_ci DEFAULT NULL,
  `NOMBRES` varchar(300) COLLATE utf8_spanish2_ci DEFAULT NULL,
  `APELLIDOS` varchar(300) COLLATE utf8_spanish2_ci DEFAULT NULL,
  `RUT` varchar(10) COLLATE utf8_spanish2_ci DEFAULT NULL,
  `EMAIL` varchar(300) COLLATE utf8_spanish2_ci DEFAULT NULL,
  `FONO` varchar(10) COLLATE utf8_spanish2_ci DEFAULT NULL,
  `OA` bit(1) DEFAULT NULL
) ENGINE=InnoDB DEFAULT CHARSET=utf8 COLLATE=utf8_spanish2_ci;

-- --------------------------------------------------------

--
-- Table structure for table `usuarios_perfiles`
--

CREATE TABLE IF NOT EXISTS `usuarios_perfiles` (
  `ID_USUARIO` int(11) DEFAULT NULL,
  `ID_PERFIL` int(11) DEFAULT NULL
) ENGINE=InnoDB DEFAULT CHARSET=utf8 COLLATE=utf8_spanish2_ci;

-- --------------------------------------------------------

--
-- Table structure for table `valores`
--

CREATE TABLE IF NOT EXISTS `valores` (
  `ID_VALOR` int(18) NOT NULL AUTO_INCREMENT,
  `ID_TAG_AGF` int(18) DEFAULT NULL,
  `ID_EMPRESA` int(18) DEFAULT NULL,
  `ID_PERIODO` int(18) DEFAULT NULL,
  `tipo` varchar(10) COLLATE utf8_spanish2_ci NOT NULL DEFAULT 'TRIMESTRAL',
  `VALOR` double NOT NULL,
  `DT_MODIFICACION` datetime DEFAULT NULL,
  `origen` int(11) NOT NULL,
  PRIMARY KEY (`ID_VALOR`),
  KEY `ID_PERIODO` (`ID_PERIODO`),
  KEY `ID_TAG_AGF` (`ID_TAG_AGF`,`ID_EMPRESA`,`ID_PERIODO`)
) ENGINE=InnoDB  DEFAULT CHARSET=utf8 COLLATE=utf8_spanish2_ci AUTO_INCREMENT=3249 ;

--
-- Dumping data for table `valores`
--

INSERT INTO `valores` (`ID_VALOR`, `ID_TAG_AGF`, `ID_EMPRESA`, `ID_PERIODO`, `tipo`, `VALOR`, `DT_MODIFICACION`, `origen`) VALUES
(1, 267, 721, 13, 'TRIMESTRAL', 50, '1900-01-01 00:00:00', 1),
(2, 268, 721, 13, 'TRIMESTRAL', 100, '1900-01-01 00:00:00', 1),
(3, 267, 721, 14, 'TRIMESTRAL', 80, '1900-01-01 00:00:00', 1),
(4, 268, 721, 14, 'TRIMESTRAL', 120, '1900-01-01 00:00:00', 1),
(5, 267, 721, 15, 'TRIMESTRAL', 70, '1900-01-01 00:00:00', 1),
(6, 268, 721, 15, 'TRIMESTRAL', 110, '1900-01-01 00:00:00', 1),
(7, 267, 721, 16, 'TRIMESTRAL', 40, '1900-01-01 00:00:00', 1),
(8, 268, 721, 16, 'TRIMESTRAL', 100, '1900-01-01 00:00:00', 1),
(9, 267, 721, 1, 'TRIMESTRAL', 80, '1900-01-01 00:00:00', 1),
(10, 268, 721, 1, 'TRIMESTRAL', 90, '1900-01-01 00:00:00', 1),
(11, 267, 721, 2, 'TRIMESTRAL', 120, '1900-01-01 00:00:00', 1),
(12, 268, 721, 2, 'TRIMESTRAL', 60, '1900-01-01 00:00:00', 1),
(13, 267, 721, 3, 'TRIMESTRAL', 40, '1900-01-01 00:00:00', 1),
(14, 268, 721, 3, 'TRIMESTRAL', 80, '1900-01-01 00:00:00', 1),
(15, 267, 721, 4, 'TRIMESTRAL', 60, '1900-01-01 00:00:00', 1),
(16, 268, 721, 4, 'TRIMESTRAL', 150, '1900-01-01 00:00:00', 1),
(17, 267, 724, 13, 'TRIMESTRAL', 100, '1900-01-01 00:00:00', 1),
(18, 268, 724, 13, 'TRIMESTRAL', 50, '1900-01-01 00:00:00', 1),
(19, 267, 724, 14, 'TRIMESTRAL', 120, '1900-01-01 00:00:00', 1),
(20, 268, 724, 14, 'TRIMESTRAL', 80, '1900-01-01 00:00:00', 1),
(21, 267, 724, 15, 'TRIMESTRAL', 110, '1900-01-01 00:00:00', 1),
(22, 268, 724, 15, 'TRIMESTRAL', 70, '1900-01-01 00:00:00', 1),
(23, 267, 724, 16, 'TRIMESTRAL', 100, '1900-01-01 00:00:00', 1),
(24, 268, 724, 16, 'TRIMESTRAL', 40, '1900-01-01 00:00:00', 1),
(25, 267, 724, 1, 'TRIMESTRAL', 90, '1900-01-01 00:00:00', 1),
(26, 268, 724, 1, 'TRIMESTRAL', 80, '1900-01-01 00:00:00', 1),
(27, 267, 724, 2, 'TRIMESTRAL', 60, '1900-01-01 00:00:00', 1),
(28, 268, 724, 2, 'TRIMESTRAL', 120, '1900-01-01 00:00:00', 1),
(29, 267, 724, 3, 'TRIMESTRAL', 80, '1900-01-01 00:00:00', 1),
(30, 268, 724, 3, 'TRIMESTRAL', 40, '1900-01-01 00:00:00', 1),
(31, 267, 724, 4, 'TRIMESTRAL', 150, '1900-01-01 00:00:00', 1),
(32, 268, 724, 4, 'TRIMESTRAL', 60, '1900-01-01 00:00:00', 1),
(481, 269, 725, 13, 'TRIMESTRAL', 233542, NULL, 1),
(482, 269, 725, 14, 'TRIMESTRAL', 254770, NULL, 1),
(483, 269, 725, 15, 'TRIMESTRAL', 246159, NULL, 1),
(484, 269, 725, 16, 'TRIMESTRAL', 313263, NULL, 1),
(485, 269, 725, 1, 'TRIMESTRAL', 239524, NULL, 1),
(486, 269, 725, 2, 'TRIMESTRAL', 298623, NULL, 1),
(487, 269, 725, 3, 'TRIMESTRAL', 275302, NULL, 1),
(488, 269, 725, 4, 'TRIMESTRAL', 374579, NULL, 1),
(489, 269, 725, 5, 'TRIMESTRAL', 282887, NULL, 1),
(490, 269, 725, 6, 'TRIMESTRAL', 323310, NULL, 1),
(491, 269, 725, 7, 'TRIMESTRAL', 302521, NULL, 1),
(492, 269, 725, 8, 'TRIMESTRAL', 395808, NULL, 1),
(493, 269, 725, 9, 'TRIMESTRAL', 320630, NULL, 1),
(494, 269, 725, 10, 'TRIMESTRAL', 333045, NULL, 1),
(495, 269, 725, 11, 'TRIMESTRAL', 321947, NULL, 1),
(496, 269, 725, 12, 'TRIMESTRAL', 419376, NULL, 1),
(497, 269, 725, 28, 'TRIMESTRAL', 340662, NULL, 1),
(498, 269, 726, 13, 'TRIMESTRAL', 167280, NULL, 1),
(499, 269, 726, 14, 'TRIMESTRAL', 177713, NULL, 1),
(500, 269, 726, 15, 'TRIMESTRAL', 168046, NULL, 1),
(501, 269, 726, 16, 'TRIMESTRAL', 232725, NULL, 1),
(502, 269, 726, 1, 'TRIMESTRAL', 162751, NULL, 1),
(503, 269, 726, 2, 'TRIMESTRAL', 206590, NULL, 1),
(504, 269, 726, 3, 'TRIMESTRAL', 190009, NULL, 1),
(505, 269, 726, 4, 'TRIMESTRAL', 256034, NULL, 1),
(506, 269, 726, 5, 'TRIMESTRAL', 197796, NULL, 1),
(507, 269, 726, 6, 'TRIMESTRAL', 227685, NULL, 1),
(508, 269, 726, 7, 'TRIMESTRAL', 211603, NULL, 1),
(509, 269, 726, 8, 'TRIMESTRAL', 276250, NULL, 1),
(510, 269, 726, 9, 'TRIMESTRAL', 243087, NULL, 1),
(511, 269, 726, 10, 'TRIMESTRAL', 268116, NULL, 1),
(512, 269, 726, 11, 'TRIMESTRAL', 260445, NULL, 1),
(513, 269, 726, 12, 'TRIMESTRAL', 338153, NULL, 1),
(514, 269, 726, 28, 'TRIMESTRAL', 259031, NULL, 1),
(515, 269, 727, 13, 'TRIMESTRAL', 153558, NULL, 1),
(516, 269, 727, 14, 'TRIMESTRAL', 163183, NULL, 1),
(517, 269, 727, 15, 'TRIMESTRAL', 149899, NULL, 1),
(518, 269, 727, 16, 'TRIMESTRAL', 204105, NULL, 1),
(519, 269, 727, 1, 'TRIMESTRAL', 146943, NULL, 1),
(520, 269, 727, 2, 'TRIMESTRAL', 185685, NULL, 1),
(521, 269, 727, 3, 'TRIMESTRAL', 168268, NULL, 1),
(522, 269, 727, 4, 'TRIMESTRAL', 230886, NULL, 1),
(523, 269, 727, 5, 'TRIMESTRAL', 171694, NULL, 1),
(524, 269, 727, 6, 'TRIMESTRAL', 194699, NULL, 1),
(525, 269, 727, 7, 'TRIMESTRAL', 175379, NULL, 1),
(526, 269, 727, 8, 'TRIMESTRAL', 240846, NULL, 1),
(527, 269, 727, 9, 'TRIMESTRAL', 181959, NULL, 1),
(528, 269, 727, 10, 'TRIMESTRAL', 196529, NULL, 1),
(529, 269, 727, 11, 'TRIMESTRAL', 189933, NULL, 1),
(530, 269, 727, 12, 'TRIMESTRAL', 262762, NULL, 1),
(531, 269, 727, 28, 'TRIMESTRAL', 185161, NULL, 1),
(532, 269, 728, 1, 'TRIMESTRAL', 46561, NULL, 1),
(533, 269, 728, 2, 'TRIMESTRAL', 60811, NULL, 1),
(534, 269, 728, 3, 'TRIMESTRAL', 66874, NULL, 1),
(535, 269, 728, 4, 'TRIMESTRAL', 68830, NULL, 1),
(536, 269, 728, 5, 'TRIMESTRAL', 60297, NULL, 1),
(537, 269, 728, 6, 'TRIMESTRAL', 71891, NULL, 1),
(538, 269, 728, 7, 'TRIMESTRAL', 59426, NULL, 1),
(539, 269, 728, 8, 'TRIMESTRAL', 83423, NULL, 1),
(540, 269, 728, 9, 'TRIMESTRAL', 68002, NULL, 1),
(541, 269, 728, 10, 'TRIMESTRAL', 72012, NULL, 1),
(542, 269, 728, 11, 'TRIMESTRAL', 71332, NULL, 1),
(543, 269, 728, 12, 'TRIMESTRAL', 95113, NULL, 1),
(544, 269, 728, 28, 'TRIMESTRAL', 75063, NULL, 1),
(545, 269, 729, 8, 'TRIMESTRAL', 104093, NULL, 1),
(546, 269, 729, 9, 'TRIMESTRAL', 74686, NULL, 1),
(547, 269, 729, 10, 'TRIMESTRAL', 85098, NULL, 1),
(548, 269, 729, 11, 'TRIMESTRAL', 80213, NULL, 1),
(549, 269, 729, 12, 'TRIMESTRAL', 111933, NULL, 1),
(550, 269, 729, 28, 'TRIMESTRAL', 82991, NULL, 1),
(551, 269, 730, 13, 'TRIMESTRAL', 29510, NULL, 1),
(552, 269, 730, 14, 'TRIMESTRAL', 35315, NULL, 1),
(553, 269, 730, 15, 'TRIMESTRAL', 32630, NULL, 1),
(554, 269, 730, 16, 'TRIMESTRAL', 48906, NULL, 1),
(555, 269, 730, 1, 'TRIMESTRAL', 32223, NULL, 1),
(556, 269, 730, 2, 'TRIMESTRAL', 45917, NULL, 1),
(557, 269, 730, 3, 'TRIMESTRAL', 41370, NULL, 1),
(558, 269, 730, 4, 'TRIMESTRAL', 64401, NULL, 1),
(559, 269, 730, 5, 'TRIMESTRAL', 42968, NULL, 1),
(560, 269, 730, 6, 'TRIMESTRAL', 54256, NULL, 1),
(561, 269, 730, 7, 'TRIMESTRAL', 53014, NULL, 1),
(562, 269, 730, 8, 'TRIMESTRAL', 77275, NULL, 1),
(563, 269, 730, 9, 'TRIMESTRAL', 52444, NULL, 1),
(564, 269, 730, 10, 'TRIMESTRAL', 62514, NULL, 1),
(565, 269, 730, 11, 'TRIMESTRAL', 58831, NULL, 1),
(566, 269, 730, 12, 'TRIMESTRAL', 80041, NULL, 1),
(567, 269, 730, 28, 'TRIMESTRAL', 54081, NULL, 1),
(813, 162, 721, 1, 'TRIMESTRAL', 170, '0000-00-00 00:00:00', 2),
(814, 162, 721, 2, 'TRIMESTRAL', 180, '0000-00-00 00:00:00', 2),
(815, 162, 721, 3, 'TRIMESTRAL', 120, '0000-00-00 00:00:00', 2),
(816, 162, 721, 4, 'TRIMESTRAL', 210, '0000-00-00 00:00:00', 2),
(817, 162, 721, 13, 'TRIMESTRAL', 150, '0000-00-00 00:00:00', 2),
(818, 162, 721, 14, 'TRIMESTRAL', 200, '0000-00-00 00:00:00', 2),
(819, 162, 721, 15, 'TRIMESTRAL', 180, '0000-00-00 00:00:00', 2),
(820, 162, 721, 16, 'TRIMESTRAL', 140, '0000-00-00 00:00:00', 2),
(821, 162, 724, 1, 'TRIMESTRAL', 170, '0000-00-00 00:00:00', 2),
(822, 162, 724, 2, 'TRIMESTRAL', 180, '0000-00-00 00:00:00', 2),
(823, 162, 724, 3, 'TRIMESTRAL', 120, '0000-00-00 00:00:00', 2),
(824, 162, 724, 4, 'TRIMESTRAL', 210, '0000-00-00 00:00:00', 2),
(825, 162, 724, 13, 'TRIMESTRAL', 150, '0000-00-00 00:00:00', 2),
(826, 162, 724, 14, 'TRIMESTRAL', 200, '0000-00-00 00:00:00', 2),
(827, 162, 724, 15, 'TRIMESTRAL', 180, '0000-00-00 00:00:00', 2),
(828, 162, 724, 16, 'TRIMESTRAL', 140, '0000-00-00 00:00:00', 2),
(829, 163, 721, 1, 'TRIMESTRAL', 130, '0000-00-00 00:00:00', 2),
(830, 163, 721, 2, 'TRIMESTRAL', 100, '0000-00-00 00:00:00', 2),
(831, 163, 721, 3, 'TRIMESTRAL', 0, '0000-00-00 00:00:00', 2),
(832, 163, 721, 4, 'TRIMESTRAL', 170, '0000-00-00 00:00:00', 2),
(833, 163, 721, 13, 'TRIMESTRAL', 150, '0000-00-00 00:00:00', 2),
(834, 163, 721, 14, 'TRIMESTRAL', 150, '0000-00-00 00:00:00', 2),
(835, 163, 721, 15, 'TRIMESTRAL', 100, '0000-00-00 00:00:00', 2),
(836, 163, 721, 16, 'TRIMESTRAL', 70, '0000-00-00 00:00:00', 2),
(837, 163, 724, 1, 'TRIMESTRAL', 70, '0000-00-00 00:00:00', 2),
(838, 163, 724, 2, 'TRIMESTRAL', 90, '0000-00-00 00:00:00', 2),
(839, 163, 724, 3, 'TRIMESTRAL', 60, '0000-00-00 00:00:00', 2),
(840, 163, 724, 4, 'TRIMESTRAL', 130, '0000-00-00 00:00:00', 2),
(841, 163, 724, 13, 'TRIMESTRAL', 150, '0000-00-00 00:00:00', 2),
(842, 163, 724, 14, 'TRIMESTRAL', 100, '0000-00-00 00:00:00', 2),
(843, 163, 724, 15, 'TRIMESTRAL', 60, '0000-00-00 00:00:00', 2),
(844, 163, 724, 16, 'TRIMESTRAL', 30, '0000-00-00 00:00:00', 2),
(845, 165, 721, 1, 'TRIMESTRAL', 130, '0000-00-00 00:00:00', 2),
(846, 165, 721, 2, 'TRIMESTRAL', 100, '0000-00-00 00:00:00', 2),
(847, 165, 721, 3, 'TRIMESTRAL', 0, '0000-00-00 00:00:00', 2),
(848, 165, 721, 4, 'TRIMESTRAL', 170, '0000-00-00 00:00:00', 2),
(849, 165, 721, 13, 'TRIMESTRAL', 150, '0000-00-00 00:00:00', 2),
(850, 165, 721, 14, 'TRIMESTRAL', 150, '0000-00-00 00:00:00', 2),
(851, 165, 721, 15, 'TRIMESTRAL', 100, '0000-00-00 00:00:00', 2),
(852, 165, 721, 16, 'TRIMESTRAL', 70, '0000-00-00 00:00:00', 2),
(853, 165, 724, 1, 'TRIMESTRAL', 70, '0000-00-00 00:00:00', 2),
(854, 165, 724, 2, 'TRIMESTRAL', 90, '0000-00-00 00:00:00', 2),
(855, 165, 724, 3, 'TRIMESTRAL', 60, '0000-00-00 00:00:00', 2),
(856, 165, 724, 4, 'TRIMESTRAL', 130, '0000-00-00 00:00:00', 2),
(857, 165, 724, 13, 'TRIMESTRAL', 150, '0000-00-00 00:00:00', 2),
(858, 165, 724, 14, 'TRIMESTRAL', 100, '0000-00-00 00:00:00', 2),
(859, 165, 724, 15, 'TRIMESTRAL', 60, '0000-00-00 00:00:00', 2),
(860, 165, 724, 16, 'TRIMESTRAL', 30, '0000-00-00 00:00:00', 2),
(861, 166, 721, 1, 'TRIMESTRAL', 130, '0000-00-00 00:00:00', 2),
(862, 166, 721, 2, 'TRIMESTRAL', 100, '0000-00-00 00:00:00', 2),
(863, 166, 721, 3, 'TRIMESTRAL', 0, '0000-00-00 00:00:00', 2),
(864, 166, 721, 4, 'TRIMESTRAL', 170, '0000-00-00 00:00:00', 2),
(865, 166, 721, 13, 'TRIMESTRAL', 150, '0000-00-00 00:00:00', 2),
(866, 166, 721, 14, 'TRIMESTRAL', 150, '0000-00-00 00:00:00', 2),
(867, 166, 721, 15, 'TRIMESTRAL', 100, '0000-00-00 00:00:00', 2),
(868, 166, 721, 16, 'TRIMESTRAL', 70, '0000-00-00 00:00:00', 2),
(869, 166, 724, 1, 'TRIMESTRAL', 70, '0000-00-00 00:00:00', 2),
(870, 166, 724, 2, 'TRIMESTRAL', 90, '0000-00-00 00:00:00', 2),
(871, 166, 724, 3, 'TRIMESTRAL', 60, '0000-00-00 00:00:00', 2),
(872, 166, 724, 4, 'TRIMESTRAL', 130, '0000-00-00 00:00:00', 2),
(873, 166, 724, 13, 'TRIMESTRAL', 150, '0000-00-00 00:00:00', 2),
(874, 166, 724, 14, 'TRIMESTRAL', 100, '0000-00-00 00:00:00', 2),
(875, 166, 724, 15, 'TRIMESTRAL', 60, '0000-00-00 00:00:00', 2),
(876, 166, 724, 16, 'TRIMESTRAL', 30, '0000-00-00 00:00:00', 2),
(877, 169, 721, 1, 'TRIMESTRAL', 130, '0000-00-00 00:00:00', 2),
(878, 169, 721, 2, 'TRIMESTRAL', 100, '0000-00-00 00:00:00', 2),
(879, 169, 721, 3, 'TRIMESTRAL', 0, '0000-00-00 00:00:00', 2),
(880, 169, 721, 4, 'TRIMESTRAL', 170, '0000-00-00 00:00:00', 2),
(881, 169, 721, 13, 'TRIMESTRAL', 150, '0000-00-00 00:00:00', 2),
(882, 169, 721, 14, 'TRIMESTRAL', 150, '0000-00-00 00:00:00', 2),
(883, 169, 721, 15, 'TRIMESTRAL', 100, '0000-00-00 00:00:00', 2),
(884, 169, 721, 16, 'TRIMESTRAL', 70, '0000-00-00 00:00:00', 2),
(885, 169, 724, 1, 'TRIMESTRAL', 70, '0000-00-00 00:00:00', 2),
(886, 169, 724, 2, 'TRIMESTRAL', 90, '0000-00-00 00:00:00', 2),
(887, 169, 724, 3, 'TRIMESTRAL', 60, '0000-00-00 00:00:00', 2),
(888, 169, 724, 4, 'TRIMESTRAL', 130, '0000-00-00 00:00:00', 2),
(889, 169, 724, 13, 'TRIMESTRAL', 150, '0000-00-00 00:00:00', 2),
(890, 169, 724, 14, 'TRIMESTRAL', 100, '0000-00-00 00:00:00', 2),
(891, 169, 724, 15, 'TRIMESTRAL', 60, '0000-00-00 00:00:00', 2),
(892, 169, 724, 16, 'TRIMESTRAL', 30, '0000-00-00 00:00:00', 2),
(893, 170, 721, 1, 'TRIMESTRAL', 170, '0000-00-00 00:00:00', 2),
(894, 170, 721, 2, 'TRIMESTRAL', 180, '0000-00-00 00:00:00', 2),
(895, 170, 721, 3, 'TRIMESTRAL', 120, '0000-00-00 00:00:00', 2),
(896, 170, 721, 4, 'TRIMESTRAL', 210, '0000-00-00 00:00:00', 2),
(897, 170, 721, 13, 'TRIMESTRAL', 150, '0000-00-00 00:00:00', 2),
(898, 170, 721, 14, 'TRIMESTRAL', 200, '0000-00-00 00:00:00', 2),
(899, 170, 721, 15, 'TRIMESTRAL', 180, '0000-00-00 00:00:00', 2),
(900, 170, 721, 16, 'TRIMESTRAL', 140, '0000-00-00 00:00:00', 2),
(901, 170, 724, 1, 'TRIMESTRAL', 170, '0000-00-00 00:00:00', 2),
(902, 170, 724, 2, 'TRIMESTRAL', 180, '0000-00-00 00:00:00', 2),
(903, 170, 724, 3, 'TRIMESTRAL', 120, '0000-00-00 00:00:00', 2),
(904, 170, 724, 4, 'TRIMESTRAL', 210, '0000-00-00 00:00:00', 2),
(905, 170, 724, 13, 'TRIMESTRAL', 150, '0000-00-00 00:00:00', 2),
(906, 170, 724, 14, 'TRIMESTRAL', 200, '0000-00-00 00:00:00', 2),
(907, 170, 724, 15, 'TRIMESTRAL', 180, '0000-00-00 00:00:00', 2),
(908, 170, 724, 16, 'TRIMESTRAL', 140, '0000-00-00 00:00:00', 2),
(909, 183, 721, 1, 'TRIMESTRAL', 0, '0000-00-00 00:00:00', 2),
(910, 183, 724, 1, 'TRIMESTRAL', 0, '0000-00-00 00:00:00', 2),
(911, 183, 725, 1, 'TRIMESTRAL', 0, '0000-00-00 00:00:00', 2),
(912, 183, 726, 1, 'TRIMESTRAL', 0, '0000-00-00 00:00:00', 2),
(913, 183, 727, 1, 'TRIMESTRAL', 0, '0000-00-00 00:00:00', 2),
(914, 183, 728, 1, 'TRIMESTRAL', 0, '0000-00-00 00:00:00', 2),
(915, 183, 730, 1, 'TRIMESTRAL', 0, '0000-00-00 00:00:00', 2),
(916, 183, 729, 1, 'TRIMESTRAL', 0, '0000-00-00 00:00:00', 2),
(917, 183, 731, 1, 'TRIMESTRAL', 0, '0000-00-00 00:00:00', 2),
(918, 183, 732, 1, 'TRIMESTRAL', 0, '0000-00-00 00:00:00', 2),
(919, 183, 721, 2, 'TRIMESTRAL', 0, '0000-00-00 00:00:00', 2),
(920, 183, 724, 2, 'TRIMESTRAL', 0, '0000-00-00 00:00:00', 2),
(921, 183, 725, 2, 'TRIMESTRAL', 0, '0000-00-00 00:00:00', 2),
(922, 183, 726, 2, 'TRIMESTRAL', 0, '0000-00-00 00:00:00', 2),
(923, 183, 727, 2, 'TRIMESTRAL', 0, '0000-00-00 00:00:00', 2),
(924, 183, 728, 2, 'TRIMESTRAL', 0, '0000-00-00 00:00:00', 2),
(925, 183, 730, 2, 'TRIMESTRAL', 0, '0000-00-00 00:00:00', 2),
(926, 183, 729, 2, 'TRIMESTRAL', 0, '0000-00-00 00:00:00', 2),
(927, 183, 731, 2, 'TRIMESTRAL', 0, '0000-00-00 00:00:00', 2),
(928, 183, 732, 2, 'TRIMESTRAL', 0, '0000-00-00 00:00:00', 2),
(929, 183, 721, 3, 'TRIMESTRAL', 0, '0000-00-00 00:00:00', 2),
(930, 183, 724, 3, 'TRIMESTRAL', 0, '0000-00-00 00:00:00', 2),
(931, 183, 725, 3, 'TRIMESTRAL', 0, '0000-00-00 00:00:00', 2),
(932, 183, 726, 3, 'TRIMESTRAL', 0, '0000-00-00 00:00:00', 2),
(933, 183, 727, 3, 'TRIMESTRAL', 0, '0000-00-00 00:00:00', 2),
(934, 183, 728, 3, 'TRIMESTRAL', 0, '0000-00-00 00:00:00', 2),
(935, 183, 730, 3, 'TRIMESTRAL', 0, '0000-00-00 00:00:00', 2),
(936, 183, 729, 3, 'TRIMESTRAL', 0, '0000-00-00 00:00:00', 2),
(937, 183, 731, 3, 'TRIMESTRAL', 0, '0000-00-00 00:00:00', 2),
(938, 183, 732, 3, 'TRIMESTRAL', 0, '0000-00-00 00:00:00', 2),
(939, 183, 721, 4, 'TRIMESTRAL', 0, '0000-00-00 00:00:00', 2),
(940, 183, 724, 4, 'TRIMESTRAL', 0, '0000-00-00 00:00:00', 2),
(941, 183, 725, 4, 'TRIMESTRAL', 0, '0000-00-00 00:00:00', 2),
(942, 183, 726, 4, 'TRIMESTRAL', 0, '0000-00-00 00:00:00', 2),
(943, 183, 727, 4, 'TRIMESTRAL', 0, '0000-00-00 00:00:00', 2),
(944, 183, 728, 4, 'TRIMESTRAL', 0, '0000-00-00 00:00:00', 2),
(945, 183, 730, 4, 'TRIMESTRAL', 0, '0000-00-00 00:00:00', 2),
(946, 183, 729, 4, 'TRIMESTRAL', 0, '0000-00-00 00:00:00', 2),
(947, 183, 731, 4, 'TRIMESTRAL', 0, '0000-00-00 00:00:00', 2),
(948, 183, 732, 4, 'TRIMESTRAL', 0, '0000-00-00 00:00:00', 2),
(949, 183, 725, 5, 'TRIMESTRAL', 0, '0000-00-00 00:00:00', 2),
(950, 183, 726, 5, 'TRIMESTRAL', 0, '0000-00-00 00:00:00', 2),
(951, 183, 727, 5, 'TRIMESTRAL', 0, '0000-00-00 00:00:00', 2),
(952, 183, 728, 5, 'TRIMESTRAL', 0, '0000-00-00 00:00:00', 2),
(953, 183, 730, 5, 'TRIMESTRAL', 0, '0000-00-00 00:00:00', 2),
(954, 183, 729, 5, 'TRIMESTRAL', 0, '0000-00-00 00:00:00', 2),
(955, 183, 731, 5, 'TRIMESTRAL', 0, '0000-00-00 00:00:00', 2),
(956, 183, 732, 5, 'TRIMESTRAL', 0, '0000-00-00 00:00:00', 2),
(957, 183, 725, 6, 'TRIMESTRAL', 0, '0000-00-00 00:00:00', 2),
(958, 183, 726, 6, 'TRIMESTRAL', 0, '0000-00-00 00:00:00', 2),
(959, 183, 727, 6, 'TRIMESTRAL', 0, '0000-00-00 00:00:00', 2),
(960, 183, 728, 6, 'TRIMESTRAL', 0, '0000-00-00 00:00:00', 2),
(961, 183, 730, 6, 'TRIMESTRAL', 0, '0000-00-00 00:00:00', 2),
(962, 183, 729, 6, 'TRIMESTRAL', 0, '0000-00-00 00:00:00', 2),
(963, 183, 731, 6, 'TRIMESTRAL', 0, '0000-00-00 00:00:00', 2),
(964, 183, 732, 6, 'TRIMESTRAL', 0, '0000-00-00 00:00:00', 2),
(965, 183, 725, 7, 'TRIMESTRAL', 0, '0000-00-00 00:00:00', 2),
(966, 183, 726, 7, 'TRIMESTRAL', 0, '0000-00-00 00:00:00', 2),
(967, 183, 727, 7, 'TRIMESTRAL', 0, '0000-00-00 00:00:00', 2),
(968, 183, 728, 7, 'TRIMESTRAL', 0, '0000-00-00 00:00:00', 2),
(969, 183, 730, 7, 'TRIMESTRAL', 0, '0000-00-00 00:00:00', 2),
(970, 183, 729, 7, 'TRIMESTRAL', 0, '0000-00-00 00:00:00', 2),
(971, 183, 731, 7, 'TRIMESTRAL', 0, '0000-00-00 00:00:00', 2),
(972, 183, 732, 7, 'TRIMESTRAL', 0, '0000-00-00 00:00:00', 2),
(973, 183, 725, 8, 'TRIMESTRAL', 0, '0000-00-00 00:00:00', 2),
(974, 183, 726, 8, 'TRIMESTRAL', 0, '0000-00-00 00:00:00', 2),
(975, 183, 727, 8, 'TRIMESTRAL', 0, '0000-00-00 00:00:00', 2),
(976, 183, 728, 8, 'TRIMESTRAL', 0, '0000-00-00 00:00:00', 2),
(977, 183, 729, 8, 'TRIMESTRAL', 0, '0000-00-00 00:00:00', 2),
(978, 183, 730, 8, 'TRIMESTRAL', 0, '0000-00-00 00:00:00', 2),
(979, 183, 731, 8, 'TRIMESTRAL', 0, '0000-00-00 00:00:00', 2),
(980, 183, 732, 8, 'TRIMESTRAL', 0, '0000-00-00 00:00:00', 2),
(981, 183, 725, 9, 'TRIMESTRAL', 0, '0000-00-00 00:00:00', 2),
(982, 183, 726, 9, 'TRIMESTRAL', 0, '0000-00-00 00:00:00', 2),
(983, 183, 727, 9, 'TRIMESTRAL', 0, '0000-00-00 00:00:00', 2),
(984, 183, 728, 9, 'TRIMESTRAL', 0, '0000-00-00 00:00:00', 2),
(985, 183, 729, 9, 'TRIMESTRAL', 0, '0000-00-00 00:00:00', 2),
(986, 183, 730, 9, 'TRIMESTRAL', 0, '0000-00-00 00:00:00', 2),
(987, 183, 731, 9, 'TRIMESTRAL', 0, '0000-00-00 00:00:00', 2),
(988, 183, 732, 9, 'TRIMESTRAL', 0, '0000-00-00 00:00:00', 2),
(989, 183, 725, 10, 'TRIMESTRAL', 0, '0000-00-00 00:00:00', 2),
(990, 183, 726, 10, 'TRIMESTRAL', 0, '0000-00-00 00:00:00', 2),
(991, 183, 727, 10, 'TRIMESTRAL', 0, '0000-00-00 00:00:00', 2),
(992, 183, 728, 10, 'TRIMESTRAL', 0, '0000-00-00 00:00:00', 2),
(993, 183, 729, 10, 'TRIMESTRAL', 0, '0000-00-00 00:00:00', 2),
(994, 183, 730, 10, 'TRIMESTRAL', 0, '0000-00-00 00:00:00', 2),
(995, 183, 731, 10, 'TRIMESTRAL', 0, '0000-00-00 00:00:00', 2),
(996, 183, 732, 10, 'TRIMESTRAL', 0, '0000-00-00 00:00:00', 2),
(997, 183, 725, 11, 'TRIMESTRAL', 0, '0000-00-00 00:00:00', 2),
(998, 183, 726, 11, 'TRIMESTRAL', 0, '0000-00-00 00:00:00', 2),
(999, 183, 727, 11, 'TRIMESTRAL', 0, '0000-00-00 00:00:00', 2),
(1000, 183, 728, 11, 'TRIMESTRAL', 0, '0000-00-00 00:00:00', 2),
(1001, 183, 729, 11, 'TRIMESTRAL', 0, '0000-00-00 00:00:00', 2),
(1002, 183, 730, 11, 'TRIMESTRAL', 0, '0000-00-00 00:00:00', 2),
(1003, 183, 731, 11, 'TRIMESTRAL', 0, '0000-00-00 00:00:00', 2),
(1004, 183, 732, 11, 'TRIMESTRAL', 0, '0000-00-00 00:00:00', 2),
(1005, 183, 725, 12, 'TRIMESTRAL', 0, '0000-00-00 00:00:00', 2),
(1006, 183, 726, 12, 'TRIMESTRAL', 0, '0000-00-00 00:00:00', 2),
(1007, 183, 727, 12, 'TRIMESTRAL', 0, '0000-00-00 00:00:00', 2),
(1008, 183, 728, 12, 'TRIMESTRAL', 0, '0000-00-00 00:00:00', 2),
(1009, 183, 729, 12, 'TRIMESTRAL', 0, '0000-00-00 00:00:00', 2),
(1010, 183, 730, 12, 'TRIMESTRAL', 0, '0000-00-00 00:00:00', 2),
(1011, 183, 731, 12, 'TRIMESTRAL', 0, '0000-00-00 00:00:00', 2),
(1012, 183, 732, 12, 'TRIMESTRAL', 0, '0000-00-00 00:00:00', 2),
(1013, 183, 721, 13, 'TRIMESTRAL', 0, '0000-00-00 00:00:00', 2),
(1014, 183, 724, 13, 'TRIMESTRAL', 0, '0000-00-00 00:00:00', 2),
(1015, 183, 725, 13, 'TRIMESTRAL', 0, '0000-00-00 00:00:00', 2),
(1016, 183, 726, 13, 'TRIMESTRAL', 0, '0000-00-00 00:00:00', 2),
(1017, 183, 727, 13, 'TRIMESTRAL', 0, '0000-00-00 00:00:00', 2),
(1018, 183, 730, 13, 'TRIMESTRAL', 0, '0000-00-00 00:00:00', 2),
(1019, 183, 728, 13, 'TRIMESTRAL', 0, '0000-00-00 00:00:00', 2),
(1020, 183, 729, 13, 'TRIMESTRAL', 0, '0000-00-00 00:00:00', 2),
(1021, 183, 731, 13, 'TRIMESTRAL', 0, '0000-00-00 00:00:00', 2),
(1022, 183, 732, 13, 'TRIMESTRAL', 0, '0000-00-00 00:00:00', 2),
(1023, 183, 721, 14, 'TRIMESTRAL', 0, '0000-00-00 00:00:00', 2),
(1024, 183, 724, 14, 'TRIMESTRAL', 0, '0000-00-00 00:00:00', 2),
(1025, 183, 725, 14, 'TRIMESTRAL', 0, '0000-00-00 00:00:00', 2),
(1026, 183, 726, 14, 'TRIMESTRAL', 0, '0000-00-00 00:00:00', 2),
(1027, 183, 727, 14, 'TRIMESTRAL', 0, '0000-00-00 00:00:00', 2),
(1028, 183, 730, 14, 'TRIMESTRAL', 0, '0000-00-00 00:00:00', 2),
(1029, 183, 728, 14, 'TRIMESTRAL', 0, '0000-00-00 00:00:00', 2),
(1030, 183, 729, 14, 'TRIMESTRAL', 0, '0000-00-00 00:00:00', 2),
(1031, 183, 731, 14, 'TRIMESTRAL', 0, '0000-00-00 00:00:00', 2),
(1032, 183, 732, 14, 'TRIMESTRAL', 0, '0000-00-00 00:00:00', 2),
(1033, 183, 721, 15, 'TRIMESTRAL', 0, '0000-00-00 00:00:00', 2),
(1034, 183, 724, 15, 'TRIMESTRAL', 0, '0000-00-00 00:00:00', 2),
(1035, 183, 725, 15, 'TRIMESTRAL', 0, '0000-00-00 00:00:00', 2),
(1036, 183, 726, 15, 'TRIMESTRAL', 0, '0000-00-00 00:00:00', 2),
(1037, 183, 727, 15, 'TRIMESTRAL', 0, '0000-00-00 00:00:00', 2),
(1038, 183, 730, 15, 'TRIMESTRAL', 0, '0000-00-00 00:00:00', 2),
(1039, 183, 728, 15, 'TRIMESTRAL', 0, '0000-00-00 00:00:00', 2),
(1040, 183, 729, 15, 'TRIMESTRAL', 0, '0000-00-00 00:00:00', 2),
(1041, 183, 731, 15, 'TRIMESTRAL', 0, '0000-00-00 00:00:00', 2),
(1042, 183, 732, 15, 'TRIMESTRAL', 0, '0000-00-00 00:00:00', 2),
(1043, 183, 721, 16, 'TRIMESTRAL', 0, '0000-00-00 00:00:00', 2),
(1044, 183, 724, 16, 'TRIMESTRAL', 0, '0000-00-00 00:00:00', 2),
(1045, 183, 725, 16, 'TRIMESTRAL', 0, '0000-00-00 00:00:00', 2),
(1046, 183, 726, 16, 'TRIMESTRAL', 0, '0000-00-00 00:00:00', 2),
(1047, 183, 727, 16, 'TRIMESTRAL', 0, '0000-00-00 00:00:00', 2),
(1048, 183, 730, 16, 'TRIMESTRAL', 0, '0000-00-00 00:00:00', 2),
(1049, 183, 728, 16, 'TRIMESTRAL', 0, '0000-00-00 00:00:00', 2),
(1050, 183, 731, 16, 'TRIMESTRAL', 0, '0000-00-00 00:00:00', 2),
(1051, 183, 729, 16, 'TRIMESTRAL', 0, '0000-00-00 00:00:00', 2),
(1052, 183, 732, 16, 'TRIMESTRAL', 0, '0000-00-00 00:00:00', 2),
(1053, 183, 725, 28, 'TRIMESTRAL', 0, '0000-00-00 00:00:00', 2),
(1054, 183, 726, 28, 'TRIMESTRAL', 0, '0000-00-00 00:00:00', 2),
(1055, 183, 727, 28, 'TRIMESTRAL', 0, '0000-00-00 00:00:00', 2),
(1056, 183, 728, 28, 'TRIMESTRAL', 0, '0000-00-00 00:00:00', 2),
(1057, 183, 729, 28, 'TRIMESTRAL', 0, '0000-00-00 00:00:00', 2),
(1058, 183, 730, 28, 'TRIMESTRAL', 0, '0000-00-00 00:00:00', 2),
(1059, 183, 731, 28, 'TRIMESTRAL', 0, '0000-00-00 00:00:00', 2),
(1060, 183, 732, 28, 'TRIMESTRAL', 0, '0000-00-00 00:00:00', 2),
(1061, 184, 721, 1, 'TRIMESTRAL', 0, '0000-00-00 00:00:00', 2),
(1062, 184, 724, 1, 'TRIMESTRAL', 0, '0000-00-00 00:00:00', 2),
(1063, 184, 725, 1, 'TRIMESTRAL', 0, '0000-00-00 00:00:00', 2),
(1064, 184, 726, 1, 'TRIMESTRAL', 0, '0000-00-00 00:00:00', 2),
(1065, 184, 727, 1, 'TRIMESTRAL', 0, '0000-00-00 00:00:00', 2),
(1066, 184, 728, 1, 'TRIMESTRAL', 0, '0000-00-00 00:00:00', 2),
(1067, 184, 730, 1, 'TRIMESTRAL', 0, '0000-00-00 00:00:00', 2),
(1068, 184, 729, 1, 'TRIMESTRAL', 0, '0000-00-00 00:00:00', 2),
(1069, 184, 731, 1, 'TRIMESTRAL', 0, '0000-00-00 00:00:00', 2),
(1070, 184, 732, 1, 'TRIMESTRAL', 0, '0000-00-00 00:00:00', 2),
(1071, 184, 721, 2, 'TRIMESTRAL', 0, '0000-00-00 00:00:00', 2),
(1072, 184, 724, 2, 'TRIMESTRAL', 0, '0000-00-00 00:00:00', 2),
(1073, 184, 725, 2, 'TRIMESTRAL', 0, '0000-00-00 00:00:00', 2),
(1074, 184, 726, 2, 'TRIMESTRAL', 0, '0000-00-00 00:00:00', 2),
(1075, 184, 727, 2, 'TRIMESTRAL', 0, '0000-00-00 00:00:00', 2),
(1076, 184, 728, 2, 'TRIMESTRAL', 0, '0000-00-00 00:00:00', 2),
(1077, 184, 730, 2, 'TRIMESTRAL', 0, '0000-00-00 00:00:00', 2),
(1078, 184, 729, 2, 'TRIMESTRAL', 0, '0000-00-00 00:00:00', 2),
(1079, 184, 731, 2, 'TRIMESTRAL', 0, '0000-00-00 00:00:00', 2),
(1080, 184, 732, 2, 'TRIMESTRAL', 0, '0000-00-00 00:00:00', 2),
(1081, 184, 721, 3, 'TRIMESTRAL', 0, '0000-00-00 00:00:00', 2),
(1082, 184, 724, 3, 'TRIMESTRAL', 0, '0000-00-00 00:00:00', 2),
(1083, 184, 725, 3, 'TRIMESTRAL', 0, '0000-00-00 00:00:00', 2),
(1084, 184, 726, 3, 'TRIMESTRAL', 0, '0000-00-00 00:00:00', 2),
(1085, 184, 727, 3, 'TRIMESTRAL', 0, '0000-00-00 00:00:00', 2),
(1086, 184, 728, 3, 'TRIMESTRAL', 0, '0000-00-00 00:00:00', 2),
(1087, 184, 730, 3, 'TRIMESTRAL', 0, '0000-00-00 00:00:00', 2),
(1088, 184, 729, 3, 'TRIMESTRAL', 0, '0000-00-00 00:00:00', 2),
(1089, 184, 731, 3, 'TRIMESTRAL', 0, '0000-00-00 00:00:00', 2),
(1090, 184, 732, 3, 'TRIMESTRAL', 0, '0000-00-00 00:00:00', 2),
(1091, 184, 721, 4, 'TRIMESTRAL', 0, '0000-00-00 00:00:00', 2),
(1092, 184, 724, 4, 'TRIMESTRAL', 0, '0000-00-00 00:00:00', 2),
(1093, 184, 725, 4, 'TRIMESTRAL', 0, '0000-00-00 00:00:00', 2),
(1094, 184, 726, 4, 'TRIMESTRAL', 0, '0000-00-00 00:00:00', 2),
(1095, 184, 727, 4, 'TRIMESTRAL', 0, '0000-00-00 00:00:00', 2),
(1096, 184, 728, 4, 'TRIMESTRAL', 0, '0000-00-00 00:00:00', 2),
(1097, 184, 730, 4, 'TRIMESTRAL', 0, '0000-00-00 00:00:00', 2),
(1098, 184, 729, 4, 'TRIMESTRAL', 0, '0000-00-00 00:00:00', 2),
(1099, 184, 731, 4, 'TRIMESTRAL', 0, '0000-00-00 00:00:00', 2),
(1100, 184, 732, 4, 'TRIMESTRAL', 0, '0000-00-00 00:00:00', 2),
(1101, 184, 725, 5, 'TRIMESTRAL', 0, '0000-00-00 00:00:00', 2),
(1102, 184, 726, 5, 'TRIMESTRAL', 0, '0000-00-00 00:00:00', 2),
(1103, 184, 727, 5, 'TRIMESTRAL', 0, '0000-00-00 00:00:00', 2),
(1104, 184, 728, 5, 'TRIMESTRAL', 0, '0000-00-00 00:00:00', 2),
(1105, 184, 730, 5, 'TRIMESTRAL', 0, '0000-00-00 00:00:00', 2),
(1106, 184, 729, 5, 'TRIMESTRAL', 0, '0000-00-00 00:00:00', 2),
(1107, 184, 731, 5, 'TRIMESTRAL', 0, '0000-00-00 00:00:00', 2),
(1108, 184, 732, 5, 'TRIMESTRAL', 0, '0000-00-00 00:00:00', 2),
(1109, 184, 725, 6, 'TRIMESTRAL', 0, '0000-00-00 00:00:00', 2),
(1110, 184, 726, 6, 'TRIMESTRAL', 0, '0000-00-00 00:00:00', 2),
(1111, 184, 727, 6, 'TRIMESTRAL', 0, '0000-00-00 00:00:00', 2),
(1112, 184, 728, 6, 'TRIMESTRAL', 0, '0000-00-00 00:00:00', 2),
(1113, 184, 730, 6, 'TRIMESTRAL', 0, '0000-00-00 00:00:00', 2),
(1114, 184, 729, 6, 'TRIMESTRAL', 0, '0000-00-00 00:00:00', 2),
(1115, 184, 731, 6, 'TRIMESTRAL', 0, '0000-00-00 00:00:00', 2),
(1116, 184, 732, 6, 'TRIMESTRAL', 0, '0000-00-00 00:00:00', 2),
(1117, 184, 725, 7, 'TRIMESTRAL', 0, '0000-00-00 00:00:00', 2),
(1118, 184, 726, 7, 'TRIMESTRAL', 0, '0000-00-00 00:00:00', 2),
(1119, 184, 727, 7, 'TRIMESTRAL', 0, '0000-00-00 00:00:00', 2),
(1120, 184, 728, 7, 'TRIMESTRAL', 0, '0000-00-00 00:00:00', 2),
(1121, 184, 730, 7, 'TRIMESTRAL', 0, '0000-00-00 00:00:00', 2),
(1122, 184, 729, 7, 'TRIMESTRAL', 0, '0000-00-00 00:00:00', 2),
(1123, 184, 731, 7, 'TRIMESTRAL', 0, '0000-00-00 00:00:00', 2),
(1124, 184, 732, 7, 'TRIMESTRAL', 0, '0000-00-00 00:00:00', 2),
(1125, 184, 725, 8, 'TRIMESTRAL', 0, '0000-00-00 00:00:00', 2),
(1126, 184, 726, 8, 'TRIMESTRAL', 0, '0000-00-00 00:00:00', 2),
(1127, 184, 727, 8, 'TRIMESTRAL', 0, '0000-00-00 00:00:00', 2),
(1128, 184, 728, 8, 'TRIMESTRAL', 0, '0000-00-00 00:00:00', 2),
(1129, 184, 729, 8, 'TRIMESTRAL', 0, '0000-00-00 00:00:00', 2),
(1130, 184, 730, 8, 'TRIMESTRAL', 0, '0000-00-00 00:00:00', 2),
(1131, 184, 731, 8, 'TRIMESTRAL', 0, '0000-00-00 00:00:00', 2),
(1132, 184, 732, 8, 'TRIMESTRAL', 0, '0000-00-00 00:00:00', 2),
(1133, 184, 725, 9, 'TRIMESTRAL', 0, '0000-00-00 00:00:00', 2),
(1134, 184, 726, 9, 'TRIMESTRAL', 0, '0000-00-00 00:00:00', 2),
(1135, 184, 727, 9, 'TRIMESTRAL', 0, '0000-00-00 00:00:00', 2),
(1136, 184, 728, 9, 'TRIMESTRAL', 0, '0000-00-00 00:00:00', 2),
(1137, 184, 729, 9, 'TRIMESTRAL', 0, '0000-00-00 00:00:00', 2),
(1138, 184, 730, 9, 'TRIMESTRAL', 0, '0000-00-00 00:00:00', 2),
(1139, 184, 731, 9, 'TRIMESTRAL', 0, '0000-00-00 00:00:00', 2),
(1140, 184, 732, 9, 'TRIMESTRAL', 0, '0000-00-00 00:00:00', 2),
(1141, 184, 725, 10, 'TRIMESTRAL', 0, '0000-00-00 00:00:00', 2),
(1142, 184, 726, 10, 'TRIMESTRAL', 0, '0000-00-00 00:00:00', 2),
(1143, 184, 727, 10, 'TRIMESTRAL', 0, '0000-00-00 00:00:00', 2),
(1144, 184, 728, 10, 'TRIMESTRAL', 0, '0000-00-00 00:00:00', 2),
(1145, 184, 729, 10, 'TRIMESTRAL', 0, '0000-00-00 00:00:00', 2),
(1146, 184, 730, 10, 'TRIMESTRAL', 0, '0000-00-00 00:00:00', 2),
(1147, 184, 731, 10, 'TRIMESTRAL', 0, '0000-00-00 00:00:00', 2),
(1148, 184, 732, 10, 'TRIMESTRAL', 0, '0000-00-00 00:00:00', 2),
(1149, 184, 725, 11, 'TRIMESTRAL', 0, '0000-00-00 00:00:00', 2),
(1150, 184, 726, 11, 'TRIMESTRAL', 0, '0000-00-00 00:00:00', 2),
(1151, 184, 727, 11, 'TRIMESTRAL', 0, '0000-00-00 00:00:00', 2),
(1152, 184, 728, 11, 'TRIMESTRAL', 0, '0000-00-00 00:00:00', 2),
(1153, 184, 729, 11, 'TRIMESTRAL', 0, '0000-00-00 00:00:00', 2),
(1154, 184, 730, 11, 'TRIMESTRAL', 0, '0000-00-00 00:00:00', 2),
(1155, 184, 731, 11, 'TRIMESTRAL', 0, '0000-00-00 00:00:00', 2),
(1156, 184, 732, 11, 'TRIMESTRAL', 0, '0000-00-00 00:00:00', 2),
(1157, 184, 725, 12, 'TRIMESTRAL', 0, '0000-00-00 00:00:00', 2),
(1158, 184, 726, 12, 'TRIMESTRAL', 0, '0000-00-00 00:00:00', 2),
(1159, 184, 727, 12, 'TRIMESTRAL', 0, '0000-00-00 00:00:00', 2),
(1160, 184, 728, 12, 'TRIMESTRAL', 0, '0000-00-00 00:00:00', 2),
(1161, 184, 729, 12, 'TRIMESTRAL', 0, '0000-00-00 00:00:00', 2),
(1162, 184, 730, 12, 'TRIMESTRAL', 0, '0000-00-00 00:00:00', 2),
(1163, 184, 731, 12, 'TRIMESTRAL', 0, '0000-00-00 00:00:00', 2),
(1164, 184, 732, 12, 'TRIMESTRAL', 0, '0000-00-00 00:00:00', 2),
(1165, 184, 721, 13, 'TRIMESTRAL', 0, '0000-00-00 00:00:00', 2),
(1166, 184, 724, 13, 'TRIMESTRAL', 0, '0000-00-00 00:00:00', 2),
(1167, 184, 725, 13, 'TRIMESTRAL', 0, '0000-00-00 00:00:00', 2),
(1168, 184, 726, 13, 'TRIMESTRAL', 0, '0000-00-00 00:00:00', 2),
(1169, 184, 727, 13, 'TRIMESTRAL', 0, '0000-00-00 00:00:00', 2),
(1170, 184, 730, 13, 'TRIMESTRAL', 0, '0000-00-00 00:00:00', 2),
(1171, 184, 728, 13, 'TRIMESTRAL', 0, '0000-00-00 00:00:00', 2),
(1172, 184, 729, 13, 'TRIMESTRAL', 0, '0000-00-00 00:00:00', 2),
(1173, 184, 731, 13, 'TRIMESTRAL', 0, '0000-00-00 00:00:00', 2),
(1174, 184, 732, 13, 'TRIMESTRAL', 0, '0000-00-00 00:00:00', 2),
(1175, 184, 721, 14, 'TRIMESTRAL', 0, '0000-00-00 00:00:00', 2),
(1176, 184, 724, 14, 'TRIMESTRAL', 0, '0000-00-00 00:00:00', 2),
(1177, 184, 725, 14, 'TRIMESTRAL', 0, '0000-00-00 00:00:00', 2),
(1178, 184, 726, 14, 'TRIMESTRAL', 0, '0000-00-00 00:00:00', 2),
(1179, 184, 727, 14, 'TRIMESTRAL', 0, '0000-00-00 00:00:00', 2),
(1180, 184, 730, 14, 'TRIMESTRAL', 0, '0000-00-00 00:00:00', 2),
(1181, 184, 728, 14, 'TRIMESTRAL', 0, '0000-00-00 00:00:00', 2),
(1182, 184, 729, 14, 'TRIMESTRAL', 0, '0000-00-00 00:00:00', 2),
(1183, 184, 731, 14, 'TRIMESTRAL', 0, '0000-00-00 00:00:00', 2),
(1184, 184, 732, 14, 'TRIMESTRAL', 0, '0000-00-00 00:00:00', 2),
(1185, 184, 721, 15, 'TRIMESTRAL', 0, '0000-00-00 00:00:00', 2),
(1186, 184, 724, 15, 'TRIMESTRAL', 0, '0000-00-00 00:00:00', 2),
(1187, 184, 725, 15, 'TRIMESTRAL', 0, '0000-00-00 00:00:00', 2),
(1188, 184, 726, 15, 'TRIMESTRAL', 0, '0000-00-00 00:00:00', 2),
(1189, 184, 727, 15, 'TRIMESTRAL', 0, '0000-00-00 00:00:00', 2),
(1190, 184, 730, 15, 'TRIMESTRAL', 0, '0000-00-00 00:00:00', 2),
(1191, 184, 728, 15, 'TRIMESTRAL', 0, '0000-00-00 00:00:00', 2),
(1192, 184, 729, 15, 'TRIMESTRAL', 0, '0000-00-00 00:00:00', 2),
(1193, 184, 731, 15, 'TRIMESTRAL', 0, '0000-00-00 00:00:00', 2),
(1194, 184, 732, 15, 'TRIMESTRAL', 0, '0000-00-00 00:00:00', 2),
(1195, 184, 721, 16, 'TRIMESTRAL', 0, '0000-00-00 00:00:00', 2),
(1196, 184, 724, 16, 'TRIMESTRAL', 0, '0000-00-00 00:00:00', 2),
(1197, 184, 725, 16, 'TRIMESTRAL', 0, '0000-00-00 00:00:00', 2),
(1198, 184, 726, 16, 'TRIMESTRAL', 0, '0000-00-00 00:00:00', 2),
(1199, 184, 727, 16, 'TRIMESTRAL', 0, '0000-00-00 00:00:00', 2),
(1200, 184, 730, 16, 'TRIMESTRAL', 0, '0000-00-00 00:00:00', 2),
(1201, 184, 728, 16, 'TRIMESTRAL', 0, '0000-00-00 00:00:00', 2),
(1202, 184, 731, 16, 'TRIMESTRAL', 0, '0000-00-00 00:00:00', 2),
(1203, 184, 729, 16, 'TRIMESTRAL', 0, '0000-00-00 00:00:00', 2),
(1204, 184, 732, 16, 'TRIMESTRAL', 0, '0000-00-00 00:00:00', 2),
(1205, 184, 725, 28, 'TRIMESTRAL', 0, '0000-00-00 00:00:00', 2),
(1206, 184, 726, 28, 'TRIMESTRAL', 0, '0000-00-00 00:00:00', 2),
(1207, 184, 727, 28, 'TRIMESTRAL', 0, '0000-00-00 00:00:00', 2),
(1208, 184, 728, 28, 'TRIMESTRAL', 0, '0000-00-00 00:00:00', 2),
(1209, 184, 729, 28, 'TRIMESTRAL', 0, '0000-00-00 00:00:00', 2),
(1210, 184, 730, 28, 'TRIMESTRAL', 0, '0000-00-00 00:00:00', 2),
(1211, 184, 731, 28, 'TRIMESTRAL', 0, '0000-00-00 00:00:00', 2),
(1212, 184, 732, 28, 'TRIMESTRAL', 0, '0000-00-00 00:00:00', 2),
(1213, 185, 721, 1, 'TRIMESTRAL', 0, '0000-00-00 00:00:00', 2),
(1214, 185, 724, 1, 'TRIMESTRAL', 0, '0000-00-00 00:00:00', 2),
(1215, 185, 725, 1, 'TRIMESTRAL', 0, '0000-00-00 00:00:00', 2),
(1216, 185, 726, 1, 'TRIMESTRAL', 0, '0000-00-00 00:00:00', 2),
(1217, 185, 727, 1, 'TRIMESTRAL', 0, '0000-00-00 00:00:00', 2),
(1218, 185, 728, 1, 'TRIMESTRAL', 0, '0000-00-00 00:00:00', 2),
(1219, 185, 730, 1, 'TRIMESTRAL', 0, '0000-00-00 00:00:00', 2),
(1220, 185, 729, 1, 'TRIMESTRAL', 0, '0000-00-00 00:00:00', 2),
(1221, 185, 731, 1, 'TRIMESTRAL', 0, '0000-00-00 00:00:00', 2),
(1222, 185, 732, 1, 'TRIMESTRAL', 0, '0000-00-00 00:00:00', 2),
(1223, 185, 721, 2, 'TRIMESTRAL', 0, '0000-00-00 00:00:00', 2),
(1224, 185, 724, 2, 'TRIMESTRAL', 0, '0000-00-00 00:00:00', 2),
(1225, 185, 725, 2, 'TRIMESTRAL', 0, '0000-00-00 00:00:00', 2),
(1226, 185, 726, 2, 'TRIMESTRAL', 0, '0000-00-00 00:00:00', 2),
(1227, 185, 727, 2, 'TRIMESTRAL', 0, '0000-00-00 00:00:00', 2),
(1228, 185, 728, 2, 'TRIMESTRAL', 0, '0000-00-00 00:00:00', 2),
(1229, 185, 730, 2, 'TRIMESTRAL', 0, '0000-00-00 00:00:00', 2),
(1230, 185, 729, 2, 'TRIMESTRAL', 0, '0000-00-00 00:00:00', 2),
(1231, 185, 731, 2, 'TRIMESTRAL', 0, '0000-00-00 00:00:00', 2),
(1232, 185, 732, 2, 'TRIMESTRAL', 0, '0000-00-00 00:00:00', 2),
(1233, 185, 721, 3, 'TRIMESTRAL', 0, '0000-00-00 00:00:00', 2),
(1234, 185, 724, 3, 'TRIMESTRAL', 0, '0000-00-00 00:00:00', 2),
(1235, 185, 725, 3, 'TRIMESTRAL', 0, '0000-00-00 00:00:00', 2),
(1236, 185, 726, 3, 'TRIMESTRAL', 0, '0000-00-00 00:00:00', 2),
(1237, 185, 727, 3, 'TRIMESTRAL', 0, '0000-00-00 00:00:00', 2),
(1238, 185, 728, 3, 'TRIMESTRAL', 0, '0000-00-00 00:00:00', 2),
(1239, 185, 730, 3, 'TRIMESTRAL', 0, '0000-00-00 00:00:00', 2),
(1240, 185, 729, 3, 'TRIMESTRAL', 0, '0000-00-00 00:00:00', 2),
(1241, 185, 731, 3, 'TRIMESTRAL', 0, '0000-00-00 00:00:00', 2),
(1242, 185, 732, 3, 'TRIMESTRAL', 0, '0000-00-00 00:00:00', 2),
(1243, 185, 721, 4, 'TRIMESTRAL', 0, '0000-00-00 00:00:00', 2),
(1244, 185, 724, 4, 'TRIMESTRAL', 0, '0000-00-00 00:00:00', 2),
(1245, 185, 725, 4, 'TRIMESTRAL', 0, '0000-00-00 00:00:00', 2),
(1246, 185, 726, 4, 'TRIMESTRAL', 0, '0000-00-00 00:00:00', 2),
(1247, 185, 727, 4, 'TRIMESTRAL', 0, '0000-00-00 00:00:00', 2),
(1248, 185, 728, 4, 'TRIMESTRAL', 0, '0000-00-00 00:00:00', 2),
(1249, 185, 730, 4, 'TRIMESTRAL', 0, '0000-00-00 00:00:00', 2),
(1250, 185, 729, 4, 'TRIMESTRAL', 0, '0000-00-00 00:00:00', 2),
(1251, 185, 731, 4, 'TRIMESTRAL', 0, '0000-00-00 00:00:00', 2),
(1252, 185, 732, 4, 'TRIMESTRAL', 0, '0000-00-00 00:00:00', 2),
(1253, 185, 725, 5, 'TRIMESTRAL', 0, '0000-00-00 00:00:00', 2),
(1254, 185, 726, 5, 'TRIMESTRAL', 0, '0000-00-00 00:00:00', 2),
(1255, 185, 727, 5, 'TRIMESTRAL', 0, '0000-00-00 00:00:00', 2),
(1256, 185, 728, 5, 'TRIMESTRAL', 0, '0000-00-00 00:00:00', 2),
(1257, 185, 730, 5, 'TRIMESTRAL', 0, '0000-00-00 00:00:00', 2),
(1258, 185, 729, 5, 'TRIMESTRAL', 0, '0000-00-00 00:00:00', 2),
(1259, 185, 731, 5, 'TRIMESTRAL', 0, '0000-00-00 00:00:00', 2),
(1260, 185, 732, 5, 'TRIMESTRAL', 0, '0000-00-00 00:00:00', 2),
(1261, 185, 725, 6, 'TRIMESTRAL', 0, '0000-00-00 00:00:00', 2),
(1262, 185, 726, 6, 'TRIMESTRAL', 0, '0000-00-00 00:00:00', 2),
(1263, 185, 727, 6, 'TRIMESTRAL', 0, '0000-00-00 00:00:00', 2),
(1264, 185, 728, 6, 'TRIMESTRAL', 0, '0000-00-00 00:00:00', 2),
(1265, 185, 730, 6, 'TRIMESTRAL', 0, '0000-00-00 00:00:00', 2),
(1266, 185, 729, 6, 'TRIMESTRAL', 0, '0000-00-00 00:00:00', 2),
(1267, 185, 731, 6, 'TRIMESTRAL', 0, '0000-00-00 00:00:00', 2),
(1268, 185, 732, 6, 'TRIMESTRAL', 0, '0000-00-00 00:00:00', 2),
(1269, 185, 725, 7, 'TRIMESTRAL', 0, '0000-00-00 00:00:00', 2),
(1270, 185, 726, 7, 'TRIMESTRAL', 0, '0000-00-00 00:00:00', 2),
(1271, 185, 727, 7, 'TRIMESTRAL', 0, '0000-00-00 00:00:00', 2),
(1272, 185, 728, 7, 'TRIMESTRAL', 0, '0000-00-00 00:00:00', 2),
(1273, 185, 730, 7, 'TRIMESTRAL', 0, '0000-00-00 00:00:00', 2),
(1274, 185, 729, 7, 'TRIMESTRAL', 0, '0000-00-00 00:00:00', 2),
(1275, 185, 731, 7, 'TRIMESTRAL', 0, '0000-00-00 00:00:00', 2),
(1276, 185, 732, 7, 'TRIMESTRAL', 0, '0000-00-00 00:00:00', 2),
(1277, 185, 725, 8, 'TRIMESTRAL', 0, '0000-00-00 00:00:00', 2),
(1278, 185, 726, 8, 'TRIMESTRAL', 0, '0000-00-00 00:00:00', 2),
(1279, 185, 727, 8, 'TRIMESTRAL', 0, '0000-00-00 00:00:00', 2),
(1280, 185, 728, 8, 'TRIMESTRAL', 0, '0000-00-00 00:00:00', 2),
(1281, 185, 729, 8, 'TRIMESTRAL', 0, '0000-00-00 00:00:00', 2),
(1282, 185, 730, 8, 'TRIMESTRAL', 0, '0000-00-00 00:00:00', 2),
(1283, 185, 731, 8, 'TRIMESTRAL', 0, '0000-00-00 00:00:00', 2),
(1284, 185, 732, 8, 'TRIMESTRAL', 0, '0000-00-00 00:00:00', 2),
(1285, 185, 725, 9, 'TRIMESTRAL', 0, '0000-00-00 00:00:00', 2),
(1286, 185, 726, 9, 'TRIMESTRAL', 0, '0000-00-00 00:00:00', 2),
(1287, 185, 727, 9, 'TRIMESTRAL', 0, '0000-00-00 00:00:00', 2),
(1288, 185, 728, 9, 'TRIMESTRAL', 0, '0000-00-00 00:00:00', 2),
(1289, 185, 729, 9, 'TRIMESTRAL', 0, '0000-00-00 00:00:00', 2),
(1290, 185, 730, 9, 'TRIMESTRAL', 0, '0000-00-00 00:00:00', 2),
(1291, 185, 731, 9, 'TRIMESTRAL', 0, '0000-00-00 00:00:00', 2),
(1292, 185, 732, 9, 'TRIMESTRAL', 0, '0000-00-00 00:00:00', 2),
(1293, 185, 725, 10, 'TRIMESTRAL', 0, '0000-00-00 00:00:00', 2),
(1294, 185, 726, 10, 'TRIMESTRAL', 0, '0000-00-00 00:00:00', 2),
(1295, 185, 727, 10, 'TRIMESTRAL', 0, '0000-00-00 00:00:00', 2),
(1296, 185, 728, 10, 'TRIMESTRAL', 0, '0000-00-00 00:00:00', 2),
(1297, 185, 729, 10, 'TRIMESTRAL', 0, '0000-00-00 00:00:00', 2),
(1298, 185, 730, 10, 'TRIMESTRAL', 0, '0000-00-00 00:00:00', 2),
(1299, 185, 731, 10, 'TRIMESTRAL', 0, '0000-00-00 00:00:00', 2),
(1300, 185, 732, 10, 'TRIMESTRAL', 0, '0000-00-00 00:00:00', 2),
(1301, 185, 725, 11, 'TRIMESTRAL', 0, '0000-00-00 00:00:00', 2),
(1302, 185, 726, 11, 'TRIMESTRAL', 0, '0000-00-00 00:00:00', 2),
(1303, 185, 727, 11, 'TRIMESTRAL', 0, '0000-00-00 00:00:00', 2),
(1304, 185, 728, 11, 'TRIMESTRAL', 0, '0000-00-00 00:00:00', 2),
(1305, 185, 729, 11, 'TRIMESTRAL', 0, '0000-00-00 00:00:00', 2),
(1306, 185, 730, 11, 'TRIMESTRAL', 0, '0000-00-00 00:00:00', 2),
(1307, 185, 731, 11, 'TRIMESTRAL', 0, '0000-00-00 00:00:00', 2),
(1308, 185, 732, 11, 'TRIMESTRAL', 0, '0000-00-00 00:00:00', 2),
(1309, 185, 725, 12, 'TRIMESTRAL', 0, '0000-00-00 00:00:00', 2),
(1310, 185, 726, 12, 'TRIMESTRAL', 0, '0000-00-00 00:00:00', 2),
(1311, 185, 727, 12, 'TRIMESTRAL', 0, '0000-00-00 00:00:00', 2),
(1312, 185, 728, 12, 'TRIMESTRAL', 0, '0000-00-00 00:00:00', 2),
(1313, 185, 729, 12, 'TRIMESTRAL', 0, '0000-00-00 00:00:00', 2),
(1314, 185, 730, 12, 'TRIMESTRAL', 0, '0000-00-00 00:00:00', 2),
(1315, 185, 731, 12, 'TRIMESTRAL', 0, '0000-00-00 00:00:00', 2),
(1316, 185, 732, 12, 'TRIMESTRAL', 0, '0000-00-00 00:00:00', 2),
(1317, 185, 721, 13, 'TRIMESTRAL', 0, '0000-00-00 00:00:00', 2),
(1318, 185, 724, 13, 'TRIMESTRAL', 0, '0000-00-00 00:00:00', 2),
(1319, 185, 725, 13, 'TRIMESTRAL', 0, '0000-00-00 00:00:00', 2),
(1320, 185, 726, 13, 'TRIMESTRAL', 0, '0000-00-00 00:00:00', 2),
(1321, 185, 727, 13, 'TRIMESTRAL', 0, '0000-00-00 00:00:00', 2),
(1322, 185, 730, 13, 'TRIMESTRAL', 0, '0000-00-00 00:00:00', 2),
(1323, 185, 728, 13, 'TRIMESTRAL', 0, '0000-00-00 00:00:00', 2),
(1324, 185, 729, 13, 'TRIMESTRAL', 0, '0000-00-00 00:00:00', 2),
(1325, 185, 731, 13, 'TRIMESTRAL', 0, '0000-00-00 00:00:00', 2),
(1326, 185, 732, 13, 'TRIMESTRAL', 0, '0000-00-00 00:00:00', 2),
(1327, 185, 721, 14, 'TRIMESTRAL', 0, '0000-00-00 00:00:00', 2),
(1328, 185, 724, 14, 'TRIMESTRAL', 0, '0000-00-00 00:00:00', 2),
(1329, 185, 725, 14, 'TRIMESTRAL', 0, '0000-00-00 00:00:00', 2),
(1330, 185, 726, 14, 'TRIMESTRAL', 0, '0000-00-00 00:00:00', 2),
(1331, 185, 727, 14, 'TRIMESTRAL', 0, '0000-00-00 00:00:00', 2),
(1332, 185, 730, 14, 'TRIMESTRAL', 0, '0000-00-00 00:00:00', 2),
(1333, 185, 728, 14, 'TRIMESTRAL', 0, '0000-00-00 00:00:00', 2),
(1334, 185, 729, 14, 'TRIMESTRAL', 0, '0000-00-00 00:00:00', 2),
(1335, 185, 731, 14, 'TRIMESTRAL', 0, '0000-00-00 00:00:00', 2),
(1336, 185, 732, 14, 'TRIMESTRAL', 0, '0000-00-00 00:00:00', 2),
(1337, 185, 721, 15, 'TRIMESTRAL', 0, '0000-00-00 00:00:00', 2),
(1338, 185, 724, 15, 'TRIMESTRAL', 0, '0000-00-00 00:00:00', 2),
(1339, 185, 725, 15, 'TRIMESTRAL', 0, '0000-00-00 00:00:00', 2),
(1340, 185, 726, 15, 'TRIMESTRAL', 0, '0000-00-00 00:00:00', 2),
(1341, 185, 727, 15, 'TRIMESTRAL', 0, '0000-00-00 00:00:00', 2),
(1342, 185, 730, 15, 'TRIMESTRAL', 0, '0000-00-00 00:00:00', 2),
(1343, 185, 728, 15, 'TRIMESTRAL', 0, '0000-00-00 00:00:00', 2),
(1344, 185, 729, 15, 'TRIMESTRAL', 0, '0000-00-00 00:00:00', 2),
(1345, 185, 731, 15, 'TRIMESTRAL', 0, '0000-00-00 00:00:00', 2),
(1346, 185, 732, 15, 'TRIMESTRAL', 0, '0000-00-00 00:00:00', 2),
(1347, 185, 721, 16, 'TRIMESTRAL', 0, '0000-00-00 00:00:00', 2),
(1348, 185, 724, 16, 'TRIMESTRAL', 0, '0000-00-00 00:00:00', 2),
(1349, 185, 725, 16, 'TRIMESTRAL', 0, '0000-00-00 00:00:00', 2),
(1350, 185, 726, 16, 'TRIMESTRAL', 0, '0000-00-00 00:00:00', 2),
(1351, 185, 727, 16, 'TRIMESTRAL', 0, '0000-00-00 00:00:00', 2),
(1352, 185, 730, 16, 'TRIMESTRAL', 0, '0000-00-00 00:00:00', 2),
(1353, 185, 728, 16, 'TRIMESTRAL', 0, '0000-00-00 00:00:00', 2),
(1354, 185, 731, 16, 'TRIMESTRAL', 0, '0000-00-00 00:00:00', 2),
(1355, 185, 729, 16, 'TRIMESTRAL', 0, '0000-00-00 00:00:00', 2),
(1356, 185, 732, 16, 'TRIMESTRAL', 0, '0000-00-00 00:00:00', 2),
(1357, 185, 725, 28, 'TRIMESTRAL', 0, '0000-00-00 00:00:00', 2),
(1358, 185, 726, 28, 'TRIMESTRAL', 0, '0000-00-00 00:00:00', 2),
(1359, 185, 727, 28, 'TRIMESTRAL', 0, '0000-00-00 00:00:00', 2),
(1360, 185, 728, 28, 'TRIMESTRAL', 0, '0000-00-00 00:00:00', 2),
(1361, 185, 729, 28, 'TRIMESTRAL', 0, '0000-00-00 00:00:00', 2),
(1362, 185, 730, 28, 'TRIMESTRAL', 0, '0000-00-00 00:00:00', 2),
(1363, 185, 731, 28, 'TRIMESTRAL', 0, '0000-00-00 00:00:00', 2),
(1364, 185, 732, 28, 'TRIMESTRAL', 0, '0000-00-00 00:00:00', 2),
(1483, 275, 731, 13, 'TRIMESTRAL', 0, NULL, 1),
(1484, 275, 731, 14, 'TRIMESTRAL', 0, NULL, 1),
(1485, 275, 731, 15, 'TRIMESTRAL', 0, NULL, 1),
(1486, 275, 731, 16, 'TRIMESTRAL', 1047734, NULL, 1),
(1487, 275, 731, 1, 'TRIMESTRAL', 1053716, NULL, 1),
(1488, 275, 731, 2, 'TRIMESTRAL', 1097568, NULL, 1),
(1489, 275, 731, 3, 'TRIMESTRAL', 1126712, NULL, 1),
(1490, 275, 731, 4, 'TRIMESTRAL', 1188027, NULL, 1),
(1491, 275, 731, 5, 'TRIMESTRAL', 1231390, NULL, 1),
(1492, 275, 731, 6, 'TRIMESTRAL', 1256077, NULL, 1),
(1493, 275, 731, 7, 'TRIMESTRAL', 1283297, NULL, 1),
(1494, 275, 731, 8, 'TRIMESTRAL', 1304526, NULL, 1),
(1495, 275, 731, 9, 'TRIMESTRAL', 1342269, NULL, 1),
(1496, 275, 731, 10, 'TRIMESTRAL', 1352004, NULL, 1),
(1497, 275, 731, 11, 'TRIMESTRAL', 1371429, NULL, 1),
(1498, 275, 731, 12, 'TRIMESTRAL', 1394997, NULL, 1),
(1499, 275, 731, 28, 'TRIMESTRAL', 1415030, NULL, 1),
(1500, 275, 726, 13, 'TRIMESTRAL', 0, NULL, 1),
(1501, 275, 726, 14, 'TRIMESTRAL', 0, NULL, 1),
(1502, 275, 726, 15, 'TRIMESTRAL', 0, NULL, 1),
(1503, 275, 726, 16, 'TRIMESTRAL', 745764, NULL, 1),
(1504, 275, 726, 1, 'TRIMESTRAL', 741235, NULL, 1),
(1505, 275, 726, 2, 'TRIMESTRAL', 770112, NULL, 1),
(1506, 275, 726, 3, 'TRIMESTRAL', 792075, NULL, 1),
(1507, 275, 726, 4, 'TRIMESTRAL', 815384, NULL, 1),
(1508, 275, 726, 5, 'TRIMESTRAL', 850429, NULL, 1),
(1509, 275, 726, 6, 'TRIMESTRAL', 871523, NULL, 1),
(1510, 275, 726, 7, 'TRIMESTRAL', 893117, NULL, 1),
(1511, 275, 726, 8, 'TRIMESTRAL', 913333, NULL, 1),
(1512, 275, 726, 9, 'TRIMESTRAL', 958625, NULL, 1),
(1513, 275, 726, 10, 'TRIMESTRAL', 999056, NULL, 1),
(1514, 275, 726, 11, 'TRIMESTRAL', 1047898, NULL, 1),
(1515, 275, 726, 12, 'TRIMESTRAL', 1109801, NULL, 1),
(1516, 275, 726, 28, 'TRIMESTRAL', 1125745, NULL, 1),
(1517, 275, 727, 13, 'TRIMESTRAL', 0, NULL, 1),
(1518, 275, 727, 14, 'TRIMESTRAL', 0, NULL, 1),
(1519, 275, 727, 15, 'TRIMESTRAL', 0, NULL, 1),
(1520, 275, 727, 16, 'TRIMESTRAL', 670745, NULL, 1),
(1521, 275, 727, 1, 'TRIMESTRAL', 664130, NULL, 1),
(1522, 275, 727, 2, 'TRIMESTRAL', 686632, NULL, 1),
(1523, 275, 727, 3, 'TRIMESTRAL', 705001, NULL, 1),
(1524, 275, 727, 4, 'TRIMESTRAL', 731782, NULL, 1),
(1525, 275, 727, 5, 'TRIMESTRAL', 756532, NULL, 1),
(1526, 275, 727, 6, 'TRIMESTRAL', 765546, NULL, 1),
(1527, 275, 727, 7, 'TRIMESTRAL', 772657, NULL, 1),
(1528, 275, 727, 8, 'TRIMESTRAL', 782617, NULL, 1),
(1529, 275, 727, 9, 'TRIMESTRAL', 792882, NULL, 1),
(1530, 275, 727, 10, 'TRIMESTRAL', 794713, NULL, 1),
(1531, 275, 727, 11, 'TRIMESTRAL', 809267, NULL, 1),
(1532, 275, 727, 12, 'TRIMESTRAL', 831183, NULL, 1),
(1533, 275, 727, 28, 'TRIMESTRAL', 834385, NULL, 1),
(1534, 275, 728, 13, 'TRIMESTRAL', 0, NULL, 1),
(1535, 275, 728, 14, 'TRIMESTRAL', 0, NULL, 1),
(1536, 275, 728, 15, 'TRIMESTRAL', 0, NULL, 1),
(1537, 275, 728, 16, 'TRIMESTRAL', 0, NULL, 1),
(1538, 275, 728, 1, 'TRIMESTRAL', 46561, NULL, 1),
(1539, 275, 728, 2, 'TRIMESTRAL', 107372, NULL, 1),
(1540, 275, 728, 3, 'TRIMESTRAL', 174246, NULL, 1),
(1541, 275, 728, 4, 'TRIMESTRAL', 243076, NULL, 1),
(1542, 275, 728, 5, 'TRIMESTRAL', 256813, NULL, 1),
(1543, 275, 728, 6, 'TRIMESTRAL', 267893, NULL, 1),
(1544, 275, 728, 7, 'TRIMESTRAL', 260444, NULL, 1),
(1545, 275, 728, 8, 'TRIMESTRAL', 275038, NULL, 1),
(1546, 275, 728, 9, 'TRIMESTRAL', 282743, NULL, 1),
(1547, 275, 728, 10, 'TRIMESTRAL', 282864, NULL, 1),
(1548, 275, 728, 11, 'TRIMESTRAL', 294770, NULL, 1),
(1549, 275, 728, 12, 'TRIMESTRAL', 306460, NULL, 1),
(1550, 275, 728, 28, 'TRIMESTRAL', 313520, NULL, 1),
(1551, 275, 729, 13, 'TRIMESTRAL', 0, NULL, 1),
(1552, 275, 729, 14, 'TRIMESTRAL', 0, NULL, 1),
(1553, 275, 729, 15, 'TRIMESTRAL', 0, NULL, 1),
(1554, 275, 729, 11, 'TRIMESTRAL', 344090, NULL, 1),
(1555, 275, 729, 12, 'TRIMESTRAL', 351930, NULL, 1),
(1556, 275, 729, 28, 'TRIMESTRAL', 360235, NULL, 1),
(1557, 275, 730, 13, 'TRIMESTRAL', 0, NULL, 1),
(1558, 275, 730, 14, 'TRIMESTRAL', 0, NULL, 1),
(1559, 275, 730, 15, 'TRIMESTRAL', 0, NULL, 1),
(1560, 275, 730, 16, 'TRIMESTRAL', 146360, NULL, 1),
(1561, 275, 730, 1, 'TRIMESTRAL', 149073, NULL, 1),
(1562, 275, 730, 2, 'TRIMESTRAL', 159676, NULL, 1),
(1563, 275, 730, 3, 'TRIMESTRAL', 168416, NULL, 1),
(1564, 275, 730, 4, 'TRIMESTRAL', 183911, NULL, 1),
(1565, 275, 730, 5, 'TRIMESTRAL', 194656, NULL, 1),
(1566, 275, 730, 6, 'TRIMESTRAL', 202995, NULL, 1),
(1567, 275, 730, 7, 'TRIMESTRAL', 214638, NULL, 1),
(1568, 275, 730, 8, 'TRIMESTRAL', 227512, NULL, 1),
(1569, 275, 730, 9, 'TRIMESTRAL', 236988, NULL, 1),
(1570, 275, 730, 10, 'TRIMESTRAL', 245247, NULL, 1),
(1571, 275, 730, 11, 'TRIMESTRAL', 251064, NULL, 1),
(1572, 275, 730, 12, 'TRIMESTRAL', 253831, NULL, 1),
(1573, 275, 730, 28, 'TRIMESTRAL', 255467, NULL, 1),
(1574, 276, 731, 13, 'TRIMESTRAL', 165782, NULL, 1),
(1575, 276, 731, 14, 'TRIMESTRAL', 188414, NULL, 1),
(1576, 276, 731, 15, 'TRIMESTRAL', 181978, NULL, 1),
(1577, 276, 731, 16, 'TRIMESTRAL', 250644, NULL, 1),
(1578, 276, 731, 1, 'TRIMESTRAL', 177937, NULL, 1),
(1579, 276, 731, 2, 'TRIMESTRAL', 236601, NULL, 1),
(1580, 276, 731, 3, 'TRIMESTRAL', 210552, NULL, 1),
(1581, 276, 731, 4, 'TRIMESTRAL', 304952, NULL, 1),
(1582, 276, 731, 5, 'TRIMESTRAL', 216893, NULL, 1),
(1583, 276, 731, 6, 'TRIMESTRAL', 251753, NULL, 1),
(1584, 276, 731, 7, 'TRIMESTRAL', 233394, NULL, 1),
(1585, 276, 731, 8, 'TRIMESTRAL', 322080, NULL, 1),
(1586, 276, 731, 9, 'TRIMESTRAL', 256038, NULL, 1),
(1587, 276, 731, 10, 'TRIMESTRAL', 257223, NULL, 1),
(1588, 276, 731, 11, 'TRIMESTRAL', 245713, NULL, 1),
(1589, 276, 731, 12, 'TRIMESTRAL', 345696, NULL, 1),
(1590, 276, 731, 28, 'TRIMESTRAL', 266908, NULL, 1),
(1591, 276, 732, 13, 'TRIMESTRAL', 104275, NULL, 1),
(1592, 276, 732, 14, 'TRIMESTRAL', 122555, NULL, 1),
(1593, 276, 732, 15, 'TRIMESTRAL', 115632, NULL, 1),
(1594, 276, 732, 16, 'TRIMESTRAL', 174074, NULL, 1),
(1595, 276, 732, 1, 'TRIMESTRAL', 116357, NULL, 1),
(1596, 276, 732, 2, 'TRIMESTRAL', 158616, NULL, 1),
(1597, 276, 732, 3, 'TRIMESTRAL', 141854, NULL, 1),
(1598, 276, 732, 4, 'TRIMESTRAL', 205892, NULL, 1),
(1599, 276, 732, 5, 'TRIMESTRAL', 143612, NULL, 1),
(1600, 276, 732, 6, 'TRIMESTRAL', 165572, NULL, 1),
(1601, 276, 732, 7, 'TRIMESTRAL', 155966, NULL, 1),
(1602, 276, 732, 8, 'TRIMESTRAL', 225623, NULL, 1),
(1603, 276, 732, 9, 'TRIMESTRAL', 184480, NULL, 1),
(1604, 276, 732, 10, 'TRIMESTRAL', 211395, NULL, 1),
(1605, 276, 732, 11, 'TRIMESTRAL', 202714, NULL, 1),
(1606, 276, 732, 12, 'TRIMESTRAL', 287486, NULL, 1),
(1607, 276, 732, 28, 'TRIMESTRAL', 205394, NULL, 1),
(1608, 276, 727, 13, 'TRIMESTRAL', 95992, NULL, 1),
(1609, 276, 727, 14, 'TRIMESTRAL', 114936, NULL, 1),
(1610, 276, 727, 15, 'TRIMESTRAL', 107196, NULL, 1),
(1611, 276, 727, 16, 'TRIMESTRAL', 167872, NULL, 1),
(1612, 276, 727, 1, 'TRIMESTRAL', 108052, NULL, 1),
(1613, 276, 727, 2, 'TRIMESTRAL', 149286, NULL, 1),
(1614, 276, 727, 3, 'TRIMESTRAL', 125177, NULL, 1),
(1615, 276, 727, 4, 'TRIMESTRAL', 187059, NULL, 1),
(1616, 276, 727, 5, 'TRIMESTRAL', 126819, NULL, 1),
(1617, 276, 727, 6, 'TRIMESTRAL', 150977, NULL, 1),
(1618, 276, 727, 7, 'TRIMESTRAL', 133239, NULL, 1),
(1619, 276, 727, 8, 'TRIMESTRAL', 200992, NULL, 1),
(1620, 276, 727, 9, 'TRIMESTRAL', 141120, NULL, 1),
(1621, 276, 727, 10, 'TRIMESTRAL', 158095, NULL, 1),
(1622, 276, 727, 11, 'TRIMESTRAL', 151565, NULL, 1),
(1623, 276, 727, 12, 'TRIMESTRAL', 223096, NULL, 1),
(1624, 276, 727, 28, 'TRIMESTRAL', 144691, NULL, 1),
(1625, 276, 728, 1, 'TRIMESTRAL', 29087, NULL, 1),
(1626, 276, 728, 2, 'TRIMESTRAL', 38844, NULL, 1),
(1627, 276, 728, 3, 'TRIMESTRAL', 25735, NULL, 1),
(1628, 276, 728, 4, 'TRIMESTRAL', 48465, NULL, 1),
(1629, 276, 728, 5, 'TRIMESTRAL', 36898, NULL, 1),
(1630, 276, 728, 6, 'TRIMESTRAL', 42385, NULL, 1),
(1631, 276, 728, 7, 'TRIMESTRAL', 34647, NULL, 1),
(1632, 276, 728, 8, 'TRIMESTRAL', 55952, NULL, 1),
(1633, 276, 728, 9, 'TRIMESTRAL', 39534, NULL, 1),
(1634, 276, 728, 10, 'TRIMESTRAL', 43669, NULL, 1),
(1635, 276, 728, 11, 'TRIMESTRAL', 43253, NULL, 1),
(1636, 276, 728, 12, 'TRIMESTRAL', 65894, NULL, 1),
(1637, 276, 728, 28, 'TRIMESTRAL', 46643, NULL, 1),
(1638, 276, 729, 8, 'TRIMESTRAL', 85866, NULL, 1),
(1639, 276, 729, 9, 'TRIMESTRAL', 59358, NULL, 1),
(1640, 276, 729, 10, 'TRIMESTRAL', 70888, NULL, 1),
(1641, 276, 729, 11, 'TRIMESTRAL', 66588, NULL, 1),
(1642, 276, 729, 12, 'TRIMESTRAL', 96920, NULL, 1),
(1643, 276, 729, 28, 'TRIMESTRAL', 67327, NULL, 1),
(1644, 276, 730, 13, 'TRIMESTRAL', 17174, NULL, 1),
(1645, 276, 730, 14, 'TRIMESTRAL', 21761, NULL, 1),
(1646, 276, 730, 15, 'TRIMESTRAL', 21147, NULL, 1),
(1647, 276, 730, 16, 'TRIMESTRAL', 33711, NULL, 1),
(1648, 276, 730, 1, 'TRIMESTRAL', 18537, NULL, 1),
(1649, 276, 730, 2, 'TRIMESTRAL', 30099, NULL, 1),
(1650, 276, 730, 3, 'TRIMESTRAL', 25990, NULL, 1),
(1651, 276, 730, 4, 'TRIMESTRAL', 45137, NULL, 1),
(1652, 276, 730, 5, 'TRIMESTRAL', 24900, NULL, 1),
(1653, 276, 730, 6, 'TRIMESTRAL', 34345, NULL, 1),
(1654, 276, 730, 7, 'TRIMESTRAL', 34041, NULL, 1),
(1655, 276, 730, 8, 'TRIMESTRAL', 54803, NULL, 1),
(1656, 276, 730, 9, 'TRIMESTRAL', 31761, NULL, 1),
(1657, 276, 730, 10, 'TRIMESTRAL', 40160, NULL, 1),
(1658, 276, 730, 11, 'TRIMESTRAL', 37194, NULL, 1),
(1659, 276, 730, 12, 'TRIMESTRAL', 56287, NULL, 1),
(1660, 276, 730, 28, 'TRIMESTRAL', 33146, NULL, 1),
(1661, 277, 731, 16, 'TRIMESTRAL', 786818, NULL, 1),
(1662, 277, 731, 1, 'TRIMESTRAL', 798974, NULL, 1),
(1663, 277, 731, 2, 'TRIMESTRAL', 847160, NULL, 1),
(1664, 277, 731, 3, 'TRIMESTRAL', 875734, NULL, 1),
(1665, 277, 731, 4, 'TRIMESTRAL', 930042, NULL, 1);
INSERT INTO `valores` (`ID_VALOR`, `ID_TAG_AGF`, `ID_EMPRESA`, `ID_PERIODO`, `tipo`, `VALOR`, `DT_MODIFICACION`, `origen`) VALUES
(1666, 277, 731, 5, 'TRIMESTRAL', 968998, NULL, 1),
(1667, 277, 731, 6, 'TRIMESTRAL', 984151, NULL, 1),
(1668, 277, 731, 7, 'TRIMESTRAL', 1006992, NULL, 1),
(1669, 277, 731, 8, 'TRIMESTRAL', 1024120, NULL, 1),
(1670, 277, 731, 9, 'TRIMESTRAL', 1063265, NULL, 1),
(1671, 277, 731, 10, 'TRIMESTRAL', 1068734, NULL, 1),
(1672, 277, 731, 11, 'TRIMESTRAL', 1081053, NULL, 1),
(1673, 277, 731, 12, 'TRIMESTRAL', 1104669, NULL, 1),
(1674, 277, 731, 28, 'TRIMESTRAL', 1115540, NULL, 1),
(1675, 277, 732, 16, 'TRIMESTRAL', 516536, NULL, 1),
(1676, 277, 732, 1, 'TRIMESTRAL', 528618, NULL, 1),
(1677, 277, 732, 2, 'TRIMESTRAL', 564679, NULL, 1),
(1678, 277, 732, 3, 'TRIMESTRAL', 590901, NULL, 1),
(1679, 277, 732, 4, 'TRIMESTRAL', 622719, NULL, 1),
(1680, 277, 732, 5, 'TRIMESTRAL', 649974, NULL, 1),
(1681, 277, 732, 6, 'TRIMESTRAL', 656930, NULL, 1),
(1682, 277, 732, 7, 'TRIMESTRAL', 671042, NULL, 1),
(1683, 277, 732, 8, 'TRIMESTRAL', 690773, NULL, 1),
(1684, 277, 732, 9, 'TRIMESTRAL', 731641, NULL, 1),
(1685, 277, 732, 10, 'TRIMESTRAL', 777464, NULL, 1),
(1686, 277, 732, 11, 'TRIMESTRAL', 824212, NULL, 1),
(1687, 277, 732, 12, 'TRIMESTRAL', 886075, NULL, 1),
(1688, 277, 732, 28, 'TRIMESTRAL', 906989, NULL, 1),
(1689, 277, 727, 16, 'TRIMESTRAL', 485996, NULL, 1),
(1690, 277, 727, 1, 'TRIMESTRAL', 498056, NULL, 1),
(1691, 277, 727, 2, 'TRIMESTRAL', 532406, NULL, 1),
(1692, 277, 727, 3, 'TRIMESTRAL', 550387, NULL, 1),
(1693, 277, 727, 4, 'TRIMESTRAL', 569575, NULL, 1),
(1694, 277, 727, 5, 'TRIMESTRAL', 588341, NULL, 1),
(1695, 277, 727, 6, 'TRIMESTRAL', 590033, NULL, 1),
(1696, 277, 727, 7, 'TRIMESTRAL', 598094, NULL, 1),
(1697, 277, 727, 8, 'TRIMESTRAL', 612027, NULL, 1),
(1698, 277, 727, 9, 'TRIMESTRAL', 626328, NULL, 1),
(1699, 277, 727, 10, 'TRIMESTRAL', 633446, NULL, 1),
(1700, 277, 727, 11, 'TRIMESTRAL', 651772, NULL, 1),
(1701, 277, 727, 12, 'TRIMESTRAL', 673876, NULL, 1),
(1702, 277, 727, 28, 'TRIMESTRAL', 677447, NULL, 1),
(1703, 277, 728, 4, 'TRIMESTRAL', 142131, NULL, 1),
(1704, 277, 728, 5, 'TRIMESTRAL', 149942, NULL, 1),
(1705, 277, 728, 6, 'TRIMESTRAL', 153483, NULL, 1),
(1706, 277, 728, 7, 'TRIMESTRAL', 162394, NULL, 1),
(1707, 277, 728, 8, 'TRIMESTRAL', 169882, NULL, 1),
(1708, 277, 728, 9, 'TRIMESTRAL', 172519, NULL, 1),
(1709, 277, 728, 10, 'TRIMESTRAL', 173802, NULL, 1),
(1710, 277, 728, 11, 'TRIMESTRAL', 182408, NULL, 1),
(1711, 277, 728, 12, 'TRIMESTRAL', 192350, NULL, 1),
(1712, 277, 728, 28, 'TRIMESTRAL', 199459, NULL, 1),
(1713, 277, 729, 12, 'TRIMESTRAL', 293754, NULL, 1),
(1714, 277, 729, 28, 'TRIMESTRAL', 301723, NULL, 1),
(1715, 277, 730, 16, 'TRIMESTRAL', 93793, NULL, 1),
(1716, 277, 730, 1, 'TRIMESTRAL', 95156, NULL, 1),
(1717, 277, 730, 2, 'TRIMESTRAL', 103494, NULL, 1),
(1718, 277, 730, 3, 'TRIMESTRAL', 108337, NULL, 1),
(1719, 277, 730, 4, 'TRIMESTRAL', 119763, NULL, 1),
(1720, 277, 730, 5, 'TRIMESTRAL', 126126, NULL, 1),
(1721, 277, 730, 6, 'TRIMESTRAL', 130372, NULL, 1),
(1722, 277, 730, 7, 'TRIMESTRAL', 138423, NULL, 1),
(1723, 277, 730, 8, 'TRIMESTRAL', 148088, NULL, 1),
(1724, 277, 730, 9, 'TRIMESTRAL', 154949, NULL, 1),
(1725, 277, 730, 10, 'TRIMESTRAL', 160765, NULL, 1),
(1726, 277, 730, 11, 'TRIMESTRAL', 163919, NULL, 1),
(1727, 277, 730, 12, 'TRIMESTRAL', 165403, NULL, 1),
(1728, 277, 730, 28, 'TRIMESTRAL', 166787, NULL, 1),
(1729, 191, 721, 13, 'TRIMESTRAL', 0, '0000-00-00 00:00:00', 2),
(1730, 191, 721, 14, 'TRIMESTRAL', 0, '0000-00-00 00:00:00', 2),
(1731, 191, 721, 15, 'TRIMESTRAL', 0, '0000-00-00 00:00:00', 2),
(1732, 191, 721, 16, 'TRIMESTRAL', 0, '0000-00-00 00:00:00', 2),
(1733, 191, 721, 1, 'TRIMESTRAL', 0, '0000-00-00 00:00:00', 2),
(1734, 191, 721, 2, 'TRIMESTRAL', 0, '0000-00-00 00:00:00', 2),
(1735, 191, 721, 3, 'TRIMESTRAL', 0, '0000-00-00 00:00:00', 2),
(1736, 191, 721, 4, 'TRIMESTRAL', 0, '0000-00-00 00:00:00', 2),
(1737, 191, 724, 13, 'TRIMESTRAL', 0, '0000-00-00 00:00:00', 2),
(1738, 191, 724, 14, 'TRIMESTRAL', 0, '0000-00-00 00:00:00', 2),
(1739, 191, 724, 15, 'TRIMESTRAL', 0, '0000-00-00 00:00:00', 2),
(1740, 191, 724, 16, 'TRIMESTRAL', 0, '0000-00-00 00:00:00', 2),
(1741, 191, 724, 1, 'TRIMESTRAL', 0, '0000-00-00 00:00:00', 2),
(1742, 191, 724, 2, 'TRIMESTRAL', 0, '0000-00-00 00:00:00', 2),
(1743, 191, 724, 3, 'TRIMESTRAL', 0, '0000-00-00 00:00:00', 2),
(1744, 191, 724, 4, 'TRIMESTRAL', 0, '0000-00-00 00:00:00', 2),
(1745, 191, 725, 13, 'TRIMESTRAL', 0, '0000-00-00 00:00:00', 2),
(1746, 191, 725, 14, 'TRIMESTRAL', 0, '0000-00-00 00:00:00', 2),
(1747, 191, 725, 15, 'TRIMESTRAL', 0, '0000-00-00 00:00:00', 2),
(1748, 191, 725, 16, 'TRIMESTRAL', 0, '0000-00-00 00:00:00', 2),
(1749, 191, 725, 1, 'TRIMESTRAL', 0, '0000-00-00 00:00:00', 2),
(1750, 191, 725, 2, 'TRIMESTRAL', 0, '0000-00-00 00:00:00', 2),
(1751, 191, 725, 3, 'TRIMESTRAL', 0, '0000-00-00 00:00:00', 2),
(1752, 191, 725, 4, 'TRIMESTRAL', 0, '0000-00-00 00:00:00', 2),
(1753, 191, 725, 5, 'TRIMESTRAL', 0, '0000-00-00 00:00:00', 2),
(1754, 191, 725, 6, 'TRIMESTRAL', 0, '0000-00-00 00:00:00', 2),
(1755, 191, 725, 7, 'TRIMESTRAL', 0, '0000-00-00 00:00:00', 2),
(1756, 191, 725, 8, 'TRIMESTRAL', 0, '0000-00-00 00:00:00', 2),
(1757, 191, 725, 9, 'TRIMESTRAL', 0, '0000-00-00 00:00:00', 2),
(1758, 191, 725, 10, 'TRIMESTRAL', 0, '0000-00-00 00:00:00', 2),
(1759, 191, 725, 11, 'TRIMESTRAL', 0, '0000-00-00 00:00:00', 2),
(1760, 191, 725, 12, 'TRIMESTRAL', 0, '0000-00-00 00:00:00', 2),
(1761, 191, 725, 28, 'TRIMESTRAL', 0, '0000-00-00 00:00:00', 2),
(1762, 191, 726, 13, 'TRIMESTRAL', 0, '0000-00-00 00:00:00', 2),
(1763, 191, 726, 14, 'TRIMESTRAL', 0, '0000-00-00 00:00:00', 2),
(1764, 191, 726, 15, 'TRIMESTRAL', 0, '0000-00-00 00:00:00', 2),
(1765, 191, 726, 16, 'TRIMESTRAL', 0, '0000-00-00 00:00:00', 2),
(1766, 191, 726, 1, 'TRIMESTRAL', 0, '0000-00-00 00:00:00', 2),
(1767, 191, 726, 2, 'TRIMESTRAL', 0, '0000-00-00 00:00:00', 2),
(1768, 191, 726, 3, 'TRIMESTRAL', 0, '0000-00-00 00:00:00', 2),
(1769, 191, 726, 4, 'TRIMESTRAL', 0, '0000-00-00 00:00:00', 2),
(1770, 191, 726, 5, 'TRIMESTRAL', 0, '0000-00-00 00:00:00', 2),
(1771, 191, 726, 6, 'TRIMESTRAL', 0, '0000-00-00 00:00:00', 2),
(1772, 191, 726, 7, 'TRIMESTRAL', 0, '0000-00-00 00:00:00', 2),
(1773, 191, 726, 8, 'TRIMESTRAL', 0, '0000-00-00 00:00:00', 2),
(1774, 191, 726, 9, 'TRIMESTRAL', 0, '0000-00-00 00:00:00', 2),
(1775, 191, 726, 10, 'TRIMESTRAL', 0, '0000-00-00 00:00:00', 2),
(1776, 191, 726, 11, 'TRIMESTRAL', 0, '0000-00-00 00:00:00', 2),
(1777, 191, 726, 12, 'TRIMESTRAL', 0, '0000-00-00 00:00:00', 2),
(1778, 191, 726, 28, 'TRIMESTRAL', 0, '0000-00-00 00:00:00', 2),
(1779, 191, 727, 13, 'TRIMESTRAL', 0, '0000-00-00 00:00:00', 2),
(1780, 191, 727, 14, 'TRIMESTRAL', 0, '0000-00-00 00:00:00', 2),
(1781, 191, 727, 15, 'TRIMESTRAL', 0, '0000-00-00 00:00:00', 2),
(1782, 191, 727, 16, 'TRIMESTRAL', 0, '0000-00-00 00:00:00', 2),
(1783, 191, 727, 1, 'TRIMESTRAL', 0, '0000-00-00 00:00:00', 2),
(1784, 191, 727, 2, 'TRIMESTRAL', 0, '0000-00-00 00:00:00', 2),
(1785, 191, 727, 3, 'TRIMESTRAL', 0, '0000-00-00 00:00:00', 2),
(1786, 191, 727, 4, 'TRIMESTRAL', 0, '0000-00-00 00:00:00', 2),
(1787, 191, 727, 5, 'TRIMESTRAL', 0, '0000-00-00 00:00:00', 2),
(1788, 191, 727, 6, 'TRIMESTRAL', 0, '0000-00-00 00:00:00', 2),
(1789, 191, 727, 7, 'TRIMESTRAL', 0, '0000-00-00 00:00:00', 2),
(1790, 191, 727, 8, 'TRIMESTRAL', 0, '0000-00-00 00:00:00', 2),
(1791, 191, 727, 9, 'TRIMESTRAL', 0, '0000-00-00 00:00:00', 2),
(1792, 191, 727, 10, 'TRIMESTRAL', 0, '0000-00-00 00:00:00', 2),
(1793, 191, 727, 11, 'TRIMESTRAL', 0, '0000-00-00 00:00:00', 2),
(1794, 191, 727, 12, 'TRIMESTRAL', 0, '0000-00-00 00:00:00', 2),
(1795, 191, 727, 28, 'TRIMESTRAL', 0, '0000-00-00 00:00:00', 2),
(1796, 191, 728, 1, 'TRIMESTRAL', 0, '0000-00-00 00:00:00', 2),
(1797, 191, 728, 2, 'TRIMESTRAL', 0, '0000-00-00 00:00:00', 2),
(1798, 191, 728, 3, 'TRIMESTRAL', 0, '0000-00-00 00:00:00', 2),
(1799, 191, 728, 4, 'TRIMESTRAL', 0, '0000-00-00 00:00:00', 2),
(1800, 191, 728, 5, 'TRIMESTRAL', 0, '0000-00-00 00:00:00', 2),
(1801, 191, 728, 6, 'TRIMESTRAL', 0, '0000-00-00 00:00:00', 2),
(1802, 191, 728, 7, 'TRIMESTRAL', 0, '0000-00-00 00:00:00', 2),
(1803, 191, 728, 8, 'TRIMESTRAL', 0, '0000-00-00 00:00:00', 2),
(1804, 191, 728, 9, 'TRIMESTRAL', 0, '0000-00-00 00:00:00', 2),
(1805, 191, 728, 10, 'TRIMESTRAL', 0, '0000-00-00 00:00:00', 2),
(1806, 191, 728, 11, 'TRIMESTRAL', 0, '0000-00-00 00:00:00', 2),
(1807, 191, 728, 12, 'TRIMESTRAL', 0, '0000-00-00 00:00:00', 2),
(1808, 191, 728, 28, 'TRIMESTRAL', 0, '0000-00-00 00:00:00', 2),
(1809, 191, 729, 8, 'TRIMESTRAL', 0, '0000-00-00 00:00:00', 2),
(1810, 191, 729, 9, 'TRIMESTRAL', 0, '0000-00-00 00:00:00', 2),
(1811, 191, 729, 10, 'TRIMESTRAL', 0, '0000-00-00 00:00:00', 2),
(1812, 191, 729, 11, 'TRIMESTRAL', 0, '0000-00-00 00:00:00', 2),
(1813, 191, 729, 12, 'TRIMESTRAL', 0, '0000-00-00 00:00:00', 2),
(1814, 191, 729, 28, 'TRIMESTRAL', 0, '0000-00-00 00:00:00', 2),
(1815, 191, 730, 13, 'TRIMESTRAL', 0, '0000-00-00 00:00:00', 2),
(1816, 191, 730, 14, 'TRIMESTRAL', 0, '0000-00-00 00:00:00', 2),
(1817, 191, 730, 15, 'TRIMESTRAL', 0, '0000-00-00 00:00:00', 2),
(1818, 191, 730, 16, 'TRIMESTRAL', 0, '0000-00-00 00:00:00', 2),
(1819, 191, 730, 1, 'TRIMESTRAL', 0, '0000-00-00 00:00:00', 2),
(1820, 191, 730, 2, 'TRIMESTRAL', 0, '0000-00-00 00:00:00', 2),
(1821, 191, 730, 3, 'TRIMESTRAL', 0, '0000-00-00 00:00:00', 2),
(1822, 191, 730, 4, 'TRIMESTRAL', 0, '0000-00-00 00:00:00', 2),
(1823, 191, 730, 5, 'TRIMESTRAL', 0, '0000-00-00 00:00:00', 2),
(1824, 191, 730, 6, 'TRIMESTRAL', 0, '0000-00-00 00:00:00', 2),
(1825, 191, 730, 7, 'TRIMESTRAL', 0, '0000-00-00 00:00:00', 2),
(1826, 191, 730, 8, 'TRIMESTRAL', 0, '0000-00-00 00:00:00', 2),
(1827, 191, 730, 9, 'TRIMESTRAL', 0, '0000-00-00 00:00:00', 2),
(1828, 191, 730, 10, 'TRIMESTRAL', 0, '0000-00-00 00:00:00', 2),
(1829, 191, 730, 11, 'TRIMESTRAL', 0, '0000-00-00 00:00:00', 2),
(1830, 191, 730, 12, 'TRIMESTRAL', 0, '0000-00-00 00:00:00', 2),
(1831, 191, 730, 28, 'TRIMESTRAL', 0, '0000-00-00 00:00:00', 2),
(1832, 191, 729, 1, 'TRIMESTRAL', 0, '0000-00-00 00:00:00', 2),
(1833, 191, 731, 1, 'TRIMESTRAL', 0, '0000-00-00 00:00:00', 2),
(1834, 191, 732, 1, 'TRIMESTRAL', 0, '0000-00-00 00:00:00', 2),
(1835, 191, 729, 2, 'TRIMESTRAL', 0, '0000-00-00 00:00:00', 2),
(1836, 191, 731, 2, 'TRIMESTRAL', 0, '0000-00-00 00:00:00', 2),
(1837, 191, 732, 2, 'TRIMESTRAL', 0, '0000-00-00 00:00:00', 2),
(1838, 191, 729, 3, 'TRIMESTRAL', 0, '0000-00-00 00:00:00', 2),
(1839, 191, 731, 3, 'TRIMESTRAL', 0, '0000-00-00 00:00:00', 2),
(1840, 191, 732, 3, 'TRIMESTRAL', 0, '0000-00-00 00:00:00', 2),
(1841, 191, 729, 4, 'TRIMESTRAL', 0, '0000-00-00 00:00:00', 2),
(1842, 191, 731, 4, 'TRIMESTRAL', 0, '0000-00-00 00:00:00', 2),
(1843, 191, 732, 4, 'TRIMESTRAL', 0, '0000-00-00 00:00:00', 2),
(1844, 191, 729, 5, 'TRIMESTRAL', 0, '0000-00-00 00:00:00', 2),
(1845, 191, 731, 5, 'TRIMESTRAL', 0, '0000-00-00 00:00:00', 2),
(1846, 191, 732, 5, 'TRIMESTRAL', 0, '0000-00-00 00:00:00', 2),
(1847, 191, 729, 6, 'TRIMESTRAL', 0, '0000-00-00 00:00:00', 2),
(1848, 191, 731, 6, 'TRIMESTRAL', 0, '0000-00-00 00:00:00', 2),
(1849, 191, 732, 6, 'TRIMESTRAL', 0, '0000-00-00 00:00:00', 2),
(1850, 191, 729, 7, 'TRIMESTRAL', 0, '0000-00-00 00:00:00', 2),
(1851, 191, 731, 7, 'TRIMESTRAL', 0, '0000-00-00 00:00:00', 2),
(1852, 191, 732, 7, 'TRIMESTRAL', 0, '0000-00-00 00:00:00', 2),
(1853, 191, 731, 8, 'TRIMESTRAL', 0, '0000-00-00 00:00:00', 2),
(1854, 191, 732, 8, 'TRIMESTRAL', 0, '0000-00-00 00:00:00', 2),
(1855, 191, 731, 9, 'TRIMESTRAL', 0, '0000-00-00 00:00:00', 2),
(1856, 191, 732, 9, 'TRIMESTRAL', 0, '0000-00-00 00:00:00', 2),
(1857, 191, 731, 10, 'TRIMESTRAL', 0, '0000-00-00 00:00:00', 2),
(1858, 191, 732, 10, 'TRIMESTRAL', 0, '0000-00-00 00:00:00', 2),
(1859, 191, 731, 11, 'TRIMESTRAL', 0, '0000-00-00 00:00:00', 2),
(1860, 191, 732, 11, 'TRIMESTRAL', 0, '0000-00-00 00:00:00', 2),
(1861, 191, 731, 12, 'TRIMESTRAL', 0, '0000-00-00 00:00:00', 2),
(1862, 191, 732, 12, 'TRIMESTRAL', 0, '0000-00-00 00:00:00', 2),
(1863, 191, 728, 13, 'TRIMESTRAL', 0, '0000-00-00 00:00:00', 2),
(1864, 191, 729, 13, 'TRIMESTRAL', 0, '0000-00-00 00:00:00', 2),
(1865, 191, 731, 13, 'TRIMESTRAL', 0, '0000-00-00 00:00:00', 2),
(1866, 191, 732, 13, 'TRIMESTRAL', 0, '0000-00-00 00:00:00', 2),
(1867, 191, 728, 14, 'TRIMESTRAL', 0, '0000-00-00 00:00:00', 2),
(1868, 191, 729, 14, 'TRIMESTRAL', 0, '0000-00-00 00:00:00', 2),
(1869, 191, 731, 14, 'TRIMESTRAL', 0, '0000-00-00 00:00:00', 2),
(1870, 191, 732, 14, 'TRIMESTRAL', 0, '0000-00-00 00:00:00', 2),
(1871, 191, 728, 15, 'TRIMESTRAL', 0, '0000-00-00 00:00:00', 2),
(1872, 191, 729, 15, 'TRIMESTRAL', 0, '0000-00-00 00:00:00', 2),
(1873, 191, 731, 15, 'TRIMESTRAL', 0, '0000-00-00 00:00:00', 2),
(1874, 191, 732, 15, 'TRIMESTRAL', 0, '0000-00-00 00:00:00', 2),
(1875, 191, 728, 16, 'TRIMESTRAL', 0, '0000-00-00 00:00:00', 2),
(1876, 191, 731, 16, 'TRIMESTRAL', 0, '0000-00-00 00:00:00', 2),
(1877, 191, 729, 16, 'TRIMESTRAL', 0, '0000-00-00 00:00:00', 2),
(1878, 191, 732, 16, 'TRIMESTRAL', 0, '0000-00-00 00:00:00', 2),
(1879, 191, 731, 28, 'TRIMESTRAL', 0, '0000-00-00 00:00:00', 2),
(1880, 191, 732, 28, 'TRIMESTRAL', 0, '0000-00-00 00:00:00', 2),
(1881, 192, 721, 13, 'TRIMESTRAL', 0, '0000-00-00 00:00:00', 2),
(1882, 192, 721, 14, 'TRIMESTRAL', 0, '0000-00-00 00:00:00', 2),
(1883, 192, 721, 15, 'TRIMESTRAL', 0, '0000-00-00 00:00:00', 2),
(1884, 192, 721, 16, 'TRIMESTRAL', 0, '0000-00-00 00:00:00', 2),
(1885, 192, 721, 1, 'TRIMESTRAL', 0, '0000-00-00 00:00:00', 2),
(1886, 192, 721, 2, 'TRIMESTRAL', 0, '0000-00-00 00:00:00', 2),
(1887, 192, 721, 3, 'TRIMESTRAL', 0, '0000-00-00 00:00:00', 2),
(1888, 192, 721, 4, 'TRIMESTRAL', 0, '0000-00-00 00:00:00', 2),
(1889, 192, 724, 13, 'TRIMESTRAL', 0, '0000-00-00 00:00:00', 2),
(1890, 192, 724, 14, 'TRIMESTRAL', 0, '0000-00-00 00:00:00', 2),
(1891, 192, 724, 15, 'TRIMESTRAL', 0, '0000-00-00 00:00:00', 2),
(1892, 192, 724, 16, 'TRIMESTRAL', 0, '0000-00-00 00:00:00', 2),
(1893, 192, 724, 1, 'TRIMESTRAL', 0, '0000-00-00 00:00:00', 2),
(1894, 192, 724, 2, 'TRIMESTRAL', 0, '0000-00-00 00:00:00', 2),
(1895, 192, 724, 3, 'TRIMESTRAL', 0, '0000-00-00 00:00:00', 2),
(1896, 192, 724, 4, 'TRIMESTRAL', 0, '0000-00-00 00:00:00', 2),
(1897, 192, 725, 13, 'TRIMESTRAL', 0, '0000-00-00 00:00:00', 2),
(1898, 192, 725, 14, 'TRIMESTRAL', 0, '0000-00-00 00:00:00', 2),
(1899, 192, 725, 15, 'TRIMESTRAL', 0, '0000-00-00 00:00:00', 2),
(1900, 192, 725, 16, 'TRIMESTRAL', 0, '0000-00-00 00:00:00', 2),
(1901, 192, 725, 1, 'TRIMESTRAL', 0, '0000-00-00 00:00:00', 2),
(1902, 192, 725, 2, 'TRIMESTRAL', 0, '0000-00-00 00:00:00', 2),
(1903, 192, 725, 3, 'TRIMESTRAL', 0, '0000-00-00 00:00:00', 2),
(1904, 192, 725, 4, 'TRIMESTRAL', 0, '0000-00-00 00:00:00', 2),
(1905, 192, 725, 5, 'TRIMESTRAL', 0, '0000-00-00 00:00:00', 2),
(1906, 192, 725, 6, 'TRIMESTRAL', 0, '0000-00-00 00:00:00', 2),
(1907, 192, 725, 7, 'TRIMESTRAL', 0, '0000-00-00 00:00:00', 2),
(1908, 192, 725, 8, 'TRIMESTRAL', 0, '0000-00-00 00:00:00', 2),
(1909, 192, 725, 9, 'TRIMESTRAL', 0, '0000-00-00 00:00:00', 2),
(1910, 192, 725, 10, 'TRIMESTRAL', 0, '0000-00-00 00:00:00', 2),
(1911, 192, 725, 11, 'TRIMESTRAL', 0, '0000-00-00 00:00:00', 2),
(1912, 192, 725, 12, 'TRIMESTRAL', 0, '0000-00-00 00:00:00', 2),
(1913, 192, 725, 28, 'TRIMESTRAL', 0, '0000-00-00 00:00:00', 2),
(1914, 192, 726, 13, 'TRIMESTRAL', 0, '0000-00-00 00:00:00', 2),
(1915, 192, 726, 14, 'TRIMESTRAL', 0, '0000-00-00 00:00:00', 2),
(1916, 192, 726, 15, 'TRIMESTRAL', 0, '0000-00-00 00:00:00', 2),
(1917, 192, 726, 16, 'TRIMESTRAL', 0, '0000-00-00 00:00:00', 2),
(1918, 192, 726, 1, 'TRIMESTRAL', 0, '0000-00-00 00:00:00', 2),
(1919, 192, 726, 2, 'TRIMESTRAL', 0, '0000-00-00 00:00:00', 2),
(1920, 192, 726, 3, 'TRIMESTRAL', 0, '0000-00-00 00:00:00', 2),
(1921, 192, 726, 4, 'TRIMESTRAL', 0, '0000-00-00 00:00:00', 2),
(1922, 192, 726, 5, 'TRIMESTRAL', 0, '0000-00-00 00:00:00', 2),
(1923, 192, 726, 6, 'TRIMESTRAL', 0, '0000-00-00 00:00:00', 2),
(1924, 192, 726, 7, 'TRIMESTRAL', 0, '0000-00-00 00:00:00', 2),
(1925, 192, 726, 8, 'TRIMESTRAL', 0, '0000-00-00 00:00:00', 2),
(1926, 192, 726, 9, 'TRIMESTRAL', 0, '0000-00-00 00:00:00', 2),
(1927, 192, 726, 10, 'TRIMESTRAL', 0, '0000-00-00 00:00:00', 2),
(1928, 192, 726, 11, 'TRIMESTRAL', 0, '0000-00-00 00:00:00', 2),
(1929, 192, 726, 12, 'TRIMESTRAL', 0, '0000-00-00 00:00:00', 2),
(1930, 192, 726, 28, 'TRIMESTRAL', 0, '0000-00-00 00:00:00', 2),
(1931, 192, 727, 13, 'TRIMESTRAL', 0, '0000-00-00 00:00:00', 2),
(1932, 192, 727, 14, 'TRIMESTRAL', 0, '0000-00-00 00:00:00', 2),
(1933, 192, 727, 15, 'TRIMESTRAL', 0, '0000-00-00 00:00:00', 2),
(1934, 192, 727, 16, 'TRIMESTRAL', 0, '0000-00-00 00:00:00', 2),
(1935, 192, 727, 1, 'TRIMESTRAL', 0, '0000-00-00 00:00:00', 2),
(1936, 192, 727, 2, 'TRIMESTRAL', 0, '0000-00-00 00:00:00', 2),
(1937, 192, 727, 3, 'TRIMESTRAL', 0, '0000-00-00 00:00:00', 2),
(1938, 192, 727, 4, 'TRIMESTRAL', 0, '0000-00-00 00:00:00', 2),
(1939, 192, 727, 5, 'TRIMESTRAL', 0, '0000-00-00 00:00:00', 2),
(1940, 192, 727, 6, 'TRIMESTRAL', 0, '0000-00-00 00:00:00', 2),
(1941, 192, 727, 7, 'TRIMESTRAL', 0, '0000-00-00 00:00:00', 2),
(1942, 192, 727, 8, 'TRIMESTRAL', 0, '0000-00-00 00:00:00', 2),
(1943, 192, 727, 9, 'TRIMESTRAL', 0, '0000-00-00 00:00:00', 2),
(1944, 192, 727, 10, 'TRIMESTRAL', 0, '0000-00-00 00:00:00', 2),
(1945, 192, 727, 11, 'TRIMESTRAL', 0, '0000-00-00 00:00:00', 2),
(1946, 192, 727, 12, 'TRIMESTRAL', 0, '0000-00-00 00:00:00', 2),
(1947, 192, 727, 28, 'TRIMESTRAL', 0, '0000-00-00 00:00:00', 2),
(1948, 192, 728, 1, 'TRIMESTRAL', 0, '0000-00-00 00:00:00', 2),
(1949, 192, 728, 2, 'TRIMESTRAL', 0, '0000-00-00 00:00:00', 2),
(1950, 192, 728, 3, 'TRIMESTRAL', 0, '0000-00-00 00:00:00', 2),
(1951, 192, 728, 4, 'TRIMESTRAL', 0, '0000-00-00 00:00:00', 2),
(1952, 192, 728, 5, 'TRIMESTRAL', 0, '0000-00-00 00:00:00', 2),
(1953, 192, 728, 6, 'TRIMESTRAL', 0, '0000-00-00 00:00:00', 2),
(1954, 192, 728, 7, 'TRIMESTRAL', 0, '0000-00-00 00:00:00', 2),
(1955, 192, 728, 8, 'TRIMESTRAL', 0, '0000-00-00 00:00:00', 2),
(1956, 192, 728, 9, 'TRIMESTRAL', 0, '0000-00-00 00:00:00', 2),
(1957, 192, 728, 10, 'TRIMESTRAL', 0, '0000-00-00 00:00:00', 2),
(1958, 192, 728, 11, 'TRIMESTRAL', 0, '0000-00-00 00:00:00', 2),
(1959, 192, 728, 12, 'TRIMESTRAL', 0, '0000-00-00 00:00:00', 2),
(1960, 192, 728, 28, 'TRIMESTRAL', 0, '0000-00-00 00:00:00', 2),
(1961, 192, 729, 8, 'TRIMESTRAL', 0, '0000-00-00 00:00:00', 2),
(1962, 192, 729, 9, 'TRIMESTRAL', 0, '0000-00-00 00:00:00', 2),
(1963, 192, 729, 10, 'TRIMESTRAL', 0, '0000-00-00 00:00:00', 2),
(1964, 192, 729, 11, 'TRIMESTRAL', 0, '0000-00-00 00:00:00', 2),
(1965, 192, 729, 12, 'TRIMESTRAL', 0, '0000-00-00 00:00:00', 2),
(1966, 192, 729, 28, 'TRIMESTRAL', 0, '0000-00-00 00:00:00', 2),
(1967, 192, 730, 13, 'TRIMESTRAL', 0, '0000-00-00 00:00:00', 2),
(1968, 192, 730, 14, 'TRIMESTRAL', 0, '0000-00-00 00:00:00', 2),
(1969, 192, 730, 15, 'TRIMESTRAL', 0, '0000-00-00 00:00:00', 2),
(1970, 192, 730, 16, 'TRIMESTRAL', 0, '0000-00-00 00:00:00', 2),
(1971, 192, 730, 1, 'TRIMESTRAL', 0, '0000-00-00 00:00:00', 2),
(1972, 192, 730, 2, 'TRIMESTRAL', 0, '0000-00-00 00:00:00', 2),
(1973, 192, 730, 3, 'TRIMESTRAL', 0, '0000-00-00 00:00:00', 2),
(1974, 192, 730, 4, 'TRIMESTRAL', 0, '0000-00-00 00:00:00', 2),
(1975, 192, 730, 5, 'TRIMESTRAL', 0, '0000-00-00 00:00:00', 2),
(1976, 192, 730, 6, 'TRIMESTRAL', 0, '0000-00-00 00:00:00', 2),
(1977, 192, 730, 7, 'TRIMESTRAL', 0, '0000-00-00 00:00:00', 2),
(1978, 192, 730, 8, 'TRIMESTRAL', 0, '0000-00-00 00:00:00', 2),
(1979, 192, 730, 9, 'TRIMESTRAL', 0, '0000-00-00 00:00:00', 2),
(1980, 192, 730, 10, 'TRIMESTRAL', 0, '0000-00-00 00:00:00', 2),
(1981, 192, 730, 11, 'TRIMESTRAL', 0, '0000-00-00 00:00:00', 2),
(1982, 192, 730, 12, 'TRIMESTRAL', 0, '0000-00-00 00:00:00', 2),
(1983, 192, 730, 28, 'TRIMESTRAL', 0, '0000-00-00 00:00:00', 2),
(1984, 192, 729, 1, 'TRIMESTRAL', 0, '0000-00-00 00:00:00', 2),
(1985, 192, 731, 1, 'TRIMESTRAL', 0, '0000-00-00 00:00:00', 2),
(1986, 192, 732, 1, 'TRIMESTRAL', 0, '0000-00-00 00:00:00', 2),
(1987, 192, 729, 2, 'TRIMESTRAL', 0, '0000-00-00 00:00:00', 2),
(1988, 192, 731, 2, 'TRIMESTRAL', 0, '0000-00-00 00:00:00', 2),
(1989, 192, 732, 2, 'TRIMESTRAL', 0, '0000-00-00 00:00:00', 2),
(1990, 192, 729, 3, 'TRIMESTRAL', 0, '0000-00-00 00:00:00', 2),
(1991, 192, 731, 3, 'TRIMESTRAL', 0, '0000-00-00 00:00:00', 2),
(1992, 192, 732, 3, 'TRIMESTRAL', 0, '0000-00-00 00:00:00', 2),
(1993, 192, 729, 4, 'TRIMESTRAL', 0, '0000-00-00 00:00:00', 2),
(1994, 192, 731, 4, 'TRIMESTRAL', 0, '0000-00-00 00:00:00', 2),
(1995, 192, 732, 4, 'TRIMESTRAL', 0, '0000-00-00 00:00:00', 2),
(1996, 192, 729, 5, 'TRIMESTRAL', 0, '0000-00-00 00:00:00', 2),
(1997, 192, 731, 5, 'TRIMESTRAL', 0, '0000-00-00 00:00:00', 2),
(1998, 192, 732, 5, 'TRIMESTRAL', 0, '0000-00-00 00:00:00', 2),
(1999, 192, 729, 6, 'TRIMESTRAL', 0, '0000-00-00 00:00:00', 2),
(2000, 192, 731, 6, 'TRIMESTRAL', 0, '0000-00-00 00:00:00', 2),
(2001, 192, 732, 6, 'TRIMESTRAL', 0, '0000-00-00 00:00:00', 2),
(2002, 192, 729, 7, 'TRIMESTRAL', 0, '0000-00-00 00:00:00', 2),
(2003, 192, 731, 7, 'TRIMESTRAL', 0, '0000-00-00 00:00:00', 2),
(2004, 192, 732, 7, 'TRIMESTRAL', 0, '0000-00-00 00:00:00', 2),
(2005, 192, 731, 8, 'TRIMESTRAL', 0, '0000-00-00 00:00:00', 2),
(2006, 192, 732, 8, 'TRIMESTRAL', 0, '0000-00-00 00:00:00', 2),
(2007, 192, 731, 9, 'TRIMESTRAL', 0, '0000-00-00 00:00:00', 2),
(2008, 192, 732, 9, 'TRIMESTRAL', 0, '0000-00-00 00:00:00', 2),
(2009, 192, 731, 10, 'TRIMESTRAL', 0, '0000-00-00 00:00:00', 2),
(2010, 192, 732, 10, 'TRIMESTRAL', 0, '0000-00-00 00:00:00', 2),
(2011, 192, 731, 11, 'TRIMESTRAL', 0, '0000-00-00 00:00:00', 2),
(2012, 192, 732, 11, 'TRIMESTRAL', 0, '0000-00-00 00:00:00', 2),
(2013, 192, 731, 12, 'TRIMESTRAL', 0, '0000-00-00 00:00:00', 2),
(2014, 192, 732, 12, 'TRIMESTRAL', 0, '0000-00-00 00:00:00', 2),
(2015, 192, 728, 13, 'TRIMESTRAL', 0, '0000-00-00 00:00:00', 2),
(2016, 192, 729, 13, 'TRIMESTRAL', 0, '0000-00-00 00:00:00', 2),
(2017, 192, 731, 13, 'TRIMESTRAL', 0, '0000-00-00 00:00:00', 2),
(2018, 192, 732, 13, 'TRIMESTRAL', 0, '0000-00-00 00:00:00', 2),
(2019, 192, 728, 14, 'TRIMESTRAL', 0, '0000-00-00 00:00:00', 2),
(2020, 192, 729, 14, 'TRIMESTRAL', 0, '0000-00-00 00:00:00', 2),
(2021, 192, 731, 14, 'TRIMESTRAL', 0, '0000-00-00 00:00:00', 2),
(2022, 192, 732, 14, 'TRIMESTRAL', 0, '0000-00-00 00:00:00', 2),
(2023, 192, 728, 15, 'TRIMESTRAL', 0, '0000-00-00 00:00:00', 2),
(2024, 192, 729, 15, 'TRIMESTRAL', 0, '0000-00-00 00:00:00', 2),
(2025, 192, 731, 15, 'TRIMESTRAL', 0, '0000-00-00 00:00:00', 2),
(2026, 192, 732, 15, 'TRIMESTRAL', 0, '0000-00-00 00:00:00', 2),
(2027, 192, 728, 16, 'TRIMESTRAL', 0, '0000-00-00 00:00:00', 2),
(2028, 192, 731, 16, 'TRIMESTRAL', 0, '0000-00-00 00:00:00', 2),
(2029, 192, 729, 16, 'TRIMESTRAL', 0, '0000-00-00 00:00:00', 2),
(2030, 192, 732, 16, 'TRIMESTRAL', 0, '0000-00-00 00:00:00', 2),
(2031, 192, 731, 28, 'TRIMESTRAL', 0, '0000-00-00 00:00:00', 2),
(2032, 192, 732, 28, 'TRIMESTRAL', 0, '0000-00-00 00:00:00', 2),
(2033, 193, 721, 13, 'TRIMESTRAL', 0, '0000-00-00 00:00:00', 2),
(2034, 193, 721, 14, 'TRIMESTRAL', 0, '0000-00-00 00:00:00', 2),
(2035, 193, 721, 15, 'TRIMESTRAL', 0, '0000-00-00 00:00:00', 2),
(2036, 193, 721, 16, 'TRIMESTRAL', 0, '0000-00-00 00:00:00', 2),
(2037, 193, 721, 1, 'TRIMESTRAL', 0, '0000-00-00 00:00:00', 2),
(2038, 193, 721, 2, 'TRIMESTRAL', 0, '0000-00-00 00:00:00', 2),
(2039, 193, 721, 3, 'TRIMESTRAL', 0, '0000-00-00 00:00:00', 2),
(2040, 193, 721, 4, 'TRIMESTRAL', 0, '0000-00-00 00:00:00', 2),
(2041, 193, 724, 13, 'TRIMESTRAL', 0, '0000-00-00 00:00:00', 2),
(2042, 193, 724, 14, 'TRIMESTRAL', 0, '0000-00-00 00:00:00', 2),
(2043, 193, 724, 15, 'TRIMESTRAL', 0, '0000-00-00 00:00:00', 2),
(2044, 193, 724, 16, 'TRIMESTRAL', 0, '0000-00-00 00:00:00', 2),
(2045, 193, 724, 1, 'TRIMESTRAL', 0, '0000-00-00 00:00:00', 2),
(2046, 193, 724, 2, 'TRIMESTRAL', 0, '0000-00-00 00:00:00', 2),
(2047, 193, 724, 3, 'TRIMESTRAL', 0, '0000-00-00 00:00:00', 2),
(2048, 193, 724, 4, 'TRIMESTRAL', 0, '0000-00-00 00:00:00', 2),
(2049, 193, 725, 13, 'TRIMESTRAL', 0, '0000-00-00 00:00:00', 2),
(2050, 193, 725, 14, 'TRIMESTRAL', 0, '0000-00-00 00:00:00', 2),
(2051, 193, 725, 15, 'TRIMESTRAL', 0, '0000-00-00 00:00:00', 2),
(2052, 193, 725, 16, 'TRIMESTRAL', 0, '0000-00-00 00:00:00', 2),
(2053, 193, 725, 1, 'TRIMESTRAL', 0, '0000-00-00 00:00:00', 2),
(2054, 193, 725, 2, 'TRIMESTRAL', 0, '0000-00-00 00:00:00', 2),
(2055, 193, 725, 3, 'TRIMESTRAL', 0, '0000-00-00 00:00:00', 2),
(2056, 193, 725, 4, 'TRIMESTRAL', 0, '0000-00-00 00:00:00', 2),
(2057, 193, 725, 5, 'TRIMESTRAL', 0, '0000-00-00 00:00:00', 2),
(2058, 193, 725, 6, 'TRIMESTRAL', 0, '0000-00-00 00:00:00', 2),
(2059, 193, 725, 7, 'TRIMESTRAL', 0, '0000-00-00 00:00:00', 2),
(2060, 193, 725, 8, 'TRIMESTRAL', 0, '0000-00-00 00:00:00', 2),
(2061, 193, 725, 9, 'TRIMESTRAL', 0, '0000-00-00 00:00:00', 2),
(2062, 193, 725, 10, 'TRIMESTRAL', 0, '0000-00-00 00:00:00', 2),
(2063, 193, 725, 11, 'TRIMESTRAL', 0, '0000-00-00 00:00:00', 2),
(2064, 193, 725, 12, 'TRIMESTRAL', 0, '0000-00-00 00:00:00', 2),
(2065, 193, 725, 28, 'TRIMESTRAL', 0, '0000-00-00 00:00:00', 2),
(2066, 193, 726, 13, 'TRIMESTRAL', 0, '0000-00-00 00:00:00', 2),
(2067, 193, 726, 14, 'TRIMESTRAL', 0, '0000-00-00 00:00:00', 2),
(2068, 193, 726, 15, 'TRIMESTRAL', 0, '0000-00-00 00:00:00', 2),
(2069, 193, 726, 16, 'TRIMESTRAL', 0, '0000-00-00 00:00:00', 2),
(2070, 193, 726, 1, 'TRIMESTRAL', 0, '0000-00-00 00:00:00', 2),
(2071, 193, 726, 2, 'TRIMESTRAL', 0, '0000-00-00 00:00:00', 2),
(2072, 193, 726, 3, 'TRIMESTRAL', 0, '0000-00-00 00:00:00', 2),
(2073, 193, 726, 4, 'TRIMESTRAL', 0, '0000-00-00 00:00:00', 2),
(2074, 193, 726, 5, 'TRIMESTRAL', 0, '0000-00-00 00:00:00', 2),
(2075, 193, 726, 6, 'TRIMESTRAL', 0, '0000-00-00 00:00:00', 2),
(2076, 193, 726, 7, 'TRIMESTRAL', 0, '0000-00-00 00:00:00', 2),
(2077, 193, 726, 8, 'TRIMESTRAL', 0, '0000-00-00 00:00:00', 2),
(2078, 193, 726, 9, 'TRIMESTRAL', 0, '0000-00-00 00:00:00', 2),
(2079, 193, 726, 10, 'TRIMESTRAL', 0, '0000-00-00 00:00:00', 2),
(2080, 193, 726, 11, 'TRIMESTRAL', 0, '0000-00-00 00:00:00', 2),
(2081, 193, 726, 12, 'TRIMESTRAL', 0, '0000-00-00 00:00:00', 2),
(2082, 193, 726, 28, 'TRIMESTRAL', 0, '0000-00-00 00:00:00', 2),
(2083, 193, 727, 13, 'TRIMESTRAL', 0, '0000-00-00 00:00:00', 2),
(2084, 193, 727, 14, 'TRIMESTRAL', 0, '0000-00-00 00:00:00', 2),
(2085, 193, 727, 15, 'TRIMESTRAL', 0, '0000-00-00 00:00:00', 2),
(2086, 193, 727, 16, 'TRIMESTRAL', 0, '0000-00-00 00:00:00', 2),
(2087, 193, 727, 1, 'TRIMESTRAL', 0, '0000-00-00 00:00:00', 2),
(2088, 193, 727, 2, 'TRIMESTRAL', 0, '0000-00-00 00:00:00', 2),
(2089, 193, 727, 3, 'TRIMESTRAL', 0, '0000-00-00 00:00:00', 2),
(2090, 193, 727, 4, 'TRIMESTRAL', 0, '0000-00-00 00:00:00', 2),
(2091, 193, 727, 5, 'TRIMESTRAL', 0, '0000-00-00 00:00:00', 2),
(2092, 193, 727, 6, 'TRIMESTRAL', 0, '0000-00-00 00:00:00', 2),
(2093, 193, 727, 7, 'TRIMESTRAL', 0, '0000-00-00 00:00:00', 2),
(2094, 193, 727, 8, 'TRIMESTRAL', 0, '0000-00-00 00:00:00', 2),
(2095, 193, 727, 9, 'TRIMESTRAL', 0, '0000-00-00 00:00:00', 2),
(2096, 193, 727, 10, 'TRIMESTRAL', 0, '0000-00-00 00:00:00', 2),
(2097, 193, 727, 11, 'TRIMESTRAL', 0, '0000-00-00 00:00:00', 2),
(2098, 193, 727, 12, 'TRIMESTRAL', 0, '0000-00-00 00:00:00', 2),
(2099, 193, 727, 28, 'TRIMESTRAL', 0, '0000-00-00 00:00:00', 2),
(2100, 193, 728, 1, 'TRIMESTRAL', 0, '0000-00-00 00:00:00', 2),
(2101, 193, 728, 2, 'TRIMESTRAL', 0, '0000-00-00 00:00:00', 2),
(2102, 193, 728, 3, 'TRIMESTRAL', 0, '0000-00-00 00:00:00', 2),
(2103, 193, 728, 4, 'TRIMESTRAL', 0, '0000-00-00 00:00:00', 2),
(2104, 193, 728, 5, 'TRIMESTRAL', 0, '0000-00-00 00:00:00', 2),
(2105, 193, 728, 6, 'TRIMESTRAL', 0, '0000-00-00 00:00:00', 2),
(2106, 193, 728, 7, 'TRIMESTRAL', 0, '0000-00-00 00:00:00', 2),
(2107, 193, 728, 8, 'TRIMESTRAL', 0, '0000-00-00 00:00:00', 2),
(2108, 193, 728, 9, 'TRIMESTRAL', 0, '0000-00-00 00:00:00', 2),
(2109, 193, 728, 10, 'TRIMESTRAL', 0, '0000-00-00 00:00:00', 2),
(2110, 193, 728, 11, 'TRIMESTRAL', 0, '0000-00-00 00:00:00', 2),
(2111, 193, 728, 12, 'TRIMESTRAL', 0, '0000-00-00 00:00:00', 2),
(2112, 193, 728, 28, 'TRIMESTRAL', 0, '0000-00-00 00:00:00', 2),
(2113, 193, 729, 8, 'TRIMESTRAL', 0, '0000-00-00 00:00:00', 2),
(2114, 193, 729, 9, 'TRIMESTRAL', 0, '0000-00-00 00:00:00', 2),
(2115, 193, 729, 10, 'TRIMESTRAL', 0, '0000-00-00 00:00:00', 2),
(2116, 193, 729, 11, 'TRIMESTRAL', 0, '0000-00-00 00:00:00', 2),
(2117, 193, 729, 12, 'TRIMESTRAL', 0, '0000-00-00 00:00:00', 2),
(2118, 193, 729, 28, 'TRIMESTRAL', 0, '0000-00-00 00:00:00', 2),
(2119, 193, 730, 13, 'TRIMESTRAL', 0, '0000-00-00 00:00:00', 2),
(2120, 193, 730, 14, 'TRIMESTRAL', 0, '0000-00-00 00:00:00', 2),
(2121, 193, 730, 15, 'TRIMESTRAL', 0, '0000-00-00 00:00:00', 2),
(2122, 193, 730, 16, 'TRIMESTRAL', 0, '0000-00-00 00:00:00', 2),
(2123, 193, 730, 1, 'TRIMESTRAL', 0, '0000-00-00 00:00:00', 2),
(2124, 193, 730, 2, 'TRIMESTRAL', 0, '0000-00-00 00:00:00', 2),
(2125, 193, 730, 3, 'TRIMESTRAL', 0, '0000-00-00 00:00:00', 2),
(2126, 193, 730, 4, 'TRIMESTRAL', 0, '0000-00-00 00:00:00', 2),
(2127, 193, 730, 5, 'TRIMESTRAL', 0, '0000-00-00 00:00:00', 2),
(2128, 193, 730, 6, 'TRIMESTRAL', 0, '0000-00-00 00:00:00', 2),
(2129, 193, 730, 7, 'TRIMESTRAL', 0, '0000-00-00 00:00:00', 2),
(2130, 193, 730, 8, 'TRIMESTRAL', 0, '0000-00-00 00:00:00', 2),
(2131, 193, 730, 9, 'TRIMESTRAL', 0, '0000-00-00 00:00:00', 2),
(2132, 193, 730, 10, 'TRIMESTRAL', 0, '0000-00-00 00:00:00', 2),
(2133, 193, 730, 11, 'TRIMESTRAL', 0, '0000-00-00 00:00:00', 2),
(2134, 193, 730, 12, 'TRIMESTRAL', 0, '0000-00-00 00:00:00', 2),
(2135, 193, 730, 28, 'TRIMESTRAL', 0, '0000-00-00 00:00:00', 2),
(2136, 193, 729, 1, 'TRIMESTRAL', 0, '0000-00-00 00:00:00', 2),
(2137, 193, 731, 1, 'TRIMESTRAL', 0, '0000-00-00 00:00:00', 2),
(2138, 193, 732, 1, 'TRIMESTRAL', 0, '0000-00-00 00:00:00', 2),
(2139, 193, 729, 2, 'TRIMESTRAL', 0, '0000-00-00 00:00:00', 2),
(2140, 193, 731, 2, 'TRIMESTRAL', 0, '0000-00-00 00:00:00', 2),
(2141, 193, 732, 2, 'TRIMESTRAL', 0, '0000-00-00 00:00:00', 2),
(2142, 193, 729, 3, 'TRIMESTRAL', 0, '0000-00-00 00:00:00', 2),
(2143, 193, 731, 3, 'TRIMESTRAL', 0, '0000-00-00 00:00:00', 2),
(2144, 193, 732, 3, 'TRIMESTRAL', 0, '0000-00-00 00:00:00', 2),
(2145, 193, 729, 4, 'TRIMESTRAL', 0, '0000-00-00 00:00:00', 2),
(2146, 193, 731, 4, 'TRIMESTRAL', 0, '0000-00-00 00:00:00', 2),
(2147, 193, 732, 4, 'TRIMESTRAL', 0, '0000-00-00 00:00:00', 2),
(2148, 193, 729, 5, 'TRIMESTRAL', 0, '0000-00-00 00:00:00', 2),
(2149, 193, 731, 5, 'TRIMESTRAL', 0, '0000-00-00 00:00:00', 2),
(2150, 193, 732, 5, 'TRIMESTRAL', 0, '0000-00-00 00:00:00', 2),
(2151, 193, 729, 6, 'TRIMESTRAL', 0, '0000-00-00 00:00:00', 2),
(2152, 193, 731, 6, 'TRIMESTRAL', 0, '0000-00-00 00:00:00', 2),
(2153, 193, 732, 6, 'TRIMESTRAL', 0, '0000-00-00 00:00:00', 2),
(2154, 193, 729, 7, 'TRIMESTRAL', 0, '0000-00-00 00:00:00', 2),
(2155, 193, 731, 7, 'TRIMESTRAL', 0, '0000-00-00 00:00:00', 2),
(2156, 193, 732, 7, 'TRIMESTRAL', 0, '0000-00-00 00:00:00', 2),
(2157, 193, 731, 8, 'TRIMESTRAL', 0, '0000-00-00 00:00:00', 2),
(2158, 193, 732, 8, 'TRIMESTRAL', 0, '0000-00-00 00:00:00', 2),
(2159, 193, 731, 9, 'TRIMESTRAL', 0, '0000-00-00 00:00:00', 2),
(2160, 193, 732, 9, 'TRIMESTRAL', 0, '0000-00-00 00:00:00', 2),
(2161, 193, 731, 10, 'TRIMESTRAL', 0, '0000-00-00 00:00:00', 2),
(2162, 193, 732, 10, 'TRIMESTRAL', 0, '0000-00-00 00:00:00', 2),
(2163, 193, 731, 11, 'TRIMESTRAL', 0, '0000-00-00 00:00:00', 2),
(2164, 193, 732, 11, 'TRIMESTRAL', 0, '0000-00-00 00:00:00', 2),
(2165, 193, 731, 12, 'TRIMESTRAL', 0, '0000-00-00 00:00:00', 2),
(2166, 193, 732, 12, 'TRIMESTRAL', 0, '0000-00-00 00:00:00', 2),
(2167, 193, 728, 13, 'TRIMESTRAL', 0, '0000-00-00 00:00:00', 2),
(2168, 193, 729, 13, 'TRIMESTRAL', 0, '0000-00-00 00:00:00', 2),
(2169, 193, 731, 13, 'TRIMESTRAL', 0, '0000-00-00 00:00:00', 2),
(2170, 193, 732, 13, 'TRIMESTRAL', 0, '0000-00-00 00:00:00', 2),
(2171, 193, 728, 14, 'TRIMESTRAL', 0, '0000-00-00 00:00:00', 2),
(2172, 193, 729, 14, 'TRIMESTRAL', 0, '0000-00-00 00:00:00', 2),
(2173, 193, 731, 14, 'TRIMESTRAL', 0, '0000-00-00 00:00:00', 2),
(2174, 193, 732, 14, 'TRIMESTRAL', 0, '0000-00-00 00:00:00', 2),
(2175, 193, 728, 15, 'TRIMESTRAL', 0, '0000-00-00 00:00:00', 2),
(2176, 193, 729, 15, 'TRIMESTRAL', 0, '0000-00-00 00:00:00', 2),
(2177, 193, 731, 15, 'TRIMESTRAL', 0, '0000-00-00 00:00:00', 2),
(2178, 193, 732, 15, 'TRIMESTRAL', 0, '0000-00-00 00:00:00', 2),
(2179, 193, 728, 16, 'TRIMESTRAL', 0, '0000-00-00 00:00:00', 2),
(2180, 193, 731, 16, 'TRIMESTRAL', 0, '0000-00-00 00:00:00', 2),
(2181, 193, 729, 16, 'TRIMESTRAL', 0, '0000-00-00 00:00:00', 2),
(2182, 193, 732, 16, 'TRIMESTRAL', 0, '0000-00-00 00:00:00', 2),
(2183, 193, 731, 28, 'TRIMESTRAL', 0, '0000-00-00 00:00:00', 2),
(2184, 193, 732, 28, 'TRIMESTRAL', 0, '0000-00-00 00:00:00', 2),
(2185, 194, 721, 13, 'TRIMESTRAL', 0, '0000-00-00 00:00:00', 2),
(2186, 194, 721, 14, 'TRIMESTRAL', 0, '0000-00-00 00:00:00', 2),
(2187, 194, 721, 15, 'TRIMESTRAL', 0, '0000-00-00 00:00:00', 2),
(2188, 194, 721, 16, 'TRIMESTRAL', 0, '0000-00-00 00:00:00', 2),
(2189, 194, 721, 1, 'TRIMESTRAL', 0, '0000-00-00 00:00:00', 2),
(2190, 194, 721, 2, 'TRIMESTRAL', 0, '0000-00-00 00:00:00', 2),
(2191, 194, 721, 3, 'TRIMESTRAL', 0, '0000-00-00 00:00:00', 2),
(2192, 194, 721, 4, 'TRIMESTRAL', 0, '0000-00-00 00:00:00', 2),
(2193, 194, 724, 13, 'TRIMESTRAL', 0, '0000-00-00 00:00:00', 2),
(2194, 194, 724, 14, 'TRIMESTRAL', 0, '0000-00-00 00:00:00', 2),
(2195, 194, 724, 15, 'TRIMESTRAL', 0, '0000-00-00 00:00:00', 2),
(2196, 194, 724, 16, 'TRIMESTRAL', 0, '0000-00-00 00:00:00', 2),
(2197, 194, 724, 1, 'TRIMESTRAL', 0, '0000-00-00 00:00:00', 2),
(2198, 194, 724, 2, 'TRIMESTRAL', 0, '0000-00-00 00:00:00', 2),
(2199, 194, 724, 3, 'TRIMESTRAL', 0, '0000-00-00 00:00:00', 2),
(2200, 194, 724, 4, 'TRIMESTRAL', 0, '0000-00-00 00:00:00', 2),
(2201, 194, 725, 13, 'TRIMESTRAL', 0, '0000-00-00 00:00:00', 2),
(2202, 194, 725, 14, 'TRIMESTRAL', 0, '0000-00-00 00:00:00', 2),
(2203, 194, 725, 15, 'TRIMESTRAL', 0, '0000-00-00 00:00:00', 2),
(2204, 194, 725, 16, 'TRIMESTRAL', 0, '0000-00-00 00:00:00', 2),
(2205, 194, 725, 1, 'TRIMESTRAL', 0, '0000-00-00 00:00:00', 2),
(2206, 194, 725, 2, 'TRIMESTRAL', 0, '0000-00-00 00:00:00', 2),
(2207, 194, 725, 3, 'TRIMESTRAL', 0, '0000-00-00 00:00:00', 2),
(2208, 194, 725, 4, 'TRIMESTRAL', 0, '0000-00-00 00:00:00', 2),
(2209, 194, 725, 5, 'TRIMESTRAL', 0, '0000-00-00 00:00:00', 2),
(2210, 194, 725, 6, 'TRIMESTRAL', 0, '0000-00-00 00:00:00', 2),
(2211, 194, 725, 7, 'TRIMESTRAL', 0, '0000-00-00 00:00:00', 2),
(2212, 194, 725, 8, 'TRIMESTRAL', 0, '0000-00-00 00:00:00', 2),
(2213, 194, 725, 9, 'TRIMESTRAL', 0, '0000-00-00 00:00:00', 2),
(2214, 194, 725, 10, 'TRIMESTRAL', 0, '0000-00-00 00:00:00', 2),
(2215, 194, 725, 11, 'TRIMESTRAL', 0, '0000-00-00 00:00:00', 2),
(2216, 194, 725, 12, 'TRIMESTRAL', 0, '0000-00-00 00:00:00', 2),
(2217, 194, 725, 28, 'TRIMESTRAL', 0, '0000-00-00 00:00:00', 2),
(2218, 194, 726, 13, 'TRIMESTRAL', 0, '0000-00-00 00:00:00', 2),
(2219, 194, 726, 14, 'TRIMESTRAL', 0, '0000-00-00 00:00:00', 2),
(2220, 194, 726, 15, 'TRIMESTRAL', 0, '0000-00-00 00:00:00', 2),
(2221, 194, 726, 16, 'TRIMESTRAL', 0, '0000-00-00 00:00:00', 2),
(2222, 194, 726, 1, 'TRIMESTRAL', 0, '0000-00-00 00:00:00', 2),
(2223, 194, 726, 2, 'TRIMESTRAL', 0, '0000-00-00 00:00:00', 2),
(2224, 194, 726, 3, 'TRIMESTRAL', 0, '0000-00-00 00:00:00', 2),
(2225, 194, 726, 4, 'TRIMESTRAL', 0, '0000-00-00 00:00:00', 2),
(2226, 194, 726, 5, 'TRIMESTRAL', 0, '0000-00-00 00:00:00', 2),
(2227, 194, 726, 6, 'TRIMESTRAL', 0, '0000-00-00 00:00:00', 2),
(2228, 194, 726, 7, 'TRIMESTRAL', 0, '0000-00-00 00:00:00', 2),
(2229, 194, 726, 8, 'TRIMESTRAL', 0, '0000-00-00 00:00:00', 2),
(2230, 194, 726, 9, 'TRIMESTRAL', 0, '0000-00-00 00:00:00', 2),
(2231, 194, 726, 10, 'TRIMESTRAL', 0, '0000-00-00 00:00:00', 2),
(2232, 194, 726, 11, 'TRIMESTRAL', 0, '0000-00-00 00:00:00', 2),
(2233, 194, 726, 12, 'TRIMESTRAL', 0, '0000-00-00 00:00:00', 2),
(2234, 194, 726, 28, 'TRIMESTRAL', 0, '0000-00-00 00:00:00', 2),
(2235, 194, 727, 13, 'TRIMESTRAL', 0, '0000-00-00 00:00:00', 2),
(2236, 194, 727, 14, 'TRIMESTRAL', 0, '0000-00-00 00:00:00', 2),
(2237, 194, 727, 15, 'TRIMESTRAL', 0, '0000-00-00 00:00:00', 2),
(2238, 194, 727, 16, 'TRIMESTRAL', 0, '0000-00-00 00:00:00', 2),
(2239, 194, 727, 1, 'TRIMESTRAL', 0, '0000-00-00 00:00:00', 2),
(2240, 194, 727, 2, 'TRIMESTRAL', 0, '0000-00-00 00:00:00', 2),
(2241, 194, 727, 3, 'TRIMESTRAL', 0, '0000-00-00 00:00:00', 2),
(2242, 194, 727, 4, 'TRIMESTRAL', 0, '0000-00-00 00:00:00', 2),
(2243, 194, 727, 5, 'TRIMESTRAL', 0, '0000-00-00 00:00:00', 2),
(2244, 194, 727, 6, 'TRIMESTRAL', 0, '0000-00-00 00:00:00', 2),
(2245, 194, 727, 7, 'TRIMESTRAL', 0, '0000-00-00 00:00:00', 2),
(2246, 194, 727, 8, 'TRIMESTRAL', 0, '0000-00-00 00:00:00', 2),
(2247, 194, 727, 9, 'TRIMESTRAL', 0, '0000-00-00 00:00:00', 2),
(2248, 194, 727, 10, 'TRIMESTRAL', 0, '0000-00-00 00:00:00', 2),
(2249, 194, 727, 11, 'TRIMESTRAL', 0, '0000-00-00 00:00:00', 2),
(2250, 194, 727, 12, 'TRIMESTRAL', 0, '0000-00-00 00:00:00', 2),
(2251, 194, 727, 28, 'TRIMESTRAL', 0, '0000-00-00 00:00:00', 2),
(2252, 194, 728, 1, 'TRIMESTRAL', 0, '0000-00-00 00:00:00', 2),
(2253, 194, 728, 2, 'TRIMESTRAL', 0, '0000-00-00 00:00:00', 2),
(2254, 194, 728, 3, 'TRIMESTRAL', 0, '0000-00-00 00:00:00', 2),
(2255, 194, 728, 4, 'TRIMESTRAL', 0, '0000-00-00 00:00:00', 2),
(2256, 194, 728, 5, 'TRIMESTRAL', 0, '0000-00-00 00:00:00', 2),
(2257, 194, 728, 6, 'TRIMESTRAL', 0, '0000-00-00 00:00:00', 2),
(2258, 194, 728, 7, 'TRIMESTRAL', 0, '0000-00-00 00:00:00', 2),
(2259, 194, 728, 8, 'TRIMESTRAL', 0, '0000-00-00 00:00:00', 2),
(2260, 194, 728, 9, 'TRIMESTRAL', 0, '0000-00-00 00:00:00', 2),
(2261, 194, 728, 10, 'TRIMESTRAL', 0, '0000-00-00 00:00:00', 2),
(2262, 194, 728, 11, 'TRIMESTRAL', 0, '0000-00-00 00:00:00', 2),
(2263, 194, 728, 12, 'TRIMESTRAL', 0, '0000-00-00 00:00:00', 2),
(2264, 194, 728, 28, 'TRIMESTRAL', 0, '0000-00-00 00:00:00', 2),
(2265, 194, 729, 8, 'TRIMESTRAL', 0, '0000-00-00 00:00:00', 2),
(2266, 194, 729, 9, 'TRIMESTRAL', 0, '0000-00-00 00:00:00', 2),
(2267, 194, 729, 10, 'TRIMESTRAL', 0, '0000-00-00 00:00:00', 2),
(2268, 194, 729, 11, 'TRIMESTRAL', 0, '0000-00-00 00:00:00', 2),
(2269, 194, 729, 12, 'TRIMESTRAL', 0, '0000-00-00 00:00:00', 2),
(2270, 194, 729, 28, 'TRIMESTRAL', 0, '0000-00-00 00:00:00', 2),
(2271, 194, 730, 13, 'TRIMESTRAL', 0, '0000-00-00 00:00:00', 2),
(2272, 194, 730, 14, 'TRIMESTRAL', 0, '0000-00-00 00:00:00', 2),
(2273, 194, 730, 15, 'TRIMESTRAL', 0, '0000-00-00 00:00:00', 2),
(2274, 194, 730, 16, 'TRIMESTRAL', 0, '0000-00-00 00:00:00', 2),
(2275, 194, 730, 1, 'TRIMESTRAL', 0, '0000-00-00 00:00:00', 2),
(2276, 194, 730, 2, 'TRIMESTRAL', 0, '0000-00-00 00:00:00', 2),
(2277, 194, 730, 3, 'TRIMESTRAL', 0, '0000-00-00 00:00:00', 2),
(2278, 194, 730, 4, 'TRIMESTRAL', 0, '0000-00-00 00:00:00', 2),
(2279, 194, 730, 5, 'TRIMESTRAL', 0, '0000-00-00 00:00:00', 2),
(2280, 194, 730, 6, 'TRIMESTRAL', 0, '0000-00-00 00:00:00', 2),
(2281, 194, 730, 7, 'TRIMESTRAL', 0, '0000-00-00 00:00:00', 2),
(2282, 194, 730, 8, 'TRIMESTRAL', 0, '0000-00-00 00:00:00', 2),
(2283, 194, 730, 9, 'TRIMESTRAL', 0, '0000-00-00 00:00:00', 2),
(2284, 194, 730, 10, 'TRIMESTRAL', 0, '0000-00-00 00:00:00', 2),
(2285, 194, 730, 11, 'TRIMESTRAL', 0, '0000-00-00 00:00:00', 2),
(2286, 194, 730, 12, 'TRIMESTRAL', 0, '0000-00-00 00:00:00', 2),
(2287, 194, 730, 28, 'TRIMESTRAL', 0, '0000-00-00 00:00:00', 2),
(2288, 194, 729, 1, 'TRIMESTRAL', 0, '0000-00-00 00:00:00', 2),
(2289, 194, 731, 1, 'TRIMESTRAL', 0, '0000-00-00 00:00:00', 2),
(2290, 194, 732, 1, 'TRIMESTRAL', 0, '0000-00-00 00:00:00', 2),
(2291, 194, 729, 2, 'TRIMESTRAL', 0, '0000-00-00 00:00:00', 2),
(2292, 194, 731, 2, 'TRIMESTRAL', 0, '0000-00-00 00:00:00', 2),
(2293, 194, 732, 2, 'TRIMESTRAL', 0, '0000-00-00 00:00:00', 2),
(2294, 194, 729, 3, 'TRIMESTRAL', 0, '0000-00-00 00:00:00', 2),
(2295, 194, 731, 3, 'TRIMESTRAL', 0, '0000-00-00 00:00:00', 2),
(2296, 194, 732, 3, 'TRIMESTRAL', 0, '0000-00-00 00:00:00', 2),
(2297, 194, 729, 4, 'TRIMESTRAL', 0, '0000-00-00 00:00:00', 2),
(2298, 194, 731, 4, 'TRIMESTRAL', 0, '0000-00-00 00:00:00', 2),
(2299, 194, 732, 4, 'TRIMESTRAL', 0, '0000-00-00 00:00:00', 2),
(2300, 194, 729, 5, 'TRIMESTRAL', 0, '0000-00-00 00:00:00', 2),
(2301, 194, 731, 5, 'TRIMESTRAL', 0, '0000-00-00 00:00:00', 2),
(2302, 194, 732, 5, 'TRIMESTRAL', 0, '0000-00-00 00:00:00', 2),
(2303, 194, 729, 6, 'TRIMESTRAL', 0, '0000-00-00 00:00:00', 2),
(2304, 194, 731, 6, 'TRIMESTRAL', 0, '0000-00-00 00:00:00', 2),
(2305, 194, 732, 6, 'TRIMESTRAL', 0, '0000-00-00 00:00:00', 2),
(2306, 194, 729, 7, 'TRIMESTRAL', 0, '0000-00-00 00:00:00', 2),
(2307, 194, 731, 7, 'TRIMESTRAL', 0, '0000-00-00 00:00:00', 2),
(2308, 194, 732, 7, 'TRIMESTRAL', 0, '0000-00-00 00:00:00', 2),
(2309, 194, 731, 8, 'TRIMESTRAL', 0, '0000-00-00 00:00:00', 2),
(2310, 194, 732, 8, 'TRIMESTRAL', 0, '0000-00-00 00:00:00', 2),
(2311, 194, 731, 9, 'TRIMESTRAL', 0, '0000-00-00 00:00:00', 2),
(2312, 194, 732, 9, 'TRIMESTRAL', 0, '0000-00-00 00:00:00', 2),
(2313, 194, 731, 10, 'TRIMESTRAL', 0, '0000-00-00 00:00:00', 2),
(2314, 194, 732, 10, 'TRIMESTRAL', 0, '0000-00-00 00:00:00', 2),
(2315, 194, 731, 11, 'TRIMESTRAL', 0, '0000-00-00 00:00:00', 2),
(2316, 194, 732, 11, 'TRIMESTRAL', 0, '0000-00-00 00:00:00', 2),
(2317, 194, 731, 12, 'TRIMESTRAL', 0, '0000-00-00 00:00:00', 2),
(2318, 194, 732, 12, 'TRIMESTRAL', 0, '0000-00-00 00:00:00', 2),
(2319, 194, 728, 13, 'TRIMESTRAL', 0, '0000-00-00 00:00:00', 2),
(2320, 194, 729, 13, 'TRIMESTRAL', 0, '0000-00-00 00:00:00', 2),
(2321, 194, 731, 13, 'TRIMESTRAL', 0, '0000-00-00 00:00:00', 2),
(2322, 194, 732, 13, 'TRIMESTRAL', 0, '0000-00-00 00:00:00', 2),
(2323, 194, 728, 14, 'TRIMESTRAL', 0, '0000-00-00 00:00:00', 2),
(2324, 194, 729, 14, 'TRIMESTRAL', 0, '0000-00-00 00:00:00', 2),
(2325, 194, 731, 14, 'TRIMESTRAL', 0, '0000-00-00 00:00:00', 2),
(2326, 194, 732, 14, 'TRIMESTRAL', 0, '0000-00-00 00:00:00', 2),
(2327, 194, 728, 15, 'TRIMESTRAL', 0, '0000-00-00 00:00:00', 2),
(2328, 194, 729, 15, 'TRIMESTRAL', 0, '0000-00-00 00:00:00', 2),
(2329, 194, 731, 15, 'TRIMESTRAL', 0, '0000-00-00 00:00:00', 2),
(2330, 194, 732, 15, 'TRIMESTRAL', 0, '0000-00-00 00:00:00', 2),
(2331, 194, 728, 16, 'TRIMESTRAL', 0, '0000-00-00 00:00:00', 2),
(2332, 194, 731, 16, 'TRIMESTRAL', 0, '0000-00-00 00:00:00', 2),
(2333, 194, 729, 16, 'TRIMESTRAL', 0, '0000-00-00 00:00:00', 2),
(2334, 194, 732, 16, 'TRIMESTRAL', 0, '0000-00-00 00:00:00', 2),
(2335, 194, 731, 28, 'TRIMESTRAL', 0, '0000-00-00 00:00:00', 2),
(2336, 194, 732, 28, 'TRIMESTRAL', 0, '0000-00-00 00:00:00', 2),
(2337, 195, 721, 13, 'TRIMESTRAL', 0, '0000-00-00 00:00:00', 2),
(2338, 195, 721, 14, 'TRIMESTRAL', 0, '0000-00-00 00:00:00', 2),
(2339, 195, 721, 15, 'TRIMESTRAL', 0, '0000-00-00 00:00:00', 2),
(2340, 195, 721, 16, 'TRIMESTRAL', 0, '0000-00-00 00:00:00', 2),
(2341, 195, 721, 1, 'TRIMESTRAL', 0, '0000-00-00 00:00:00', 2),
(2342, 195, 721, 2, 'TRIMESTRAL', 0, '0000-00-00 00:00:00', 2),
(2343, 195, 721, 3, 'TRIMESTRAL', 0, '0000-00-00 00:00:00', 2),
(2344, 195, 721, 4, 'TRIMESTRAL', 0, '0000-00-00 00:00:00', 2),
(2345, 195, 724, 13, 'TRIMESTRAL', 0, '0000-00-00 00:00:00', 2),
(2346, 195, 724, 14, 'TRIMESTRAL', 0, '0000-00-00 00:00:00', 2),
(2347, 195, 724, 15, 'TRIMESTRAL', 0, '0000-00-00 00:00:00', 2),
(2348, 195, 724, 16, 'TRIMESTRAL', 0, '0000-00-00 00:00:00', 2),
(2349, 195, 724, 1, 'TRIMESTRAL', 0, '0000-00-00 00:00:00', 2),
(2350, 195, 724, 2, 'TRIMESTRAL', 0, '0000-00-00 00:00:00', 2),
(2351, 195, 724, 3, 'TRIMESTRAL', 0, '0000-00-00 00:00:00', 2),
(2352, 195, 724, 4, 'TRIMESTRAL', 0, '0000-00-00 00:00:00', 2),
(2353, 195, 725, 13, 'TRIMESTRAL', 0, '0000-00-00 00:00:00', 2),
(2354, 195, 725, 14, 'TRIMESTRAL', 0, '0000-00-00 00:00:00', 2),
(2355, 195, 725, 15, 'TRIMESTRAL', 0, '0000-00-00 00:00:00', 2),
(2356, 195, 725, 16, 'TRIMESTRAL', 0, '0000-00-00 00:00:00', 2),
(2357, 195, 725, 1, 'TRIMESTRAL', 0, '0000-00-00 00:00:00', 2),
(2358, 195, 725, 2, 'TRIMESTRAL', 0, '0000-00-00 00:00:00', 2),
(2359, 195, 725, 3, 'TRIMESTRAL', 0, '0000-00-00 00:00:00', 2),
(2360, 195, 725, 4, 'TRIMESTRAL', 0, '0000-00-00 00:00:00', 2),
(2361, 195, 725, 5, 'TRIMESTRAL', 0, '0000-00-00 00:00:00', 2),
(2362, 195, 725, 6, 'TRIMESTRAL', 0, '0000-00-00 00:00:00', 2),
(2363, 195, 725, 7, 'TRIMESTRAL', 0, '0000-00-00 00:00:00', 2),
(2364, 195, 725, 8, 'TRIMESTRAL', 0, '0000-00-00 00:00:00', 2),
(2365, 195, 725, 9, 'TRIMESTRAL', 0, '0000-00-00 00:00:00', 2),
(2366, 195, 725, 10, 'TRIMESTRAL', 0, '0000-00-00 00:00:00', 2),
(2367, 195, 725, 11, 'TRIMESTRAL', 0, '0000-00-00 00:00:00', 2),
(2368, 195, 725, 12, 'TRIMESTRAL', 0, '0000-00-00 00:00:00', 2),
(2369, 195, 725, 28, 'TRIMESTRAL', 0, '0000-00-00 00:00:00', 2),
(2370, 195, 726, 13, 'TRIMESTRAL', 0, '0000-00-00 00:00:00', 2),
(2371, 195, 726, 14, 'TRIMESTRAL', 0, '0000-00-00 00:00:00', 2),
(2372, 195, 726, 15, 'TRIMESTRAL', 0, '0000-00-00 00:00:00', 2),
(2373, 195, 726, 16, 'TRIMESTRAL', 0, '0000-00-00 00:00:00', 2),
(2374, 195, 726, 1, 'TRIMESTRAL', 0, '0000-00-00 00:00:00', 2),
(2375, 195, 726, 2, 'TRIMESTRAL', 0, '0000-00-00 00:00:00', 2),
(2376, 195, 726, 3, 'TRIMESTRAL', 0, '0000-00-00 00:00:00', 2),
(2377, 195, 726, 4, 'TRIMESTRAL', 0, '0000-00-00 00:00:00', 2),
(2378, 195, 726, 5, 'TRIMESTRAL', 0, '0000-00-00 00:00:00', 2),
(2379, 195, 726, 6, 'TRIMESTRAL', 0, '0000-00-00 00:00:00', 2),
(2380, 195, 726, 7, 'TRIMESTRAL', 0, '0000-00-00 00:00:00', 2),
(2381, 195, 726, 8, 'TRIMESTRAL', 0, '0000-00-00 00:00:00', 2),
(2382, 195, 726, 9, 'TRIMESTRAL', 0, '0000-00-00 00:00:00', 2),
(2383, 195, 726, 10, 'TRIMESTRAL', 0, '0000-00-00 00:00:00', 2),
(2384, 195, 726, 11, 'TRIMESTRAL', 0, '0000-00-00 00:00:00', 2),
(2385, 195, 726, 12, 'TRIMESTRAL', 0, '0000-00-00 00:00:00', 2),
(2386, 195, 726, 28, 'TRIMESTRAL', 0, '0000-00-00 00:00:00', 2),
(2387, 195, 727, 13, 'TRIMESTRAL', 0, '0000-00-00 00:00:00', 2),
(2388, 195, 727, 14, 'TRIMESTRAL', 0, '0000-00-00 00:00:00', 2),
(2389, 195, 727, 15, 'TRIMESTRAL', 0, '0000-00-00 00:00:00', 2),
(2390, 195, 727, 16, 'TRIMESTRAL', 0, '0000-00-00 00:00:00', 2),
(2391, 195, 727, 1, 'TRIMESTRAL', 0, '0000-00-00 00:00:00', 2),
(2392, 195, 727, 2, 'TRIMESTRAL', 0, '0000-00-00 00:00:00', 2),
(2393, 195, 727, 3, 'TRIMESTRAL', 0, '0000-00-00 00:00:00', 2),
(2394, 195, 727, 4, 'TRIMESTRAL', 0, '0000-00-00 00:00:00', 2),
(2395, 195, 727, 5, 'TRIMESTRAL', 0, '0000-00-00 00:00:00', 2),
(2396, 195, 727, 6, 'TRIMESTRAL', 0, '0000-00-00 00:00:00', 2),
(2397, 195, 727, 7, 'TRIMESTRAL', 0, '0000-00-00 00:00:00', 2),
(2398, 195, 727, 8, 'TRIMESTRAL', 0, '0000-00-00 00:00:00', 2),
(2399, 195, 727, 9, 'TRIMESTRAL', 0, '0000-00-00 00:00:00', 2),
(2400, 195, 727, 10, 'TRIMESTRAL', 0, '0000-00-00 00:00:00', 2),
(2401, 195, 727, 11, 'TRIMESTRAL', 0, '0000-00-00 00:00:00', 2),
(2402, 195, 727, 12, 'TRIMESTRAL', 0, '0000-00-00 00:00:00', 2),
(2403, 195, 727, 28, 'TRIMESTRAL', 0, '0000-00-00 00:00:00', 2),
(2404, 195, 728, 1, 'TRIMESTRAL', 0, '0000-00-00 00:00:00', 2),
(2405, 195, 728, 2, 'TRIMESTRAL', 0, '0000-00-00 00:00:00', 2),
(2406, 195, 728, 3, 'TRIMESTRAL', 0, '0000-00-00 00:00:00', 2),
(2407, 195, 728, 4, 'TRIMESTRAL', 0, '0000-00-00 00:00:00', 2),
(2408, 195, 728, 5, 'TRIMESTRAL', 0, '0000-00-00 00:00:00', 2),
(2409, 195, 728, 6, 'TRIMESTRAL', 0, '0000-00-00 00:00:00', 2),
(2410, 195, 728, 7, 'TRIMESTRAL', 0, '0000-00-00 00:00:00', 2),
(2411, 195, 728, 8, 'TRIMESTRAL', 0, '0000-00-00 00:00:00', 2),
(2412, 195, 728, 9, 'TRIMESTRAL', 0, '0000-00-00 00:00:00', 2),
(2413, 195, 728, 10, 'TRIMESTRAL', 0, '0000-00-00 00:00:00', 2),
(2414, 195, 728, 11, 'TRIMESTRAL', 0, '0000-00-00 00:00:00', 2),
(2415, 195, 728, 12, 'TRIMESTRAL', 0, '0000-00-00 00:00:00', 2),
(2416, 195, 728, 28, 'TRIMESTRAL', 0, '0000-00-00 00:00:00', 2),
(2417, 195, 729, 8, 'TRIMESTRAL', 0, '0000-00-00 00:00:00', 2),
(2418, 195, 729, 9, 'TRIMESTRAL', 0, '0000-00-00 00:00:00', 2),
(2419, 195, 729, 10, 'TRIMESTRAL', 0, '0000-00-00 00:00:00', 2),
(2420, 195, 729, 11, 'TRIMESTRAL', 0, '0000-00-00 00:00:00', 2),
(2421, 195, 729, 12, 'TRIMESTRAL', 0, '0000-00-00 00:00:00', 2),
(2422, 195, 729, 28, 'TRIMESTRAL', 0, '0000-00-00 00:00:00', 2),
(2423, 195, 730, 13, 'TRIMESTRAL', 0, '0000-00-00 00:00:00', 2),
(2424, 195, 730, 14, 'TRIMESTRAL', 0, '0000-00-00 00:00:00', 2),
(2425, 195, 730, 15, 'TRIMESTRAL', 0, '0000-00-00 00:00:00', 2),
(2426, 195, 730, 16, 'TRIMESTRAL', 0, '0000-00-00 00:00:00', 2),
(2427, 195, 730, 1, 'TRIMESTRAL', 0, '0000-00-00 00:00:00', 2),
(2428, 195, 730, 2, 'TRIMESTRAL', 0, '0000-00-00 00:00:00', 2),
(2429, 195, 730, 3, 'TRIMESTRAL', 0, '0000-00-00 00:00:00', 2),
(2430, 195, 730, 4, 'TRIMESTRAL', 0, '0000-00-00 00:00:00', 2),
(2431, 195, 730, 5, 'TRIMESTRAL', 0, '0000-00-00 00:00:00', 2),
(2432, 195, 730, 6, 'TRIMESTRAL', 0, '0000-00-00 00:00:00', 2),
(2433, 195, 730, 7, 'TRIMESTRAL', 0, '0000-00-00 00:00:00', 2),
(2434, 195, 730, 8, 'TRIMESTRAL', 0, '0000-00-00 00:00:00', 2),
(2435, 195, 730, 9, 'TRIMESTRAL', 0, '0000-00-00 00:00:00', 2),
(2436, 195, 730, 10, 'TRIMESTRAL', 0, '0000-00-00 00:00:00', 2),
(2437, 195, 730, 11, 'TRIMESTRAL', 0, '0000-00-00 00:00:00', 2),
(2438, 195, 730, 12, 'TRIMESTRAL', 0, '0000-00-00 00:00:00', 2),
(2439, 195, 730, 28, 'TRIMESTRAL', 0, '0000-00-00 00:00:00', 2),
(2440, 195, 729, 1, 'TRIMESTRAL', 0, '0000-00-00 00:00:00', 2),
(2441, 195, 731, 1, 'TRIMESTRAL', 0, '0000-00-00 00:00:00', 2),
(2442, 195, 732, 1, 'TRIMESTRAL', 0, '0000-00-00 00:00:00', 2),
(2443, 195, 729, 2, 'TRIMESTRAL', 0, '0000-00-00 00:00:00', 2),
(2444, 195, 731, 2, 'TRIMESTRAL', 0, '0000-00-00 00:00:00', 2),
(2445, 195, 732, 2, 'TRIMESTRAL', 0, '0000-00-00 00:00:00', 2),
(2446, 195, 729, 3, 'TRIMESTRAL', 0, '0000-00-00 00:00:00', 2),
(2447, 195, 731, 3, 'TRIMESTRAL', 0, '0000-00-00 00:00:00', 2),
(2448, 195, 732, 3, 'TRIMESTRAL', 0, '0000-00-00 00:00:00', 2),
(2449, 195, 729, 4, 'TRIMESTRAL', 0, '0000-00-00 00:00:00', 2),
(2450, 195, 731, 4, 'TRIMESTRAL', 0, '0000-00-00 00:00:00', 2),
(2451, 195, 732, 4, 'TRIMESTRAL', 0, '0000-00-00 00:00:00', 2),
(2452, 195, 729, 5, 'TRIMESTRAL', 0, '0000-00-00 00:00:00', 2),
(2453, 195, 731, 5, 'TRIMESTRAL', 0, '0000-00-00 00:00:00', 2),
(2454, 195, 732, 5, 'TRIMESTRAL', 0, '0000-00-00 00:00:00', 2),
(2455, 195, 729, 6, 'TRIMESTRAL', 0, '0000-00-00 00:00:00', 2),
(2456, 195, 731, 6, 'TRIMESTRAL', 0, '0000-00-00 00:00:00', 2),
(2457, 195, 732, 6, 'TRIMESTRAL', 0, '0000-00-00 00:00:00', 2),
(2458, 195, 729, 7, 'TRIMESTRAL', 0, '0000-00-00 00:00:00', 2),
(2459, 195, 731, 7, 'TRIMESTRAL', 0, '0000-00-00 00:00:00', 2),
(2460, 195, 732, 7, 'TRIMESTRAL', 0, '0000-00-00 00:00:00', 2),
(2461, 195, 731, 8, 'TRIMESTRAL', 0, '0000-00-00 00:00:00', 2),
(2462, 195, 732, 8, 'TRIMESTRAL', 0, '0000-00-00 00:00:00', 2),
(2463, 195, 731, 9, 'TRIMESTRAL', 0, '0000-00-00 00:00:00', 2),
(2464, 195, 732, 9, 'TRIMESTRAL', 0, '0000-00-00 00:00:00', 2),
(2465, 195, 731, 10, 'TRIMESTRAL', 0, '0000-00-00 00:00:00', 2),
(2466, 195, 732, 10, 'TRIMESTRAL', 0, '0000-00-00 00:00:00', 2),
(2467, 195, 731, 11, 'TRIMESTRAL', 0, '0000-00-00 00:00:00', 2),
(2468, 195, 732, 11, 'TRIMESTRAL', 0, '0000-00-00 00:00:00', 2),
(2469, 195, 731, 12, 'TRIMESTRAL', 0, '0000-00-00 00:00:00', 2),
(2470, 195, 732, 12, 'TRIMESTRAL', 0, '0000-00-00 00:00:00', 2),
(2471, 195, 728, 13, 'TRIMESTRAL', 0, '0000-00-00 00:00:00', 2),
(2472, 195, 729, 13, 'TRIMESTRAL', 0, '0000-00-00 00:00:00', 2),
(2473, 195, 731, 13, 'TRIMESTRAL', 0, '0000-00-00 00:00:00', 2),
(2474, 195, 732, 13, 'TRIMESTRAL', 0, '0000-00-00 00:00:00', 2),
(2475, 195, 728, 14, 'TRIMESTRAL', 0, '0000-00-00 00:00:00', 2);
INSERT INTO `valores` (`ID_VALOR`, `ID_TAG_AGF`, `ID_EMPRESA`, `ID_PERIODO`, `tipo`, `VALOR`, `DT_MODIFICACION`, `origen`) VALUES
(2476, 195, 729, 14, 'TRIMESTRAL', 0, '0000-00-00 00:00:00', 2),
(2477, 195, 731, 14, 'TRIMESTRAL', 0, '0000-00-00 00:00:00', 2),
(2478, 195, 732, 14, 'TRIMESTRAL', 0, '0000-00-00 00:00:00', 2),
(2479, 195, 728, 15, 'TRIMESTRAL', 0, '0000-00-00 00:00:00', 2),
(2480, 195, 729, 15, 'TRIMESTRAL', 0, '0000-00-00 00:00:00', 2),
(2481, 195, 731, 15, 'TRIMESTRAL', 0, '0000-00-00 00:00:00', 2),
(2482, 195, 732, 15, 'TRIMESTRAL', 0, '0000-00-00 00:00:00', 2),
(2483, 195, 728, 16, 'TRIMESTRAL', 0, '0000-00-00 00:00:00', 2),
(2484, 195, 731, 16, 'TRIMESTRAL', 0, '0000-00-00 00:00:00', 2),
(2485, 195, 729, 16, 'TRIMESTRAL', 0, '0000-00-00 00:00:00', 2),
(2486, 195, 732, 16, 'TRIMESTRAL', 0, '0000-00-00 00:00:00', 2),
(2487, 195, 731, 28, 'TRIMESTRAL', 0, '0000-00-00 00:00:00', 2),
(2488, 195, 732, 28, 'TRIMESTRAL', 0, '0000-00-00 00:00:00', 2),
(2489, 196, 721, 13, 'TRIMESTRAL', 0, '0000-00-00 00:00:00', 2),
(2490, 196, 721, 14, 'TRIMESTRAL', 0, '0000-00-00 00:00:00', 2),
(2491, 196, 721, 15, 'TRIMESTRAL', 0, '0000-00-00 00:00:00', 2),
(2492, 196, 721, 16, 'TRIMESTRAL', 0, '0000-00-00 00:00:00', 2),
(2493, 196, 721, 1, 'TRIMESTRAL', 0, '0000-00-00 00:00:00', 2),
(2494, 196, 721, 2, 'TRIMESTRAL', 0, '0000-00-00 00:00:00', 2),
(2495, 196, 721, 3, 'TRIMESTRAL', 0, '0000-00-00 00:00:00', 2),
(2496, 196, 721, 4, 'TRIMESTRAL', 0, '0000-00-00 00:00:00', 2),
(2497, 196, 724, 13, 'TRIMESTRAL', 0, '0000-00-00 00:00:00', 2),
(2498, 196, 724, 14, 'TRIMESTRAL', 0, '0000-00-00 00:00:00', 2),
(2499, 196, 724, 15, 'TRIMESTRAL', 0, '0000-00-00 00:00:00', 2),
(2500, 196, 724, 16, 'TRIMESTRAL', 0, '0000-00-00 00:00:00', 2),
(2501, 196, 724, 1, 'TRIMESTRAL', 0, '0000-00-00 00:00:00', 2),
(2502, 196, 724, 2, 'TRIMESTRAL', 0, '0000-00-00 00:00:00', 2),
(2503, 196, 724, 3, 'TRIMESTRAL', 0, '0000-00-00 00:00:00', 2),
(2504, 196, 724, 4, 'TRIMESTRAL', 0, '0000-00-00 00:00:00', 2),
(2505, 196, 725, 13, 'TRIMESTRAL', 0, '0000-00-00 00:00:00', 2),
(2506, 196, 725, 14, 'TRIMESTRAL', 0, '0000-00-00 00:00:00', 2),
(2507, 196, 725, 15, 'TRIMESTRAL', 0, '0000-00-00 00:00:00', 2),
(2508, 196, 725, 16, 'TRIMESTRAL', 0, '0000-00-00 00:00:00', 2),
(2509, 196, 725, 1, 'TRIMESTRAL', 0, '0000-00-00 00:00:00', 2),
(2510, 196, 725, 2, 'TRIMESTRAL', 0, '0000-00-00 00:00:00', 2),
(2511, 196, 725, 3, 'TRIMESTRAL', 0, '0000-00-00 00:00:00', 2),
(2512, 196, 725, 4, 'TRIMESTRAL', 0, '0000-00-00 00:00:00', 2),
(2513, 196, 725, 5, 'TRIMESTRAL', 0, '0000-00-00 00:00:00', 2),
(2514, 196, 725, 6, 'TRIMESTRAL', 0, '0000-00-00 00:00:00', 2),
(2515, 196, 725, 7, 'TRIMESTRAL', 0, '0000-00-00 00:00:00', 2),
(2516, 196, 725, 8, 'TRIMESTRAL', 0, '0000-00-00 00:00:00', 2),
(2517, 196, 725, 9, 'TRIMESTRAL', 0, '0000-00-00 00:00:00', 2),
(2518, 196, 725, 10, 'TRIMESTRAL', 0, '0000-00-00 00:00:00', 2),
(2519, 196, 725, 11, 'TRIMESTRAL', 0, '0000-00-00 00:00:00', 2),
(2520, 196, 725, 12, 'TRIMESTRAL', 0, '0000-00-00 00:00:00', 2),
(2521, 196, 725, 28, 'TRIMESTRAL', 0, '0000-00-00 00:00:00', 2),
(2522, 196, 726, 13, 'TRIMESTRAL', 0, '0000-00-00 00:00:00', 2),
(2523, 196, 726, 14, 'TRIMESTRAL', 0, '0000-00-00 00:00:00', 2),
(2524, 196, 726, 15, 'TRIMESTRAL', 0, '0000-00-00 00:00:00', 2),
(2525, 196, 726, 16, 'TRIMESTRAL', 0, '0000-00-00 00:00:00', 2),
(2526, 196, 726, 1, 'TRIMESTRAL', 0, '0000-00-00 00:00:00', 2),
(2527, 196, 726, 2, 'TRIMESTRAL', 0, '0000-00-00 00:00:00', 2),
(2528, 196, 726, 3, 'TRIMESTRAL', 0, '0000-00-00 00:00:00', 2),
(2529, 196, 726, 4, 'TRIMESTRAL', 0, '0000-00-00 00:00:00', 2),
(2530, 196, 726, 5, 'TRIMESTRAL', 0, '0000-00-00 00:00:00', 2),
(2531, 196, 726, 6, 'TRIMESTRAL', 0, '0000-00-00 00:00:00', 2),
(2532, 196, 726, 7, 'TRIMESTRAL', 0, '0000-00-00 00:00:00', 2),
(2533, 196, 726, 8, 'TRIMESTRAL', 0, '0000-00-00 00:00:00', 2),
(2534, 196, 726, 9, 'TRIMESTRAL', 0, '0000-00-00 00:00:00', 2),
(2535, 196, 726, 10, 'TRIMESTRAL', 0, '0000-00-00 00:00:00', 2),
(2536, 196, 726, 11, 'TRIMESTRAL', 0, '0000-00-00 00:00:00', 2),
(2537, 196, 726, 12, 'TRIMESTRAL', 0, '0000-00-00 00:00:00', 2),
(2538, 196, 726, 28, 'TRIMESTRAL', 0, '0000-00-00 00:00:00', 2),
(2539, 196, 727, 13, 'TRIMESTRAL', 0, '0000-00-00 00:00:00', 2),
(2540, 196, 727, 14, 'TRIMESTRAL', 0, '0000-00-00 00:00:00', 2),
(2541, 196, 727, 15, 'TRIMESTRAL', 0, '0000-00-00 00:00:00', 2),
(2542, 196, 727, 16, 'TRIMESTRAL', 0, '0000-00-00 00:00:00', 2),
(2543, 196, 727, 1, 'TRIMESTRAL', 0, '0000-00-00 00:00:00', 2),
(2544, 196, 727, 2, 'TRIMESTRAL', 0, '0000-00-00 00:00:00', 2),
(2545, 196, 727, 3, 'TRIMESTRAL', 0, '0000-00-00 00:00:00', 2),
(2546, 196, 727, 4, 'TRIMESTRAL', 0, '0000-00-00 00:00:00', 2),
(2547, 196, 727, 5, 'TRIMESTRAL', 0, '0000-00-00 00:00:00', 2),
(2548, 196, 727, 6, 'TRIMESTRAL', 0, '0000-00-00 00:00:00', 2),
(2549, 196, 727, 7, 'TRIMESTRAL', 0, '0000-00-00 00:00:00', 2),
(2550, 196, 727, 8, 'TRIMESTRAL', 0, '0000-00-00 00:00:00', 2),
(2551, 196, 727, 9, 'TRIMESTRAL', 0, '0000-00-00 00:00:00', 2),
(2552, 196, 727, 10, 'TRIMESTRAL', 0, '0000-00-00 00:00:00', 2),
(2553, 196, 727, 11, 'TRIMESTRAL', 0, '0000-00-00 00:00:00', 2),
(2554, 196, 727, 12, 'TRIMESTRAL', 0, '0000-00-00 00:00:00', 2),
(2555, 196, 727, 28, 'TRIMESTRAL', 0, '0000-00-00 00:00:00', 2),
(2556, 196, 728, 1, 'TRIMESTRAL', 0, '0000-00-00 00:00:00', 2),
(2557, 196, 728, 2, 'TRIMESTRAL', 0, '0000-00-00 00:00:00', 2),
(2558, 196, 728, 3, 'TRIMESTRAL', 0, '0000-00-00 00:00:00', 2),
(2559, 196, 728, 4, 'TRIMESTRAL', 0, '0000-00-00 00:00:00', 2),
(2560, 196, 728, 5, 'TRIMESTRAL', 0, '0000-00-00 00:00:00', 2),
(2561, 196, 728, 6, 'TRIMESTRAL', 0, '0000-00-00 00:00:00', 2),
(2562, 196, 728, 7, 'TRIMESTRAL', 0, '0000-00-00 00:00:00', 2),
(2563, 196, 728, 8, 'TRIMESTRAL', 0, '0000-00-00 00:00:00', 2),
(2564, 196, 728, 9, 'TRIMESTRAL', 0, '0000-00-00 00:00:00', 2),
(2565, 196, 728, 10, 'TRIMESTRAL', 0, '0000-00-00 00:00:00', 2),
(2566, 196, 728, 11, 'TRIMESTRAL', 0, '0000-00-00 00:00:00', 2),
(2567, 196, 728, 12, 'TRIMESTRAL', 0, '0000-00-00 00:00:00', 2),
(2568, 196, 728, 28, 'TRIMESTRAL', 0, '0000-00-00 00:00:00', 2),
(2569, 196, 729, 8, 'TRIMESTRAL', 0, '0000-00-00 00:00:00', 2),
(2570, 196, 729, 9, 'TRIMESTRAL', 0, '0000-00-00 00:00:00', 2),
(2571, 196, 729, 10, 'TRIMESTRAL', 0, '0000-00-00 00:00:00', 2),
(2572, 196, 729, 11, 'TRIMESTRAL', 0, '0000-00-00 00:00:00', 2),
(2573, 196, 729, 12, 'TRIMESTRAL', 0, '0000-00-00 00:00:00', 2),
(2574, 196, 729, 28, 'TRIMESTRAL', 0, '0000-00-00 00:00:00', 2),
(2575, 196, 730, 13, 'TRIMESTRAL', 0, '0000-00-00 00:00:00', 2),
(2576, 196, 730, 14, 'TRIMESTRAL', 0, '0000-00-00 00:00:00', 2),
(2577, 196, 730, 15, 'TRIMESTRAL', 0, '0000-00-00 00:00:00', 2),
(2578, 196, 730, 16, 'TRIMESTRAL', 0, '0000-00-00 00:00:00', 2),
(2579, 196, 730, 1, 'TRIMESTRAL', 0, '0000-00-00 00:00:00', 2),
(2580, 196, 730, 2, 'TRIMESTRAL', 0, '0000-00-00 00:00:00', 2),
(2581, 196, 730, 3, 'TRIMESTRAL', 0, '0000-00-00 00:00:00', 2),
(2582, 196, 730, 4, 'TRIMESTRAL', 0, '0000-00-00 00:00:00', 2),
(2583, 196, 730, 5, 'TRIMESTRAL', 0, '0000-00-00 00:00:00', 2),
(2584, 196, 730, 6, 'TRIMESTRAL', 0, '0000-00-00 00:00:00', 2),
(2585, 196, 730, 7, 'TRIMESTRAL', 0, '0000-00-00 00:00:00', 2),
(2586, 196, 730, 8, 'TRIMESTRAL', 0, '0000-00-00 00:00:00', 2),
(2587, 196, 730, 9, 'TRIMESTRAL', 0, '0000-00-00 00:00:00', 2),
(2588, 196, 730, 10, 'TRIMESTRAL', 0, '0000-00-00 00:00:00', 2),
(2589, 196, 730, 11, 'TRIMESTRAL', 0, '0000-00-00 00:00:00', 2),
(2590, 196, 730, 12, 'TRIMESTRAL', 0, '0000-00-00 00:00:00', 2),
(2591, 196, 730, 28, 'TRIMESTRAL', 0, '0000-00-00 00:00:00', 2),
(2592, 196, 729, 1, 'TRIMESTRAL', 0, '0000-00-00 00:00:00', 2),
(2593, 196, 731, 1, 'TRIMESTRAL', 0, '0000-00-00 00:00:00', 2),
(2594, 196, 732, 1, 'TRIMESTRAL', 0, '0000-00-00 00:00:00', 2),
(2595, 196, 729, 2, 'TRIMESTRAL', 0, '0000-00-00 00:00:00', 2),
(2596, 196, 731, 2, 'TRIMESTRAL', 0, '0000-00-00 00:00:00', 2),
(2597, 196, 732, 2, 'TRIMESTRAL', 0, '0000-00-00 00:00:00', 2),
(2598, 196, 729, 3, 'TRIMESTRAL', 0, '0000-00-00 00:00:00', 2),
(2599, 196, 731, 3, 'TRIMESTRAL', 0, '0000-00-00 00:00:00', 2),
(2600, 196, 732, 3, 'TRIMESTRAL', 0, '0000-00-00 00:00:00', 2),
(2601, 196, 729, 4, 'TRIMESTRAL', 0, '0000-00-00 00:00:00', 2),
(2602, 196, 731, 4, 'TRIMESTRAL', 0, '0000-00-00 00:00:00', 2),
(2603, 196, 732, 4, 'TRIMESTRAL', 0, '0000-00-00 00:00:00', 2),
(2604, 196, 729, 5, 'TRIMESTRAL', 0, '0000-00-00 00:00:00', 2),
(2605, 196, 731, 5, 'TRIMESTRAL', 0, '0000-00-00 00:00:00', 2),
(2606, 196, 732, 5, 'TRIMESTRAL', 0, '0000-00-00 00:00:00', 2),
(2607, 196, 729, 6, 'TRIMESTRAL', 0, '0000-00-00 00:00:00', 2),
(2608, 196, 731, 6, 'TRIMESTRAL', 0, '0000-00-00 00:00:00', 2),
(2609, 196, 732, 6, 'TRIMESTRAL', 0, '0000-00-00 00:00:00', 2),
(2610, 196, 729, 7, 'TRIMESTRAL', 0, '0000-00-00 00:00:00', 2),
(2611, 196, 731, 7, 'TRIMESTRAL', 0, '0000-00-00 00:00:00', 2),
(2612, 196, 732, 7, 'TRIMESTRAL', 0, '0000-00-00 00:00:00', 2),
(2613, 196, 731, 8, 'TRIMESTRAL', 0, '0000-00-00 00:00:00', 2),
(2614, 196, 732, 8, 'TRIMESTRAL', 0, '0000-00-00 00:00:00', 2),
(2615, 196, 731, 9, 'TRIMESTRAL', 0, '0000-00-00 00:00:00', 2),
(2616, 196, 732, 9, 'TRIMESTRAL', 0, '0000-00-00 00:00:00', 2),
(2617, 196, 731, 10, 'TRIMESTRAL', 0, '0000-00-00 00:00:00', 2),
(2618, 196, 732, 10, 'TRIMESTRAL', 0, '0000-00-00 00:00:00', 2),
(2619, 196, 731, 11, 'TRIMESTRAL', 0, '0000-00-00 00:00:00', 2),
(2620, 196, 732, 11, 'TRIMESTRAL', 0, '0000-00-00 00:00:00', 2),
(2621, 196, 731, 12, 'TRIMESTRAL', 0, '0000-00-00 00:00:00', 2),
(2622, 196, 732, 12, 'TRIMESTRAL', 0, '0000-00-00 00:00:00', 2),
(2623, 196, 728, 13, 'TRIMESTRAL', 0, '0000-00-00 00:00:00', 2),
(2624, 196, 729, 13, 'TRIMESTRAL', 0, '0000-00-00 00:00:00', 2),
(2625, 196, 731, 13, 'TRIMESTRAL', 0, '0000-00-00 00:00:00', 2),
(2626, 196, 732, 13, 'TRIMESTRAL', 0, '0000-00-00 00:00:00', 2),
(2627, 196, 728, 14, 'TRIMESTRAL', 0, '0000-00-00 00:00:00', 2),
(2628, 196, 729, 14, 'TRIMESTRAL', 0, '0000-00-00 00:00:00', 2),
(2629, 196, 731, 14, 'TRIMESTRAL', 0, '0000-00-00 00:00:00', 2),
(2630, 196, 732, 14, 'TRIMESTRAL', 0, '0000-00-00 00:00:00', 2),
(2631, 196, 728, 15, 'TRIMESTRAL', 0, '0000-00-00 00:00:00', 2),
(2632, 196, 729, 15, 'TRIMESTRAL', 0, '0000-00-00 00:00:00', 2),
(2633, 196, 731, 15, 'TRIMESTRAL', 0, '0000-00-00 00:00:00', 2),
(2634, 196, 732, 15, 'TRIMESTRAL', 0, '0000-00-00 00:00:00', 2),
(2635, 196, 728, 16, 'TRIMESTRAL', 0, '0000-00-00 00:00:00', 2),
(2636, 196, 731, 16, 'TRIMESTRAL', 0, '0000-00-00 00:00:00', 2),
(2637, 196, 729, 16, 'TRIMESTRAL', 0, '0000-00-00 00:00:00', 2),
(2638, 196, 732, 16, 'TRIMESTRAL', 0, '0000-00-00 00:00:00', 2),
(2639, 196, 731, 28, 'TRIMESTRAL', 0, '0000-00-00 00:00:00', 2),
(2640, 196, 732, 28, 'TRIMESTRAL', 0, '0000-00-00 00:00:00', 2),
(2641, 197, 721, 13, 'TRIMESTRAL', 0, '0000-00-00 00:00:00', 2),
(2642, 197, 721, 14, 'TRIMESTRAL', 0, '0000-00-00 00:00:00', 2),
(2643, 197, 721, 15, 'TRIMESTRAL', 0, '0000-00-00 00:00:00', 2),
(2644, 197, 721, 16, 'TRIMESTRAL', 0, '0000-00-00 00:00:00', 2),
(2645, 197, 721, 1, 'TRIMESTRAL', 0, '0000-00-00 00:00:00', 2),
(2646, 197, 721, 2, 'TRIMESTRAL', 0, '0000-00-00 00:00:00', 2),
(2647, 197, 721, 3, 'TRIMESTRAL', 0, '0000-00-00 00:00:00', 2),
(2648, 197, 721, 4, 'TRIMESTRAL', 0, '0000-00-00 00:00:00', 2),
(2649, 197, 724, 13, 'TRIMESTRAL', 0, '0000-00-00 00:00:00', 2),
(2650, 197, 724, 14, 'TRIMESTRAL', 0, '0000-00-00 00:00:00', 2),
(2651, 197, 724, 15, 'TRIMESTRAL', 0, '0000-00-00 00:00:00', 2),
(2652, 197, 724, 16, 'TRIMESTRAL', 0, '0000-00-00 00:00:00', 2),
(2653, 197, 724, 1, 'TRIMESTRAL', 0, '0000-00-00 00:00:00', 2),
(2654, 197, 724, 2, 'TRIMESTRAL', 0, '0000-00-00 00:00:00', 2),
(2655, 197, 724, 3, 'TRIMESTRAL', 0, '0000-00-00 00:00:00', 2),
(2656, 197, 724, 4, 'TRIMESTRAL', 0, '0000-00-00 00:00:00', 2),
(2657, 197, 725, 13, 'TRIMESTRAL', 0, '0000-00-00 00:00:00', 2),
(2658, 197, 725, 14, 'TRIMESTRAL', 0, '0000-00-00 00:00:00', 2),
(2659, 197, 725, 15, 'TRIMESTRAL', 0, '0000-00-00 00:00:00', 2),
(2660, 197, 725, 16, 'TRIMESTRAL', 0, '0000-00-00 00:00:00', 2),
(2661, 197, 725, 1, 'TRIMESTRAL', 0, '0000-00-00 00:00:00', 2),
(2662, 197, 725, 2, 'TRIMESTRAL', 0, '0000-00-00 00:00:00', 2),
(2663, 197, 725, 3, 'TRIMESTRAL', 0, '0000-00-00 00:00:00', 2),
(2664, 197, 725, 4, 'TRIMESTRAL', 0, '0000-00-00 00:00:00', 2),
(2665, 197, 725, 5, 'TRIMESTRAL', 0, '0000-00-00 00:00:00', 2),
(2666, 197, 725, 6, 'TRIMESTRAL', 0, '0000-00-00 00:00:00', 2),
(2667, 197, 725, 7, 'TRIMESTRAL', 0, '0000-00-00 00:00:00', 2),
(2668, 197, 725, 8, 'TRIMESTRAL', 0, '0000-00-00 00:00:00', 2),
(2669, 197, 725, 9, 'TRIMESTRAL', 0, '0000-00-00 00:00:00', 2),
(2670, 197, 725, 10, 'TRIMESTRAL', 0, '0000-00-00 00:00:00', 2),
(2671, 197, 725, 11, 'TRIMESTRAL', 0, '0000-00-00 00:00:00', 2),
(2672, 197, 725, 12, 'TRIMESTRAL', 0, '0000-00-00 00:00:00', 2),
(2673, 197, 725, 28, 'TRIMESTRAL', 0, '0000-00-00 00:00:00', 2),
(2674, 197, 726, 13, 'TRIMESTRAL', 0, '0000-00-00 00:00:00', 2),
(2675, 197, 726, 14, 'TRIMESTRAL', 0, '0000-00-00 00:00:00', 2),
(2676, 197, 726, 15, 'TRIMESTRAL', 0, '0000-00-00 00:00:00', 2),
(2677, 197, 726, 16, 'TRIMESTRAL', 0, '0000-00-00 00:00:00', 2),
(2678, 197, 726, 1, 'TRIMESTRAL', 0, '0000-00-00 00:00:00', 2),
(2679, 197, 726, 2, 'TRIMESTRAL', 0, '0000-00-00 00:00:00', 2),
(2680, 197, 726, 3, 'TRIMESTRAL', 0, '0000-00-00 00:00:00', 2),
(2681, 197, 726, 4, 'TRIMESTRAL', 0, '0000-00-00 00:00:00', 2),
(2682, 197, 726, 5, 'TRIMESTRAL', 0, '0000-00-00 00:00:00', 2),
(2683, 197, 726, 6, 'TRIMESTRAL', 0, '0000-00-00 00:00:00', 2),
(2684, 197, 726, 7, 'TRIMESTRAL', 0, '0000-00-00 00:00:00', 2),
(2685, 197, 726, 8, 'TRIMESTRAL', 0, '0000-00-00 00:00:00', 2),
(2686, 197, 726, 9, 'TRIMESTRAL', 0, '0000-00-00 00:00:00', 2),
(2687, 197, 726, 10, 'TRIMESTRAL', 0, '0000-00-00 00:00:00', 2),
(2688, 197, 726, 11, 'TRIMESTRAL', 0, '0000-00-00 00:00:00', 2),
(2689, 197, 726, 12, 'TRIMESTRAL', 0, '0000-00-00 00:00:00', 2),
(2690, 197, 726, 28, 'TRIMESTRAL', 0, '0000-00-00 00:00:00', 2),
(2691, 197, 727, 13, 'TRIMESTRAL', 0, '0000-00-00 00:00:00', 2),
(2692, 197, 727, 14, 'TRIMESTRAL', 0, '0000-00-00 00:00:00', 2),
(2693, 197, 727, 15, 'TRIMESTRAL', 0, '0000-00-00 00:00:00', 2),
(2694, 197, 727, 16, 'TRIMESTRAL', 0, '0000-00-00 00:00:00', 2),
(2695, 197, 727, 1, 'TRIMESTRAL', 0, '0000-00-00 00:00:00', 2),
(2696, 197, 727, 2, 'TRIMESTRAL', 0, '0000-00-00 00:00:00', 2),
(2697, 197, 727, 3, 'TRIMESTRAL', 0, '0000-00-00 00:00:00', 2),
(2698, 197, 727, 4, 'TRIMESTRAL', 0, '0000-00-00 00:00:00', 2),
(2699, 197, 727, 5, 'TRIMESTRAL', 0, '0000-00-00 00:00:00', 2),
(2700, 197, 727, 6, 'TRIMESTRAL', 0, '0000-00-00 00:00:00', 2),
(2701, 197, 727, 7, 'TRIMESTRAL', 0, '0000-00-00 00:00:00', 2),
(2702, 197, 727, 8, 'TRIMESTRAL', 0, '0000-00-00 00:00:00', 2),
(2703, 197, 727, 9, 'TRIMESTRAL', 0, '0000-00-00 00:00:00', 2),
(2704, 197, 727, 10, 'TRIMESTRAL', 0, '0000-00-00 00:00:00', 2),
(2705, 197, 727, 11, 'TRIMESTRAL', 0, '0000-00-00 00:00:00', 2),
(2706, 197, 727, 12, 'TRIMESTRAL', 0, '0000-00-00 00:00:00', 2),
(2707, 197, 727, 28, 'TRIMESTRAL', 0, '0000-00-00 00:00:00', 2),
(2708, 197, 728, 1, 'TRIMESTRAL', 0, '0000-00-00 00:00:00', 2),
(2709, 197, 728, 2, 'TRIMESTRAL', 0, '0000-00-00 00:00:00', 2),
(2710, 197, 728, 3, 'TRIMESTRAL', 0, '0000-00-00 00:00:00', 2),
(2711, 197, 728, 4, 'TRIMESTRAL', 0, '0000-00-00 00:00:00', 2),
(2712, 197, 728, 5, 'TRIMESTRAL', 0, '0000-00-00 00:00:00', 2),
(2713, 197, 728, 6, 'TRIMESTRAL', 0, '0000-00-00 00:00:00', 2),
(2714, 197, 728, 7, 'TRIMESTRAL', 0, '0000-00-00 00:00:00', 2),
(2715, 197, 728, 8, 'TRIMESTRAL', 0, '0000-00-00 00:00:00', 2),
(2716, 197, 728, 9, 'TRIMESTRAL', 0, '0000-00-00 00:00:00', 2),
(2717, 197, 728, 10, 'TRIMESTRAL', 0, '0000-00-00 00:00:00', 2),
(2718, 197, 728, 11, 'TRIMESTRAL', 0, '0000-00-00 00:00:00', 2),
(2719, 197, 728, 12, 'TRIMESTRAL', 0, '0000-00-00 00:00:00', 2),
(2720, 197, 728, 28, 'TRIMESTRAL', 0, '0000-00-00 00:00:00', 2),
(2721, 197, 729, 8, 'TRIMESTRAL', 0, '0000-00-00 00:00:00', 2),
(2722, 197, 729, 9, 'TRIMESTRAL', 0, '0000-00-00 00:00:00', 2),
(2723, 197, 729, 10, 'TRIMESTRAL', 0, '0000-00-00 00:00:00', 2),
(2724, 197, 729, 11, 'TRIMESTRAL', 0, '0000-00-00 00:00:00', 2),
(2725, 197, 729, 12, 'TRIMESTRAL', 0, '0000-00-00 00:00:00', 2),
(2726, 197, 729, 28, 'TRIMESTRAL', 0, '0000-00-00 00:00:00', 2),
(2727, 197, 730, 13, 'TRIMESTRAL', 0, '0000-00-00 00:00:00', 2),
(2728, 197, 730, 14, 'TRIMESTRAL', 0, '0000-00-00 00:00:00', 2),
(2729, 197, 730, 15, 'TRIMESTRAL', 0, '0000-00-00 00:00:00', 2),
(2730, 197, 730, 16, 'TRIMESTRAL', 0, '0000-00-00 00:00:00', 2),
(2731, 197, 730, 1, 'TRIMESTRAL', 0, '0000-00-00 00:00:00', 2),
(2732, 197, 730, 2, 'TRIMESTRAL', 0, '0000-00-00 00:00:00', 2),
(2733, 197, 730, 3, 'TRIMESTRAL', 0, '0000-00-00 00:00:00', 2),
(2734, 197, 730, 4, 'TRIMESTRAL', 0, '0000-00-00 00:00:00', 2),
(2735, 197, 730, 5, 'TRIMESTRAL', 0, '0000-00-00 00:00:00', 2),
(2736, 197, 730, 6, 'TRIMESTRAL', 0, '0000-00-00 00:00:00', 2),
(2737, 197, 730, 7, 'TRIMESTRAL', 0, '0000-00-00 00:00:00', 2),
(2738, 197, 730, 8, 'TRIMESTRAL', 0, '0000-00-00 00:00:00', 2),
(2739, 197, 730, 9, 'TRIMESTRAL', 0, '0000-00-00 00:00:00', 2),
(2740, 197, 730, 10, 'TRIMESTRAL', 0, '0000-00-00 00:00:00', 2),
(2741, 197, 730, 11, 'TRIMESTRAL', 0, '0000-00-00 00:00:00', 2),
(2742, 197, 730, 12, 'TRIMESTRAL', 0, '0000-00-00 00:00:00', 2),
(2743, 197, 730, 28, 'TRIMESTRAL', 0, '0000-00-00 00:00:00', 2),
(2744, 197, 729, 1, 'TRIMESTRAL', 0, '0000-00-00 00:00:00', 2),
(2745, 197, 731, 1, 'TRIMESTRAL', 0, '0000-00-00 00:00:00', 2),
(2746, 197, 732, 1, 'TRIMESTRAL', 0, '0000-00-00 00:00:00', 2),
(2747, 197, 729, 2, 'TRIMESTRAL', 0, '0000-00-00 00:00:00', 2),
(2748, 197, 731, 2, 'TRIMESTRAL', 0, '0000-00-00 00:00:00', 2),
(2749, 197, 732, 2, 'TRIMESTRAL', 0, '0000-00-00 00:00:00', 2),
(2750, 197, 729, 3, 'TRIMESTRAL', 0, '0000-00-00 00:00:00', 2),
(2751, 197, 731, 3, 'TRIMESTRAL', 0, '0000-00-00 00:00:00', 2),
(2752, 197, 732, 3, 'TRIMESTRAL', 0, '0000-00-00 00:00:00', 2),
(2753, 197, 729, 4, 'TRIMESTRAL', 0, '0000-00-00 00:00:00', 2),
(2754, 197, 731, 4, 'TRIMESTRAL', 0, '0000-00-00 00:00:00', 2),
(2755, 197, 732, 4, 'TRIMESTRAL', 0, '0000-00-00 00:00:00', 2),
(2756, 197, 729, 5, 'TRIMESTRAL', 0, '0000-00-00 00:00:00', 2),
(2757, 197, 731, 5, 'TRIMESTRAL', 0, '0000-00-00 00:00:00', 2),
(2758, 197, 732, 5, 'TRIMESTRAL', 0, '0000-00-00 00:00:00', 2),
(2759, 197, 729, 6, 'TRIMESTRAL', 0, '0000-00-00 00:00:00', 2),
(2760, 197, 731, 6, 'TRIMESTRAL', 0, '0000-00-00 00:00:00', 2),
(2761, 197, 732, 6, 'TRIMESTRAL', 0, '0000-00-00 00:00:00', 2),
(2762, 197, 729, 7, 'TRIMESTRAL', 0, '0000-00-00 00:00:00', 2),
(2763, 197, 731, 7, 'TRIMESTRAL', 0, '0000-00-00 00:00:00', 2),
(2764, 197, 732, 7, 'TRIMESTRAL', 0, '0000-00-00 00:00:00', 2),
(2765, 197, 731, 8, 'TRIMESTRAL', 0, '0000-00-00 00:00:00', 2),
(2766, 197, 732, 8, 'TRIMESTRAL', 0, '0000-00-00 00:00:00', 2),
(2767, 197, 731, 9, 'TRIMESTRAL', 0, '0000-00-00 00:00:00', 2),
(2768, 197, 732, 9, 'TRIMESTRAL', 0, '0000-00-00 00:00:00', 2),
(2769, 197, 731, 10, 'TRIMESTRAL', 0, '0000-00-00 00:00:00', 2),
(2770, 197, 732, 10, 'TRIMESTRAL', 0, '0000-00-00 00:00:00', 2),
(2771, 197, 731, 11, 'TRIMESTRAL', 0, '0000-00-00 00:00:00', 2),
(2772, 197, 732, 11, 'TRIMESTRAL', 0, '0000-00-00 00:00:00', 2),
(2773, 197, 731, 12, 'TRIMESTRAL', 0, '0000-00-00 00:00:00', 2),
(2774, 197, 732, 12, 'TRIMESTRAL', 0, '0000-00-00 00:00:00', 2),
(2775, 197, 728, 13, 'TRIMESTRAL', 0, '0000-00-00 00:00:00', 2),
(2776, 197, 729, 13, 'TRIMESTRAL', 0, '0000-00-00 00:00:00', 2),
(2777, 197, 731, 13, 'TRIMESTRAL', 0, '0000-00-00 00:00:00', 2),
(2778, 197, 732, 13, 'TRIMESTRAL', 0, '0000-00-00 00:00:00', 2),
(2779, 197, 728, 14, 'TRIMESTRAL', 0, '0000-00-00 00:00:00', 2),
(2780, 197, 729, 14, 'TRIMESTRAL', 0, '0000-00-00 00:00:00', 2),
(2781, 197, 731, 14, 'TRIMESTRAL', 0, '0000-00-00 00:00:00', 2),
(2782, 197, 732, 14, 'TRIMESTRAL', 0, '0000-00-00 00:00:00', 2),
(2783, 197, 728, 15, 'TRIMESTRAL', 0, '0000-00-00 00:00:00', 2),
(2784, 197, 729, 15, 'TRIMESTRAL', 0, '0000-00-00 00:00:00', 2),
(2785, 197, 731, 15, 'TRIMESTRAL', 0, '0000-00-00 00:00:00', 2),
(2786, 197, 732, 15, 'TRIMESTRAL', 0, '0000-00-00 00:00:00', 2),
(2787, 197, 728, 16, 'TRIMESTRAL', 0, '0000-00-00 00:00:00', 2),
(2788, 197, 731, 16, 'TRIMESTRAL', 0, '0000-00-00 00:00:00', 2),
(2789, 197, 729, 16, 'TRIMESTRAL', 0, '0000-00-00 00:00:00', 2),
(2790, 197, 732, 16, 'TRIMESTRAL', 0, '0000-00-00 00:00:00', 2),
(2791, 197, 731, 28, 'TRIMESTRAL', 0, '0000-00-00 00:00:00', 2),
(2792, 197, 732, 28, 'TRIMESTRAL', 0, '0000-00-00 00:00:00', 2),
(2793, 198, 721, 13, 'TRIMESTRAL', 0, '0000-00-00 00:00:00', 2),
(2794, 198, 721, 14, 'TRIMESTRAL', 0, '0000-00-00 00:00:00', 2),
(2795, 198, 721, 15, 'TRIMESTRAL', 0, '0000-00-00 00:00:00', 2),
(2796, 198, 721, 16, 'TRIMESTRAL', 0, '0000-00-00 00:00:00', 2),
(2797, 198, 721, 1, 'TRIMESTRAL', 0, '0000-00-00 00:00:00', 2),
(2798, 198, 721, 2, 'TRIMESTRAL', 0, '0000-00-00 00:00:00', 2),
(2799, 198, 721, 3, 'TRIMESTRAL', 0, '0000-00-00 00:00:00', 2),
(2800, 198, 721, 4, 'TRIMESTRAL', 0, '0000-00-00 00:00:00', 2),
(2801, 198, 724, 13, 'TRIMESTRAL', 0, '0000-00-00 00:00:00', 2),
(2802, 198, 724, 14, 'TRIMESTRAL', 0, '0000-00-00 00:00:00', 2),
(2803, 198, 724, 15, 'TRIMESTRAL', 0, '0000-00-00 00:00:00', 2),
(2804, 198, 724, 16, 'TRIMESTRAL', 0, '0000-00-00 00:00:00', 2),
(2805, 198, 724, 1, 'TRIMESTRAL', 0, '0000-00-00 00:00:00', 2),
(2806, 198, 724, 2, 'TRIMESTRAL', 0, '0000-00-00 00:00:00', 2),
(2807, 198, 724, 3, 'TRIMESTRAL', 0, '0000-00-00 00:00:00', 2),
(2808, 198, 724, 4, 'TRIMESTRAL', 0, '0000-00-00 00:00:00', 2),
(2809, 198, 725, 13, 'TRIMESTRAL', 0, '0000-00-00 00:00:00', 2),
(2810, 198, 725, 14, 'TRIMESTRAL', 0, '0000-00-00 00:00:00', 2),
(2811, 198, 725, 15, 'TRIMESTRAL', 0, '0000-00-00 00:00:00', 2),
(2812, 198, 725, 16, 'TRIMESTRAL', 0, '0000-00-00 00:00:00', 2),
(2813, 198, 725, 1, 'TRIMESTRAL', 0, '0000-00-00 00:00:00', 2),
(2814, 198, 725, 2, 'TRIMESTRAL', 0, '0000-00-00 00:00:00', 2),
(2815, 198, 725, 3, 'TRIMESTRAL', 0, '0000-00-00 00:00:00', 2),
(2816, 198, 725, 4, 'TRIMESTRAL', 0, '0000-00-00 00:00:00', 2),
(2817, 198, 725, 5, 'TRIMESTRAL', 0, '0000-00-00 00:00:00', 2),
(2818, 198, 725, 6, 'TRIMESTRAL', 0, '0000-00-00 00:00:00', 2),
(2819, 198, 725, 7, 'TRIMESTRAL', 0, '0000-00-00 00:00:00', 2),
(2820, 198, 725, 8, 'TRIMESTRAL', 0, '0000-00-00 00:00:00', 2),
(2821, 198, 725, 9, 'TRIMESTRAL', 0, '0000-00-00 00:00:00', 2),
(2822, 198, 725, 10, 'TRIMESTRAL', 0, '0000-00-00 00:00:00', 2),
(2823, 198, 725, 11, 'TRIMESTRAL', 0, '0000-00-00 00:00:00', 2),
(2824, 198, 725, 12, 'TRIMESTRAL', 0, '0000-00-00 00:00:00', 2),
(2825, 198, 725, 28, 'TRIMESTRAL', 0, '0000-00-00 00:00:00', 2),
(2826, 198, 726, 13, 'TRIMESTRAL', 0, '0000-00-00 00:00:00', 2),
(2827, 198, 726, 14, 'TRIMESTRAL', 0, '0000-00-00 00:00:00', 2),
(2828, 198, 726, 15, 'TRIMESTRAL', 0, '0000-00-00 00:00:00', 2),
(2829, 198, 726, 16, 'TRIMESTRAL', 0, '0000-00-00 00:00:00', 2),
(2830, 198, 726, 1, 'TRIMESTRAL', 0, '0000-00-00 00:00:00', 2),
(2831, 198, 726, 2, 'TRIMESTRAL', 0, '0000-00-00 00:00:00', 2),
(2832, 198, 726, 3, 'TRIMESTRAL', 0, '0000-00-00 00:00:00', 2),
(2833, 198, 726, 4, 'TRIMESTRAL', 0, '0000-00-00 00:00:00', 2),
(2834, 198, 726, 5, 'TRIMESTRAL', 0, '0000-00-00 00:00:00', 2),
(2835, 198, 726, 6, 'TRIMESTRAL', 0, '0000-00-00 00:00:00', 2),
(2836, 198, 726, 7, 'TRIMESTRAL', 0, '0000-00-00 00:00:00', 2),
(2837, 198, 726, 8, 'TRIMESTRAL', 0, '0000-00-00 00:00:00', 2),
(2838, 198, 726, 9, 'TRIMESTRAL', 0, '0000-00-00 00:00:00', 2),
(2839, 198, 726, 10, 'TRIMESTRAL', 0, '0000-00-00 00:00:00', 2),
(2840, 198, 726, 11, 'TRIMESTRAL', 0, '0000-00-00 00:00:00', 2),
(2841, 198, 726, 12, 'TRIMESTRAL', 0, '0000-00-00 00:00:00', 2),
(2842, 198, 726, 28, 'TRIMESTRAL', 0, '0000-00-00 00:00:00', 2),
(2843, 198, 727, 13, 'TRIMESTRAL', 0, '0000-00-00 00:00:00', 2),
(2844, 198, 727, 14, 'TRIMESTRAL', 0, '0000-00-00 00:00:00', 2),
(2845, 198, 727, 15, 'TRIMESTRAL', 0, '0000-00-00 00:00:00', 2),
(2846, 198, 727, 16, 'TRIMESTRAL', 0, '0000-00-00 00:00:00', 2),
(2847, 198, 727, 1, 'TRIMESTRAL', 0, '0000-00-00 00:00:00', 2),
(2848, 198, 727, 2, 'TRIMESTRAL', 0, '0000-00-00 00:00:00', 2),
(2849, 198, 727, 3, 'TRIMESTRAL', 0, '0000-00-00 00:00:00', 2),
(2850, 198, 727, 4, 'TRIMESTRAL', 0, '0000-00-00 00:00:00', 2),
(2851, 198, 727, 5, 'TRIMESTRAL', 0, '0000-00-00 00:00:00', 2),
(2852, 198, 727, 6, 'TRIMESTRAL', 0, '0000-00-00 00:00:00', 2),
(2853, 198, 727, 7, 'TRIMESTRAL', 0, '0000-00-00 00:00:00', 2),
(2854, 198, 727, 8, 'TRIMESTRAL', 0, '0000-00-00 00:00:00', 2),
(2855, 198, 727, 9, 'TRIMESTRAL', 0, '0000-00-00 00:00:00', 2),
(2856, 198, 727, 10, 'TRIMESTRAL', 0, '0000-00-00 00:00:00', 2),
(2857, 198, 727, 11, 'TRIMESTRAL', 0, '0000-00-00 00:00:00', 2),
(2858, 198, 727, 12, 'TRIMESTRAL', 0, '0000-00-00 00:00:00', 2),
(2859, 198, 727, 28, 'TRIMESTRAL', 0, '0000-00-00 00:00:00', 2),
(2860, 198, 728, 1, 'TRIMESTRAL', 0, '0000-00-00 00:00:00', 2),
(2861, 198, 728, 2, 'TRIMESTRAL', 0, '0000-00-00 00:00:00', 2),
(2862, 198, 728, 3, 'TRIMESTRAL', 0, '0000-00-00 00:00:00', 2),
(2863, 198, 728, 4, 'TRIMESTRAL', 0, '0000-00-00 00:00:00', 2),
(2864, 198, 728, 5, 'TRIMESTRAL', 0, '0000-00-00 00:00:00', 2),
(2865, 198, 728, 6, 'TRIMESTRAL', 0, '0000-00-00 00:00:00', 2),
(2866, 198, 728, 7, 'TRIMESTRAL', 0, '0000-00-00 00:00:00', 2),
(2867, 198, 728, 8, 'TRIMESTRAL', 0, '0000-00-00 00:00:00', 2),
(2868, 198, 728, 9, 'TRIMESTRAL', 0, '0000-00-00 00:00:00', 2),
(2869, 198, 728, 10, 'TRIMESTRAL', 0, '0000-00-00 00:00:00', 2),
(2870, 198, 728, 11, 'TRIMESTRAL', 0, '0000-00-00 00:00:00', 2),
(2871, 198, 728, 12, 'TRIMESTRAL', 0, '0000-00-00 00:00:00', 2),
(2872, 198, 728, 28, 'TRIMESTRAL', 0, '0000-00-00 00:00:00', 2),
(2873, 198, 729, 8, 'TRIMESTRAL', 0, '0000-00-00 00:00:00', 2),
(2874, 198, 729, 9, 'TRIMESTRAL', 0, '0000-00-00 00:00:00', 2),
(2875, 198, 729, 10, 'TRIMESTRAL', 0, '0000-00-00 00:00:00', 2),
(2876, 198, 729, 11, 'TRIMESTRAL', 0, '0000-00-00 00:00:00', 2),
(2877, 198, 729, 12, 'TRIMESTRAL', 0, '0000-00-00 00:00:00', 2),
(2878, 198, 729, 28, 'TRIMESTRAL', 0, '0000-00-00 00:00:00', 2),
(2879, 198, 730, 13, 'TRIMESTRAL', 0, '0000-00-00 00:00:00', 2),
(2880, 198, 730, 14, 'TRIMESTRAL', 0, '0000-00-00 00:00:00', 2),
(2881, 198, 730, 15, 'TRIMESTRAL', 0, '0000-00-00 00:00:00', 2),
(2882, 198, 730, 16, 'TRIMESTRAL', 0, '0000-00-00 00:00:00', 2),
(2883, 198, 730, 1, 'TRIMESTRAL', 0, '0000-00-00 00:00:00', 2),
(2884, 198, 730, 2, 'TRIMESTRAL', 0, '0000-00-00 00:00:00', 2),
(2885, 198, 730, 3, 'TRIMESTRAL', 0, '0000-00-00 00:00:00', 2),
(2886, 198, 730, 4, 'TRIMESTRAL', 0, '0000-00-00 00:00:00', 2),
(2887, 198, 730, 5, 'TRIMESTRAL', 0, '0000-00-00 00:00:00', 2),
(2888, 198, 730, 6, 'TRIMESTRAL', 0, '0000-00-00 00:00:00', 2),
(2889, 198, 730, 7, 'TRIMESTRAL', 0, '0000-00-00 00:00:00', 2),
(2890, 198, 730, 8, 'TRIMESTRAL', 0, '0000-00-00 00:00:00', 2),
(2891, 198, 730, 9, 'TRIMESTRAL', 0, '0000-00-00 00:00:00', 2),
(2892, 198, 730, 10, 'TRIMESTRAL', 0, '0000-00-00 00:00:00', 2),
(2893, 198, 730, 11, 'TRIMESTRAL', 0, '0000-00-00 00:00:00', 2),
(2894, 198, 730, 12, 'TRIMESTRAL', 0, '0000-00-00 00:00:00', 2),
(2895, 198, 730, 28, 'TRIMESTRAL', 0, '0000-00-00 00:00:00', 2),
(2896, 198, 729, 1, 'TRIMESTRAL', 0, '0000-00-00 00:00:00', 2),
(2897, 198, 731, 1, 'TRIMESTRAL', 0, '0000-00-00 00:00:00', 2),
(2898, 198, 732, 1, 'TRIMESTRAL', 0, '0000-00-00 00:00:00', 2),
(2899, 198, 729, 2, 'TRIMESTRAL', 0, '0000-00-00 00:00:00', 2),
(2900, 198, 731, 2, 'TRIMESTRAL', 0, '0000-00-00 00:00:00', 2),
(2901, 198, 732, 2, 'TRIMESTRAL', 0, '0000-00-00 00:00:00', 2),
(2902, 198, 729, 3, 'TRIMESTRAL', 0, '0000-00-00 00:00:00', 2),
(2903, 198, 731, 3, 'TRIMESTRAL', 0, '0000-00-00 00:00:00', 2),
(2904, 198, 732, 3, 'TRIMESTRAL', 0, '0000-00-00 00:00:00', 2),
(2905, 198, 729, 4, 'TRIMESTRAL', 0, '0000-00-00 00:00:00', 2),
(2906, 198, 731, 4, 'TRIMESTRAL', 0, '0000-00-00 00:00:00', 2),
(2907, 198, 732, 4, 'TRIMESTRAL', 0, '0000-00-00 00:00:00', 2),
(2908, 198, 729, 5, 'TRIMESTRAL', 0, '0000-00-00 00:00:00', 2),
(2909, 198, 731, 5, 'TRIMESTRAL', 0, '0000-00-00 00:00:00', 2),
(2910, 198, 732, 5, 'TRIMESTRAL', 0, '0000-00-00 00:00:00', 2),
(2911, 198, 729, 6, 'TRIMESTRAL', 0, '0000-00-00 00:00:00', 2),
(2912, 198, 731, 6, 'TRIMESTRAL', 0, '0000-00-00 00:00:00', 2),
(2913, 198, 732, 6, 'TRIMESTRAL', 0, '0000-00-00 00:00:00', 2),
(2914, 198, 729, 7, 'TRIMESTRAL', 0, '0000-00-00 00:00:00', 2),
(2915, 198, 731, 7, 'TRIMESTRAL', 0, '0000-00-00 00:00:00', 2),
(2916, 198, 732, 7, 'TRIMESTRAL', 0, '0000-00-00 00:00:00', 2),
(2917, 198, 731, 8, 'TRIMESTRAL', 0, '0000-00-00 00:00:00', 2),
(2918, 198, 732, 8, 'TRIMESTRAL', 0, '0000-00-00 00:00:00', 2),
(2919, 198, 731, 9, 'TRIMESTRAL', 0, '0000-00-00 00:00:00', 2),
(2920, 198, 732, 9, 'TRIMESTRAL', 0, '0000-00-00 00:00:00', 2),
(2921, 198, 731, 10, 'TRIMESTRAL', 0, '0000-00-00 00:00:00', 2),
(2922, 198, 732, 10, 'TRIMESTRAL', 0, '0000-00-00 00:00:00', 2),
(2923, 198, 731, 11, 'TRIMESTRAL', 0, '0000-00-00 00:00:00', 2),
(2924, 198, 732, 11, 'TRIMESTRAL', 0, '0000-00-00 00:00:00', 2),
(2925, 198, 731, 12, 'TRIMESTRAL', 0, '0000-00-00 00:00:00', 2),
(2926, 198, 732, 12, 'TRIMESTRAL', 0, '0000-00-00 00:00:00', 2),
(2927, 198, 728, 13, 'TRIMESTRAL', 0, '0000-00-00 00:00:00', 2),
(2928, 198, 729, 13, 'TRIMESTRAL', 0, '0000-00-00 00:00:00', 2),
(2929, 198, 731, 13, 'TRIMESTRAL', 0, '0000-00-00 00:00:00', 2),
(2930, 198, 732, 13, 'TRIMESTRAL', 0, '0000-00-00 00:00:00', 2),
(2931, 198, 728, 14, 'TRIMESTRAL', 0, '0000-00-00 00:00:00', 2),
(2932, 198, 729, 14, 'TRIMESTRAL', 0, '0000-00-00 00:00:00', 2),
(2933, 198, 731, 14, 'TRIMESTRAL', 0, '0000-00-00 00:00:00', 2),
(2934, 198, 732, 14, 'TRIMESTRAL', 0, '0000-00-00 00:00:00', 2),
(2935, 198, 728, 15, 'TRIMESTRAL', 0, '0000-00-00 00:00:00', 2),
(2936, 198, 729, 15, 'TRIMESTRAL', 0, '0000-00-00 00:00:00', 2),
(2937, 198, 731, 15, 'TRIMESTRAL', 0, '0000-00-00 00:00:00', 2),
(2938, 198, 732, 15, 'TRIMESTRAL', 0, '0000-00-00 00:00:00', 2),
(2939, 198, 728, 16, 'TRIMESTRAL', 0, '0000-00-00 00:00:00', 2),
(2940, 198, 731, 16, 'TRIMESTRAL', 0, '0000-00-00 00:00:00', 2),
(2941, 198, 729, 16, 'TRIMESTRAL', 0, '0000-00-00 00:00:00', 2),
(2942, 198, 732, 16, 'TRIMESTRAL', 0, '0000-00-00 00:00:00', 2),
(2943, 198, 731, 28, 'TRIMESTRAL', 0, '0000-00-00 00:00:00', 2),
(2944, 198, 732, 28, 'TRIMESTRAL', 0, '0000-00-00 00:00:00', 2),
(2945, 199, 721, 13, 'TRIMESTRAL', 0, '0000-00-00 00:00:00', 2),
(2946, 199, 721, 14, 'TRIMESTRAL', 0, '0000-00-00 00:00:00', 2),
(2947, 199, 721, 15, 'TRIMESTRAL', 0, '0000-00-00 00:00:00', 2),
(2948, 199, 721, 16, 'TRIMESTRAL', 0, '0000-00-00 00:00:00', 2),
(2949, 199, 721, 1, 'TRIMESTRAL', 0, '0000-00-00 00:00:00', 2),
(2950, 199, 721, 2, 'TRIMESTRAL', 0, '0000-00-00 00:00:00', 2),
(2951, 199, 721, 3, 'TRIMESTRAL', 0, '0000-00-00 00:00:00', 2),
(2952, 199, 721, 4, 'TRIMESTRAL', 0, '0000-00-00 00:00:00', 2),
(2953, 199, 724, 13, 'TRIMESTRAL', 0, '0000-00-00 00:00:00', 2),
(2954, 199, 724, 14, 'TRIMESTRAL', 0, '0000-00-00 00:00:00', 2),
(2955, 199, 724, 15, 'TRIMESTRAL', 0, '0000-00-00 00:00:00', 2),
(2956, 199, 724, 16, 'TRIMESTRAL', 0, '0000-00-00 00:00:00', 2),
(2957, 199, 724, 1, 'TRIMESTRAL', 0, '0000-00-00 00:00:00', 2),
(2958, 199, 724, 2, 'TRIMESTRAL', 0, '0000-00-00 00:00:00', 2),
(2959, 199, 724, 3, 'TRIMESTRAL', 0, '0000-00-00 00:00:00', 2),
(2960, 199, 724, 4, 'TRIMESTRAL', 0, '0000-00-00 00:00:00', 2),
(2961, 199, 725, 13, 'TRIMESTRAL', 0, '0000-00-00 00:00:00', 2),
(2962, 199, 725, 14, 'TRIMESTRAL', 0, '0000-00-00 00:00:00', 2),
(2963, 199, 725, 15, 'TRIMESTRAL', 0, '0000-00-00 00:00:00', 2),
(2964, 199, 725, 16, 'TRIMESTRAL', 0, '0000-00-00 00:00:00', 2),
(2965, 199, 725, 1, 'TRIMESTRAL', 0, '0000-00-00 00:00:00', 2),
(2966, 199, 725, 2, 'TRIMESTRAL', 0, '0000-00-00 00:00:00', 2),
(2967, 199, 725, 3, 'TRIMESTRAL', 0, '0000-00-00 00:00:00', 2),
(2968, 199, 725, 4, 'TRIMESTRAL', 0, '0000-00-00 00:00:00', 2),
(2969, 199, 725, 5, 'TRIMESTRAL', 0, '0000-00-00 00:00:00', 2),
(2970, 199, 725, 6, 'TRIMESTRAL', 0, '0000-00-00 00:00:00', 2),
(2971, 199, 725, 7, 'TRIMESTRAL', 0, '0000-00-00 00:00:00', 2),
(2972, 199, 725, 8, 'TRIMESTRAL', 0, '0000-00-00 00:00:00', 2),
(2973, 199, 725, 9, 'TRIMESTRAL', 0, '0000-00-00 00:00:00', 2),
(2974, 199, 725, 10, 'TRIMESTRAL', 0, '0000-00-00 00:00:00', 2),
(2975, 199, 725, 11, 'TRIMESTRAL', 0, '0000-00-00 00:00:00', 2),
(2976, 199, 725, 12, 'TRIMESTRAL', 0, '0000-00-00 00:00:00', 2),
(2977, 199, 725, 28, 'TRIMESTRAL', 0, '0000-00-00 00:00:00', 2),
(2978, 199, 726, 13, 'TRIMESTRAL', 0, '0000-00-00 00:00:00', 2),
(2979, 199, 726, 14, 'TRIMESTRAL', 0, '0000-00-00 00:00:00', 2),
(2980, 199, 726, 15, 'TRIMESTRAL', 0, '0000-00-00 00:00:00', 2),
(2981, 199, 726, 16, 'TRIMESTRAL', 0, '0000-00-00 00:00:00', 2),
(2982, 199, 726, 1, 'TRIMESTRAL', 0, '0000-00-00 00:00:00', 2),
(2983, 199, 726, 2, 'TRIMESTRAL', 0, '0000-00-00 00:00:00', 2),
(2984, 199, 726, 3, 'TRIMESTRAL', 0, '0000-00-00 00:00:00', 2),
(2985, 199, 726, 4, 'TRIMESTRAL', 0, '0000-00-00 00:00:00', 2),
(2986, 199, 726, 5, 'TRIMESTRAL', 0, '0000-00-00 00:00:00', 2),
(2987, 199, 726, 6, 'TRIMESTRAL', 0, '0000-00-00 00:00:00', 2),
(2988, 199, 726, 7, 'TRIMESTRAL', 0, '0000-00-00 00:00:00', 2),
(2989, 199, 726, 8, 'TRIMESTRAL', 0, '0000-00-00 00:00:00', 2),
(2990, 199, 726, 9, 'TRIMESTRAL', 0, '0000-00-00 00:00:00', 2),
(2991, 199, 726, 10, 'TRIMESTRAL', 0, '0000-00-00 00:00:00', 2),
(2992, 199, 726, 11, 'TRIMESTRAL', 0, '0000-00-00 00:00:00', 2),
(2993, 199, 726, 12, 'TRIMESTRAL', 0, '0000-00-00 00:00:00', 2),
(2994, 199, 726, 28, 'TRIMESTRAL', 0, '0000-00-00 00:00:00', 2),
(2995, 199, 727, 13, 'TRIMESTRAL', 0, '0000-00-00 00:00:00', 2),
(2996, 199, 727, 14, 'TRIMESTRAL', 0, '0000-00-00 00:00:00', 2),
(2997, 199, 727, 15, 'TRIMESTRAL', 0, '0000-00-00 00:00:00', 2),
(2998, 199, 727, 16, 'TRIMESTRAL', 0, '0000-00-00 00:00:00', 2),
(2999, 199, 727, 1, 'TRIMESTRAL', 0, '0000-00-00 00:00:00', 2),
(3000, 199, 727, 2, 'TRIMESTRAL', 0, '0000-00-00 00:00:00', 2),
(3001, 199, 727, 3, 'TRIMESTRAL', 0, '0000-00-00 00:00:00', 2),
(3002, 199, 727, 4, 'TRIMESTRAL', 0, '0000-00-00 00:00:00', 2),
(3003, 199, 727, 5, 'TRIMESTRAL', 0, '0000-00-00 00:00:00', 2),
(3004, 199, 727, 6, 'TRIMESTRAL', 0, '0000-00-00 00:00:00', 2),
(3005, 199, 727, 7, 'TRIMESTRAL', 0, '0000-00-00 00:00:00', 2),
(3006, 199, 727, 8, 'TRIMESTRAL', 0, '0000-00-00 00:00:00', 2),
(3007, 199, 727, 9, 'TRIMESTRAL', 0, '0000-00-00 00:00:00', 2),
(3008, 199, 727, 10, 'TRIMESTRAL', 0, '0000-00-00 00:00:00', 2),
(3009, 199, 727, 11, 'TRIMESTRAL', 0, '0000-00-00 00:00:00', 2),
(3010, 199, 727, 12, 'TRIMESTRAL', 0, '0000-00-00 00:00:00', 2),
(3011, 199, 727, 28, 'TRIMESTRAL', 0, '0000-00-00 00:00:00', 2),
(3012, 199, 728, 1, 'TRIMESTRAL', 0, '0000-00-00 00:00:00', 2),
(3013, 199, 728, 2, 'TRIMESTRAL', 0, '0000-00-00 00:00:00', 2),
(3014, 199, 728, 3, 'TRIMESTRAL', 0, '0000-00-00 00:00:00', 2),
(3015, 199, 728, 4, 'TRIMESTRAL', 0, '0000-00-00 00:00:00', 2),
(3016, 199, 728, 5, 'TRIMESTRAL', 0, '0000-00-00 00:00:00', 2),
(3017, 199, 728, 6, 'TRIMESTRAL', 0, '0000-00-00 00:00:00', 2),
(3018, 199, 728, 7, 'TRIMESTRAL', 0, '0000-00-00 00:00:00', 2),
(3019, 199, 728, 8, 'TRIMESTRAL', 0, '0000-00-00 00:00:00', 2),
(3020, 199, 728, 9, 'TRIMESTRAL', 0, '0000-00-00 00:00:00', 2),
(3021, 199, 728, 10, 'TRIMESTRAL', 0, '0000-00-00 00:00:00', 2),
(3022, 199, 728, 11, 'TRIMESTRAL', 0, '0000-00-00 00:00:00', 2),
(3023, 199, 728, 12, 'TRIMESTRAL', 0, '0000-00-00 00:00:00', 2),
(3024, 199, 728, 28, 'TRIMESTRAL', 0, '0000-00-00 00:00:00', 2),
(3025, 199, 729, 8, 'TRIMESTRAL', 0, '0000-00-00 00:00:00', 2),
(3026, 199, 729, 9, 'TRIMESTRAL', 0, '0000-00-00 00:00:00', 2),
(3027, 199, 729, 10, 'TRIMESTRAL', 0, '0000-00-00 00:00:00', 2),
(3028, 199, 729, 11, 'TRIMESTRAL', 0, '0000-00-00 00:00:00', 2),
(3029, 199, 729, 12, 'TRIMESTRAL', 0, '0000-00-00 00:00:00', 2),
(3030, 199, 729, 28, 'TRIMESTRAL', 0, '0000-00-00 00:00:00', 2),
(3031, 199, 730, 13, 'TRIMESTRAL', 0, '0000-00-00 00:00:00', 2),
(3032, 199, 730, 14, 'TRIMESTRAL', 0, '0000-00-00 00:00:00', 2),
(3033, 199, 730, 15, 'TRIMESTRAL', 0, '0000-00-00 00:00:00', 2),
(3034, 199, 730, 16, 'TRIMESTRAL', 0, '0000-00-00 00:00:00', 2),
(3035, 199, 730, 1, 'TRIMESTRAL', 0, '0000-00-00 00:00:00', 2),
(3036, 199, 730, 2, 'TRIMESTRAL', 0, '0000-00-00 00:00:00', 2),
(3037, 199, 730, 3, 'TRIMESTRAL', 0, '0000-00-00 00:00:00', 2),
(3038, 199, 730, 4, 'TRIMESTRAL', 0, '0000-00-00 00:00:00', 2),
(3039, 199, 730, 5, 'TRIMESTRAL', 0, '0000-00-00 00:00:00', 2),
(3040, 199, 730, 6, 'TRIMESTRAL', 0, '0000-00-00 00:00:00', 2),
(3041, 199, 730, 7, 'TRIMESTRAL', 0, '0000-00-00 00:00:00', 2),
(3042, 199, 730, 8, 'TRIMESTRAL', 0, '0000-00-00 00:00:00', 2),
(3043, 199, 730, 9, 'TRIMESTRAL', 0, '0000-00-00 00:00:00', 2),
(3044, 199, 730, 10, 'TRIMESTRAL', 0, '0000-00-00 00:00:00', 2),
(3045, 199, 730, 11, 'TRIMESTRAL', 0, '0000-00-00 00:00:00', 2),
(3046, 199, 730, 12, 'TRIMESTRAL', 0, '0000-00-00 00:00:00', 2),
(3047, 199, 730, 28, 'TRIMESTRAL', 0, '0000-00-00 00:00:00', 2),
(3048, 199, 729, 1, 'TRIMESTRAL', 0, '0000-00-00 00:00:00', 2),
(3049, 199, 731, 1, 'TRIMESTRAL', 0, '0000-00-00 00:00:00', 2),
(3050, 199, 732, 1, 'TRIMESTRAL', 0, '0000-00-00 00:00:00', 2),
(3051, 199, 729, 2, 'TRIMESTRAL', 0, '0000-00-00 00:00:00', 2),
(3052, 199, 731, 2, 'TRIMESTRAL', 0, '0000-00-00 00:00:00', 2),
(3053, 199, 732, 2, 'TRIMESTRAL', 0, '0000-00-00 00:00:00', 2),
(3054, 199, 729, 3, 'TRIMESTRAL', 0, '0000-00-00 00:00:00', 2),
(3055, 199, 731, 3, 'TRIMESTRAL', 0, '0000-00-00 00:00:00', 2),
(3056, 199, 732, 3, 'TRIMESTRAL', 0, '0000-00-00 00:00:00', 2),
(3057, 199, 729, 4, 'TRIMESTRAL', 0, '0000-00-00 00:00:00', 2),
(3058, 199, 731, 4, 'TRIMESTRAL', 0, '0000-00-00 00:00:00', 2),
(3059, 199, 732, 4, 'TRIMESTRAL', 0, '0000-00-00 00:00:00', 2),
(3060, 199, 729, 5, 'TRIMESTRAL', 0, '0000-00-00 00:00:00', 2),
(3061, 199, 731, 5, 'TRIMESTRAL', 0, '0000-00-00 00:00:00', 2),
(3062, 199, 732, 5, 'TRIMESTRAL', 0, '0000-00-00 00:00:00', 2),
(3063, 199, 729, 6, 'TRIMESTRAL', 0, '0000-00-00 00:00:00', 2),
(3064, 199, 731, 6, 'TRIMESTRAL', 0, '0000-00-00 00:00:00', 2),
(3065, 199, 732, 6, 'TRIMESTRAL', 0, '0000-00-00 00:00:00', 2),
(3066, 199, 729, 7, 'TRIMESTRAL', 0, '0000-00-00 00:00:00', 2),
(3067, 199, 731, 7, 'TRIMESTRAL', 0, '0000-00-00 00:00:00', 2),
(3068, 199, 732, 7, 'TRIMESTRAL', 0, '0000-00-00 00:00:00', 2),
(3069, 199, 731, 8, 'TRIMESTRAL', 0, '0000-00-00 00:00:00', 2),
(3070, 199, 732, 8, 'TRIMESTRAL', 0, '0000-00-00 00:00:00', 2),
(3071, 199, 731, 9, 'TRIMESTRAL', 0, '0000-00-00 00:00:00', 2),
(3072, 199, 732, 9, 'TRIMESTRAL', 0, '0000-00-00 00:00:00', 2),
(3073, 199, 731, 10, 'TRIMESTRAL', 0, '0000-00-00 00:00:00', 2),
(3074, 199, 732, 10, 'TRIMESTRAL', 0, '0000-00-00 00:00:00', 2),
(3075, 199, 731, 11, 'TRIMESTRAL', 0, '0000-00-00 00:00:00', 2),
(3076, 199, 732, 11, 'TRIMESTRAL', 0, '0000-00-00 00:00:00', 2),
(3077, 199, 731, 12, 'TRIMESTRAL', 0, '0000-00-00 00:00:00', 2),
(3078, 199, 732, 12, 'TRIMESTRAL', 0, '0000-00-00 00:00:00', 2),
(3079, 199, 728, 13, 'TRIMESTRAL', 0, '0000-00-00 00:00:00', 2),
(3080, 199, 729, 13, 'TRIMESTRAL', 0, '0000-00-00 00:00:00', 2),
(3081, 199, 731, 13, 'TRIMESTRAL', 0, '0000-00-00 00:00:00', 2),
(3082, 199, 732, 13, 'TRIMESTRAL', 0, '0000-00-00 00:00:00', 2),
(3083, 199, 728, 14, 'TRIMESTRAL', 0, '0000-00-00 00:00:00', 2),
(3084, 199, 729, 14, 'TRIMESTRAL', 0, '0000-00-00 00:00:00', 2),
(3085, 199, 731, 14, 'TRIMESTRAL', 0, '0000-00-00 00:00:00', 2),
(3086, 199, 732, 14, 'TRIMESTRAL', 0, '0000-00-00 00:00:00', 2),
(3087, 199, 728, 15, 'TRIMESTRAL', 0, '0000-00-00 00:00:00', 2),
(3088, 199, 729, 15, 'TRIMESTRAL', 0, '0000-00-00 00:00:00', 2),
(3089, 199, 731, 15, 'TRIMESTRAL', 0, '0000-00-00 00:00:00', 2),
(3090, 199, 732, 15, 'TRIMESTRAL', 0, '0000-00-00 00:00:00', 2),
(3091, 199, 728, 16, 'TRIMESTRAL', 0, '0000-00-00 00:00:00', 2),
(3092, 199, 731, 16, 'TRIMESTRAL', 0, '0000-00-00 00:00:00', 2),
(3093, 199, 729, 16, 'TRIMESTRAL', 0, '0000-00-00 00:00:00', 2),
(3094, 199, 732, 16, 'TRIMESTRAL', 0, '0000-00-00 00:00:00', 2),
(3095, 199, 731, 28, 'TRIMESTRAL', 0, '0000-00-00 00:00:00', 2),
(3096, 199, 732, 28, 'TRIMESTRAL', 0, '0000-00-00 00:00:00', 2),
(3097, 200, 721, 13, 'TRIMESTRAL', 0, '0000-00-00 00:00:00', 2),
(3098, 200, 721, 14, 'TRIMESTRAL', 0, '0000-00-00 00:00:00', 2),
(3099, 200, 721, 15, 'TRIMESTRAL', 0, '0000-00-00 00:00:00', 2),
(3100, 200, 721, 16, 'TRIMESTRAL', 0, '0000-00-00 00:00:00', 2),
(3101, 200, 721, 1, 'TRIMESTRAL', 0, '0000-00-00 00:00:00', 2),
(3102, 200, 721, 2, 'TRIMESTRAL', 0, '0000-00-00 00:00:00', 2),
(3103, 200, 721, 3, 'TRIMESTRAL', 0, '0000-00-00 00:00:00', 2),
(3104, 200, 721, 4, 'TRIMESTRAL', 0, '0000-00-00 00:00:00', 2),
(3105, 200, 724, 13, 'TRIMESTRAL', 0, '0000-00-00 00:00:00', 2),
(3106, 200, 724, 14, 'TRIMESTRAL', 0, '0000-00-00 00:00:00', 2),
(3107, 200, 724, 15, 'TRIMESTRAL', 0, '0000-00-00 00:00:00', 2),
(3108, 200, 724, 16, 'TRIMESTRAL', 0, '0000-00-00 00:00:00', 2),
(3109, 200, 724, 1, 'TRIMESTRAL', 0, '0000-00-00 00:00:00', 2),
(3110, 200, 724, 2, 'TRIMESTRAL', 0, '0000-00-00 00:00:00', 2),
(3111, 200, 724, 3, 'TRIMESTRAL', 0, '0000-00-00 00:00:00', 2),
(3112, 200, 724, 4, 'TRIMESTRAL', 0, '0000-00-00 00:00:00', 2),
(3113, 200, 725, 13, 'TRIMESTRAL', 0, '0000-00-00 00:00:00', 2),
(3114, 200, 725, 14, 'TRIMESTRAL', 0, '0000-00-00 00:00:00', 2),
(3115, 200, 725, 15, 'TRIMESTRAL', 0, '0000-00-00 00:00:00', 2),
(3116, 200, 725, 16, 'TRIMESTRAL', 0, '0000-00-00 00:00:00', 2),
(3117, 200, 725, 1, 'TRIMESTRAL', 0, '0000-00-00 00:00:00', 2),
(3118, 200, 725, 2, 'TRIMESTRAL', 0, '0000-00-00 00:00:00', 2),
(3119, 200, 725, 3, 'TRIMESTRAL', 0, '0000-00-00 00:00:00', 2),
(3120, 200, 725, 4, 'TRIMESTRAL', 0, '0000-00-00 00:00:00', 2),
(3121, 200, 725, 5, 'TRIMESTRAL', 0, '0000-00-00 00:00:00', 2),
(3122, 200, 725, 6, 'TRIMESTRAL', 0, '0000-00-00 00:00:00', 2),
(3123, 200, 725, 7, 'TRIMESTRAL', 0, '0000-00-00 00:00:00', 2),
(3124, 200, 725, 8, 'TRIMESTRAL', 0, '0000-00-00 00:00:00', 2),
(3125, 200, 725, 9, 'TRIMESTRAL', 0, '0000-00-00 00:00:00', 2),
(3126, 200, 725, 10, 'TRIMESTRAL', 0, '0000-00-00 00:00:00', 2),
(3127, 200, 725, 11, 'TRIMESTRAL', 0, '0000-00-00 00:00:00', 2),
(3128, 200, 725, 12, 'TRIMESTRAL', 0, '0000-00-00 00:00:00', 2),
(3129, 200, 725, 28, 'TRIMESTRAL', 0, '0000-00-00 00:00:00', 2),
(3130, 200, 726, 13, 'TRIMESTRAL', 0, '0000-00-00 00:00:00', 2),
(3131, 200, 726, 14, 'TRIMESTRAL', 0, '0000-00-00 00:00:00', 2),
(3132, 200, 726, 15, 'TRIMESTRAL', 0, '0000-00-00 00:00:00', 2),
(3133, 200, 726, 16, 'TRIMESTRAL', 0, '0000-00-00 00:00:00', 2),
(3134, 200, 726, 1, 'TRIMESTRAL', 0, '0000-00-00 00:00:00', 2),
(3135, 200, 726, 2, 'TRIMESTRAL', 0, '0000-00-00 00:00:00', 2),
(3136, 200, 726, 3, 'TRIMESTRAL', 0, '0000-00-00 00:00:00', 2),
(3137, 200, 726, 4, 'TRIMESTRAL', 0, '0000-00-00 00:00:00', 2),
(3138, 200, 726, 5, 'TRIMESTRAL', 0, '0000-00-00 00:00:00', 2),
(3139, 200, 726, 6, 'TRIMESTRAL', 0, '0000-00-00 00:00:00', 2),
(3140, 200, 726, 7, 'TRIMESTRAL', 0, '0000-00-00 00:00:00', 2),
(3141, 200, 726, 8, 'TRIMESTRAL', 0, '0000-00-00 00:00:00', 2),
(3142, 200, 726, 9, 'TRIMESTRAL', 0, '0000-00-00 00:00:00', 2),
(3143, 200, 726, 10, 'TRIMESTRAL', 0, '0000-00-00 00:00:00', 2),
(3144, 200, 726, 11, 'TRIMESTRAL', 0, '0000-00-00 00:00:00', 2),
(3145, 200, 726, 12, 'TRIMESTRAL', 0, '0000-00-00 00:00:00', 2),
(3146, 200, 726, 28, 'TRIMESTRAL', 0, '0000-00-00 00:00:00', 2),
(3147, 200, 727, 13, 'TRIMESTRAL', 0, '0000-00-00 00:00:00', 2),
(3148, 200, 727, 14, 'TRIMESTRAL', 0, '0000-00-00 00:00:00', 2),
(3149, 200, 727, 15, 'TRIMESTRAL', 0, '0000-00-00 00:00:00', 2),
(3150, 200, 727, 16, 'TRIMESTRAL', 0, '0000-00-00 00:00:00', 2),
(3151, 200, 727, 1, 'TRIMESTRAL', 0, '0000-00-00 00:00:00', 2),
(3152, 200, 727, 2, 'TRIMESTRAL', 0, '0000-00-00 00:00:00', 2),
(3153, 200, 727, 3, 'TRIMESTRAL', 0, '0000-00-00 00:00:00', 2),
(3154, 200, 727, 4, 'TRIMESTRAL', 0, '0000-00-00 00:00:00', 2),
(3155, 200, 727, 5, 'TRIMESTRAL', 0, '0000-00-00 00:00:00', 2),
(3156, 200, 727, 6, 'TRIMESTRAL', 0, '0000-00-00 00:00:00', 2),
(3157, 200, 727, 7, 'TRIMESTRAL', 0, '0000-00-00 00:00:00', 2),
(3158, 200, 727, 8, 'TRIMESTRAL', 0, '0000-00-00 00:00:00', 2),
(3159, 200, 727, 9, 'TRIMESTRAL', 0, '0000-00-00 00:00:00', 2),
(3160, 200, 727, 10, 'TRIMESTRAL', 0, '0000-00-00 00:00:00', 2),
(3161, 200, 727, 11, 'TRIMESTRAL', 0, '0000-00-00 00:00:00', 2),
(3162, 200, 727, 12, 'TRIMESTRAL', 0, '0000-00-00 00:00:00', 2),
(3163, 200, 727, 28, 'TRIMESTRAL', 0, '0000-00-00 00:00:00', 2),
(3164, 200, 728, 1, 'TRIMESTRAL', 0, '0000-00-00 00:00:00', 2),
(3165, 200, 728, 2, 'TRIMESTRAL', 0, '0000-00-00 00:00:00', 2),
(3166, 200, 728, 3, 'TRIMESTRAL', 0, '0000-00-00 00:00:00', 2),
(3167, 200, 728, 4, 'TRIMESTRAL', 0, '0000-00-00 00:00:00', 2),
(3168, 200, 728, 5, 'TRIMESTRAL', 0, '0000-00-00 00:00:00', 2),
(3169, 200, 728, 6, 'TRIMESTRAL', 0, '0000-00-00 00:00:00', 2),
(3170, 200, 728, 7, 'TRIMESTRAL', 0, '0000-00-00 00:00:00', 2),
(3171, 200, 728, 8, 'TRIMESTRAL', 0, '0000-00-00 00:00:00', 2),
(3172, 200, 728, 9, 'TRIMESTRAL', 0, '0000-00-00 00:00:00', 2),
(3173, 200, 728, 10, 'TRIMESTRAL', 0, '0000-00-00 00:00:00', 2),
(3174, 200, 728, 11, 'TRIMESTRAL', 0, '0000-00-00 00:00:00', 2),
(3175, 200, 728, 12, 'TRIMESTRAL', 0, '0000-00-00 00:00:00', 2),
(3176, 200, 728, 28, 'TRIMESTRAL', 0, '0000-00-00 00:00:00', 2),
(3177, 200, 729, 8, 'TRIMESTRAL', 0, '0000-00-00 00:00:00', 2),
(3178, 200, 729, 9, 'TRIMESTRAL', 0, '0000-00-00 00:00:00', 2),
(3179, 200, 729, 10, 'TRIMESTRAL', 0, '0000-00-00 00:00:00', 2),
(3180, 200, 729, 11, 'TRIMESTRAL', 0, '0000-00-00 00:00:00', 2),
(3181, 200, 729, 12, 'TRIMESTRAL', 0, '0000-00-00 00:00:00', 2),
(3182, 200, 729, 28, 'TRIMESTRAL', 0, '0000-00-00 00:00:00', 2),
(3183, 200, 730, 13, 'TRIMESTRAL', 0, '0000-00-00 00:00:00', 2),
(3184, 200, 730, 14, 'TRIMESTRAL', 0, '0000-00-00 00:00:00', 2),
(3185, 200, 730, 15, 'TRIMESTRAL', 0, '0000-00-00 00:00:00', 2),
(3186, 200, 730, 16, 'TRIMESTRAL', 0, '0000-00-00 00:00:00', 2),
(3187, 200, 730, 1, 'TRIMESTRAL', 0, '0000-00-00 00:00:00', 2),
(3188, 200, 730, 2, 'TRIMESTRAL', 0, '0000-00-00 00:00:00', 2),
(3189, 200, 730, 3, 'TRIMESTRAL', 0, '0000-00-00 00:00:00', 2),
(3190, 200, 730, 4, 'TRIMESTRAL', 0, '0000-00-00 00:00:00', 2),
(3191, 200, 730, 5, 'TRIMESTRAL', 0, '0000-00-00 00:00:00', 2),
(3192, 200, 730, 6, 'TRIMESTRAL', 0, '0000-00-00 00:00:00', 2),
(3193, 200, 730, 7, 'TRIMESTRAL', 0, '0000-00-00 00:00:00', 2),
(3194, 200, 730, 8, 'TRIMESTRAL', 0, '0000-00-00 00:00:00', 2),
(3195, 200, 730, 9, 'TRIMESTRAL', 0, '0000-00-00 00:00:00', 2),
(3196, 200, 730, 10, 'TRIMESTRAL', 0, '0000-00-00 00:00:00', 2),
(3197, 200, 730, 11, 'TRIMESTRAL', 0, '0000-00-00 00:00:00', 2),
(3198, 200, 730, 12, 'TRIMESTRAL', 0, '0000-00-00 00:00:00', 2),
(3199, 200, 730, 28, 'TRIMESTRAL', 0, '0000-00-00 00:00:00', 2),
(3200, 200, 729, 1, 'TRIMESTRAL', 0, '0000-00-00 00:00:00', 2),
(3201, 200, 731, 1, 'TRIMESTRAL', 0, '0000-00-00 00:00:00', 2),
(3202, 200, 732, 1, 'TRIMESTRAL', 0, '0000-00-00 00:00:00', 2),
(3203, 200, 729, 2, 'TRIMESTRAL', 0, '0000-00-00 00:00:00', 2),
(3204, 200, 731, 2, 'TRIMESTRAL', 0, '0000-00-00 00:00:00', 2),
(3205, 200, 732, 2, 'TRIMESTRAL', 0, '0000-00-00 00:00:00', 2),
(3206, 200, 729, 3, 'TRIMESTRAL', 0, '0000-00-00 00:00:00', 2),
(3207, 200, 731, 3, 'TRIMESTRAL', 0, '0000-00-00 00:00:00', 2),
(3208, 200, 732, 3, 'TRIMESTRAL', 0, '0000-00-00 00:00:00', 2),
(3209, 200, 729, 4, 'TRIMESTRAL', 0, '0000-00-00 00:00:00', 2),
(3210, 200, 731, 4, 'TRIMESTRAL', 0, '0000-00-00 00:00:00', 2),
(3211, 200, 732, 4, 'TRIMESTRAL', 0, '0000-00-00 00:00:00', 2),
(3212, 200, 729, 5, 'TRIMESTRAL', 0, '0000-00-00 00:00:00', 2),
(3213, 200, 731, 5, 'TRIMESTRAL', 0, '0000-00-00 00:00:00', 2),
(3214, 200, 732, 5, 'TRIMESTRAL', 0, '0000-00-00 00:00:00', 2),
(3215, 200, 729, 6, 'TRIMESTRAL', 0, '0000-00-00 00:00:00', 2),
(3216, 200, 731, 6, 'TRIMESTRAL', 0, '0000-00-00 00:00:00', 2),
(3217, 200, 732, 6, 'TRIMESTRAL', 0, '0000-00-00 00:00:00', 2),
(3218, 200, 729, 7, 'TRIMESTRAL', 0, '0000-00-00 00:00:00', 2),
(3219, 200, 731, 7, 'TRIMESTRAL', 0, '0000-00-00 00:00:00', 2),
(3220, 200, 732, 7, 'TRIMESTRAL', 0, '0000-00-00 00:00:00', 2),
(3221, 200, 731, 8, 'TRIMESTRAL', 0, '0000-00-00 00:00:00', 2),
(3222, 200, 732, 8, 'TRIMESTRAL', 0, '0000-00-00 00:00:00', 2),
(3223, 200, 731, 9, 'TRIMESTRAL', 0, '0000-00-00 00:00:00', 2),
(3224, 200, 732, 9, 'TRIMESTRAL', 0, '0000-00-00 00:00:00', 2),
(3225, 200, 731, 10, 'TRIMESTRAL', 0, '0000-00-00 00:00:00', 2),
(3226, 200, 732, 10, 'TRIMESTRAL', 0, '0000-00-00 00:00:00', 2),
(3227, 200, 731, 11, 'TRIMESTRAL', 0, '0000-00-00 00:00:00', 2),
(3228, 200, 732, 11, 'TRIMESTRAL', 0, '0000-00-00 00:00:00', 2),
(3229, 200, 731, 12, 'TRIMESTRAL', 0, '0000-00-00 00:00:00', 2),
(3230, 200, 732, 12, 'TRIMESTRAL', 0, '0000-00-00 00:00:00', 2),
(3231, 200, 728, 13, 'TRIMESTRAL', 0, '0000-00-00 00:00:00', 2),
(3232, 200, 729, 13, 'TRIMESTRAL', 0, '0000-00-00 00:00:00', 2),
(3233, 200, 731, 13, 'TRIMESTRAL', 0, '0000-00-00 00:00:00', 2),
(3234, 200, 732, 13, 'TRIMESTRAL', 0, '0000-00-00 00:00:00', 2),
(3235, 200, 728, 14, 'TRIMESTRAL', 0, '0000-00-00 00:00:00', 2),
(3236, 200, 729, 14, 'TRIMESTRAL', 0, '0000-00-00 00:00:00', 2),
(3237, 200, 731, 14, 'TRIMESTRAL', 0, '0000-00-00 00:00:00', 2),
(3238, 200, 732, 14, 'TRIMESTRAL', 0, '0000-00-00 00:00:00', 2),
(3239, 200, 728, 15, 'TRIMESTRAL', 0, '0000-00-00 00:00:00', 2),
(3240, 200, 729, 15, 'TRIMESTRAL', 0, '0000-00-00 00:00:00', 2),
(3241, 200, 731, 15, 'TRIMESTRAL', 0, '0000-00-00 00:00:00', 2),
(3242, 200, 732, 15, 'TRIMESTRAL', 0, '0000-00-00 00:00:00', 2),
(3243, 200, 728, 16, 'TRIMESTRAL', 0, '0000-00-00 00:00:00', 2),
(3244, 200, 731, 16, 'TRIMESTRAL', 0, '0000-00-00 00:00:00', 2),
(3245, 200, 729, 16, 'TRIMESTRAL', 0, '0000-00-00 00:00:00', 2),
(3246, 200, 732, 16, 'TRIMESTRAL', 0, '0000-00-00 00:00:00', 2),
(3247, 200, 731, 28, 'TRIMESTRAL', 0, '0000-00-00 00:00:00', 2),
(3248, 200, 732, 28, 'TRIMESTRAL', 0, '0000-00-00 00:00:00', 2);

-- --------------------------------------------------------

--
-- Stand-in structure for view `view_grafica`
--
CREATE TABLE IF NOT EXISTS `view_grafica` (
`id_formula` int(11)
,`id_empresa` int(18)
,`id_periodo` int(18)
,`C1` double
,`C2` double
,`C3` double
,`C4` double
,`C5` double
,`rso` text
,`label` varchar(7)
,`graf` int(1)
,`formula` varchar(100)
,`ano` int(11)
,`mes` int(11)
);
-- --------------------------------------------------------

--
-- Structure for view `view_grafica`
--
DROP TABLE IF EXISTS `view_grafica`;

CREATE ALGORITHM=UNDEFINED DEFINER=`root`@`localhost` SQL SECURITY DEFINER VIEW `view_grafica` AS select `c`.`ID_FORMULA` AS `id_formula`,`a`.`ID_EMPRESA` AS `id_empresa`,`a`.`ID_PERIODO` AS `id_periodo`,(select `x`.`VALOR` from ((`valores` `x` join `indices_financieros` `z`) join `formulas` `w`) where ((`w`.`ID_FORMULA` = `z`.`ID_FORMULA`) and (`x`.`ID_TAG_AGF` = `w`.`CAMPO1`) and (`z`.`ID_INDICE_FINANCIERO` = `b`.`ID_INDICE_FINANCIERO`) and (`x`.`ID_EMPRESA` = `a`.`ID_EMPRESA`) and (`x`.`ID_PERIODO` = `a`.`ID_PERIODO`) and (`x`.`tipo` = 'TRIMESTRAL'))) AS `C1`,(select `x`.`VALOR` from ((`valores` `x` join `indices_financieros` `z`) join `formulas` `w`) where ((`w`.`ID_FORMULA` = `z`.`ID_FORMULA`) and (`x`.`ID_TAG_AGF` = `w`.`CAMPO2`) and (`z`.`ID_INDICE_FINANCIERO` = `b`.`ID_INDICE_FINANCIERO`) and (`x`.`ID_EMPRESA` = `a`.`ID_EMPRESA`) and (`x`.`ID_PERIODO` = `a`.`ID_PERIODO`) and (`x`.`tipo` = 'TRIMESTRAL'))) AS `C2`,(select `x`.`VALOR` from ((`valores` `x` join `indices_financieros` `z`) join `formulas` `w`) where ((`w`.`ID_FORMULA` = `z`.`ID_FORMULA`) and (`x`.`ID_TAG_AGF` = `w`.`CAMPO3`) and (`z`.`ID_INDICE_FINANCIERO` = `b`.`ID_INDICE_FINANCIERO`) and (`x`.`ID_EMPRESA` = `a`.`ID_EMPRESA`) and (`x`.`ID_PERIODO` = `a`.`ID_PERIODO`) and (`x`.`tipo` = 'TRIMESTRAL'))) AS `C3`,(select `x`.`VALOR` from ((`valores` `x` join `indices_financieros` `z`) join `formulas` `w`) where ((`w`.`ID_FORMULA` = `z`.`ID_FORMULA`) and (`x`.`ID_TAG_AGF` = `w`.`CAMPO4`) and (`z`.`ID_INDICE_FINANCIERO` = `b`.`ID_INDICE_FINANCIERO`) and (`x`.`ID_EMPRESA` = `a`.`ID_EMPRESA`) and (`x`.`ID_PERIODO` = `a`.`ID_PERIODO`) and (`x`.`tipo` = 'TRIMESTRAL'))) AS `C4`,(select `x`.`VALOR` from ((`valores` `x` join `indices_financieros` `z`) join `formulas` `w`) where ((`w`.`ID_FORMULA` = `z`.`ID_FORMULA`) and (`x`.`ID_TAG_AGF` = `w`.`CAMPO5`) and (`z`.`ID_INDICE_FINANCIERO` = `b`.`ID_INDICE_FINANCIERO`) and (`x`.`ID_EMPRESA` = `a`.`ID_EMPRESA`) and (`x`.`ID_PERIODO` = `a`.`ID_PERIODO`) and (`x`.`tipo` = 'TRIMESTRAL'))) AS `C5`,concat(`d`.`RSO`,': ',`b`.`NOMBRE`) AS `rso`,`e`.`label` AS `label`,1 AS `graf`,`c`.`FORMULA` AS `formula`,`e`.`ANO` AS `ano`,`e`.`MES` AS `mes` from ((((`valores` `a` join `indices_financieros` `b`) join `formulas` `c`) join `empresas` `d`) join `periodos` `e`) where ((`c`.`ID_FORMULA` = `b`.`ID_FORMULA`) and (`a`.`ID_TAG_AGF` = `c`.`CAMPO1`) and (`a`.`ID_EMPRESA` = `d`.`ID_EMPRESA`) and (`a`.`ID_PERIODO` = `e`.`ID_PERIODO`));

/*!40101 SET CHARACTER_SET_CLIENT=@OLD_CHARACTER_SET_CLIENT */;
/*!40101 SET CHARACTER_SET_RESULTS=@OLD_CHARACTER_SET_RESULTS */;
/*!40101 SET COLLATION_CONNECTION=@OLD_COLLATION_CONNECTION */;
