-- phpMyAdmin SQL Dump
-- version 4.0.4.1
-- http://www.phpmyadmin.net
--
-- Servidor: 127.0.0.1
-- Tiempo de generación: 12-12-2013 a las 11:26:55
-- Versión del servidor: 5.5.32
-- Versión de PHP: 5.4.19

SET SQL_MODE = "NO_AUTO_VALUE_ON_ZERO";
SET time_zone = "+00:00";


/*!40101 SET @OLD_CHARACTER_SET_CLIENT=@@CHARACTER_SET_CLIENT */;
/*!40101 SET @OLD_CHARACTER_SET_RESULTS=@@CHARACTER_SET_RESULTS */;
/*!40101 SET @OLD_COLLATION_CONNECTION=@@COLLATION_CONNECTION */;
/*!40101 SET NAMES utf8 */;

--
-- Base de datos: `agf`
--
CREATE DATABASE IF NOT EXISTS `agf` DEFAULT CHARACTER SET utf8 COLLATE utf8_spanish2_ci;
USE `agf`;

-- --------------------------------------------------------

--
-- Estructura de tabla para la tabla `agenda_procesos`
--

CREATE TABLE IF NOT EXISTS `agenda_procesos` (
  `ID_AGENDA` int(18) NOT NULL,
  `DT_AGENDA` datetime DEFAULT NULL,
  `PROCESO` varchar(300) COLLATE utf8_spanish2_ci DEFAULT NULL,
  `PARAMETROS` varchar(300) COLLATE utf8_spanish2_ci DEFAULT NULL,
  `DT_COMIENZO` datetime DEFAULT NULL,
  `DT_FIN` datetime DEFAULT NULL,
  `ESTADO` varchar(300) COLLATE utf8_spanish2_ci DEFAULT NULL
) ENGINE=InnoDB DEFAULT CHARSET=utf8 COLLATE=utf8_spanish2_ci;

-- --------------------------------------------------------

--
-- Estructura de tabla para la tabla `configexport`
--

CREATE TABLE IF NOT EXISTS `configexport` (
  `id_indice` int(11) NOT NULL
) ENGINE=InnoDB DEFAULT CHARSET=utf8 COLLATE=utf8_spanish2_ci;

-- --------------------------------------------------------

--
-- Estructura de tabla para la tabla `dolar`
--

CREATE TABLE IF NOT EXISTS `dolar` (
  `ID_DOLAR` int(18) NOT NULL,
  `PERIODO` varchar(20) COLLATE utf8_spanish2_ci DEFAULT NULL,
  `FECHA_DOLAR` varchar(20) COLLATE utf8_spanish2_ci DEFAULT NULL,
  `VALOR` float(18,2) DEFAULT NULL
) ENGINE=InnoDB DEFAULT CHARSET=utf8 COLLATE=utf8_spanish2_ci;

-- --------------------------------------------------------

--
-- Estructura de tabla para la tabla `empresas`
--

CREATE TABLE IF NOT EXISTS `empresas` (
  `ID_EMPRESA` int(18) NOT NULL AUTO_INCREMENT,
  `RUT` varchar(10) COLLATE utf8_spanish2_ci DEFAULT NULL,
  `RSO` varchar(300) COLLATE utf8_spanish2_ci DEFAULT NULL,
  `NOMBRE_FANTASIA` varchar(300) COLLATE utf8_spanish2_ci DEFAULT NULL,
  `NOMBRE_BOLSA` varchar(300) COLLATE utf8_spanish2_ci DEFAULT NULL,
  `VALOR_ACCION` float(18,2) DEFAULT NULL,
  `TIPO_BALANCE` varchar(50) COLLATE utf8_spanish2_ci DEFAULT NULL,
  `TIPO_IFRS` varchar(20) COLLATE utf8_spanish2_ci DEFAULT NULL,
  `MONEDA` varchar(100) COLLATE utf8_spanish2_ci DEFAULT NULL,
  `ESTADOS` varchar(100) COLLATE utf8_spanish2_ci DEFAULT NULL,
  `ORIGEN` varchar(50) COLLATE utf8_spanish2_ci DEFAULT NULL,
  `OA` bit(1) DEFAULT NULL,
  `color` int(11) DEFAULT '0',
  `orden` int(11) DEFAULT '0',
  PRIMARY KEY (`ID_EMPRESA`)
) ENGINE=InnoDB  DEFAULT CHARSET=utf8 COLLATE=utf8_spanish2_ci AUTO_INCREMENT=7 ;

--
-- Volcado de datos para la tabla `empresas`
--

INSERT INTO `empresas` (`ID_EMPRESA`, `RUT`, `RSO`, `NOMBRE_FANTASIA`, `NOMBRE_BOLSA`, `VALOR_ACCION`, `TIPO_BALANCE`, `TIPO_IFRS`, `MONEDA`, `ESTADOS`, `ORIGEN`, `OA`, `color`, `orden`) VALUES
(1, 'Falabella', 'Falabella', 'Falabella', 'Falabella', 0.00, 'I', 'Full', 'CLP - Peso chileno', 'ESFC|ERF', 'CARGA_MANUAL', b'1', 39168, 0),
(2, 'Paris Chil', 'Paris Chile', 'Paris Chile', 'Paris Chile', 0.00, 'C', 'Full', 'CLP - Peso chileno', 'ESFC|ERF', 'CARGA_MANUAL', b'1', 52479, 0),
(3, '19', 'Ripley Chile', 'Ripley Chile', 'Ripley Chile', 0.00, 'I', 'Full', 'CLP - Peso chileno', 'ESFC|ERF', 'CARGA_MANUAL', b'1', 0, 0),
(4, 'ABC DIN', 'ABC DIN', 'ABC DIN', 'ABC DIN', 0.00, 'I', 'Full', 'CLP - Peso chileno', 'ESFC|ERF', 'CARGA_MANUAL', b'1', 13369344, 0),
(5, 'La Polar C', 'La Polar Chile', 'La Polar Chile', 'La Polar Chile', 0.00, 'I', 'Full', 'CLP - Peso chileno', 'ESFC|ERF', 'CARGA_MANUAL', b'1', 6684876, 0),
(6, 'Hites', 'Hites', 'Hites', 'Hites', 0.00, 'C', 'Full', 'CLP - Peso chileno', 'ESFC|ERF', 'CARGA_MANUAL', b'1', 13209, 0);

-- --------------------------------------------------------

--
-- Estructura de tabla para la tabla `empresa_indice`
--

CREATE TABLE IF NOT EXISTS `empresa_indice` (
  `id_empresa` int(11) NOT NULL,
  `id_indice_financiero` int(11) NOT NULL,
  `num_formula` int(11) NOT NULL,
  `id_formula` int(11) NOT NULL
) ENGINE=InnoDB DEFAULT CHARSET=utf8 COLLATE=utf8_spanish2_ci;

--
-- Volcado de datos para la tabla `empresa_indice`
--

INSERT INTO `empresa_indice` (`id_empresa`, `id_indice_financiero`, `num_formula`, `id_formula`) VALUES
(1, 1, 0, 1),
(2, 1, 0, 1),
(3, 1, 0, 1),
(4, 1, 0, 1),
(5, 1, 0, 1),
(6, 1, 0, 1),
(1, 2, 0, 2),
(2, 2, 0, 2),
(3, 2, 0, 2),
(4, 2, 0, 2),
(5, 2, 0, 2),
(6, 2, 0, 2),
(1, 3, 0, 3),
(2, 3, 0, 3),
(3, 3, 0, 3),
(4, 3, 0, 3),
(5, 3, 0, 3),
(6, 3, 0, 3),
(1, 4, 0, 4),
(2, 4, 0, 4),
(3, 4, 0, 4),
(4, 4, 0, 4),
(5, 4, 0, 4),
(6, 4, 0, 4),
(1, 5, 0, 5),
(2, 5, 0, 5),
(3, 5, 0, 5),
(4, 5, 0, 5),
(5, 5, 0, 5),
(6, 5, 0, 5),
(1, 6, 1, 7),
(2, 6, 1, 7),
(3, 6, 1, 7),
(4, 6, 1, 7),
(5, 6, 1, 7),
(6, 6, 0, 6),
(1, 8, 0, 9),
(2, 8, 0, 9),
(3, 8, 0, 9),
(4, 8, 0, 9),
(5, 8, 0, 9),
(6, 8, 0, 9);

-- --------------------------------------------------------

--
-- Estructura de tabla para la tabla `formulario_item`
--

CREATE TABLE IF NOT EXISTS `formulario_item` (
  `id_empresa` int(11) NOT NULL,
  `id_tag_agf` int(11) NOT NULL,
  `fecha_insert` date NOT NULL,
  `nun_item` int(11) NOT NULL,
  `estado` varchar(1) COLLATE utf8_spanish2_ci NOT NULL DEFAULT 'A'
) ENGINE=InnoDB DEFAULT CHARSET=utf8 COLLATE=utf8_spanish2_ci;

--
-- Volcado de datos para la tabla `formulario_item`
--

INSERT INTO `formulario_item` (`id_empresa`, `id_tag_agf`, `fecha_insert`, `nun_item`, `estado`) VALUES
(1, 1, '0000-00-00', 0, 'A'),
(2, 1, '0000-00-00', 0, 'A'),
(3, 1, '0000-00-00', 0, 'A'),
(4, 1, '0000-00-00', 0, 'A'),
(5, 1, '0000-00-00', 0, 'A'),
(6, 1, '0000-00-00', 0, 'A'),
(1, 2, '0000-00-00', 1, 'A'),
(2, 2, '0000-00-00', 1, 'A'),
(3, 2, '0000-00-00', 1, 'A'),
(4, 2, '0000-00-00', 1, 'A'),
(5, 2, '0000-00-00', 1, 'A'),
(6, 2, '0000-00-00', 1, 'A'),
(1, 3, '0000-00-00', 2, 'A'),
(2, 3, '0000-00-00', 2, 'A'),
(3, 3, '0000-00-00', 2, 'A'),
(4, 3, '0000-00-00', 2, 'A'),
(5, 3, '0000-00-00', 2, 'A'),
(6, 3, '0000-00-00', 2, 'A'),
(1, 4, '1900-01-01', 3, 'A'),
(6, 4, '1900-01-01', 3, 'A'),
(6, 5, '1900-01-01', 4, 'A'),
(6, 6, '1900-01-01', 5, 'A'),
(6, 7, '1900-01-01', 6, 'A'),
(6, 8, '1900-01-01', 7, 'A'),
(1, 9, '0000-00-00', 4, 'A'),
(6, 9, '1900-01-01', 8, 'A'),
(1, 10, '1900-01-01', 5, 'A'),
(1, 12, '1900-01-01', 6, 'A'),
(1, 11, '1900-01-01', 7, 'A');

-- --------------------------------------------------------

--
-- Estructura de tabla para la tabla `formulas`
--

CREATE TABLE IF NOT EXISTS `formulas` (
  `ID_FORMULA` int(11) NOT NULL AUTO_INCREMENT,
  `CAMPO1` int(11) DEFAULT NULL,
  `CAMPO2` int(11) DEFAULT NULL,
  `CAMPO3` int(11) DEFAULT NULL,
  `CAMPO4` int(11) DEFAULT NULL,
  `CAMPO5` int(11) DEFAULT NULL,
  `tipoc1` int(11) NOT NULL,
  `tipoc2` int(11) NOT NULL,
  `tipoc3` int(11) NOT NULL,
  `tipoc4` int(11) NOT NULL,
  `tipoc5` int(11) NOT NULL,
  `FORMULA` varchar(100) COLLATE utf8_spanish2_ci DEFAULT NULL,
  `CANTIDAD_CAMPOS` int(11) DEFAULT NULL,
  `DECIMALES` int(11) DEFAULT NULL,
  `cod1` varchar(10) COLLATE utf8_spanish2_ci DEFAULT NULL,
  `cod2` varchar(10) COLLATE utf8_spanish2_ci DEFAULT NULL,
  `cod3` varchar(10) COLLATE utf8_spanish2_ci DEFAULT NULL,
  `cod4` varchar(10) COLLATE utf8_spanish2_ci DEFAULT NULL,
  `cod5` varchar(10) COLLATE utf8_spanish2_ci DEFAULT NULL,
  `id_indice_financiero` int(11) NOT NULL,
  `num_formula` int(11) NOT NULL,
  PRIMARY KEY (`ID_FORMULA`)
) ENGINE=InnoDB  DEFAULT CHARSET=utf8 COLLATE=utf8_spanish2_ci AUTO_INCREMENT=11 ;

--
-- Volcado de datos para la tabla `formulas`
--

INSERT INTO `formulas` (`ID_FORMULA`, `CAMPO1`, `CAMPO2`, `CAMPO3`, `CAMPO4`, `CAMPO5`, `tipoc1`, `tipoc2`, `tipoc3`, `tipoc4`, `tipoc5`, `FORMULA`, `CANTIDAD_CAMPOS`, `DECIMALES`, `cod1`, `cod2`, `cod3`, `cod4`, `cod5`, `id_indice_financiero`, `num_formula`) VALUES
(1, 1, -1, -1, -1, -1, 1, 1, 1, 1, 1, 'C1', 1, 2, 'C.NN.1', 'no', 'no', 'no', 'no', 1, 0),
(2, 2, -1, -1, -1, -1, 1, 1, 1, 1, 1, 'C1', 1, 2, 'C.NN.1', 'no', 'no', 'no', 'no', 2, 0),
(3, 3, -1, -1, -1, -1, 1, 1, 1, 1, 1, 'C1', 1, 2, 'C.NN.1', 'no', 'no', 'no', 'no', 3, 0),
(4, 3, 1, -1, -1, -1, 1, 1, 0, 0, 0, 'C1+C2', 2, 0, 'C.1.NN', 'C.2.NN', 'no', 'no', 'no', 4, 0),
(5, 9, -1, -1, -1, -1, 1, 1, 1, 1, 1, 'C1', 1, 2, 'C.NN.1', 'no', 'no', 'no', 'no', 5, 0),
(6, 9, -1, -1, -1, -1, 1, 0, 0, 0, 0, 'C1', 1, 0, 'C.1.NN', 'no', 'no', 'no', 'no', 6, 0),
(7, 10, -1, -1, -1, -1, 1, 0, 0, 0, 0, 'C1', 1, 0, 'C.1.NN', 'no', 'no', 'no', 'no', 6, 1),
(9, 12, -1, -1, -1, -1, 1, 0, 0, 0, 0, 'C1', 1, 0, 'C.1.NN', 'no', 'no', 'no', 'no', 8, 0),
(10, 11, -1, -1, -1, -1, 1, 0, 0, 0, 0, 'C1', 1, 0, 'C.1.NN', 'no', 'no', 'no', 'no', 8, 1);

-- --------------------------------------------------------

--
-- Estructura de tabla para la tabla `grupos_indices_financieros`
--

CREATE TABLE IF NOT EXISTS `grupos_indices_financieros` (
  `ID_GRUPO_INDICE_FINANCIERO` int(11) NOT NULL AUTO_INCREMENT,
  `NOMBRE` varchar(50) COLLATE utf8_spanish2_ci NOT NULL,
  `DESCRIPCION` varchar(300) COLLATE utf8_spanish2_ci NOT NULL,
  PRIMARY KEY (`ID_GRUPO_INDICE_FINANCIERO`)
) ENGINE=InnoDB  DEFAULT CHARSET=utf8 COLLATE=utf8_spanish2_ci AUTO_INCREMENT=2 ;

--
-- Volcado de datos para la tabla `grupos_indices_financieros`
--

INSERT INTO `grupos_indices_financieros` (`ID_GRUPO_INDICE_FINANCIERO`, `NOMBRE`, `DESCRIPCION`) VALUES
(1, 'Indices Financieros', '0');

-- --------------------------------------------------------

--
-- Estructura de tabla para la tabla `grupos_subgrupos`
--

CREATE TABLE IF NOT EXISTS `grupos_subgrupos` (
  `ID_TIPO_EMPRESA` int(18) NOT NULL,
  `ID_SUBGRUPO` int(18) NOT NULL,
  KEY `ID_TIPO_EMPRESA` (`ID_TIPO_EMPRESA`),
  KEY `ID_SUBGRUPO` (`ID_SUBGRUPO`)
) ENGINE=InnoDB DEFAULT CHARSET=utf8 COLLATE=utf8_spanish2_ci;

--
-- Volcado de datos para la tabla `grupos_subgrupos`
--

INSERT INTO `grupos_subgrupos` (`ID_TIPO_EMPRESA`, `ID_SUBGRUPO`) VALUES
(1, 2);

-- --------------------------------------------------------

--
-- Estructura de tabla para la tabla `historico_acciones`
--

CREATE TABLE IF NOT EXISTS `historico_acciones` (
  `ID_PRECIO_ACCION` int(18) NOT NULL,
  `ID_EMPRESA` int(18) DEFAULT NULL,
  `FECHA` varchar(15) COLLATE utf8_spanish2_ci DEFAULT NULL,
  `APERTURA` float(18,5) DEFAULT NULL,
  `ALTO` decimal(18,5) DEFAULT NULL,
  `BAJO` float(18,5) DEFAULT NULL,
  `CIERRE` float(18,5) DEFAULT NULL,
  `VOLUMEN` bigint(20) DEFAULT NULL,
  `DT_REGISTRO` datetime DEFAULT NULL
) ENGINE=InnoDB DEFAULT CHARSET=utf8 COLLATE=utf8_spanish2_ci;

-- --------------------------------------------------------

--
-- Estructura de tabla para la tabla `indicadores`
--

CREATE TABLE IF NOT EXISTS `indicadores` (
  `ID_INDICADOR` int(18) NOT NULL,
  `TIPO_INDICADOR` varchar(50) COLLATE utf8_spanish2_ci DEFAULT NULL,
  `NOMBRE` varchar(300) COLLATE utf8_spanish2_ci DEFAULT NULL,
  `VALOR` float(18,2) DEFAULT NULL,
  `VARIACION` float(18,2) DEFAULT NULL,
  `DT_ACTUALIZACION` datetime DEFAULT NULL,
  `OA` bit(1) DEFAULT NULL
) ENGINE=InnoDB DEFAULT CHARSET=utf8 COLLATE=utf8_spanish2_ci;

-- --------------------------------------------------------

--
-- Estructura de tabla para la tabla `indices_financieros`
--

CREATE TABLE IF NOT EXISTS `indices_financieros` (
  `ID_INDICE_FINANCIERO` int(18) NOT NULL AUTO_INCREMENT,
  `ID_GRUPO_INDICE_FINANCIERO` int(18) DEFAULT NULL,
  `ID_COMPONENTE` int(18) DEFAULT NULL,
  `NOMBRE` varchar(300) COLLATE utf8_spanish2_ci DEFAULT NULL,
  `DESCRIPCION` varchar(300) COLLATE utf8_spanish2_ci DEFAULT NULL,
  `ID_FORMULA` int(18) DEFAULT NULL,
  `FORMULA_DESC` varchar(300) COLLATE utf8_spanish2_ci DEFAULT NULL,
  `RANGO_SUPERIOR` decimal(10,2) NOT NULL,
  `RANGO_INFERIOR` float(10,2) NOT NULL,
  `RANGOS_DESC` text COLLATE utf8_spanish2_ci,
  `OA` bit(1) DEFAULT NULL,
  PRIMARY KEY (`ID_INDICE_FINANCIERO`)
) ENGINE=InnoDB  DEFAULT CHARSET=utf8 COLLATE=utf8_spanish2_ci AUTO_INCREMENT=9 ;

--
-- Volcado de datos para la tabla `indices_financieros`
--

INSERT INTO `indices_financieros` (`ID_INDICE_FINANCIERO`, `ID_GRUPO_INDICE_FINANCIERO`, `ID_COMPONENTE`, `NOMBRE`, `DESCRIPCION`, `ID_FORMULA`, `FORMULA_DESC`, `RANGO_SUPERIOR`, `RANGO_INFERIOR`, `RANGOS_DESC`, `OA`) VALUES
(1, 3, 4, 'Ingress Financiero', '..', 1, '..', '1000.00', 0.00, '..', b'1'),
(2, 3, 4, 'Cartera Repactada MM$', '..', 2, '..', '1000.00', 0.00, '..', b'1'),
(3, 3, 4, 'Ingresos Financieros', '..', 3, '..', '1000.00', 0.00, '..', b'1'),
(4, 1, 4, 'Ingresos Totales', '0', 4, '0', '0.00', 0.00, '0', b'1'),
(5, 3, 4, 'Costos Financieros', '..', 5, '..', '1000.00', 0.00, '..', b'1'),
(6, 1, 4, 'Costos Financieros Real', '0', 6, '0', '0.00', 0.00, '0', b'1'),
(8, 1, 4, 'Costos Retail', '0', 9, '0', '0.00', 0.00, '0', b'1');

-- --------------------------------------------------------

--
-- Estructura de tabla para la tabla `indice_empresa`
--

CREATE TABLE IF NOT EXISTS `indice_empresa` (
  `id_indice` int(11) NOT NULL,
  `id_empresa` int(11) NOT NULL,
  `tipo` int(11) NOT NULL
) ENGINE=InnoDB DEFAULT CHARSET=utf8 COLLATE=utf8_spanish2_ci;

--
-- Volcado de datos para la tabla `indice_empresa`
--

INSERT INTO `indice_empresa` (`id_indice`, `id_empresa`, `tipo`) VALUES
(1, 1, 0),
(2, 1, 0),
(3, 1, 0),
(4, 1, 0),
(5, 1, 0),
(6, 1, 0),
(1, 1, 0),
(2, 1, 0),
(3, 1, 0),
(4, 1, 0),
(5, 1, 0),
(6, 1, 0),
(7, 1, 0),
(1, 731, 0),
(1, 732, 0),
(1, 727, 0),
(1, 728, 0),
(1, 729, 0),
(1, 730, 0),
(2, 1, 0),
(2, 2, 0),
(2, 3, 0),
(2, 4, 0),
(2, 5, 0),
(2, 6, 0),
(3, 1, 0),
(3, 2, 0),
(3, 3, 0),
(3, 4, 0),
(3, 5, 0),
(3, 6, 0),
(1, 1, 0),
(1, 2, 0),
(1, 3, 0),
(1, 4, 0),
(1, 5, 0),
(1, 6, 0),
(2, 1, 0),
(2, 2, 0),
(2, 3, 0),
(2, 4, 0),
(2, 5, 0),
(2, 6, 0),
(3, 1, 0),
(3, 2, 0),
(3, 3, 0),
(3, 4, 0),
(3, 5, 0),
(3, 6, 0),
(4, 1, 0),
(4, 2, 0),
(4, 3, 0),
(4, 4, 0),
(4, 5, 0),
(4, 6, 0),
(5, 1, 0),
(6, 1, 0),
(6, 2, 0),
(6, 3, 0),
(6, 4, 0),
(6, 5, 0),
(6, 6, 0),
(7, 1, 0),
(7, 2, 0),
(7, 3, 0),
(7, 4, 0),
(7, 5, 0),
(7, 6, 0),
(8, 1, 0),
(8, 2, 0),
(8, 3, 0),
(8, 4, 0),
(8, 5, 0),
(8, 6, 0);

-- --------------------------------------------------------

--
-- Estructura de tabla para la tabla `indice_subgrupo_empresa`
--

CREATE TABLE IF NOT EXISTS `indice_subgrupo_empresa` (
  `id_indice` int(11) NOT NULL,
  `id_subgrupo` int(11) NOT NULL,
  `tipo` int(11) NOT NULL
) ENGINE=InnoDB DEFAULT CHARSET=utf8 COLLATE=utf8_spanish2_ci;

-- --------------------------------------------------------

--
-- Estructura de tabla para la tabla `log`
--

CREATE TABLE IF NOT EXISTS `log` (
  `datos` varchar(10000) COLLATE utf8_spanish2_ci NOT NULL
) ENGINE=InnoDB DEFAULT CHARSET=utf8 COLLATE=utf8_spanish2_ci;

--
-- Volcado de datos para la tabla `log`
--

INSERT INTO `log` (`datos`) VALUES
('Array\n(\n    [0] => Costos Retail\n    [1] => 0\n    [2] => 0\n    [3] => 0\n    [4] => 0\n    [5] => 0\n    [6] => 0\n    [7] => 0\n    [8] => 0\n    [9] => 1\n)\n'),
('Indices_Financieros'),
('Array\n(\n    [0] => 1\n    [1] => 2\n    [2] => 3\n    [3] => 4\n    [4] => 5\n    [5] => 6\n)\n'),
('0'),
('Array\n(\n    [0] => C1_\n    [1] => C1_\n)\n'),
('Array\n(\n    [0] => 12;-1;-1;-1;-1;C;0;0;0;0;C.1.NN;no;no;no;no\n    [1] => 11;-1;-1;-1;-1;C;0;0;0;0;C.1.NN;no;no;no;no\n)\n'),
('INSERT INTO indices_financieros (`ID_INDICE_FINANCIERO`, `ID_GRUPO_INDICE_FINANCIERO`, \n			`ID_COMPONENTE`, `NOMBRE`, `DESCRIPCION`, `ID_FORMULA`, `FORMULA_DESC`, `RANGO_SUPERIOR`, \n				`RANGO_INFERIOR`, `RANGOS_DESC`, `OA`) \n				VALUES (null, ''1'', 4, ''Costos Retail'', ''0'', \n				''0'', ''0'', ''0'', ''0'', ''0'', 1);'),
('arrInf[6] = 1'),
('formulasCampos = Array\n(\n    [0] => Array\n        (\n            [0] => 12\n            [1] => -1\n            [2] => -1\n            [3] => -1\n            [4] => -1\n            [5] => C\n            [6] => 0\n            [7] => 0\n            [8] => 0\n            [9] => 0\n            [10] => C.1.NN\n            [11] => no\n            [12] => no\n            [13] => no\n            [14] => no\n        )\n\n    [1] => Array\n        (\n            [0] => 11\n            [1] => -1\n            [2] => -1\n            [3] => -1\n            [4] => -1\n            [5] => C\n            [6] => 0\n            [7] => 0\n            [8] => 0\n            [9] => 0\n            [10] => C.1.NN\n            [11] => no\n            [12] => no\n            [13] => no\n            [14] => no\n        )\n\n)\n'),
('arr = Array\n(\n    [0] => 12\n    [1] => -1\n    [2] => -1\n    [3] => -1\n    [4] => -1\n    [5] => C\n    [6] => 0\n    [7] => 0\n    [8] => 0\n    [9] => 0\n    [10] => C.1.NN\n    [11] => no\n    [12] => no\n    [13] => no\n    [14] => no\n)\n'),
('formulasCampos = Array\n(\n    [0] => Array\n        (\n            [0] => 12\n            [1] => -1\n            [2] => -1\n            [3] => -1\n            [4] => -1\n            [5] => C\n            [6] => 0\n            [7] => 0\n            [8] => 0\n            [9] => 0\n            [10] => C.1.NN\n            [11] => no\n            [12] => no\n            [13] => no\n            [14] => no\n        )\n\n    [1] => Array\n        (\n            [0] => 11\n            [1] => -1\n            [2] => -1\n            [3] => -1\n            [4] => -1\n            [5] => C\n            [6] => 0\n            [7] => 0\n            [8] => 0\n            [9] => 0\n            [10] => C.1.NN\n            [11] => no\n            [12] => no\n            [13] => no\n            [14] => no\n        )\n\n)\n'),
('arr = Array\n(\n    [0] => 11\n    [1] => -1\n    [2] => -1\n    [3] => -1\n    [4] => -1\n    [5] => C\n    [6] => 0\n    [7] => 0\n    [8] => 0\n    [9] => 0\n    [10] => C.1.NN\n    [11] => no\n    [12] => no\n    [13] => no\n    [14] => no\n)\n'),
('SELECT b.id_indice_financiero, \n					d.id_empresa, \n					c.id_periodo,						\n					v.valor C1,\n					w.valor C2,\n					x.valor C3,                        \n					y.valor C4,         \n					z.valor C5, \n					concat(d.rso, '': '', b.nombre), \n					label, \n					formula, \n					a.id_formula, \n					c.mes,						\n					d.color, d.rso, b.nombre, 				   \n					v.id_valor C1H, \n					w.id_valor C2H,\n					x.id_valor C3H,\n					y.id_valor C4H,\n					z.id_valor C5H\n				FROM formulas a\n					INNER JOIN indices_financieros b \n					 ON a.id_indice_financiero = b.id_indice_financiero					   \n					INNER JOIN periodos c\n					INNER JOIN empresas d \n					LEFT JOIN valores v ON v.id_tag_agf = a.campo1 \n						AND v.tipo = ''TRIMESTRAL'' \n						AND v.id_empresa = d.id_empresa                             \n						AND v.origen = a.tipoc1                          	\n													\n						AND v.id_periodo = c.id_periodo\n					LEFT JOIN valores w ON w.id_tag_agf = a.campo2 \n						AND w.tipo = ''TRIMESTRAL'' \n						AND w.id_empresa = d.id_empresa                             \n						AND w.origen = a.tipoc2                          	\n													\n						AND w.id_periodo = c.id_periodo\n					LEFT JOIN valores x ON x.id_tag_agf = a.campo3 \n						AND x.tipo = ''TRIMESTRAL'' \n						AND x.id_empresa = d.id_empresa                             \n						AND x.origen = a.tipoc3                          	\n						 							\n						AND x.id_periodo = c.id_periodo\n					LEFT JOIN valores y ON y.id_tag_agf = a.campo4 \n						AND y.tipo = ''TRIMESTRAL'' \n						AND y.id_empresa = d.id_empresa                             \n						AND y.origen = a.tipoc4                          	\n													\n						AND y.id_periodo = c.id_periodo\n					LEFT JOIN valores z ON z.id_tag_agf = a.campo5 \n						AND z.tipo = ''TRIMESTRAL'' \n						AND z.id_empresa = d.id_empresa                             \n						AND z.origen = a.tipoc5                          	\n													\n						AND z.id_periodo = c.id_periodo	\n				WHERE b.id_indice_financiero = 8\n					;'),
('Nº de rows = 288'),
('operacion = C1'),
('operacion = (0.00)'),
('res = 0'),
('INSERT INTO `valores`(`ID_VALOR`, `ID_TAG_AGF`, `ID_EMPRESA`, `ID_PERIODO`, `tipo`, `VALOR`, `DT_MODIFICACION`, `origen`, `id_formula`, `hist_formula`) \n				VALUES (null,8,1,1,''TRIMESTRAL'',0,''2013'',2, 9, ''2622||||'');'),
('operacion = C1'),
('operacion = (0.00)'),
('res = 0'),
('INSERT INTO `valores`(`ID_VALOR`, `ID_TAG_AGF`, `ID_EMPRESA`, `ID_PERIODO`, `tipo`, `VALOR`, `DT_MODIFICACION`, `origen`, `id_formula`, `hist_formula`) \n				VALUES (null,8,2,1,''TRIMESTRAL'',0,''2013'',2, 9, ''2623||||'');'),
('operacion = C1'),
('operacion = (0.00)'),
('res = 0'),
('INSERT INTO `valores`(`ID_VALOR`, `ID_TAG_AGF`, `ID_EMPRESA`, `ID_PERIODO`, `tipo`, `VALOR`, `DT_MODIFICACION`, `origen`, `id_formula`, `hist_formula`) \n				VALUES (null,8,3,1,''TRIMESTRAL'',0,''2013'',2, 9, ''2624||||'');'),
('operacion = C1'),
('operacion = (0.00)'),
('res = 0'),
('INSERT INTO `valores`(`ID_VALOR`, `ID_TAG_AGF`, `ID_EMPRESA`, `ID_PERIODO`, `tipo`, `VALOR`, `DT_MODIFICACION`, `origen`, `id_formula`, `hist_formula`) \n				VALUES (null,8,4,1,''TRIMESTRAL'',0,''2013'',2, 9, ''2625||||'');'),
('operacion = C1'),
('operacion = (0.00)'),
('res = 0'),
('INSERT INTO `valores`(`ID_VALOR`, `ID_TAG_AGF`, `ID_EMPRESA`, `ID_PERIODO`, `tipo`, `VALOR`, `DT_MODIFICACION`, `origen`, `id_formula`, `hist_formula`) \n				VALUES (null,8,5,1,''TRIMESTRAL'',0,''2013'',2, 9, ''2626||||'');'),
('operacion = C1'),
('operacion = (0.00)'),
('res = 0'),
('INSERT INTO `valores`(`ID_VALOR`, `ID_TAG_AGF`, `ID_EMPRESA`, `ID_PERIODO`, `tipo`, `VALOR`, `DT_MODIFICACION`, `origen`, `id_formula`, `hist_formula`) \n				VALUES (null,8,6,1,''TRIMESTRAL'',0,''2013'',2, 9, ''2627||||'');'),
('operacion = C1'),
('operacion = (0)'),
('res = 0'),
('INSERT INTO `valores`(`ID_VALOR`, `ID_TAG_AGF`, `ID_EMPRESA`, `ID_PERIODO`, `tipo`, `VALOR`, `DT_MODIFICACION`, `origen`, `id_formula`, `hist_formula`) \n				VALUES (null,8,1,1,''TRIMESTRAL'',0,''2013'',2, 10, ''||||'');'),
('operacion = C1'),
('operacion = (0)'),
('res = 0'),
('INSERT INTO `valores`(`ID_VALOR`, `ID_TAG_AGF`, `ID_EMPRESA`, `ID_PERIODO`, `tipo`, `VALOR`, `DT_MODIFICACION`, `origen`, `id_formula`, `hist_formula`) \n				VALUES (null,8,2,1,''TRIMESTRAL'',0,''2013'',2, 10, ''||||'');'),
('operacion = C1'),
('operacion = (0)'),
('res = 0'),
('INSERT INTO `valores`(`ID_VALOR`, `ID_TAG_AGF`, `ID_EMPRESA`, `ID_PERIODO`, `tipo`, `VALOR`, `DT_MODIFICACION`, `origen`, `id_formula`, `hist_formula`) \n				VALUES (null,8,3,1,''TRIMESTRAL'',0,''2013'',2, 10, ''||||'');'),
('operacion = C1'),
('operacion = (0)'),
('res = 0'),
('INSERT INTO `valores`(`ID_VALOR`, `ID_TAG_AGF`, `ID_EMPRESA`, `ID_PERIODO`, `tipo`, `VALOR`, `DT_MODIFICACION`, `origen`, `id_formula`, `hist_formula`) \n				VALUES (null,8,4,1,''TRIMESTRAL'',0,''2013'',2, 10, ''||||'');'),
('operacion = C1'),
('operacion = (0)'),
('res = 0'),
('INSERT INTO `valores`(`ID_VALOR`, `ID_TAG_AGF`, `ID_EMPRESA`, `ID_PERIODO`, `tipo`, `VALOR`, `DT_MODIFICACION`, `origen`, `id_formula`, `hist_formula`) \n				VALUES (null,8,5,1,''TRIMESTRAL'',0,''2013'',2, 10, ''||||'');'),
('operacion = C1'),
('operacion = (15000.00)'),
('res = 15000'),
('INSERT INTO `valores`(`ID_VALOR`, `ID_TAG_AGF`, `ID_EMPRESA`, `ID_PERIODO`, `tipo`, `VALOR`, `DT_MODIFICACION`, `origen`, `id_formula`, `hist_formula`) \n				VALUES (null,8,6,1,''TRIMESTRAL'',15000,''2013'',2, 10, ''2602||||'');'),
('operacion = C1'),
('operacion = (0.00)'),
('res = 0'),
('INSERT INTO `valores`(`ID_VALOR`, `ID_TAG_AGF`, `ID_EMPRESA`, `ID_PERIODO`, `tipo`, `VALOR`, `DT_MODIFICACION`, `origen`, `id_formula`, `hist_formula`) \n				VALUES (null,8,1,2,''TRIMESTRAL'',0,''2013'',2, 9, ''2628||||'');'),
('operacion = C1'),
('operacion = (0.00)'),
('res = 0'),
('INSERT INTO `valores`(`ID_VALOR`, `ID_TAG_AGF`, `ID_EMPRESA`, `ID_PERIODO`, `tipo`, `VALOR`, `DT_MODIFICACION`, `origen`, `id_formula`, `hist_formula`) \n				VALUES (null,8,2,2,''TRIMESTRAL'',0,''2013'',2, 9, ''2629||||'');'),
('operacion = C1'),
('operacion = (0.00)'),
('res = 0'),
('INSERT INTO `valores`(`ID_VALOR`, `ID_TAG_AGF`, `ID_EMPRESA`, `ID_PERIODO`, `tipo`, `VALOR`, `DT_MODIFICACION`, `origen`, `id_formula`, `hist_formula`) \n				VALUES (null,8,3,2,''TRIMESTRAL'',0,''2013'',2, 9, ''2630||||'');'),
('operacion = C1'),
('operacion = (0.00)'),
('res = 0'),
('INSERT INTO `valores`(`ID_VALOR`, `ID_TAG_AGF`, `ID_EMPRESA`, `ID_PERIODO`, `tipo`, `VALOR`, `DT_MODIFICACION`, `origen`, `id_formula`, `hist_formula`) \n				VALUES (null,8,4,2,''TRIMESTRAL'',0,''2013'',2, 9, ''2631||||'');'),
('operacion = C1'),
('operacion = (0.00)'),
('res = 0'),
('INSERT INTO `valores`(`ID_VALOR`, `ID_TAG_AGF`, `ID_EMPRESA`, `ID_PERIODO`, `tipo`, `VALOR`, `DT_MODIFICACION`, `origen`, `id_formula`, `hist_formula`) \n				VALUES (null,8,5,2,''TRIMESTRAL'',0,''2013'',2, 9, ''2632||||'');'),
('operacion = C1'),
('operacion = (0.00)'),
('res = 0'),
('INSERT INTO `valores`(`ID_VALOR`, `ID_TAG_AGF`, `ID_EMPRESA`, `ID_PERIODO`, `tipo`, `VALOR`, `DT_MODIFICACION`, `origen`, `id_formula`, `hist_formula`) \n				VALUES (null,8,6,2,''TRIMESTRAL'',0,''2013'',2, 9, ''2633||||'');'),
('operacion = C1'),
('operacion = (0)'),
('res = 0'),
('INSERT INTO `valores`(`ID_VALOR`, `ID_TAG_AGF`, `ID_EMPRESA`, `ID_PERIODO`, `tipo`, `VALOR`, `DT_MODIFICACION`, `origen`, `id_formula`, `hist_formula`) \n				VALUES (null,8,1,2,''TRIMESTRAL'',0,''2013'',2, 10, ''||||'');'),
('operacion = C1'),
('operacion = (0)'),
('res = 0'),
('INSERT INTO `valores`(`ID_VALOR`, `ID_TAG_AGF`, `ID_EMPRESA`, `ID_PERIODO`, `tipo`, `VALOR`, `DT_MODIFICACION`, `origen`, `id_formula`, `hist_formula`) \n				VALUES (null,8,2,2,''TRIMESTRAL'',0,''2013'',2, 10, ''||||'');'),
('operacion = C1'),
('operacion = (0)'),
('res = 0'),
('INSERT INTO `valores`(`ID_VALOR`, `ID_TAG_AGF`, `ID_EMPRESA`, `ID_PERIODO`, `tipo`, `VALOR`, `DT_MODIFICACION`, `origen`, `id_formula`, `hist_formula`) \n				VALUES (null,8,3,2,''TRIMESTRAL'',0,''2013'',2, 10, ''||||'');'),
('operacion = C1'),
('operacion = (0)'),
('res = 0'),
('INSERT INTO `valores`(`ID_VALOR`, `ID_TAG_AGF`, `ID_EMPRESA`, `ID_PERIODO`, `tipo`, `VALOR`, `DT_MODIFICACION`, `origen`, `id_formula`, `hist_formula`) \n				VALUES (null,8,4,2,''TRIMESTRAL'',0,''2013'',2, 10, ''||||'');'),
('operacion = C1'),
('operacion = (0)'),
('res = 0'),
('INSERT INTO `valores`(`ID_VALOR`, `ID_TAG_AGF`, `ID_EMPRESA`, `ID_PERIODO`, `tipo`, `VALOR`, `DT_MODIFICACION`, `origen`, `id_formula`, `hist_formula`) \n				VALUES (null,8,5,2,''TRIMESTRAL'',0,''2013'',2, 10, ''||||'');'),
('operacion = C1'),
('operacion = (22768.00)'),
('res = 22768'),
('INSERT INTO `valores`(`ID_VALOR`, `ID_TAG_AGF`, `ID_EMPRESA`, `ID_PERIODO`, `tipo`, `VALOR`, `DT_MODIFICACION`, `origen`, `id_formula`, `hist_formula`) \n				VALUES (null,8,6,2,''TRIMESTRAL'',22768,''2013'',2, 10, ''2603||||'');'),
('operacion = C1'),
('operacion = (0.00)'),
('res = 0'),
('INSERT INTO `valores`(`ID_VALOR`, `ID_TAG_AGF`, `ID_EMPRESA`, `ID_PERIODO`, `tipo`, `VALOR`, `DT_MODIFICACION`, `origen`, `id_formula`, `hist_formula`) \n				VALUES (null,8,1,3,''TRIMESTRAL'',0,''2013'',2, 9, ''2634||||'');'),
('operacion = C1'),
('operacion = (0.00)'),
('res = 0'),
('INSERT INTO `valores`(`ID_VALOR`, `ID_TAG_AGF`, `ID_EMPRESA`, `ID_PERIODO`, `tipo`, `VALOR`, `DT_MODIFICACION`, `origen`, `id_formula`, `hist_formula`) \n				VALUES (null,8,2,3,''TRIMESTRAL'',0,''2013'',2, 9, ''2635||||'');'),
('operacion = C1'),
('operacion = (0.00)'),
('res = 0'),
('INSERT INTO `valores`(`ID_VALOR`, `ID_TAG_AGF`, `ID_EMPRESA`, `ID_PERIODO`, `tipo`, `VALOR`, `DT_MODIFICACION`, `origen`, `id_formula`, `hist_formula`) \n				VALUES (null,8,3,3,''TRIMESTRAL'',0,''2013'',2, 9, ''2636||||'');'),
('operacion = C1'),
('operacion = (0.00)'),
('res = 0'),
('INSERT INTO `valores`(`ID_VALOR`, `ID_TAG_AGF`, `ID_EMPRESA`, `ID_PERIODO`, `tipo`, `VALOR`, `DT_MODIFICACION`, `origen`, `id_formula`, `hist_formula`) \n				VALUES (null,8,4,3,''TRIMESTRAL'',0,''2013'',2, 9, ''2637||||'');'),
('operacion = C1'),
('operacion = (0.00)'),
('res = 0'),
('INSERT INTO `valores`(`ID_VALOR`, `ID_TAG_AGF`, `ID_EMPRESA`, `ID_PERIODO`, `tipo`, `VALOR`, `DT_MODIFICACION`, `origen`, `id_formula`, `hist_formula`) \n				VALUES (null,8,5,3,''TRIMESTRAL'',0,''2013'',2, 9, ''2638||||'');'),
('operacion = C1'),
('operacion = (0.00)'),
('res = 0'),
('INSERT INTO `valores`(`ID_VALOR`, `ID_TAG_AGF`, `ID_EMPRESA`, `ID_PERIODO`, `tipo`, `VALOR`, `DT_MODIFICACION`, `origen`, `id_formula`, `hist_formula`) \n				VALUES (null,8,6,3,''TRIMESTRAL'',0,''2013'',2, 9, ''2639||||'');'),
('operacion = C1'),
('operacion = (0)'),
('res = 0'),
('INSERT INTO `valores`(`ID_VALOR`, `ID_TAG_AGF`, `ID_EMPRESA`, `ID_PERIODO`, `tipo`, `VALOR`, `DT_MODIFICACION`, `origen`, `id_formula`, `hist_formula`) \n				VALUES (null,8,1,3,''TRIMESTRAL'',0,''2013'',2, 10, ''||||'');'),
('operacion = C1'),
('operacion = (0)'),
('res = 0'),
('INSERT INTO `valores`(`ID_VALOR`, `ID_TAG_AGF`, `ID_EMPRESA`, `ID_PERIODO`, `tipo`, `VALOR`, `DT_MODIFICACION`, `origen`, `id_formula`, `hist_formula`) \n				VALUES (null,8,2,3,''TRIMESTRAL'',0,''2013'',2, 10, ''||||'');'),
('operacion = C1'),
('operacion = (0)'),
('res = 0'),
('INSERT INTO `valores`(`ID_VALOR`, `ID_TAG_AGF`, `ID_EMPRESA`, `ID_PERIODO`, `tipo`, `VALOR`, `DT_MODIFICACION`, `origen`, `id_formula`, `hist_formula`) \n				VALUES (null,8,3,3,''TRIMESTRAL'',0,''2013'',2, 10, ''||||'');'),
('operacion = C1'),
('operacion = (0)'),
('res = 0'),
('INSERT INTO `valores`(`ID_VALOR`, `ID_TAG_AGF`, `ID_EMPRESA`, `ID_PERIODO`, `tipo`, `VALOR`, `DT_MODIFICACION`, `origen`, `id_formula`, `hist_formula`) \n				VALUES (null,8,4,3,''TRIMESTRAL'',0,''2013'',2, 10, ''||||'');'),
('operacion = C1'),
('operacion = (0)'),
('res = 0'),
('INSERT INTO `valores`(`ID_VALOR`, `ID_TAG_AGF`, `ID_EMPRESA`, `ID_PERIODO`, `tipo`, `VALOR`, `DT_MODIFICACION`, `origen`, `id_formula`, `hist_formula`) \n				VALUES (null,8,5,3,''TRIMESTRAL'',0,''2013'',2, 10, ''||||'');'),
('operacion = C1'),
('operacion = (19948.00)'),
('res = 19948'),
('INSERT INTO `valores`(`ID_VALOR`, `ID_TAG_AGF`, `ID_EMPRESA`, `ID_PERIODO`, `tipo`, `VALOR`, `DT_MODIFICACION`, `origen`, `id_formula`, `hist_formula`) \n				VALUES (null,8,6,3,''TRIMESTRAL'',19948,''2013'',2, 10, ''2604||||'');'),
('operacion = C1'),
('operacion = (0.00)'),
('res = 0'),
('INSERT INTO `valores`(`ID_VALOR`, `ID_TAG_AGF`, `ID_EMPRESA`, `ID_PERIODO`, `tipo`, `VALOR`, `DT_MODIFICACION`, `origen`, `id_formula`, `hist_formula`) \n				VALUES (null,8,1,4,''TRIMESTRAL'',0,''2013'',2, 9, ''2640||||'');'),
('operacion = C1'),
('operacion = (0.00)'),
('res = 0'),
('INSERT INTO `valores`(`ID_VALOR`, `ID_TAG_AGF`, `ID_EMPRESA`, `ID_PERIODO`, `tipo`, `VALOR`, `DT_MODIFICACION`, `origen`, `id_formula`, `hist_formula`) \n				VALUES (null,8,2,4,''TRIMESTRAL'',0,''2013'',2, 9, ''2641||||'');'),
('operacion = C1'),
('operacion = (0.00)'),
('res = 0'),
('INSERT INTO `valores`(`ID_VALOR`, `ID_TAG_AGF`, `ID_EMPRESA`, `ID_PERIODO`, `tipo`, `VALOR`, `DT_MODIFICACION`, `origen`, `id_formula`, `hist_formula`) \n				VALUES (null,8,3,4,''TRIMESTRAL'',0,''2013'',2, 9, ''2642||||'');'),
('operacion = C1'),
('operacion = (0.00)'),
('res = 0'),
('INSERT INTO `valores`(`ID_VALOR`, `ID_TAG_AGF`, `ID_EMPRESA`, `ID_PERIODO`, `tipo`, `VALOR`, `DT_MODIFICACION`, `origen`, `id_formula`, `hist_formula`) \n				VALUES (null,8,4,4,''TRIMESTRAL'',0,''2013'',2, 9, ''2643||||'');'),
('operacion = C1'),
('operacion = (0.00)'),
('res = 0'),
('INSERT INTO `valores`(`ID_VALOR`, `ID_TAG_AGF`, `ID_EMPRESA`, `ID_PERIODO`, `tipo`, `VALOR`, `DT_MODIFICACION`, `origen`, `id_formula`, `hist_formula`) \n				VALUES (null,8,5,4,''TRIMESTRAL'',0,''2013'',2, 9, ''2644||||'');'),
('operacion = C1'),
('operacion = (0.00)'),
('res = 0'),
('INSERT INTO `valores`(`ID_VALOR`, `ID_TAG_AGF`, `ID_EMPRESA`, `ID_PERIODO`, `tipo`, `VALOR`, `DT_MODIFICACION`, `origen`, `id_formula`, `hist_formula`) \n				VALUES (null,8,6,4,''TRIMESTRAL'',0,''2013'',2, 9, ''2645||||'');'),
('operacion = C1'),
('operacion = (0)'),
('res = 0'),
('INSERT INTO `valores`(`ID_VALOR`, `ID_TAG_AGF`, `ID_EMPRESA`, `ID_PERIODO`, `tipo`, `VALOR`, `DT_MODIFICACION`, `origen`, `id_formula`, `hist_formula`) \n				VALUES (null,8,1,4,''TRIMESTRAL'',0,''2013'',2, 10, ''||||'');'),
('operacion = C1'),
('operacion = (0)'),
('res = 0'),
('INSERT INTO `valores`(`ID_VALOR`, `ID_TAG_AGF`, `ID_EMPRESA`, `ID_PERIODO`, `tipo`, `VALOR`, `DT_MODIFICACION`, `origen`, `id_formula`, `hist_formula`) \n				VALUES (null,8,2,4,''TRIMESTRAL'',0,''2013'',2, 10, ''||||'');'),
('operacion = C1'),
('operacion = (0)'),
('res = 0'),
('INSERT INTO `valores`(`ID_VALOR`, `ID_TAG_AGF`, `ID_EMPRESA`, `ID_PERIODO`, `tipo`, `VALOR`, `DT_MODIFICACION`, `origen`, `id_formula`, `hist_formula`) \n				VALUES (null,8,3,4,''TRIMESTRAL'',0,''2013'',2, 10, ''||||'');'),
('operacion = C1'),
('operacion = (0)'),
('res = 0'),
('INSERT INTO `valores`(`ID_VALOR`, `ID_TAG_AGF`, `ID_EMPRESA`, `ID_PERIODO`, `tipo`, `VALOR`, `DT_MODIFICACION`, `origen`, `id_formula`, `hist_formula`) \n				VALUES (null,8,4,4,''TRIMESTRAL'',0,''2013'',2, 10, ''||||'');'),
('operacion = C1'),
('operacion = (0)'),
('res = 0'),
('INSERT INTO `valores`(`ID_VALOR`, `ID_TAG_AGF`, `ID_EMPRESA`, `ID_PERIODO`, `tipo`, `VALOR`, `DT_MODIFICACION`, `origen`, `id_formula`, `hist_formula`) \n				VALUES (null,8,5,4,''TRIMESTRAL'',0,''2013'',2, 10, ''||||'');'),
('operacion = C1'),
('operacion = (32691.00)'),
('res = 32691'),
('INSERT INTO `valores`(`ID_VALOR`, `ID_TAG_AGF`, `ID_EMPRESA`, `ID_PERIODO`, `tipo`, `VALOR`, `DT_MODIFICACION`, `origen`, `id_formula`, `hist_formula`) \n				VALUES (null,8,6,4,''TRIMESTRAL'',32691,''2013'',2, 10, ''2605||||'');'),
('operacion = C1'),
('operacion = (0.00)'),
('res = 0'),
('INSERT INTO `valores`(`ID_VALOR`, `ID_TAG_AGF`, `ID_EMPRESA`, `ID_PERIODO`, `tipo`, `VALOR`, `DT_MODIFICACION`, `origen`, `id_formula`, `hist_formula`) \n				VALUES (null,8,1,5,''TRIMESTRAL'',0,''2013'',2, 9, ''2646||||'');'),
('operacion = C1'),
('operacion = (0.00)'),
('res = 0'),
('INSERT INTO `valores`(`ID_VALOR`, `ID_TAG_AGF`, `ID_EMPRESA`, `ID_PERIODO`, `tipo`, `VALOR`, `DT_MODIFICACION`, `origen`, `id_formula`, `hist_formula`) \n				VALUES (null,8,2,5,''TRIMESTRAL'',0,''2013'',2, 9, ''2647||||'');'),
('operacion = C1'),
('operacion = (0.00)'),
('res = 0'),
('INSERT INTO `valores`(`ID_VALOR`, `ID_TAG_AGF`, `ID_EMPRESA`, `ID_PERIODO`, `tipo`, `VALOR`, `DT_MODIFICACION`, `origen`, `id_formula`, `hist_formula`) \n				VALUES (null,8,3,5,''TRIMESTRAL'',0,''2013'',2, 9, ''2648||||'');'),
('operacion = C1'),
('operacion = (0.00)'),
('res = 0'),
('INSERT INTO `valores`(`ID_VALOR`, `ID_TAG_AGF`, `ID_EMPRESA`, `ID_PERIODO`, `tipo`, `VALOR`, `DT_MODIFICACION`, `origen`, `id_formula`, `hist_formula`) \n				VALUES (null,8,4,5,''TRIMESTRAL'',0,''2013'',2, 9, ''2649||||'');'),
('operacion = C1'),
('operacion = (0.00)'),
('res = 0'),
('INSERT INTO `valores`(`ID_VALOR`, `ID_TAG_AGF`, `ID_EMPRESA`, `ID_PERIODO`, `tipo`, `VALOR`, `DT_MODIFICACION`, `origen`, `id_formula`, `hist_formula`) \n				VALUES (null,8,5,5,''TRIMESTRAL'',0,''2013'',2, 9, ''2650||||'');'),
('operacion = C1'),
('operacion = (0.00)'),
('res = 0'),
('INSERT INTO `valores`(`ID_VALOR`, `ID_TAG_AGF`, `ID_EMPRESA`, `ID_PERIODO`, `tipo`, `VALOR`, `DT_MODIFICACION`, `origen`, `id_formula`, `hist_formula`) \n				VALUES (null,8,6,5,''TRIMESTRAL'',0,''2013'',2, 9, ''2651||||'');'),
('operacion = C1'),
('operacion = (0)'),
('res = 0'),
('INSERT INTO `valores`(`ID_VALOR`, `ID_TAG_AGF`, `ID_EMPRESA`, `ID_PERIODO`, `tipo`, `VALOR`, `DT_MODIFICACION`, `origen`, `id_formula`, `hist_formula`) \n				VALUES (null,8,1,5,''TRIMESTRAL'',0,''2013'',2, 10, ''||||'');'),
('operacion = C1'),
('operacion = (0)'),
('res = 0'),
('INSERT INTO `valores`(`ID_VALOR`, `ID_TAG_AGF`, `ID_EMPRESA`, `ID_PERIODO`, `tipo`, `VALOR`, `DT_MODIFICACION`, `origen`, `id_formula`, `hist_formula`) \n				VALUES (null,8,2,5,''TRIMESTRAL'',0,''2013'',2, 10, ''||||'');'),
('operacion = C1'),
('operacion = (0)'),
('res = 0'),
('INSERT INTO `valores`(`ID_VALOR`, `ID_TAG_AGF`, `ID_EMPRESA`, `ID_PERIODO`, `tipo`, `VALOR`, `DT_MODIFICACION`, `origen`, `id_formula`, `hist_formula`) \n				VALUES (null,8,3,5,''TRIMESTRAL'',0,''2013'',2, 10, ''||||'');'),
('operacion = C1'),
('operacion = (0)'),
('res = 0'),
('INSERT INTO `valores`(`ID_VALOR`, `ID_TAG_AGF`, `ID_EMPRESA`, `ID_PERIODO`, `tipo`, `VALOR`, `DT_MODIFICACION`, `origen`, `id_formula`, `hist_formula`) \n				VALUES (null,8,4,5,''TRIMESTRAL'',0,''2013'',2, 10, ''||||'');'),
('operacion = C1'),
('operacion = (0)'),
('res = 0'),
('INSERT INTO `valores`(`ID_VALOR`, `ID_TAG_AGF`, `ID_EMPRESA`, `ID_PERIODO`, `tipo`, `VALOR`, `DT_MODIFICACION`, `origen`, `id_formula`, `hist_formula`) \n				VALUES (null,8,5,5,''TRIMESTRAL'',0,''2013'',2, 10, ''||||'');'),
('operacion = C1'),
('operacion = (19606.00)'),
('res = 19606'),
('INSERT INTO `valores`(`ID_VALOR`, `ID_TAG_AGF`, `ID_EMPRESA`, `ID_PERIODO`, `tipo`, `VALOR`, `DT_MODIFICACION`, `origen`, `id_formula`, `hist_formula`) \n				VALUES (null,8,6,5,''TRIMESTRAL'',19606,''2013'',2, 10, ''2606||||'');'),
('operacion = C1'),
('operacion = (0.00)'),
('res = 0'),
('INSERT INTO `valores`(`ID_VALOR`, `ID_TAG_AGF`, `ID_EMPRESA`, `ID_PERIODO`, `tipo`, `VALOR`, `DT_MODIFICACION`, `origen`, `id_formula`, `hist_formula`) \n				VALUES (null,8,1,6,''TRIMESTRAL'',0,''2013'',2, 9, ''2652||||'');'),
('operacion = C1'),
('operacion = (0.00)'),
('res = 0'),
('INSERT INTO `valores`(`ID_VALOR`, `ID_TAG_AGF`, `ID_EMPRESA`, `ID_PERIODO`, `tipo`, `VALOR`, `DT_MODIFICACION`, `origen`, `id_formula`, `hist_formula`) \n				VALUES (null,8,2,6,''TRIMESTRAL'',0,''2013'',2, 9, ''2653||||'');'),
('operacion = C1'),
('operacion = (0.00)'),
('res = 0'),
('INSERT INTO `valores`(`ID_VALOR`, `ID_TAG_AGF`, `ID_EMPRESA`, `ID_PERIODO`, `tipo`, `VALOR`, `DT_MODIFICACION`, `origen`, `id_formula`, `hist_formula`) \n				VALUES (null,8,3,6,''TRIMESTRAL'',0,''2013'',2, 9, ''2654||||'');'),
('operacion = C1'),
('operacion = (0.00)'),
('res = 0'),
('INSERT INTO `valores`(`ID_VALOR`, `ID_TAG_AGF`, `ID_EMPRESA`, `ID_PERIODO`, `tipo`, `VALOR`, `DT_MODIFICACION`, `origen`, `id_formula`, `hist_formula`) \n				VALUES (null,8,4,6,''TRIMESTRAL'',0,''2013'',2, 9, ''2655||||'');'),
('operacion = C1'),
('operacion = (0.00)'),
('res = 0'),
('INSERT INTO `valores`(`ID_VALOR`, `ID_TAG_AGF`, `ID_EMPRESA`, `ID_PERIODO`, `tipo`, `VALOR`, `DT_MODIFICACION`, `origen`, `id_formula`, `hist_formula`) \n				VALUES (null,8,5,6,''TRIMESTRAL'',0,''2013'',2, 9, ''2656||||'');'),
('operacion = C1'),
('operacion = (0.00)'),
('res = 0'),
('INSERT INTO `valores`(`ID_VALOR`, `ID_TAG_AGF`, `ID_EMPRESA`, `ID_PERIODO`, `tipo`, `VALOR`, `DT_MODIFICACION`, `origen`, `id_formula`, `hist_formula`) \n				VALUES (null,8,6,6,''TRIMESTRAL'',0,''2013'',2, 9, ''2657||||'');'),
('operacion = C1'),
('operacion = (0)'),
('res = 0'),
('INSERT INTO `valores`(`ID_VALOR`, `ID_TAG_AGF`, `ID_EMPRESA`, `ID_PERIODO`, `tipo`, `VALOR`, `DT_MODIFICACION`, `origen`, `id_formula`, `hist_formula`) \n				VALUES (null,8,1,6,''TRIMESTRAL'',0,''2013'',2, 10, ''||||'');'),
('operacion = C1'),
('operacion = (0)'),
('res = 0'),
('INSERT INTO `valores`(`ID_VALOR`, `ID_TAG_AGF`, `ID_EMPRESA`, `ID_PERIODO`, `tipo`, `VALOR`, `DT_MODIFICACION`, `origen`, `id_formula`, `hist_formula`) \n				VALUES (null,8,2,6,''TRIMESTRAL'',0,''2013'',2, 10, ''||||'');'),
('operacion = C1'),
('operacion = (0)'),
('res = 0'),
('INSERT INTO `valores`(`ID_VALOR`, `ID_TAG_AGF`, `ID_EMPRESA`, `ID_PERIODO`, `tipo`, `VALOR`, `DT_MODIFICACION`, `origen`, `id_formula`, `hist_formula`) \n				VALUES (null,8,3,6,''TRIMESTRAL'',0,''2013'',2, 10, ''||||'');'),
('operacion = C1'),
('operacion = (0)'),
('res = 0'),
('INSERT INTO `valores`(`ID_VALOR`, `ID_TAG_AGF`, `ID_EMPRESA`, `ID_PERIODO`, `tipo`, `VALOR`, `DT_MODIFICACION`, `origen`, `id_formula`, `hist_formula`) \n				VALUES (null,8,4,6,''TRIMESTRAL'',0,''2013'',2, 10, ''||||'');'),
('operacion = C1'),
('operacion = (0)'),
('res = 0'),
('INSERT INTO `valores`(`ID_VALOR`, `ID_TAG_AGF`, `ID_EMPRESA`, `ID_PERIODO`, `tipo`, `VALOR`, `DT_MODIFICACION`, `origen`, `id_formula`, `hist_formula`) \n				VALUES (null,8,5,6,''TRIMESTRAL'',0,''2013'',2, 10, ''||||'');'),
('operacion = C1'),
('operacion = (25906.00)'),
('res = 25906'),
('INSERT INTO `valores`(`ID_VALOR`, `ID_TAG_AGF`, `ID_EMPRESA`, `ID_PERIODO`, `tipo`, `VALOR`, `DT_MODIFICACION`, `origen`, `id_formula`, `hist_formula`) \n				VALUES (null,8,6,6,''TRIMESTRAL'',25906,''2013'',2, 10, ''2607||||'');'),
('operacion = C1'),
('operacion = (0.00)'),
('res = 0'),
('INSERT INTO `valores`(`ID_VALOR`, `ID_TAG_AGF`, `ID_EMPRESA`, `ID_PERIODO`, `tipo`, `VALOR`, `DT_MODIFICACION`, `origen`, `id_formula`, `hist_formula`) \n				VALUES (null,8,1,7,''TRIMESTRAL'',0,''2013'',2, 9, ''2658||||'');'),
('operacion = C1'),
('operacion = (0.00)'),
('res = 0'),
('INSERT INTO `valores`(`ID_VALOR`, `ID_TAG_AGF`, `ID_EMPRESA`, `ID_PERIODO`, `tipo`, `VALOR`, `DT_MODIFICACION`, `origen`, `id_formula`, `hist_formula`) \n				VALUES (null,8,2,7,''TRIMESTRAL'',0,''2013'',2, 9, ''2659||||'');'),
('operacion = C1'),
('operacion = (0.00)'),
('res = 0'),
('INSERT INTO `valores`(`ID_VALOR`, `ID_TAG_AGF`, `ID_EMPRESA`, `ID_PERIODO`, `tipo`, `VALOR`, `DT_MODIFICACION`, `origen`, `id_formula`, `hist_formula`) \n				VALUES (null,8,3,7,''TRIMESTRAL'',0,''2013'',2, 9, ''2660||||'');'),
('operacion = C1'),
('operacion = (0.00)'),
('res = 0'),
('INSERT INTO `valores`(`ID_VALOR`, `ID_TAG_AGF`, `ID_EMPRESA`, `ID_PERIODO`, `tipo`, `VALOR`, `DT_MODIFICACION`, `origen`, `id_formula`, `hist_formula`) \n				VALUES (null,8,4,7,''TRIMESTRAL'',0,''2013'',2, 9, ''2661||||'');'),
('operacion = C1'),
('operacion = (0.00)'),
('res = 0'),
('INSERT INTO `valores`(`ID_VALOR`, `ID_TAG_AGF`, `ID_EMPRESA`, `ID_PERIODO`, `tipo`, `VALOR`, `DT_MODIFICACION`, `origen`, `id_formula`, `hist_formula`) \n				VALUES (null,8,5,7,''TRIMESTRAL'',0,''2013'',2, 9, ''2662||||'');'),
('operacion = C1'),
('operacion = (0.00)'),
('res = 0'),
('INSERT INTO `valores`(`ID_VALOR`, `ID_TAG_AGF`, `ID_EMPRESA`, `ID_PERIODO`, `tipo`, `VALOR`, `DT_MODIFICACION`, `origen`, `id_formula`, `hist_formula`) \n				VALUES (null,8,6,7,''TRIMESTRAL'',0,''2013'',2, 9, ''2663||||'');'),
('operacion = C1'),
('operacion = (0)'),
('res = 0'),
('INSERT INTO `valores`(`ID_VALOR`, `ID_TAG_AGF`, `ID_EMPRESA`, `ID_PERIODO`, `tipo`, `VALOR`, `DT_MODIFICACION`, `origen`, `id_formula`, `hist_formula`) \n				VALUES (null,8,1,7,''TRIMESTRAL'',0,''2013'',2, 10, ''||||'');'),
('operacion = C1'),
('operacion = (0)'),
('res = 0'),
('INSERT INTO `valores`(`ID_VALOR`, `ID_TAG_AGF`, `ID_EMPRESA`, `ID_PERIODO`, `tipo`, `VALOR`, `DT_MODIFICACION`, `origen`, `id_formula`, `hist_formula`) \n				VALUES (null,8,2,7,''TRIMESTRAL'',0,''2013'',2, 10, ''||||'');'),
('operacion = C1'),
('operacion = (0)'),
('res = 0'),
('INSERT INTO `valores`(`ID_VALOR`, `ID_TAG_AGF`, `ID_EMPRESA`, `ID_PERIODO`, `tipo`, `VALOR`, `DT_MODIFICACION`, `origen`, `id_formula`, `hist_formula`) \n				VALUES (null,8,3,7,''TRIMESTRAL'',0,''2013'',2, 10, ''||||'');'),
('operacion = C1'),
('operacion = (0)'),
('res = 0'),
('INSERT INTO `valores`(`ID_VALOR`, `ID_TAG_AGF`, `ID_EMPRESA`, `ID_PERIODO`, `tipo`, `VALOR`, `DT_MODIFICACION`, `origen`, `id_formula`, `hist_formula`) \n				VALUES (null,8,4,7,''TRIMESTRAL'',0,''2013'',2, 10, ''||||'');'),
('operacion = C1'),
('operacion = (0)'),
('res = 0'),
('INSERT INTO `valores`(`ID_VALOR`, `ID_TAG_AGF`, `ID_EMPRESA`, `ID_PERIODO`, `tipo`, `VALOR`, `DT_MODIFICACION`, `origen`, `id_formula`, `hist_formula`) \n				VALUES (null,8,5,7,''TRIMESTRAL'',0,''2013'',2, 10, ''||||'');'),
('operacion = C1'),
('operacion = (26844.00)'),
('res = 26844'),
('INSERT INTO `valores`(`ID_VALOR`, `ID_TAG_AGF`, `ID_EMPRESA`, `ID_PERIODO`, `tipo`, `VALOR`, `DT_MODIFICACION`, `origen`, `id_formula`, `hist_formula`) \n				VALUES (null,8,6,7,''TRIMESTRAL'',26844,''2013'',2, 10, ''2608||||'');'),
('operacion = C1'),
('operacion = (0.00)'),
('res = 0'),
('INSERT INTO `valores`(`ID_VALOR`, `ID_TAG_AGF`, `ID_EMPRESA`, `ID_PERIODO`, `tipo`, `VALOR`, `DT_MODIFICACION`, `origen`, `id_formula`, `hist_formula`) \n				VALUES (null,8,1,8,''TRIMESTRAL'',0,''2013'',2, 9, ''2664||||'');'),
('operacion = C1'),
('operacion = (0.00)'),
('res = 0'),
('INSERT INTO `valores`(`ID_VALOR`, `ID_TAG_AGF`, `ID_EMPRESA`, `ID_PERIODO`, `tipo`, `VALOR`, `DT_MODIFICACION`, `origen`, `id_formula`, `hist_formula`) \n				VALUES (null,8,2,8,''TRIMESTRAL'',0,''2013'',2, 9, ''2665||||'');'),
('operacion = C1'),
('operacion = (0.00)'),
('res = 0'),
('INSERT INTO `valores`(`ID_VALOR`, `ID_TAG_AGF`, `ID_EMPRESA`, `ID_PERIODO`, `tipo`, `VALOR`, `DT_MODIFICACION`, `origen`, `id_formula`, `hist_formula`) \n				VALUES (null,8,3,8,''TRIMESTRAL'',0,''2013'',2, 9, ''2666||||'');'),
('operacion = C1'),
('operacion = (0.00)'),
('res = 0'),
('INSERT INTO `valores`(`ID_VALOR`, `ID_TAG_AGF`, `ID_EMPRESA`, `ID_PERIODO`, `tipo`, `VALOR`, `DT_MODIFICACION`, `origen`, `id_formula`, `hist_formula`) \n				VALUES (null,8,4,8,''TRIMESTRAL'',0,''2013'',2, 9, ''2667||||'');'),
('operacion = C1'),
('operacion = (0.00)'),
('res = 0'),
('INSERT INTO `valores`(`ID_VALOR`, `ID_TAG_AGF`, `ID_EMPRESA`, `ID_PERIODO`, `tipo`, `VALOR`, `DT_MODIFICACION`, `origen`, `id_formula`, `hist_formula`) \n				VALUES (null,8,5,8,''TRIMESTRAL'',0,''2013'',2, 9, ''2668||||'');'),
('operacion = C1'),
('operacion = (0.00)'),
('res = 0'),
('INSERT INTO `valores`(`ID_VALOR`, `ID_TAG_AGF`, `ID_EMPRESA`, `ID_PERIODO`, `tipo`, `VALOR`, `DT_MODIFICACION`, `origen`, `id_formula`, `hist_formula`) \n				VALUES (null,8,6,8,''TRIMESTRAL'',0,''2013'',2, 9, ''2669||||'');'),
('operacion = C1'),
('operacion = (0)'),
('res = 0'),
('INSERT INTO `valores`(`ID_VALOR`, `ID_TAG_AGF`, `ID_EMPRESA`, `ID_PERIODO`, `tipo`, `VALOR`, `DT_MODIFICACION`, `origen`, `id_formula`, `hist_formula`) \n				VALUES (null,8,1,8,''TRIMESTRAL'',0,''2013'',2, 10, ''||||'');'),
('operacion = C1'),
('operacion = (0)'),
('res = 0'),
('INSERT INTO `valores`(`ID_VALOR`, `ID_TAG_AGF`, `ID_EMPRESA`, `ID_PERIODO`, `tipo`, `VALOR`, `DT_MODIFICACION`, `origen`, `id_formula`, `hist_formula`) \n				VALUES (null,8,2,8,''TRIMESTRAL'',0,''2013'',2, 10, ''||||'');'),
('operacion = C1'),
('operacion = (0)'),
('res = 0'),
('INSERT INTO `valores`(`ID_VALOR`, `ID_TAG_AGF`, `ID_EMPRESA`, `ID_PERIODO`, `tipo`, `VALOR`, `DT_MODIFICACION`, `origen`, `id_formula`, `hist_formula`) \n				VALUES (null,8,3,8,''TRIMESTRAL'',0,''2013'',2, 10, ''||||'');'),
('operacion = C1'),
('operacion = (0)'),
('res = 0'),
('INSERT INTO `valores`(`ID_VALOR`, `ID_TAG_AGF`, `ID_EMPRESA`, `ID_PERIODO`, `tipo`, `VALOR`, `DT_MODIFICACION`, `origen`, `id_formula`, `hist_formula`) \n				VALUES (null,8,4,8,''TRIMESTRAL'',0,''2013'',2, 10, ''||||'');'),
('operacion = C1'),
('operacion = (0)'),
('res = 0'),
('INSERT INTO `valores`(`ID_VALOR`, `ID_TAG_AGF`, `ID_EMPRESA`, `ID_PERIODO`, `tipo`, `VALOR`, `DT_MODIFICACION`, `origen`, `id_formula`, `hist_formula`) \n				VALUES (null,8,5,8,''TRIMESTRAL'',0,''2013'',2, 10, ''||||'');'),
('operacion = C1'),
('operacion = (40158.00)'),
('res = 40158'),
('INSERT INTO `valores`(`ID_VALOR`, `ID_TAG_AGF`, `ID_EMPRESA`, `ID_PERIODO`, `tipo`, `VALOR`, `DT_MODIFICACION`, `origen`, `id_formula`, `hist_formula`) \n				VALUES (null,8,6,8,''TRIMESTRAL'',40158,''2013'',2, 10, ''2609||||'');'),
('operacion = C1'),
('operacion = (0.00)'),
('res = 0'),
('INSERT INTO `valores`(`ID_VALOR`, `ID_TAG_AGF`, `ID_EMPRESA`, `ID_PERIODO`, `tipo`, `VALOR`, `DT_MODIFICACION`, `origen`, `id_formula`, `hist_formula`) \n				VALUES (null,8,1,9,''TRIMESTRAL'',0,''2013'',2, 9, ''2670||||'');'),
('operacion = C1'),
('operacion = (0.00)'),
('res = 0'),
('INSERT INTO `valores`(`ID_VALOR`, `ID_TAG_AGF`, `ID_EMPRESA`, `ID_PERIODO`, `tipo`, `VALOR`, `DT_MODIFICACION`, `origen`, `id_formula`, `hist_formula`) \n				VALUES (null,8,2,9,''TRIMESTRAL'',0,''2013'',2, 9, ''2671||||'');'),
('operacion = C1'),
('operacion = (0.00)'),
('res = 0'),
('INSERT INTO `valores`(`ID_VALOR`, `ID_TAG_AGF`, `ID_EMPRESA`, `ID_PERIODO`, `tipo`, `VALOR`, `DT_MODIFICACION`, `origen`, `id_formula`, `hist_formula`) \n				VALUES (null,8,3,9,''TRIMESTRAL'',0,''2013'',2, 9, ''2672||||'');'),
('operacion = C1'),
('operacion = (0.00)'),
('res = 0'),
('INSERT INTO `valores`(`ID_VALOR`, `ID_TAG_AGF`, `ID_EMPRESA`, `ID_PERIODO`, `tipo`, `VALOR`, `DT_MODIFICACION`, `origen`, `id_formula`, `hist_formula`) \n				VALUES (null,8,4,9,''TRIMESTRAL'',0,''2013'',2, 9, ''2673||||'');'),
('operacion = C1'),
('operacion = (0.00)'),
('res = 0'),
('INSERT INTO `valores`(`ID_VALOR`, `ID_TAG_AGF`, `ID_EMPRESA`, `ID_PERIODO`, `tipo`, `VALOR`, `DT_MODIFICACION`, `origen`, `id_formula`, `hist_formula`) \n				VALUES (null,8,5,9,''TRIMESTRAL'',0,''2013'',2, 9, ''2674||||'');'),
('operacion = C1'),
('operacion = (0.00)'),
('res = 0'),
('INSERT INTO `valores`(`ID_VALOR`, `ID_TAG_AGF`, `ID_EMPRESA`, `ID_PERIODO`, `tipo`, `VALOR`, `DT_MODIFICACION`, `origen`, `id_formula`, `hist_formula`) \n				VALUES (null,8,6,9,''TRIMESTRAL'',0,''2013'',2, 9, ''2675||||'');'),
('operacion = C1'),
('operacion = (0)'),
('res = 0'),
('INSERT INTO `valores`(`ID_VALOR`, `ID_TAG_AGF`, `ID_EMPRESA`, `ID_PERIODO`, `tipo`, `VALOR`, `DT_MODIFICACION`, `origen`, `id_formula`, `hist_formula`) \n				VALUES (null,8,1,9,''TRIMESTRAL'',0,''2013'',2, 10, ''||||'');'),
('operacion = C1'),
('operacion = (0)'),
('res = 0'),
('INSERT INTO `valores`(`ID_VALOR`, `ID_TAG_AGF`, `ID_EMPRESA`, `ID_PERIODO`, `tipo`, `VALOR`, `DT_MODIFICACION`, `origen`, `id_formula`, `hist_formula`) \n				VALUES (null,8,2,9,''TRIMESTRAL'',0,''2013'',2, 10, ''||||'');'),
('operacion = C1'),
('operacion = (0)'),
('res = 0'),
('INSERT INTO `valores`(`ID_VALOR`, `ID_TAG_AGF`, `ID_EMPRESA`, `ID_PERIODO`, `tipo`, `VALOR`, `DT_MODIFICACION`, `origen`, `id_formula`, `hist_formula`) \n				VALUES (null,8,3,9,''TRIMESTRAL'',0,''2013'',2, 10, ''||||'');'),
('operacion = C1'),
('operacion = (0)'),
('res = 0'),
('INSERT INTO `valores`(`ID_VALOR`, `ID_TAG_AGF`, `ID_EMPRESA`, `ID_PERIODO`, `tipo`, `VALOR`, `DT_MODIFICACION`, `origen`, `id_formula`, `hist_formula`) \n				VALUES (null,8,4,9,''TRIMESTRAL'',0,''2013'',2, 10, ''||||'');'),
('operacion = C1'),
('operacion = (0)'),
('res = 0'),
('INSERT INTO `valores`(`ID_VALOR`, `ID_TAG_AGF`, `ID_EMPRESA`, `ID_PERIODO`, `tipo`, `VALOR`, `DT_MODIFICACION`, `origen`, `id_formula`, `hist_formula`) \n				VALUES (null,8,5,9,''TRIMESTRAL'',0,''2013'',2, 10, ''||||'');'),
('operacion = C1'),
('operacion = (25077.00)'),
('res = 25077'),
('INSERT INTO `valores`(`ID_VALOR`, `ID_TAG_AGF`, `ID_EMPRESA`, `ID_PERIODO`, `tipo`, `VALOR`, `DT_MODIFICACION`, `origen`, `id_formula`, `hist_formula`) \n				VALUES (null,8,6,9,''TRIMESTRAL'',25077,''2013'',2, 10, ''2610||||'');'),
('operacion = C1'),
('operacion = (0.00)'),
('res = 0'),
('INSERT INTO `valores`(`ID_VALOR`, `ID_TAG_AGF`, `ID_EMPRESA`, `ID_PERIODO`, `tipo`, `VALOR`, `DT_MODIFICACION`, `origen`, `id_formula`, `hist_formula`) \n				VALUES (null,8,1,10,''TRIMESTRAL'',0,''2013'',2, 9, ''2676||||'');'),
('operacion = C1'),
('operacion = (0.00)'),
('res = 0'),
('INSERT INTO `valores`(`ID_VALOR`, `ID_TAG_AGF`, `ID_EMPRESA`, `ID_PERIODO`, `tipo`, `VALOR`, `DT_MODIFICACION`, `origen`, `id_formula`, `hist_formula`) \n				VALUES (null,8,2,10,''TRIMESTRAL'',0,''2013'',2, 9, ''2677||||'');'),
('operacion = C1'),
('operacion = (0.00)'),
('res = 0'),
('INSERT INTO `valores`(`ID_VALOR`, `ID_TAG_AGF`, `ID_EMPRESA`, `ID_PERIODO`, `tipo`, `VALOR`, `DT_MODIFICACION`, `origen`, `id_formula`, `hist_formula`) \n				VALUES (null,8,3,10,''TRIMESTRAL'',0,''2013'',2, 9, ''2678||||'');'),
('operacion = C1'),
('operacion = (0.00)'),
('res = 0'),
('INSERT INTO `valores`(`ID_VALOR`, `ID_TAG_AGF`, `ID_EMPRESA`, `ID_PERIODO`, `tipo`, `VALOR`, `DT_MODIFICACION`, `origen`, `id_formula`, `hist_formula`) \n				VALUES (null,8,4,10,''TRIMESTRAL'',0,''2013'',2, 9, ''2679||||'');'),
('operacion = C1'),
('operacion = (0.00)'),
('res = 0'),
('INSERT INTO `valores`(`ID_VALOR`, `ID_TAG_AGF`, `ID_EMPRESA`, `ID_PERIODO`, `tipo`, `VALOR`, `DT_MODIFICACION`, `origen`, `id_formula`, `hist_formula`) \n				VALUES (null,8,5,10,''TRIMESTRAL'',0,''2013'',2, 9, ''2680||||'');'),
('operacion = C1'),
('operacion = (0.00)'),
('res = 0'),
('INSERT INTO `valores`(`ID_VALOR`, `ID_TAG_AGF`, `ID_EMPRESA`, `ID_PERIODO`, `tipo`, `VALOR`, `DT_MODIFICACION`, `origen`, `id_formula`, `hist_formula`) \n				VALUES (null,8,6,10,''TRIMESTRAL'',0,''2013'',2, 9, ''2681||||'');'),
('operacion = C1'),
('operacion = (0)'),
('res = 0'),
('INSERT INTO `valores`(`ID_VALOR`, `ID_TAG_AGF`, `ID_EMPRESA`, `ID_PERIODO`, `tipo`, `VALOR`, `DT_MODIFICACION`, `origen`, `id_formula`, `hist_formula`) \n				VALUES (null,8,1,10,''TRIMESTRAL'',0,''2013'',2, 10, ''||||'');'),
('operacion = C1'),
('operacion = (0)'),
('res = 0'),
('INSERT INTO `valores`(`ID_VALOR`, `ID_TAG_AGF`, `ID_EMPRESA`, `ID_PERIODO`, `tipo`, `VALOR`, `DT_MODIFICACION`, `origen`, `id_formula`, `hist_formula`) \n				VALUES (null,8,2,10,''TRIMESTRAL'',0,''2013'',2, 10, ''||||'');'),
('operacion = C1'),
('operacion = (0)'),
('res = 0'),
('INSERT INTO `valores`(`ID_VALOR`, `ID_TAG_AGF`, `ID_EMPRESA`, `ID_PERIODO`, `tipo`, `VALOR`, `DT_MODIFICACION`, `origen`, `id_formula`, `hist_formula`) \n				VALUES (null,8,3,10,''TRIMESTRAL'',0,''2013'',2, 10, ''||||'');'),
('operacion = C1'),
('operacion = (0)'),
('res = 0'),
('INSERT INTO `valores`(`ID_VALOR`, `ID_TAG_AGF`, `ID_EMPRESA`, `ID_PERIODO`, `tipo`, `VALOR`, `DT_MODIFICACION`, `origen`, `id_formula`, `hist_formula`) \n				VALUES (null,8,4,10,''TRIMESTRAL'',0,''2013'',2, 10, ''||||'');'),
('operacion = C1'),
('operacion = (0)'),
('res = 0'),
('INSERT INTO `valores`(`ID_VALOR`, `ID_TAG_AGF`, `ID_EMPRESA`, `ID_PERIODO`, `tipo`, `VALOR`, `DT_MODIFICACION`, `origen`, `id_formula`, `hist_formula`) \n				VALUES (null,8,5,10,''TRIMESTRAL'',0,''2013'',2, 10, ''||||'');'),
('operacion = C1'),
('operacion = (30047.00)'),
('res = 30047'),
('INSERT INTO `valores`(`ID_VALOR`, `ID_TAG_AGF`, `ID_EMPRESA`, `ID_PERIODO`, `tipo`, `VALOR`, `DT_MODIFICACION`, `origen`, `id_formula`, `hist_formula`) \n				VALUES (null,8,6,10,''TRIMESTRAL'',30047,''2013'',2, 10, ''2611||||'');'),
('operacion = C1'),
('operacion = (0.00)'),
('res = 0'),
('INSERT INTO `valores`(`ID_VALOR`, `ID_TAG_AGF`, `ID_EMPRESA`, `ID_PERIODO`, `tipo`, `VALOR`, `DT_MODIFICACION`, `origen`, `id_formula`, `hist_formula`) \n				VALUES (null,8,1,11,''TRIMESTRAL'',0,''2013'',2, 9, ''2682||||'');'),
('operacion = C1'),
('operacion = (0.00)'),
('res = 0'),
('INSERT INTO `valores`(`ID_VALOR`, `ID_TAG_AGF`, `ID_EMPRESA`, `ID_PERIODO`, `tipo`, `VALOR`, `DT_MODIFICACION`, `origen`, `id_formula`, `hist_formula`) \n				VALUES (null,8,2,11,''TRIMESTRAL'',0,''2013'',2, 9, ''2683||||'');'),
('operacion = C1'),
('operacion = (0.00)'),
('res = 0'),
('INSERT INTO `valores`(`ID_VALOR`, `ID_TAG_AGF`, `ID_EMPRESA`, `ID_PERIODO`, `tipo`, `VALOR`, `DT_MODIFICACION`, `origen`, `id_formula`, `hist_formula`) \n				VALUES (null,8,3,11,''TRIMESTRAL'',0,''2013'',2, 9, ''2684||||'');'),
('operacion = C1'),
('operacion = (0.00)'),
('res = 0'),
('INSERT INTO `valores`(`ID_VALOR`, `ID_TAG_AGF`, `ID_EMPRESA`, `ID_PERIODO`, `tipo`, `VALOR`, `DT_MODIFICACION`, `origen`, `id_formula`, `hist_formula`) \n				VALUES (null,8,4,11,''TRIMESTRAL'',0,''2013'',2, 9, ''2685||||'');'),
('operacion = C1'),
('operacion = (0.00)'),
('res = 0'),
('INSERT INTO `valores`(`ID_VALOR`, `ID_TAG_AGF`, `ID_EMPRESA`, `ID_PERIODO`, `tipo`, `VALOR`, `DT_MODIFICACION`, `origen`, `id_formula`, `hist_formula`) \n				VALUES (null,8,5,11,''TRIMESTRAL'',0,''2013'',2, 9, ''2686||||'');'),
('operacion = C1'),
('operacion = (0.00)'),
('res = 0'),
('INSERT INTO `valores`(`ID_VALOR`, `ID_TAG_AGF`, `ID_EMPRESA`, `ID_PERIODO`, `tipo`, `VALOR`, `DT_MODIFICACION`, `origen`, `id_formula`, `hist_formula`) \n				VALUES (null,8,6,11,''TRIMESTRAL'',0,''2013'',2, 9, ''2687||||'');'),
('operacion = C1'),
('operacion = (0)'),
('res = 0'),
('INSERT INTO `valores`(`ID_VALOR`, `ID_TAG_AGF`, `ID_EMPRESA`, `ID_PERIODO`, `tipo`, `VALOR`, `DT_MODIFICACION`, `origen`, `id_formula`, `hist_formula`) \n				VALUES (null,8,1,11,''TRIMESTRAL'',0,''2013'',2, 10, ''||||'');'),
('operacion = C1'),
('operacion = (0)'),
('res = 0'),
('INSERT INTO `valores`(`ID_VALOR`, `ID_TAG_AGF`, `ID_EMPRESA`, `ID_PERIODO`, `tipo`, `VALOR`, `DT_MODIFICACION`, `origen`, `id_formula`, `hist_formula`) \n				VALUES (null,8,2,11,''TRIMESTRAL'',0,''2013'',2, 10, ''||||'');'),
('operacion = C1'),
('operacion = (0)'),
('res = 0'),
('INSERT INTO `valores`(`ID_VALOR`, `ID_TAG_AGF`, `ID_EMPRESA`, `ID_PERIODO`, `tipo`, `VALOR`, `DT_MODIFICACION`, `origen`, `id_formula`, `hist_formula`) \n				VALUES (null,8,3,11,''TRIMESTRAL'',0,''2013'',2, 10, ''||||'');'),
('operacion = C1'),
('operacion = (0)'),
('res = 0'),
('INSERT INTO `valores`(`ID_VALOR`, `ID_TAG_AGF`, `ID_EMPRESA`, `ID_PERIODO`, `tipo`, `VALOR`, `DT_MODIFICACION`, `origen`, `id_formula`, `hist_formula`) \n				VALUES (null,8,4,11,''TRIMESTRAL'',0,''2013'',2, 10, ''||||'');'),
('operacion = C1'),
('operacion = (0)'),
('res = 0'),
('INSERT INTO `valores`(`ID_VALOR`, `ID_TAG_AGF`, `ID_EMPRESA`, `ID_PERIODO`, `tipo`, `VALOR`, `DT_MODIFICACION`, `origen`, `id_formula`, `hist_formula`) \n				VALUES (null,8,5,11,''TRIMESTRAL'',0,''2013'',2, 10, ''||||'');'),
('operacion = C1'),
('operacion = (28029.00)'),
('res = 28029'),
('INSERT INTO `valores`(`ID_VALOR`, `ID_TAG_AGF`, `ID_EMPRESA`, `ID_PERIODO`, `tipo`, `VALOR`, `DT_MODIFICACION`, `origen`, `id_formula`, `hist_formula`) \n				VALUES (null,8,6,11,''TRIMESTRAL'',28029,''2013'',2, 10, ''2612||||'');'),
('operacion = C1'),
('operacion = (0.00)'),
('res = 0'),
('INSERT INTO `valores`(`ID_VALOR`, `ID_TAG_AGF`, `ID_EMPRESA`, `ID_PERIODO`, `tipo`, `VALOR`, `DT_MODIFICACION`, `origen`, `id_formula`, `hist_formula`) \n				VALUES (null,8,1,12,''TRIMESTRAL'',0,''2013'',2, 9, ''2688||||'');'),
('operacion = C1'),
('operacion = (0.00)'),
('res = 0'),
('INSERT INTO `valores`(`ID_VALOR`, `ID_TAG_AGF`, `ID_EMPRESA`, `ID_PERIODO`, `tipo`, `VALOR`, `DT_MODIFICACION`, `origen`, `id_formula`, `hist_formula`) \n				VALUES (null,8,2,12,''TRIMESTRAL'',0,''2013'',2, 9, ''2689||||'');'),
('operacion = C1'),
('operacion = (0.00)'),
('res = 0'),
('INSERT INTO `valores`(`ID_VALOR`, `ID_TAG_AGF`, `ID_EMPRESA`, `ID_PERIODO`, `tipo`, `VALOR`, `DT_MODIFICACION`, `origen`, `id_formula`, `hist_formula`) \n				VALUES (null,8,3,12,''TRIMESTRAL'',0,''2013'',2, 9, ''2690||||'');'),
('operacion = C1'),
('operacion = (0.00)'),
('res = 0'),
('INSERT INTO `valores`(`ID_VALOR`, `ID_TAG_AGF`, `ID_EMPRESA`, `ID_PERIODO`, `tipo`, `VALOR`, `DT_MODIFICACION`, `origen`, `id_formula`, `hist_formula`) \n				VALUES (null,8,4,12,''TRIMESTRAL'',0,''2013'',2, 9, ''2691||||'');'),
('operacion = C1'),
('operacion = (0.00)'),
('res = 0'),
('INSERT INTO `valores`(`ID_VALOR`, `ID_TAG_AGF`, `ID_EMPRESA`, `ID_PERIODO`, `tipo`, `VALOR`, `DT_MODIFICACION`, `origen`, `id_formula`, `hist_formula`) \n				VALUES (null,8,5,12,''TRIMESTRAL'',0,''2013'',2, 9, ''2692||||'');'),
('operacion = C1'),
('operacion = (0.00)'),
('res = 0'),
('INSERT INTO `valores`(`ID_VALOR`, `ID_TAG_AGF`, `ID_EMPRESA`, `ID_PERIODO`, `tipo`, `VALOR`, `DT_MODIFICACION`, `origen`, `id_formula`, `hist_formula`) \n				VALUES (null,8,6,12,''TRIMESTRAL'',0,''2013'',2, 9, ''2693||||'');'),
('operacion = C1'),
('operacion = (0)'),
('res = 0'),
('INSERT INTO `valores`(`ID_VALOR`, `ID_TAG_AGF`, `ID_EMPRESA`, `ID_PERIODO`, `tipo`, `VALOR`, `DT_MODIFICACION`, `origen`, `id_formula`, `hist_formula`) \n				VALUES (null,8,1,12,''TRIMESTRAL'',0,''2013'',2, 10, ''||||'');'),
('operacion = C1'),
('operacion = (0)'),
('res = 0'),
('INSERT INTO `valores`(`ID_VALOR`, `ID_TAG_AGF`, `ID_EMPRESA`, `ID_PERIODO`, `tipo`, `VALOR`, `DT_MODIFICACION`, `origen`, `id_formula`, `hist_formula`) \n				VALUES (null,8,2,12,''TRIMESTRAL'',0,''2013'',2, 10, ''||||'');'),
('operacion = C1'),
('operacion = (0)'),
('res = 0'),
('INSERT INTO `valores`(`ID_VALOR`, `ID_TAG_AGF`, `ID_EMPRESA`, `ID_PERIODO`, `tipo`, `VALOR`, `DT_MODIFICACION`, `origen`, `id_formula`, `hist_formula`) \n				VALUES (null,8,3,12,''TRIMESTRAL'',0,''2013'',2, 10, ''||||'');'),
('operacion = C1'),
('operacion = (0)'),
('res = 0'),
('INSERT INTO `valores`(`ID_VALOR`, `ID_TAG_AGF`, `ID_EMPRESA`, `ID_PERIODO`, `tipo`, `VALOR`, `DT_MODIFICACION`, `origen`, `id_formula`, `hist_formula`) \n				VALUES (null,8,4,12,''TRIMESTRAL'',0,''2013'',2, 10, ''||||'');'),
('operacion = C1'),
('operacion = (0)'),
('res = 0'),
('INSERT INTO `valores`(`ID_VALOR`, `ID_TAG_AGF`, `ID_EMPRESA`, `ID_PERIODO`, `tipo`, `VALOR`, `DT_MODIFICACION`, `origen`, `id_formula`, `hist_formula`) \n				VALUES (null,8,5,12,''TRIMESTRAL'',0,''2013'',2, 10, ''||||'');'),
('operacion = C1'),
('operacion = (40302.00)'),
('res = 40302'),
('INSERT INTO `valores`(`ID_VALOR`, `ID_TAG_AGF`, `ID_EMPRESA`, `ID_PERIODO`, `tipo`, `VALOR`, `DT_MODIFICACION`, `origen`, `id_formula`, `hist_formula`) \n				VALUES (null,8,6,12,''TRIMESTRAL'',40302,''2013'',2, 10, ''2613||||'');'),
('operacion = C1'),
('operacion = (0.00)'),
('res = 0'),
('INSERT INTO `valores`(`ID_VALOR`, `ID_TAG_AGF`, `ID_EMPRESA`, `ID_PERIODO`, `tipo`, `VALOR`, `DT_MODIFICACION`, `origen`, `id_formula`, `hist_formula`) \n				VALUES (null,8,1,13,''TRIMESTRAL'',0,''2013'',2, 9, ''2694||||'');'),
('operacion = C1'),
('operacion = (0.00)'),
('res = 0'),
('INSERT INTO `valores`(`ID_VALOR`, `ID_TAG_AGF`, `ID_EMPRESA`, `ID_PERIODO`, `tipo`, `VALOR`, `DT_MODIFICACION`, `origen`, `id_formula`, `hist_formula`) \n				VALUES (null,8,2,13,''TRIMESTRAL'',0,''2013'',2, 9, ''2695||||'');'),
('operacion = C1'),
('operacion = (0.00)'),
('res = 0'),
('INSERT INTO `valores`(`ID_VALOR`, `ID_TAG_AGF`, `ID_EMPRESA`, `ID_PERIODO`, `tipo`, `VALOR`, `DT_MODIFICACION`, `origen`, `id_formula`, `hist_formula`) \n				VALUES (null,8,3,13,''TRIMESTRAL'',0,''2013'',2, 9, ''2696||||'');'),
('operacion = C1'),
('operacion = (0.00)'),
('res = 0'),
('INSERT INTO `valores`(`ID_VALOR`, `ID_TAG_AGF`, `ID_EMPRESA`, `ID_PERIODO`, `tipo`, `VALOR`, `DT_MODIFICACION`, `origen`, `id_formula`, `hist_formula`) \n				VALUES (null,8,4,13,''TRIMESTRAL'',0,''2013'',2, 9, ''2697||||'');'),
('operacion = C1'),
('operacion = (0.00)'),
('res = 0'),
('INSERT INTO `valores`(`ID_VALOR`, `ID_TAG_AGF`, `ID_EMPRESA`, `ID_PERIODO`, `tipo`, `VALOR`, `DT_MODIFICACION`, `origen`, `id_formula`, `hist_formula`) \n				VALUES (null,8,5,13,''TRIMESTRAL'',0,''2013'',2, 9, ''2698||||'');'),
('operacion = C1'),
('operacion = (0.00)'),
('res = 0'),
('INSERT INTO `valores`(`ID_VALOR`, `ID_TAG_AGF`, `ID_EMPRESA`, `ID_PERIODO`, `tipo`, `VALOR`, `DT_MODIFICACION`, `origen`, `id_formula`, `hist_formula`) \n				VALUES (null,8,6,13,''TRIMESTRAL'',0,''2013'',2, 9, ''2699||||'');'),
('operacion = C1'),
('operacion = (0)'),
('res = 0'),
('INSERT INTO `valores`(`ID_VALOR`, `ID_TAG_AGF`, `ID_EMPRESA`, `ID_PERIODO`, `tipo`, `VALOR`, `DT_MODIFICACION`, `origen`, `id_formula`, `hist_formula`) \n				VALUES (null,8,1,13,''TRIMESTRAL'',0,''2013'',2, 10, ''||||'');'),
('operacion = C1'),
('operacion = (0)'),
('res = 0'),
('INSERT INTO `valores`(`ID_VALOR`, `ID_TAG_AGF`, `ID_EMPRESA`, `ID_PERIODO`, `tipo`, `VALOR`, `DT_MODIFICACION`, `origen`, `id_formula`, `hist_formula`) \n				VALUES (null,8,2,13,''TRIMESTRAL'',0,''2013'',2, 10, ''||||'');'),
('operacion = C1'),
('operacion = (0)'),
('res = 0'),
('INSERT INTO `valores`(`ID_VALOR`, `ID_TAG_AGF`, `ID_EMPRESA`, `ID_PERIODO`, `tipo`, `VALOR`, `DT_MODIFICACION`, `origen`, `id_formula`, `hist_formula`) \n				VALUES (null,8,3,13,''TRIMESTRAL'',0,''2013'',2, 10, ''||||'');'),
('operacion = C1'),
('operacion = (0)'),
('res = 0'),
('INSERT INTO `valores`(`ID_VALOR`, `ID_TAG_AGF`, `ID_EMPRESA`, `ID_PERIODO`, `tipo`, `VALOR`, `DT_MODIFICACION`, `origen`, `id_formula`, `hist_formula`) \n				VALUES (null,8,4,13,''TRIMESTRAL'',0,''2013'',2, 10, ''||||'');'),
('operacion = C1'),
('operacion = (0)'),
('res = 0'),
('INSERT INTO `valores`(`ID_VALOR`, `ID_TAG_AGF`, `ID_EMPRESA`, `ID_PERIODO`, `tipo`, `VALOR`, `DT_MODIFICACION`, `origen`, `id_formula`, `hist_formula`) \n				VALUES (null,8,5,13,''TRIMESTRAL'',0,''2013'',2, 10, ''||||'');'),
('operacion = C1'),
('operacion = (0.00)'),
('res = 0'),
('INSERT INTO `valores`(`ID_VALOR`, `ID_TAG_AGF`, `ID_EMPRESA`, `ID_PERIODO`, `tipo`, `VALOR`, `DT_MODIFICACION`, `origen`, `id_formula`, `hist_formula`) \n				VALUES (null,8,6,13,''TRIMESTRAL'',0,''2013'',2, 10, ''2598||||'');'),
('operacion = C1'),
('operacion = (0.00)'),
('res = 0'),
('INSERT INTO `valores`(`ID_VALOR`, `ID_TAG_AGF`, `ID_EMPRESA`, `ID_PERIODO`, `tipo`, `VALOR`, `DT_MODIFICACION`, `origen`, `id_formula`, `hist_formula`) \n				VALUES (null,8,1,14,''TRIMESTRAL'',0,''2013'',2, 9, ''2700||||'');'),
('operacion = C1'),
('operacion = (0.00)'),
('res = 0'),
('INSERT INTO `valores`(`ID_VALOR`, `ID_TAG_AGF`, `ID_EMPRESA`, `ID_PERIODO`, `tipo`, `VALOR`, `DT_MODIFICACION`, `origen`, `id_formula`, `hist_formula`) \n				VALUES (null,8,2,14,''TRIMESTRAL'',0,''2013'',2, 9, ''2701||||'');'),
('operacion = C1'),
('operacion = (0.00)'),
('res = 0'),
('INSERT INTO `valores`(`ID_VALOR`, `ID_TAG_AGF`, `ID_EMPRESA`, `ID_PERIODO`, `tipo`, `VALOR`, `DT_MODIFICACION`, `origen`, `id_formula`, `hist_formula`) \n				VALUES (null,8,3,14,''TRIMESTRAL'',0,''2013'',2, 9, ''2702||||'');'),
('operacion = C1'),
('operacion = (0.00)'),
('res = 0'),
('INSERT INTO `valores`(`ID_VALOR`, `ID_TAG_AGF`, `ID_EMPRESA`, `ID_PERIODO`, `tipo`, `VALOR`, `DT_MODIFICACION`, `origen`, `id_formula`, `hist_formula`) \n				VALUES (null,8,4,14,''TRIMESTRAL'',0,''2013'',2, 9, ''2703||||'');'),
('operacion = C1'),
('operacion = (0.00)'),
('res = 0'),
('INSERT INTO `valores`(`ID_VALOR`, `ID_TAG_AGF`, `ID_EMPRESA`, `ID_PERIODO`, `tipo`, `VALOR`, `DT_MODIFICACION`, `origen`, `id_formula`, `hist_formula`) \n				VALUES (null,8,5,14,''TRIMESTRAL'',0,''2013'',2, 9, ''2704||||'');'),
('operacion = C1'),
('operacion = (0.00)'),
('res = 0'),
('INSERT INTO `valores`(`ID_VALOR`, `ID_TAG_AGF`, `ID_EMPRESA`, `ID_PERIODO`, `tipo`, `VALOR`, `DT_MODIFICACION`, `origen`, `id_formula`, `hist_formula`) \n				VALUES (null,8,6,14,''TRIMESTRAL'',0,''2013'',2, 9, ''2705||||'');'),
('operacion = C1'),
('operacion = (0)'),
('res = 0');
INSERT INTO `log` (`datos`) VALUES
('INSERT INTO `valores`(`ID_VALOR`, `ID_TAG_AGF`, `ID_EMPRESA`, `ID_PERIODO`, `tipo`, `VALOR`, `DT_MODIFICACION`, `origen`, `id_formula`, `hist_formula`) \n				VALUES (null,8,1,14,''TRIMESTRAL'',0,''2013'',2, 10, ''||||'');'),
('operacion = C1'),
('operacion = (0)'),
('res = 0'),
('INSERT INTO `valores`(`ID_VALOR`, `ID_TAG_AGF`, `ID_EMPRESA`, `ID_PERIODO`, `tipo`, `VALOR`, `DT_MODIFICACION`, `origen`, `id_formula`, `hist_formula`) \n				VALUES (null,8,2,14,''TRIMESTRAL'',0,''2013'',2, 10, ''||||'');'),
('operacion = C1'),
('operacion = (0)'),
('res = 0'),
('INSERT INTO `valores`(`ID_VALOR`, `ID_TAG_AGF`, `ID_EMPRESA`, `ID_PERIODO`, `tipo`, `VALOR`, `DT_MODIFICACION`, `origen`, `id_formula`, `hist_formula`) \n				VALUES (null,8,3,14,''TRIMESTRAL'',0,''2013'',2, 10, ''||||'');'),
('operacion = C1'),
('operacion = (0)'),
('res = 0'),
('INSERT INTO `valores`(`ID_VALOR`, `ID_TAG_AGF`, `ID_EMPRESA`, `ID_PERIODO`, `tipo`, `VALOR`, `DT_MODIFICACION`, `origen`, `id_formula`, `hist_formula`) \n				VALUES (null,8,4,14,''TRIMESTRAL'',0,''2013'',2, 10, ''||||'');'),
('operacion = C1'),
('operacion = (0)'),
('res = 0'),
('INSERT INTO `valores`(`ID_VALOR`, `ID_TAG_AGF`, `ID_EMPRESA`, `ID_PERIODO`, `tipo`, `VALOR`, `DT_MODIFICACION`, `origen`, `id_formula`, `hist_formula`) \n				VALUES (null,8,5,14,''TRIMESTRAL'',0,''2013'',2, 10, ''||||'');'),
('operacion = C1'),
('operacion = (0.00)'),
('res = 0'),
('INSERT INTO `valores`(`ID_VALOR`, `ID_TAG_AGF`, `ID_EMPRESA`, `ID_PERIODO`, `tipo`, `VALOR`, `DT_MODIFICACION`, `origen`, `id_formula`, `hist_formula`) \n				VALUES (null,8,6,14,''TRIMESTRAL'',0,''2013'',2, 10, ''2599||||'');'),
('operacion = C1'),
('operacion = (0.00)'),
('res = 0'),
('INSERT INTO `valores`(`ID_VALOR`, `ID_TAG_AGF`, `ID_EMPRESA`, `ID_PERIODO`, `tipo`, `VALOR`, `DT_MODIFICACION`, `origen`, `id_formula`, `hist_formula`) \n				VALUES (null,8,1,15,''TRIMESTRAL'',0,''2013'',2, 9, ''2706||||'');'),
('operacion = C1'),
('operacion = (0.00)'),
('res = 0'),
('INSERT INTO `valores`(`ID_VALOR`, `ID_TAG_AGF`, `ID_EMPRESA`, `ID_PERIODO`, `tipo`, `VALOR`, `DT_MODIFICACION`, `origen`, `id_formula`, `hist_formula`) \n				VALUES (null,8,2,15,''TRIMESTRAL'',0,''2013'',2, 9, ''2707||||'');'),
('operacion = C1'),
('operacion = (0.00)'),
('res = 0'),
('INSERT INTO `valores`(`ID_VALOR`, `ID_TAG_AGF`, `ID_EMPRESA`, `ID_PERIODO`, `tipo`, `VALOR`, `DT_MODIFICACION`, `origen`, `id_formula`, `hist_formula`) \n				VALUES (null,8,3,15,''TRIMESTRAL'',0,''2013'',2, 9, ''2708||||'');'),
('operacion = C1'),
('operacion = (0.00)'),
('res = 0'),
('INSERT INTO `valores`(`ID_VALOR`, `ID_TAG_AGF`, `ID_EMPRESA`, `ID_PERIODO`, `tipo`, `VALOR`, `DT_MODIFICACION`, `origen`, `id_formula`, `hist_formula`) \n				VALUES (null,8,4,15,''TRIMESTRAL'',0,''2013'',2, 9, ''2709||||'');'),
('operacion = C1'),
('operacion = (0.00)'),
('res = 0'),
('INSERT INTO `valores`(`ID_VALOR`, `ID_TAG_AGF`, `ID_EMPRESA`, `ID_PERIODO`, `tipo`, `VALOR`, `DT_MODIFICACION`, `origen`, `id_formula`, `hist_formula`) \n				VALUES (null,8,5,15,''TRIMESTRAL'',0,''2013'',2, 9, ''2710||||'');'),
('operacion = C1'),
('operacion = (0.00)'),
('res = 0'),
('INSERT INTO `valores`(`ID_VALOR`, `ID_TAG_AGF`, `ID_EMPRESA`, `ID_PERIODO`, `tipo`, `VALOR`, `DT_MODIFICACION`, `origen`, `id_formula`, `hist_formula`) \n				VALUES (null,8,6,15,''TRIMESTRAL'',0,''2013'',2, 9, ''2711||||'');'),
('operacion = C1'),
('operacion = (0)'),
('res = 0'),
('INSERT INTO `valores`(`ID_VALOR`, `ID_TAG_AGF`, `ID_EMPRESA`, `ID_PERIODO`, `tipo`, `VALOR`, `DT_MODIFICACION`, `origen`, `id_formula`, `hist_formula`) \n				VALUES (null,8,1,15,''TRIMESTRAL'',0,''2013'',2, 10, ''||||'');'),
('operacion = C1'),
('operacion = (0)'),
('res = 0'),
('INSERT INTO `valores`(`ID_VALOR`, `ID_TAG_AGF`, `ID_EMPRESA`, `ID_PERIODO`, `tipo`, `VALOR`, `DT_MODIFICACION`, `origen`, `id_formula`, `hist_formula`) \n				VALUES (null,8,2,15,''TRIMESTRAL'',0,''2013'',2, 10, ''||||'');'),
('operacion = C1'),
('operacion = (0)'),
('res = 0'),
('INSERT INTO `valores`(`ID_VALOR`, `ID_TAG_AGF`, `ID_EMPRESA`, `ID_PERIODO`, `tipo`, `VALOR`, `DT_MODIFICACION`, `origen`, `id_formula`, `hist_formula`) \n				VALUES (null,8,3,15,''TRIMESTRAL'',0,''2013'',2, 10, ''||||'');'),
('operacion = C1'),
('operacion = (0)'),
('res = 0'),
('INSERT INTO `valores`(`ID_VALOR`, `ID_TAG_AGF`, `ID_EMPRESA`, `ID_PERIODO`, `tipo`, `VALOR`, `DT_MODIFICACION`, `origen`, `id_formula`, `hist_formula`) \n				VALUES (null,8,4,15,''TRIMESTRAL'',0,''2013'',2, 10, ''||||'');'),
('operacion = C1'),
('operacion = (0)'),
('res = 0'),
('INSERT INTO `valores`(`ID_VALOR`, `ID_TAG_AGF`, `ID_EMPRESA`, `ID_PERIODO`, `tipo`, `VALOR`, `DT_MODIFICACION`, `origen`, `id_formula`, `hist_formula`) \n				VALUES (null,8,5,15,''TRIMESTRAL'',0,''2013'',2, 10, ''||||'');'),
('operacion = C1'),
('operacion = (0.00)'),
('res = 0'),
('INSERT INTO `valores`(`ID_VALOR`, `ID_TAG_AGF`, `ID_EMPRESA`, `ID_PERIODO`, `tipo`, `VALOR`, `DT_MODIFICACION`, `origen`, `id_formula`, `hist_formula`) \n				VALUES (null,8,6,15,''TRIMESTRAL'',0,''2013'',2, 10, ''2600||||'');'),
('operacion = C1'),
('operacion = (0.00)'),
('res = 0'),
('INSERT INTO `valores`(`ID_VALOR`, `ID_TAG_AGF`, `ID_EMPRESA`, `ID_PERIODO`, `tipo`, `VALOR`, `DT_MODIFICACION`, `origen`, `id_formula`, `hist_formula`) \n				VALUES (null,8,1,16,''TRIMESTRAL'',0,''2013'',2, 9, ''2712||||'');'),
('operacion = C1'),
('operacion = (0.00)'),
('res = 0'),
('INSERT INTO `valores`(`ID_VALOR`, `ID_TAG_AGF`, `ID_EMPRESA`, `ID_PERIODO`, `tipo`, `VALOR`, `DT_MODIFICACION`, `origen`, `id_formula`, `hist_formula`) \n				VALUES (null,8,2,16,''TRIMESTRAL'',0,''2013'',2, 9, ''2713||||'');'),
('operacion = C1'),
('operacion = (0.00)'),
('res = 0'),
('INSERT INTO `valores`(`ID_VALOR`, `ID_TAG_AGF`, `ID_EMPRESA`, `ID_PERIODO`, `tipo`, `VALOR`, `DT_MODIFICACION`, `origen`, `id_formula`, `hist_formula`) \n				VALUES (null,8,3,16,''TRIMESTRAL'',0,''2013'',2, 9, ''2714||||'');'),
('operacion = C1'),
('operacion = (0.00)'),
('res = 0'),
('INSERT INTO `valores`(`ID_VALOR`, `ID_TAG_AGF`, `ID_EMPRESA`, `ID_PERIODO`, `tipo`, `VALOR`, `DT_MODIFICACION`, `origen`, `id_formula`, `hist_formula`) \n				VALUES (null,8,4,16,''TRIMESTRAL'',0,''2013'',2, 9, ''2715||||'');'),
('operacion = C1'),
('operacion = (0.00)'),
('res = 0'),
('INSERT INTO `valores`(`ID_VALOR`, `ID_TAG_AGF`, `ID_EMPRESA`, `ID_PERIODO`, `tipo`, `VALOR`, `DT_MODIFICACION`, `origen`, `id_formula`, `hist_formula`) \n				VALUES (null,8,5,16,''TRIMESTRAL'',0,''2013'',2, 9, ''2716||||'');'),
('operacion = C1'),
('operacion = (0.00)'),
('res = 0'),
('INSERT INTO `valores`(`ID_VALOR`, `ID_TAG_AGF`, `ID_EMPRESA`, `ID_PERIODO`, `tipo`, `VALOR`, `DT_MODIFICACION`, `origen`, `id_formula`, `hist_formula`) \n				VALUES (null,8,6,16,''TRIMESTRAL'',0,''2013'',2, 9, ''2717||||'');'),
('operacion = C1'),
('operacion = (0)'),
('res = 0'),
('INSERT INTO `valores`(`ID_VALOR`, `ID_TAG_AGF`, `ID_EMPRESA`, `ID_PERIODO`, `tipo`, `VALOR`, `DT_MODIFICACION`, `origen`, `id_formula`, `hist_formula`) \n				VALUES (null,8,1,16,''TRIMESTRAL'',0,''2013'',2, 10, ''||||'');'),
('operacion = C1'),
('operacion = (0)'),
('res = 0'),
('INSERT INTO `valores`(`ID_VALOR`, `ID_TAG_AGF`, `ID_EMPRESA`, `ID_PERIODO`, `tipo`, `VALOR`, `DT_MODIFICACION`, `origen`, `id_formula`, `hist_formula`) \n				VALUES (null,8,2,16,''TRIMESTRAL'',0,''2013'',2, 10, ''||||'');'),
('operacion = C1'),
('operacion = (0)'),
('res = 0'),
('INSERT INTO `valores`(`ID_VALOR`, `ID_TAG_AGF`, `ID_EMPRESA`, `ID_PERIODO`, `tipo`, `VALOR`, `DT_MODIFICACION`, `origen`, `id_formula`, `hist_formula`) \n				VALUES (null,8,3,16,''TRIMESTRAL'',0,''2013'',2, 10, ''||||'');'),
('operacion = C1'),
('operacion = (0)'),
('res = 0'),
('INSERT INTO `valores`(`ID_VALOR`, `ID_TAG_AGF`, `ID_EMPRESA`, `ID_PERIODO`, `tipo`, `VALOR`, `DT_MODIFICACION`, `origen`, `id_formula`, `hist_formula`) \n				VALUES (null,8,4,16,''TRIMESTRAL'',0,''2013'',2, 10, ''||||'');'),
('operacion = C1'),
('operacion = (0)'),
('res = 0'),
('INSERT INTO `valores`(`ID_VALOR`, `ID_TAG_AGF`, `ID_EMPRESA`, `ID_PERIODO`, `tipo`, `VALOR`, `DT_MODIFICACION`, `origen`, `id_formula`, `hist_formula`) \n				VALUES (null,8,5,16,''TRIMESTRAL'',0,''2013'',2, 10, ''||||'');'),
('operacion = C1'),
('operacion = (0.00)'),
('res = 0'),
('INSERT INTO `valores`(`ID_VALOR`, `ID_TAG_AGF`, `ID_EMPRESA`, `ID_PERIODO`, `tipo`, `VALOR`, `DT_MODIFICACION`, `origen`, `id_formula`, `hist_formula`) \n				VALUES (null,8,6,16,''TRIMESTRAL'',0,''2013'',2, 10, ''2601||||'');'),
('operacion = C1'),
('operacion = (0.00)'),
('res = 0'),
('INSERT INTO `valores`(`ID_VALOR`, `ID_TAG_AGF`, `ID_EMPRESA`, `ID_PERIODO`, `tipo`, `VALOR`, `DT_MODIFICACION`, `origen`, `id_formula`, `hist_formula`) \n				VALUES (null,8,1,28,''TRIMESTRAL'',0,''2013'',2, 9, ''2718||||'');'),
('operacion = C1'),
('operacion = (0.00)'),
('res = 0'),
('INSERT INTO `valores`(`ID_VALOR`, `ID_TAG_AGF`, `ID_EMPRESA`, `ID_PERIODO`, `tipo`, `VALOR`, `DT_MODIFICACION`, `origen`, `id_formula`, `hist_formula`) \n				VALUES (null,8,2,28,''TRIMESTRAL'',0,''2013'',2, 9, ''2719||||'');'),
('operacion = C1'),
('operacion = (0.00)'),
('res = 0'),
('INSERT INTO `valores`(`ID_VALOR`, `ID_TAG_AGF`, `ID_EMPRESA`, `ID_PERIODO`, `tipo`, `VALOR`, `DT_MODIFICACION`, `origen`, `id_formula`, `hist_formula`) \n				VALUES (null,8,3,28,''TRIMESTRAL'',0,''2013'',2, 9, ''2720||||'');'),
('operacion = C1'),
('operacion = (0.00)'),
('res = 0'),
('INSERT INTO `valores`(`ID_VALOR`, `ID_TAG_AGF`, `ID_EMPRESA`, `ID_PERIODO`, `tipo`, `VALOR`, `DT_MODIFICACION`, `origen`, `id_formula`, `hist_formula`) \n				VALUES (null,8,4,28,''TRIMESTRAL'',0,''2013'',2, 9, ''2721||||'');'),
('operacion = C1'),
('operacion = (0.00)'),
('res = 0'),
('INSERT INTO `valores`(`ID_VALOR`, `ID_TAG_AGF`, `ID_EMPRESA`, `ID_PERIODO`, `tipo`, `VALOR`, `DT_MODIFICACION`, `origen`, `id_formula`, `hist_formula`) \n				VALUES (null,8,5,28,''TRIMESTRAL'',0,''2013'',2, 9, ''2722||||'');'),
('operacion = C1'),
('operacion = (0.00)'),
('res = 0'),
('INSERT INTO `valores`(`ID_VALOR`, `ID_TAG_AGF`, `ID_EMPRESA`, `ID_PERIODO`, `tipo`, `VALOR`, `DT_MODIFICACION`, `origen`, `id_formula`, `hist_formula`) \n				VALUES (null,8,6,28,''TRIMESTRAL'',0,''2013'',2, 9, ''2723||||'');'),
('operacion = C1'),
('operacion = (0)'),
('res = 0'),
('INSERT INTO `valores`(`ID_VALOR`, `ID_TAG_AGF`, `ID_EMPRESA`, `ID_PERIODO`, `tipo`, `VALOR`, `DT_MODIFICACION`, `origen`, `id_formula`, `hist_formula`) \n				VALUES (null,8,1,28,''TRIMESTRAL'',0,''2013'',2, 10, ''||||'');'),
('operacion = C1'),
('operacion = (0)'),
('res = 0'),
('INSERT INTO `valores`(`ID_VALOR`, `ID_TAG_AGF`, `ID_EMPRESA`, `ID_PERIODO`, `tipo`, `VALOR`, `DT_MODIFICACION`, `origen`, `id_formula`, `hist_formula`) \n				VALUES (null,8,2,28,''TRIMESTRAL'',0,''2013'',2, 10, ''||||'');'),
('operacion = C1'),
('operacion = (0)'),
('res = 0'),
('INSERT INTO `valores`(`ID_VALOR`, `ID_TAG_AGF`, `ID_EMPRESA`, `ID_PERIODO`, `tipo`, `VALOR`, `DT_MODIFICACION`, `origen`, `id_formula`, `hist_formula`) \n				VALUES (null,8,3,28,''TRIMESTRAL'',0,''2013'',2, 10, ''||||'');'),
('operacion = C1'),
('operacion = (0)'),
('res = 0'),
('INSERT INTO `valores`(`ID_VALOR`, `ID_TAG_AGF`, `ID_EMPRESA`, `ID_PERIODO`, `tipo`, `VALOR`, `DT_MODIFICACION`, `origen`, `id_formula`, `hist_formula`) \n				VALUES (null,8,4,28,''TRIMESTRAL'',0,''2013'',2, 10, ''||||'');'),
('operacion = C1'),
('operacion = (0)'),
('res = 0'),
('INSERT INTO `valores`(`ID_VALOR`, `ID_TAG_AGF`, `ID_EMPRESA`, `ID_PERIODO`, `tipo`, `VALOR`, `DT_MODIFICACION`, `origen`, `id_formula`, `hist_formula`) \n				VALUES (null,8,5,28,''TRIMESTRAL'',0,''2013'',2, 10, ''||||'');'),
('operacion = C1'),
('operacion = (24929.00)'),
('res = 24929'),
('INSERT INTO `valores`(`ID_VALOR`, `ID_TAG_AGF`, `ID_EMPRESA`, `ID_PERIODO`, `tipo`, `VALOR`, `DT_MODIFICACION`, `origen`, `id_formula`, `hist_formula`) \n				VALUES (null,8,6,28,''TRIMESTRAL'',24929,''2013'',2, 10, ''2614||||'');'),
('operacion = C1'),
('operacion = (0.00)'),
('res = 0'),
('INSERT INTO `valores`(`ID_VALOR`, `ID_TAG_AGF`, `ID_EMPRESA`, `ID_PERIODO`, `tipo`, `VALOR`, `DT_MODIFICACION`, `origen`, `id_formula`, `hist_formula`) \n				VALUES (null,8,1,29,''TRIMESTRAL'',0,''2013'',2, 9, ''2724||||'');'),
('operacion = C1'),
('operacion = (0.00)'),
('res = 0'),
('INSERT INTO `valores`(`ID_VALOR`, `ID_TAG_AGF`, `ID_EMPRESA`, `ID_PERIODO`, `tipo`, `VALOR`, `DT_MODIFICACION`, `origen`, `id_formula`, `hist_formula`) \n				VALUES (null,8,2,29,''TRIMESTRAL'',0,''2013'',2, 9, ''2725||||'');'),
('operacion = C1'),
('operacion = (0.00)'),
('res = 0'),
('INSERT INTO `valores`(`ID_VALOR`, `ID_TAG_AGF`, `ID_EMPRESA`, `ID_PERIODO`, `tipo`, `VALOR`, `DT_MODIFICACION`, `origen`, `id_formula`, `hist_formula`) \n				VALUES (null,8,3,29,''TRIMESTRAL'',0,''2013'',2, 9, ''2726||||'');'),
('operacion = C1'),
('operacion = (0.00)'),
('res = 0'),
('INSERT INTO `valores`(`ID_VALOR`, `ID_TAG_AGF`, `ID_EMPRESA`, `ID_PERIODO`, `tipo`, `VALOR`, `DT_MODIFICACION`, `origen`, `id_formula`, `hist_formula`) \n				VALUES (null,8,4,29,''TRIMESTRAL'',0,''2013'',2, 9, ''2727||||'');'),
('operacion = C1'),
('operacion = (0.00)'),
('res = 0'),
('INSERT INTO `valores`(`ID_VALOR`, `ID_TAG_AGF`, `ID_EMPRESA`, `ID_PERIODO`, `tipo`, `VALOR`, `DT_MODIFICACION`, `origen`, `id_formula`, `hist_formula`) \n				VALUES (null,8,5,29,''TRIMESTRAL'',0,''2013'',2, 9, ''2728||||'');'),
('operacion = C1'),
('operacion = (0.00)'),
('res = 0'),
('INSERT INTO `valores`(`ID_VALOR`, `ID_TAG_AGF`, `ID_EMPRESA`, `ID_PERIODO`, `tipo`, `VALOR`, `DT_MODIFICACION`, `origen`, `id_formula`, `hist_formula`) \n				VALUES (null,8,6,29,''TRIMESTRAL'',0,''2013'',2, 9, ''2729||||'');'),
('operacion = C1'),
('operacion = (0)'),
('res = 0'),
('INSERT INTO `valores`(`ID_VALOR`, `ID_TAG_AGF`, `ID_EMPRESA`, `ID_PERIODO`, `tipo`, `VALOR`, `DT_MODIFICACION`, `origen`, `id_formula`, `hist_formula`) \n				VALUES (null,8,1,29,''TRIMESTRAL'',0,''2013'',2, 10, ''||||'');'),
('operacion = C1'),
('operacion = (0)'),
('res = 0'),
('INSERT INTO `valores`(`ID_VALOR`, `ID_TAG_AGF`, `ID_EMPRESA`, `ID_PERIODO`, `tipo`, `VALOR`, `DT_MODIFICACION`, `origen`, `id_formula`, `hist_formula`) \n				VALUES (null,8,2,29,''TRIMESTRAL'',0,''2013'',2, 10, ''||||'');'),
('operacion = C1'),
('operacion = (0)'),
('res = 0'),
('INSERT INTO `valores`(`ID_VALOR`, `ID_TAG_AGF`, `ID_EMPRESA`, `ID_PERIODO`, `tipo`, `VALOR`, `DT_MODIFICACION`, `origen`, `id_formula`, `hist_formula`) \n				VALUES (null,8,3,29,''TRIMESTRAL'',0,''2013'',2, 10, ''||||'');'),
('operacion = C1'),
('operacion = (0)'),
('res = 0'),
('INSERT INTO `valores`(`ID_VALOR`, `ID_TAG_AGF`, `ID_EMPRESA`, `ID_PERIODO`, `tipo`, `VALOR`, `DT_MODIFICACION`, `origen`, `id_formula`, `hist_formula`) \n				VALUES (null,8,4,29,''TRIMESTRAL'',0,''2013'',2, 10, ''||||'');'),
('operacion = C1'),
('operacion = (0)'),
('res = 0'),
('INSERT INTO `valores`(`ID_VALOR`, `ID_TAG_AGF`, `ID_EMPRESA`, `ID_PERIODO`, `tipo`, `VALOR`, `DT_MODIFICACION`, `origen`, `id_formula`, `hist_formula`) \n				VALUES (null,8,5,29,''TRIMESTRAL'',0,''2013'',2, 10, ''||||'');'),
('operacion = C1'),
('operacion = (32399.00)'),
('res = 32399'),
('INSERT INTO `valores`(`ID_VALOR`, `ID_TAG_AGF`, `ID_EMPRESA`, `ID_PERIODO`, `tipo`, `VALOR`, `DT_MODIFICACION`, `origen`, `id_formula`, `hist_formula`) \n				VALUES (null,8,6,29,''TRIMESTRAL'',32399,''2013'',2, 10, ''2615||||'');'),
('operacion = C1'),
('operacion = (0.00)'),
('res = 0'),
('INSERT INTO `valores`(`ID_VALOR`, `ID_TAG_AGF`, `ID_EMPRESA`, `ID_PERIODO`, `tipo`, `VALOR`, `DT_MODIFICACION`, `origen`, `id_formula`, `hist_formula`) \n				VALUES (null,8,1,30,''TRIMESTRAL'',0,''2013'',2, 9, ''2730||||'');'),
('operacion = C1'),
('operacion = (0.00)'),
('res = 0'),
('INSERT INTO `valores`(`ID_VALOR`, `ID_TAG_AGF`, `ID_EMPRESA`, `ID_PERIODO`, `tipo`, `VALOR`, `DT_MODIFICACION`, `origen`, `id_formula`, `hist_formula`) \n				VALUES (null,8,2,30,''TRIMESTRAL'',0,''2013'',2, 9, ''2731||||'');'),
('operacion = C1'),
('operacion = (0.00)'),
('res = 0'),
('INSERT INTO `valores`(`ID_VALOR`, `ID_TAG_AGF`, `ID_EMPRESA`, `ID_PERIODO`, `tipo`, `VALOR`, `DT_MODIFICACION`, `origen`, `id_formula`, `hist_formula`) \n				VALUES (null,8,3,30,''TRIMESTRAL'',0,''2013'',2, 9, ''2732||||'');'),
('operacion = C1'),
('operacion = (0.00)'),
('res = 0'),
('INSERT INTO `valores`(`ID_VALOR`, `ID_TAG_AGF`, `ID_EMPRESA`, `ID_PERIODO`, `tipo`, `VALOR`, `DT_MODIFICACION`, `origen`, `id_formula`, `hist_formula`) \n				VALUES (null,8,4,30,''TRIMESTRAL'',0,''2013'',2, 9, ''2733||||'');'),
('operacion = C1'),
('operacion = (0.00)'),
('res = 0'),
('INSERT INTO `valores`(`ID_VALOR`, `ID_TAG_AGF`, `ID_EMPRESA`, `ID_PERIODO`, `tipo`, `VALOR`, `DT_MODIFICACION`, `origen`, `id_formula`, `hist_formula`) \n				VALUES (null,8,5,30,''TRIMESTRAL'',0,''2013'',2, 9, ''2734||||'');'),
('operacion = C1'),
('operacion = (0.00)'),
('res = 0'),
('INSERT INTO `valores`(`ID_VALOR`, `ID_TAG_AGF`, `ID_EMPRESA`, `ID_PERIODO`, `tipo`, `VALOR`, `DT_MODIFICACION`, `origen`, `id_formula`, `hist_formula`) \n				VALUES (null,8,6,30,''TRIMESTRAL'',0,''2013'',2, 9, ''2735||||'');'),
('operacion = C1'),
('operacion = (0)'),
('res = 0'),
('INSERT INTO `valores`(`ID_VALOR`, `ID_TAG_AGF`, `ID_EMPRESA`, `ID_PERIODO`, `tipo`, `VALOR`, `DT_MODIFICACION`, `origen`, `id_formula`, `hist_formula`) \n				VALUES (null,8,1,30,''TRIMESTRAL'',0,''2013'',2, 10, ''||||'');'),
('operacion = C1'),
('operacion = (0)'),
('res = 0'),
('INSERT INTO `valores`(`ID_VALOR`, `ID_TAG_AGF`, `ID_EMPRESA`, `ID_PERIODO`, `tipo`, `VALOR`, `DT_MODIFICACION`, `origen`, `id_formula`, `hist_formula`) \n				VALUES (null,8,2,30,''TRIMESTRAL'',0,''2013'',2, 10, ''||||'');'),
('operacion = C1'),
('operacion = (0)'),
('res = 0'),
('INSERT INTO `valores`(`ID_VALOR`, `ID_TAG_AGF`, `ID_EMPRESA`, `ID_PERIODO`, `tipo`, `VALOR`, `DT_MODIFICACION`, `origen`, `id_formula`, `hist_formula`) \n				VALUES (null,8,3,30,''TRIMESTRAL'',0,''2013'',2, 10, ''||||'');'),
('operacion = C1'),
('operacion = (0)'),
('res = 0'),
('INSERT INTO `valores`(`ID_VALOR`, `ID_TAG_AGF`, `ID_EMPRESA`, `ID_PERIODO`, `tipo`, `VALOR`, `DT_MODIFICACION`, `origen`, `id_formula`, `hist_formula`) \n				VALUES (null,8,4,30,''TRIMESTRAL'',0,''2013'',2, 10, ''||||'');'),
('operacion = C1'),
('operacion = (0)'),
('res = 0'),
('INSERT INTO `valores`(`ID_VALOR`, `ID_TAG_AGF`, `ID_EMPRESA`, `ID_PERIODO`, `tipo`, `VALOR`, `DT_MODIFICACION`, `origen`, `id_formula`, `hist_formula`) \n				VALUES (null,8,5,30,''TRIMESTRAL'',0,''2013'',2, 10, ''||||'');'),
('operacion = C1'),
('operacion = (0.00)'),
('res = 0'),
('INSERT INTO `valores`(`ID_VALOR`, `ID_TAG_AGF`, `ID_EMPRESA`, `ID_PERIODO`, `tipo`, `VALOR`, `DT_MODIFICACION`, `origen`, `id_formula`, `hist_formula`) \n				VALUES (null,8,6,30,''TRIMESTRAL'',0,''2013'',2, 10, ''2616||||'');'),
('operacion = C1'),
('operacion = (0.00)'),
('res = 0'),
('INSERT INTO `valores`(`ID_VALOR`, `ID_TAG_AGF`, `ID_EMPRESA`, `ID_PERIODO`, `tipo`, `VALOR`, `DT_MODIFICACION`, `origen`, `id_formula`, `hist_formula`) \n				VALUES (null,8,1,31,''TRIMESTRAL'',0,''2013'',2, 9, ''2736||||'');'),
('operacion = C1'),
('operacion = (0.00)'),
('res = 0'),
('INSERT INTO `valores`(`ID_VALOR`, `ID_TAG_AGF`, `ID_EMPRESA`, `ID_PERIODO`, `tipo`, `VALOR`, `DT_MODIFICACION`, `origen`, `id_formula`, `hist_formula`) \n				VALUES (null,8,2,31,''TRIMESTRAL'',0,''2013'',2, 9, ''2737||||'');'),
('operacion = C1'),
('operacion = (0.00)'),
('res = 0'),
('INSERT INTO `valores`(`ID_VALOR`, `ID_TAG_AGF`, `ID_EMPRESA`, `ID_PERIODO`, `tipo`, `VALOR`, `DT_MODIFICACION`, `origen`, `id_formula`, `hist_formula`) \n				VALUES (null,8,3,31,''TRIMESTRAL'',0,''2013'',2, 9, ''2738||||'');'),
('operacion = C1'),
('operacion = (0.00)'),
('res = 0'),
('INSERT INTO `valores`(`ID_VALOR`, `ID_TAG_AGF`, `ID_EMPRESA`, `ID_PERIODO`, `tipo`, `VALOR`, `DT_MODIFICACION`, `origen`, `id_formula`, `hist_formula`) \n				VALUES (null,8,4,31,''TRIMESTRAL'',0,''2013'',2, 9, ''2739||||'');'),
('operacion = C1'),
('operacion = (0.00)'),
('res = 0'),
('INSERT INTO `valores`(`ID_VALOR`, `ID_TAG_AGF`, `ID_EMPRESA`, `ID_PERIODO`, `tipo`, `VALOR`, `DT_MODIFICACION`, `origen`, `id_formula`, `hist_formula`) \n				VALUES (null,8,5,31,''TRIMESTRAL'',0,''2013'',2, 9, ''2740||||'');'),
('operacion = C1'),
('operacion = (0.00)'),
('res = 0'),
('INSERT INTO `valores`(`ID_VALOR`, `ID_TAG_AGF`, `ID_EMPRESA`, `ID_PERIODO`, `tipo`, `VALOR`, `DT_MODIFICACION`, `origen`, `id_formula`, `hist_formula`) \n				VALUES (null,8,6,31,''TRIMESTRAL'',0,''2013'',2, 9, ''2741||||'');'),
('operacion = C1'),
('operacion = (0)'),
('res = 0'),
('INSERT INTO `valores`(`ID_VALOR`, `ID_TAG_AGF`, `ID_EMPRESA`, `ID_PERIODO`, `tipo`, `VALOR`, `DT_MODIFICACION`, `origen`, `id_formula`, `hist_formula`) \n				VALUES (null,8,1,31,''TRIMESTRAL'',0,''2013'',2, 10, ''||||'');'),
('operacion = C1'),
('operacion = (0)'),
('res = 0'),
('INSERT INTO `valores`(`ID_VALOR`, `ID_TAG_AGF`, `ID_EMPRESA`, `ID_PERIODO`, `tipo`, `VALOR`, `DT_MODIFICACION`, `origen`, `id_formula`, `hist_formula`) \n				VALUES (null,8,2,31,''TRIMESTRAL'',0,''2013'',2, 10, ''||||'');'),
('operacion = C1'),
('operacion = (0)'),
('res = 0'),
('INSERT INTO `valores`(`ID_VALOR`, `ID_TAG_AGF`, `ID_EMPRESA`, `ID_PERIODO`, `tipo`, `VALOR`, `DT_MODIFICACION`, `origen`, `id_formula`, `hist_formula`) \n				VALUES (null,8,3,31,''TRIMESTRAL'',0,''2013'',2, 10, ''||||'');'),
('operacion = C1'),
('operacion = (0)'),
('res = 0'),
('INSERT INTO `valores`(`ID_VALOR`, `ID_TAG_AGF`, `ID_EMPRESA`, `ID_PERIODO`, `tipo`, `VALOR`, `DT_MODIFICACION`, `origen`, `id_formula`, `hist_formula`) \n				VALUES (null,8,4,31,''TRIMESTRAL'',0,''2013'',2, 10, ''||||'');'),
('operacion = C1'),
('operacion = (0)'),
('res = 0'),
('INSERT INTO `valores`(`ID_VALOR`, `ID_TAG_AGF`, `ID_EMPRESA`, `ID_PERIODO`, `tipo`, `VALOR`, `DT_MODIFICACION`, `origen`, `id_formula`, `hist_formula`) \n				VALUES (null,8,5,31,''TRIMESTRAL'',0,''2013'',2, 10, ''||||'');'),
('operacion = C1'),
('operacion = (0.00)'),
('res = 0'),
('INSERT INTO `valores`(`ID_VALOR`, `ID_TAG_AGF`, `ID_EMPRESA`, `ID_PERIODO`, `tipo`, `VALOR`, `DT_MODIFICACION`, `origen`, `id_formula`, `hist_formula`) \n				VALUES (null,8,6,31,''TRIMESTRAL'',0,''2013'',2, 10, ''2617||||'');'),
('operacion = C1'),
('operacion = (0.00)'),
('res = 0'),
('INSERT INTO `valores`(`ID_VALOR`, `ID_TAG_AGF`, `ID_EMPRESA`, `ID_PERIODO`, `tipo`, `VALOR`, `DT_MODIFICACION`, `origen`, `id_formula`, `hist_formula`) \n				VALUES (null,8,1,32,''TRIMESTRAL'',0,''2013'',2, 9, ''2742||||'');'),
('operacion = C1'),
('operacion = (0.00)'),
('res = 0'),
('INSERT INTO `valores`(`ID_VALOR`, `ID_TAG_AGF`, `ID_EMPRESA`, `ID_PERIODO`, `tipo`, `VALOR`, `DT_MODIFICACION`, `origen`, `id_formula`, `hist_formula`) \n				VALUES (null,8,2,32,''TRIMESTRAL'',0,''2013'',2, 9, ''2743||||'');'),
('operacion = C1'),
('operacion = (0.00)'),
('res = 0'),
('INSERT INTO `valores`(`ID_VALOR`, `ID_TAG_AGF`, `ID_EMPRESA`, `ID_PERIODO`, `tipo`, `VALOR`, `DT_MODIFICACION`, `origen`, `id_formula`, `hist_formula`) \n				VALUES (null,8,3,32,''TRIMESTRAL'',0,''2013'',2, 9, ''2744||||'');'),
('operacion = C1'),
('operacion = (0.00)'),
('res = 0'),
('INSERT INTO `valores`(`ID_VALOR`, `ID_TAG_AGF`, `ID_EMPRESA`, `ID_PERIODO`, `tipo`, `VALOR`, `DT_MODIFICACION`, `origen`, `id_formula`, `hist_formula`) \n				VALUES (null,8,4,32,''TRIMESTRAL'',0,''2013'',2, 9, ''2745||||'');'),
('operacion = C1'),
('operacion = (0.00)'),
('res = 0'),
('INSERT INTO `valores`(`ID_VALOR`, `ID_TAG_AGF`, `ID_EMPRESA`, `ID_PERIODO`, `tipo`, `VALOR`, `DT_MODIFICACION`, `origen`, `id_formula`, `hist_formula`) \n				VALUES (null,8,5,32,''TRIMESTRAL'',0,''2013'',2, 9, ''2746||||'');'),
('operacion = C1'),
('operacion = (0.00)'),
('res = 0'),
('INSERT INTO `valores`(`ID_VALOR`, `ID_TAG_AGF`, `ID_EMPRESA`, `ID_PERIODO`, `tipo`, `VALOR`, `DT_MODIFICACION`, `origen`, `id_formula`, `hist_formula`) \n				VALUES (null,8,6,32,''TRIMESTRAL'',0,''2013'',2, 9, ''2747||||'');'),
('operacion = C1'),
('operacion = (0)'),
('res = 0'),
('INSERT INTO `valores`(`ID_VALOR`, `ID_TAG_AGF`, `ID_EMPRESA`, `ID_PERIODO`, `tipo`, `VALOR`, `DT_MODIFICACION`, `origen`, `id_formula`, `hist_formula`) \n				VALUES (null,8,1,32,''TRIMESTRAL'',0,''2013'',2, 10, ''||||'');'),
('operacion = C1'),
('operacion = (0)'),
('res = 0'),
('INSERT INTO `valores`(`ID_VALOR`, `ID_TAG_AGF`, `ID_EMPRESA`, `ID_PERIODO`, `tipo`, `VALOR`, `DT_MODIFICACION`, `origen`, `id_formula`, `hist_formula`) \n				VALUES (null,8,2,32,''TRIMESTRAL'',0,''2013'',2, 10, ''||||'');'),
('operacion = C1'),
('operacion = (0)'),
('res = 0'),
('INSERT INTO `valores`(`ID_VALOR`, `ID_TAG_AGF`, `ID_EMPRESA`, `ID_PERIODO`, `tipo`, `VALOR`, `DT_MODIFICACION`, `origen`, `id_formula`, `hist_formula`) \n				VALUES (null,8,3,32,''TRIMESTRAL'',0,''2013'',2, 10, ''||||'');'),
('operacion = C1'),
('operacion = (0)'),
('res = 0'),
('INSERT INTO `valores`(`ID_VALOR`, `ID_TAG_AGF`, `ID_EMPRESA`, `ID_PERIODO`, `tipo`, `VALOR`, `DT_MODIFICACION`, `origen`, `id_formula`, `hist_formula`) \n				VALUES (null,8,4,32,''TRIMESTRAL'',0,''2013'',2, 10, ''||||'');'),
('operacion = C1'),
('operacion = (0)'),
('res = 0'),
('INSERT INTO `valores`(`ID_VALOR`, `ID_TAG_AGF`, `ID_EMPRESA`, `ID_PERIODO`, `tipo`, `VALOR`, `DT_MODIFICACION`, `origen`, `id_formula`, `hist_formula`) \n				VALUES (null,8,5,32,''TRIMESTRAL'',0,''2013'',2, 10, ''||||'');'),
('operacion = C1'),
('operacion = (0.00)'),
('res = 0'),
('INSERT INTO `valores`(`ID_VALOR`, `ID_TAG_AGF`, `ID_EMPRESA`, `ID_PERIODO`, `tipo`, `VALOR`, `DT_MODIFICACION`, `origen`, `id_formula`, `hist_formula`) \n				VALUES (null,8,6,32,''TRIMESTRAL'',0,''2013'',2, 10, ''2618||||'');'),
('operacion = C1'),
('operacion = (0.00)'),
('res = 0'),
('INSERT INTO `valores`(`ID_VALOR`, `ID_TAG_AGF`, `ID_EMPRESA`, `ID_PERIODO`, `tipo`, `VALOR`, `DT_MODIFICACION`, `origen`, `id_formula`, `hist_formula`) \n				VALUES (null,8,1,33,''TRIMESTRAL'',0,''2013'',2, 9, ''2748||||'');'),
('operacion = C1'),
('operacion = (0.00)'),
('res = 0'),
('INSERT INTO `valores`(`ID_VALOR`, `ID_TAG_AGF`, `ID_EMPRESA`, `ID_PERIODO`, `tipo`, `VALOR`, `DT_MODIFICACION`, `origen`, `id_formula`, `hist_formula`) \n				VALUES (null,8,2,33,''TRIMESTRAL'',0,''2013'',2, 9, ''2749||||'');'),
('operacion = C1'),
('operacion = (0.00)'),
('res = 0'),
('INSERT INTO `valores`(`ID_VALOR`, `ID_TAG_AGF`, `ID_EMPRESA`, `ID_PERIODO`, `tipo`, `VALOR`, `DT_MODIFICACION`, `origen`, `id_formula`, `hist_formula`) \n				VALUES (null,8,3,33,''TRIMESTRAL'',0,''2013'',2, 9, ''2750||||'');'),
('operacion = C1'),
('operacion = (0.00)'),
('res = 0'),
('INSERT INTO `valores`(`ID_VALOR`, `ID_TAG_AGF`, `ID_EMPRESA`, `ID_PERIODO`, `tipo`, `VALOR`, `DT_MODIFICACION`, `origen`, `id_formula`, `hist_formula`) \n				VALUES (null,8,4,33,''TRIMESTRAL'',0,''2013'',2, 9, ''2751||||'');'),
('operacion = C1'),
('operacion = (0.00)'),
('res = 0'),
('INSERT INTO `valores`(`ID_VALOR`, `ID_TAG_AGF`, `ID_EMPRESA`, `ID_PERIODO`, `tipo`, `VALOR`, `DT_MODIFICACION`, `origen`, `id_formula`, `hist_formula`) \n				VALUES (null,8,5,33,''TRIMESTRAL'',0,''2013'',2, 9, ''2752||||'');'),
('operacion = C1'),
('operacion = (0.00)'),
('res = 0'),
('INSERT INTO `valores`(`ID_VALOR`, `ID_TAG_AGF`, `ID_EMPRESA`, `ID_PERIODO`, `tipo`, `VALOR`, `DT_MODIFICACION`, `origen`, `id_formula`, `hist_formula`) \n				VALUES (null,8,6,33,''TRIMESTRAL'',0,''2013'',2, 9, ''2753||||'');'),
('operacion = C1'),
('operacion = (0)'),
('res = 0'),
('INSERT INTO `valores`(`ID_VALOR`, `ID_TAG_AGF`, `ID_EMPRESA`, `ID_PERIODO`, `tipo`, `VALOR`, `DT_MODIFICACION`, `origen`, `id_formula`, `hist_formula`) \n				VALUES (null,8,1,33,''TRIMESTRAL'',0,''2013'',2, 10, ''||||'');'),
('operacion = C1'),
('operacion = (0)'),
('res = 0'),
('INSERT INTO `valores`(`ID_VALOR`, `ID_TAG_AGF`, `ID_EMPRESA`, `ID_PERIODO`, `tipo`, `VALOR`, `DT_MODIFICACION`, `origen`, `id_formula`, `hist_formula`) \n				VALUES (null,8,2,33,''TRIMESTRAL'',0,''2013'',2, 10, ''||||'');'),
('operacion = C1'),
('operacion = (0)'),
('res = 0'),
('INSERT INTO `valores`(`ID_VALOR`, `ID_TAG_AGF`, `ID_EMPRESA`, `ID_PERIODO`, `tipo`, `VALOR`, `DT_MODIFICACION`, `origen`, `id_formula`, `hist_formula`) \n				VALUES (null,8,3,33,''TRIMESTRAL'',0,''2013'',2, 10, ''||||'');'),
('operacion = C1'),
('operacion = (0)'),
('res = 0'),
('INSERT INTO `valores`(`ID_VALOR`, `ID_TAG_AGF`, `ID_EMPRESA`, `ID_PERIODO`, `tipo`, `VALOR`, `DT_MODIFICACION`, `origen`, `id_formula`, `hist_formula`) \n				VALUES (null,8,4,33,''TRIMESTRAL'',0,''2013'',2, 10, ''||||'');'),
('operacion = C1'),
('operacion = (0)'),
('res = 0'),
('INSERT INTO `valores`(`ID_VALOR`, `ID_TAG_AGF`, `ID_EMPRESA`, `ID_PERIODO`, `tipo`, `VALOR`, `DT_MODIFICACION`, `origen`, `id_formula`, `hist_formula`) \n				VALUES (null,8,5,33,''TRIMESTRAL'',0,''2013'',2, 10, ''||||'');'),
('operacion = C1'),
('operacion = (0.00)'),
('res = 0'),
('INSERT INTO `valores`(`ID_VALOR`, `ID_TAG_AGF`, `ID_EMPRESA`, `ID_PERIODO`, `tipo`, `VALOR`, `DT_MODIFICACION`, `origen`, `id_formula`, `hist_formula`) \n				VALUES (null,8,6,33,''TRIMESTRAL'',0,''2013'',2, 10, ''2619||||'');'),
('operacion = C1'),
('operacion = (0.00)'),
('res = 0'),
('INSERT INTO `valores`(`ID_VALOR`, `ID_TAG_AGF`, `ID_EMPRESA`, `ID_PERIODO`, `tipo`, `VALOR`, `DT_MODIFICACION`, `origen`, `id_formula`, `hist_formula`) \n				VALUES (null,8,1,34,''TRIMESTRAL'',0,''2013'',2, 9, ''2754||||'');'),
('operacion = C1'),
('operacion = (0.00)'),
('res = 0'),
('INSERT INTO `valores`(`ID_VALOR`, `ID_TAG_AGF`, `ID_EMPRESA`, `ID_PERIODO`, `tipo`, `VALOR`, `DT_MODIFICACION`, `origen`, `id_formula`, `hist_formula`) \n				VALUES (null,8,2,34,''TRIMESTRAL'',0,''2013'',2, 9, ''2755||||'');'),
('operacion = C1'),
('operacion = (0.00)'),
('res = 0'),
('INSERT INTO `valores`(`ID_VALOR`, `ID_TAG_AGF`, `ID_EMPRESA`, `ID_PERIODO`, `tipo`, `VALOR`, `DT_MODIFICACION`, `origen`, `id_formula`, `hist_formula`) \n				VALUES (null,8,3,34,''TRIMESTRAL'',0,''2013'',2, 9, ''2756||||'');'),
('operacion = C1'),
('operacion = (0.00)'),
('res = 0'),
('INSERT INTO `valores`(`ID_VALOR`, `ID_TAG_AGF`, `ID_EMPRESA`, `ID_PERIODO`, `tipo`, `VALOR`, `DT_MODIFICACION`, `origen`, `id_formula`, `hist_formula`) \n				VALUES (null,8,4,34,''TRIMESTRAL'',0,''2013'',2, 9, ''2757||||'');'),
('operacion = C1'),
('operacion = (0.00)'),
('res = 0'),
('INSERT INTO `valores`(`ID_VALOR`, `ID_TAG_AGF`, `ID_EMPRESA`, `ID_PERIODO`, `tipo`, `VALOR`, `DT_MODIFICACION`, `origen`, `id_formula`, `hist_formula`) \n				VALUES (null,8,5,34,''TRIMESTRAL'',0,''2013'',2, 9, ''2758||||'');'),
('operacion = C1'),
('operacion = (0.00)'),
('res = 0'),
('INSERT INTO `valores`(`ID_VALOR`, `ID_TAG_AGF`, `ID_EMPRESA`, `ID_PERIODO`, `tipo`, `VALOR`, `DT_MODIFICACION`, `origen`, `id_formula`, `hist_formula`) \n				VALUES (null,8,6,34,''TRIMESTRAL'',0,''2013'',2, 9, ''2759||||'');'),
('operacion = C1'),
('operacion = (0)'),
('res = 0'),
('INSERT INTO `valores`(`ID_VALOR`, `ID_TAG_AGF`, `ID_EMPRESA`, `ID_PERIODO`, `tipo`, `VALOR`, `DT_MODIFICACION`, `origen`, `id_formula`, `hist_formula`) \n				VALUES (null,8,1,34,''TRIMESTRAL'',0,''2013'',2, 10, ''||||'');'),
('operacion = C1'),
('operacion = (0)'),
('res = 0'),
('INSERT INTO `valores`(`ID_VALOR`, `ID_TAG_AGF`, `ID_EMPRESA`, `ID_PERIODO`, `tipo`, `VALOR`, `DT_MODIFICACION`, `origen`, `id_formula`, `hist_formula`) \n				VALUES (null,8,2,34,''TRIMESTRAL'',0,''2013'',2, 10, ''||||'');'),
('operacion = C1'),
('operacion = (0)'),
('res = 0'),
('INSERT INTO `valores`(`ID_VALOR`, `ID_TAG_AGF`, `ID_EMPRESA`, `ID_PERIODO`, `tipo`, `VALOR`, `DT_MODIFICACION`, `origen`, `id_formula`, `hist_formula`) \n				VALUES (null,8,3,34,''TRIMESTRAL'',0,''2013'',2, 10, ''||||'');'),
('operacion = C1'),
('operacion = (0)'),
('res = 0'),
('INSERT INTO `valores`(`ID_VALOR`, `ID_TAG_AGF`, `ID_EMPRESA`, `ID_PERIODO`, `tipo`, `VALOR`, `DT_MODIFICACION`, `origen`, `id_formula`, `hist_formula`) \n				VALUES (null,8,4,34,''TRIMESTRAL'',0,''2013'',2, 10, ''||||'');'),
('operacion = C1'),
('operacion = (0)'),
('res = 0'),
('INSERT INTO `valores`(`ID_VALOR`, `ID_TAG_AGF`, `ID_EMPRESA`, `ID_PERIODO`, `tipo`, `VALOR`, `DT_MODIFICACION`, `origen`, `id_formula`, `hist_formula`) \n				VALUES (null,8,5,34,''TRIMESTRAL'',0,''2013'',2, 10, ''||||'');'),
('operacion = C1'),
('operacion = (0.00)'),
('res = 0'),
('INSERT INTO `valores`(`ID_VALOR`, `ID_TAG_AGF`, `ID_EMPRESA`, `ID_PERIODO`, `tipo`, `VALOR`, `DT_MODIFICACION`, `origen`, `id_formula`, `hist_formula`) \n				VALUES (null,8,6,34,''TRIMESTRAL'',0,''2013'',2, 10, ''2620||||'');'),
('operacion = C1'),
('operacion = (0.00)'),
('res = 0'),
('INSERT INTO `valores`(`ID_VALOR`, `ID_TAG_AGF`, `ID_EMPRESA`, `ID_PERIODO`, `tipo`, `VALOR`, `DT_MODIFICACION`, `origen`, `id_formula`, `hist_formula`) \n				VALUES (null,8,1,35,''TRIMESTRAL'',0,''2013'',2, 9, ''2760||||'');'),
('operacion = C1'),
('operacion = (0.00)'),
('res = 0'),
('INSERT INTO `valores`(`ID_VALOR`, `ID_TAG_AGF`, `ID_EMPRESA`, `ID_PERIODO`, `tipo`, `VALOR`, `DT_MODIFICACION`, `origen`, `id_formula`, `hist_formula`) \n				VALUES (null,8,2,35,''TRIMESTRAL'',0,''2013'',2, 9, ''2761||||'');'),
('operacion = C1'),
('operacion = (0.00)'),
('res = 0'),
('INSERT INTO `valores`(`ID_VALOR`, `ID_TAG_AGF`, `ID_EMPRESA`, `ID_PERIODO`, `tipo`, `VALOR`, `DT_MODIFICACION`, `origen`, `id_formula`, `hist_formula`) \n				VALUES (null,8,3,35,''TRIMESTRAL'',0,''2013'',2, 9, ''2762||||'');'),
('operacion = C1'),
('operacion = (0.00)'),
('res = 0'),
('INSERT INTO `valores`(`ID_VALOR`, `ID_TAG_AGF`, `ID_EMPRESA`, `ID_PERIODO`, `tipo`, `VALOR`, `DT_MODIFICACION`, `origen`, `id_formula`, `hist_formula`) \n				VALUES (null,8,4,35,''TRIMESTRAL'',0,''2013'',2, 9, ''2763||||'');'),
('operacion = C1'),
('operacion = (0.00)'),
('res = 0'),
('INSERT INTO `valores`(`ID_VALOR`, `ID_TAG_AGF`, `ID_EMPRESA`, `ID_PERIODO`, `tipo`, `VALOR`, `DT_MODIFICACION`, `origen`, `id_formula`, `hist_formula`) \n				VALUES (null,8,5,35,''TRIMESTRAL'',0,''2013'',2, 9, ''2764||||'');'),
('operacion = C1'),
('operacion = (0.00)'),
('res = 0'),
('INSERT INTO `valores`(`ID_VALOR`, `ID_TAG_AGF`, `ID_EMPRESA`, `ID_PERIODO`, `tipo`, `VALOR`, `DT_MODIFICACION`, `origen`, `id_formula`, `hist_formula`) \n				VALUES (null,8,6,35,''TRIMESTRAL'',0,''2013'',2, 9, ''2765||||'');'),
('operacion = C1'),
('operacion = (0)'),
('res = 0'),
('INSERT INTO `valores`(`ID_VALOR`, `ID_TAG_AGF`, `ID_EMPRESA`, `ID_PERIODO`, `tipo`, `VALOR`, `DT_MODIFICACION`, `origen`, `id_formula`, `hist_formula`) \n				VALUES (null,8,1,35,''TRIMESTRAL'',0,''2013'',2, 10, ''||||'');'),
('operacion = C1'),
('operacion = (0)'),
('res = 0'),
('INSERT INTO `valores`(`ID_VALOR`, `ID_TAG_AGF`, `ID_EMPRESA`, `ID_PERIODO`, `tipo`, `VALOR`, `DT_MODIFICACION`, `origen`, `id_formula`, `hist_formula`) \n				VALUES (null,8,2,35,''TRIMESTRAL'',0,''2013'',2, 10, ''||||'');'),
('operacion = C1'),
('operacion = (0)'),
('res = 0'),
('INSERT INTO `valores`(`ID_VALOR`, `ID_TAG_AGF`, `ID_EMPRESA`, `ID_PERIODO`, `tipo`, `VALOR`, `DT_MODIFICACION`, `origen`, `id_formula`, `hist_formula`) \n				VALUES (null,8,3,35,''TRIMESTRAL'',0,''2013'',2, 10, ''||||'');'),
('operacion = C1'),
('operacion = (0)'),
('res = 0'),
('INSERT INTO `valores`(`ID_VALOR`, `ID_TAG_AGF`, `ID_EMPRESA`, `ID_PERIODO`, `tipo`, `VALOR`, `DT_MODIFICACION`, `origen`, `id_formula`, `hist_formula`) \n				VALUES (null,8,4,35,''TRIMESTRAL'',0,''2013'',2, 10, ''||||'');'),
('operacion = C1'),
('operacion = (0)'),
('res = 0'),
('INSERT INTO `valores`(`ID_VALOR`, `ID_TAG_AGF`, `ID_EMPRESA`, `ID_PERIODO`, `tipo`, `VALOR`, `DT_MODIFICACION`, `origen`, `id_formula`, `hist_formula`) \n				VALUES (null,8,5,35,''TRIMESTRAL'',0,''2013'',2, 10, ''||||'');'),
('operacion = C1'),
('operacion = (0.00)'),
('res = 0'),
('INSERT INTO `valores`(`ID_VALOR`, `ID_TAG_AGF`, `ID_EMPRESA`, `ID_PERIODO`, `tipo`, `VALOR`, `DT_MODIFICACION`, `origen`, `id_formula`, `hist_formula`) \n				VALUES (null,8,6,35,''TRIMESTRAL'',0,''2013'',2, 10, ''2621||||'');'),
('UPDATE indices_financieros \n				SET `id_formula` =  9\n				WHERE id_indice_financiero = 8;'),
('SELECT a.id_indice_financiero, a.nombre, c.id_empresa, c.RSO, 0, ID_GRUPO_INDICE_FINANCIERO\n				FROM indices_financieros a inner join \n					 indice_empresa b on id_indice_financiero = id_indice inner join \n					 empresas c on b.id_empresa = c.id_empresa\n				WHERE b.tipo = 0					\n				UNION\n				SELECT a.id_indice_financiero, a.nombre, c.id_subgrupo, c.nombre, 1,ID_GRUPO_INDICE_FINANCIERO\n				FROM indices_financieros a inner join \n					 indice_empresa b on a.id_indice_financiero = b.id_indice inner join \n					 subgrupos c on b.id_empresa = c.id_subgrupo\n				WHERE b.tipo <> 0\n				ORDER BY 1;'),
('37'),
('SELECT a.ID_INDICE_FINANCIERO,a.id_formula,NOMBRE, DESCRIPCION, formula, decimales, ID_GRUPO_INDICE_FINANCIERO, formula_desc, rango_superior, rango_inferior,rangos_desc,\n							campo1, campo2, campo3, campo4, campo5\n	                	                    FROM indices_financieros a, formulas b\n	                	                    WHERE a.id_formula = b.id_formula');

-- --------------------------------------------------------

--
-- Estructura de tabla para la tabla `log_ingreso_tag`
--

CREATE TABLE IF NOT EXISTS `log_ingreso_tag` (
  `ID_LOG_INGRESO_TAG` int(18) NOT NULL,
  `ID_LOG_REGISTRO` int(18) DEFAULT NULL,
  `EMPRESA` varchar(300) COLLATE utf8_spanish2_ci DEFAULT NULL,
  `PERIODO` varchar(50) COLLATE utf8_spanish2_ci DEFAULT NULL,
  `ID_TAG_AGF` int(18) DEFAULT NULL,
  `TAG_AGF` varchar(300) COLLATE utf8_spanish2_ci DEFAULT NULL,
  `ID_TAG_XBRL` int(18) DEFAULT NULL,
  `TAG_XBRL` varchar(300) COLLATE utf8_spanish2_ci DEFAULT NULL,
  `ORIGEN` varchar(50) COLLATE utf8_spanish2_ci DEFAULT NULL,
  `VALOR` float(18,4) DEFAULT NULL,
  `OUTPUT` varchar(300) COLLATE utf8_spanish2_ci DEFAULT NULL,
  `DT_OUTPUT` datetime DEFAULT NULL
) ENGINE=InnoDB DEFAULT CHARSET=utf8 COLLATE=utf8_spanish2_ci;

-- --------------------------------------------------------

--
-- Estructura de tabla para la tabla `log_proceso`
--

CREATE TABLE IF NOT EXISTS `log_proceso` (
  `ID_LOG_PROCESO` int(18) NOT NULL,
  `PROCESO` varchar(300) COLLATE utf8_spanish2_ci DEFAULT NULL,
  `DT_INICIO` datetime DEFAULT NULL,
  `DT_FIN` datetime DEFAULT NULL,
  `ESTADO` varchar(300) COLLATE utf8_spanish2_ci DEFAULT NULL
) ENGINE=InnoDB DEFAULT CHARSET=utf8 COLLATE=utf8_spanish2_ci;

-- --------------------------------------------------------

--
-- Estructura de tabla para la tabla `log_registro`
--

CREATE TABLE IF NOT EXISTS `log_registro` (
  `ID_LOG_REGISTRO` int(18) NOT NULL,
  `ID_LOG_PROCESO` int(18) NOT NULL,
  `DT_IN` datetime DEFAULT NULL,
  `DT_OUT` datetime DEFAULT NULL,
  `INPUT` varchar(300) COLLATE utf8_spanish2_ci DEFAULT NULL,
  `EMPRESA` varchar(300) COLLATE utf8_spanish2_ci DEFAULT NULL,
  `PERIODO` varchar(10) COLLATE utf8_spanish2_ci DEFAULT NULL,
  `OUTPUT` varchar(300) COLLATE utf8_spanish2_ci DEFAULT NULL
) ENGINE=InnoDB DEFAULT CHARSET=utf8 COLLATE=utf8_spanish2_ci;

-- --------------------------------------------------------

--
-- Estructura de tabla para la tabla `masivo`
--

CREATE TABLE IF NOT EXISTS `masivo` (
  `id` int(11) NOT NULL AUTO_INCREMENT,
  `id_indice` int(11) NOT NULL,
  `id_tag_agf` int(11) NOT NULL,
  `id_formula` int(11) NOT NULL,
  PRIMARY KEY (`id`)
) ENGINE=InnoDB  DEFAULT CHARSET=utf8 COLLATE=utf8_spanish2_ci AUTO_INCREMENT=8 ;

--
-- Volcado de datos para la tabla `masivo`
--

INSERT INTO `masivo` (`id`, `id_indice`, `id_tag_agf`, `id_formula`) VALUES
(1, 1, 4, 1),
(2, 2, 5, 2),
(3, 3, 6, 3),
(4, 1, 1, 1),
(5, 2, 2, 2),
(6, 3, 3, 3),
(7, 5, 9, 5);

-- --------------------------------------------------------

--
-- Estructura de tabla para la tabla `monedas`
--

CREATE TABLE IF NOT EXISTS `monedas` (
  `id` int(11) NOT NULL AUTO_INCREMENT,
  `nombre` varchar(64) COLLATE utf8_spanish2_ci DEFAULT NULL,
  `codigo` varchar(10) COLLATE utf8_spanish2_ci DEFAULT NULL,
  `valor_defecto` float(18,2) DEFAULT NULL,
  `operacion` varchar(10) COLLATE utf8_spanish2_ci DEFAULT NULL,
  `signo` varchar(5) COLLATE utf8_spanish2_ci DEFAULT NULL,
  `cantidad_decimal` int(11) DEFAULT NULL,
  PRIMARY KEY (`id`)
) ENGINE=InnoDB DEFAULT CHARSET=utf8 COLLATE=utf8_spanish2_ci AUTO_INCREMENT=1 ;

-- --------------------------------------------------------

--
-- Estructura de tabla para la tabla `perfiles`
--

CREATE TABLE IF NOT EXISTS `perfiles` (
  `ID_PERFIL` int(11) NOT NULL,
  `NOMBRE` varchar(50) COLLATE utf8_spanish2_ci DEFAULT NULL,
  `OA` bit(1) DEFAULT NULL
) ENGINE=InnoDB DEFAULT CHARSET=utf8 COLLATE=utf8_spanish2_ci;

-- --------------------------------------------------------

--
-- Estructura de tabla para la tabla `periodos`
--

CREATE TABLE IF NOT EXISTS `periodos` (
  `ID_PERIODO` int(18) NOT NULL AUTO_INCREMENT,
  `label` varchar(7) COLLATE utf8_spanish2_ci NOT NULL,
  `ANO` int(11) DEFAULT NULL,
  `MES` int(11) DEFAULT NULL,
  `OA` bit(1) DEFAULT NULL,
  `orden` int(11) NOT NULL,
  `mask` varchar(4) COLLATE utf8_spanish2_ci NOT NULL,
  PRIMARY KEY (`ID_PERIODO`)
) ENGINE=InnoDB  DEFAULT CHARSET=utf8 COLLATE=utf8_spanish2_ci AUTO_INCREMENT=36 ;

--
-- Volcado de datos para la tabla `periodos`
--

INSERT INTO `periodos` (`ID_PERIODO`, `label`, `ANO`, `MES`, `OA`, `orden`, `mask`) VALUES
(1, '3/2010', 2010, 3, b'1', 5, '1Q10'),
(2, '6/2010', 2010, 6, b'1', 6, '2Q10'),
(3, '9/2010', 2010, 9, b'1', 7, '3Q10'),
(4, '12/2010', 2010, 12, b'1', 8, '4Q10'),
(5, '3/2011', 2011, 3, b'1', 9, '1Q11'),
(6, '6/2011', 2011, 6, b'1', 10, '2Q11'),
(7, '9/2011', 2011, 9, b'1', 11, '3Q11'),
(8, '12/2011', 2011, 12, b'1', 12, '4Q11'),
(9, '3/2012', 2012, 3, b'1', 13, '1Q12'),
(10, '6/2012', 2012, 6, b'1', 14, '2Q12'),
(11, '9/2012', 2012, 9, b'1', 15, '3Q12'),
(12, '12/2012', 2012, 12, b'1', 16, '4Q12'),
(13, '3/2009', 2009, 3, b'1', 1, '1Q09'),
(14, '6/2009', 2009, 6, b'1', 2, '2Q09'),
(15, '9/2009', 2009, 9, b'1', 3, '3Q09'),
(16, '12/2009', 2009, 12, b'1', 4, '4Q09'),
(28, '3/2013', 2013, 3, b'1', 17, '1Q13'),
(29, '6/2013', 2013, 6, b'1', 18, '2Q13'),
(30, '9/2013', 2013, 9, b'1', 19, '3Q13'),
(31, '12/2013', 2013, 12, b'1', 20, '4Q13'),
(32, '03/2014', 2014, 3, b'1', 21, '1Q14'),
(33, '06/2014', 2014, 6, b'1', 22, '2Q14'),
(34, '09/2014', 2014, 9, b'1', 23, '3Q14'),
(35, '12/2014', 2014, 12, b'1', 24, '4Q14');

-- --------------------------------------------------------

--
-- Estructura de tabla para la tabla `subgrupos`
--

CREATE TABLE IF NOT EXISTS `subgrupos` (
  `ID_SUBGRUPO` int(18) NOT NULL AUTO_INCREMENT,
  `NOMBRE` varchar(50) COLLATE utf8_spanish2_ci DEFAULT NULL,
  `DESCRIPCION` varchar(255) COLLATE utf8_spanish2_ci DEFAULT NULL,
  PRIMARY KEY (`ID_SUBGRUPO`)
) ENGINE=InnoDB  DEFAULT CHARSET=utf8 COLLATE=utf8_spanish2_ci AUTO_INCREMENT=3 ;

--
-- Volcado de datos para la tabla `subgrupos`
--

INSERT INTO `subgrupos` (`ID_SUBGRUPO`, `NOMBRE`, `DESCRIPCION`) VALUES
(2, 'Grupo Comparativo', '0');

-- --------------------------------------------------------

--
-- Estructura de tabla para la tabla `subgrupos_empresas`
--

CREATE TABLE IF NOT EXISTS `subgrupos_empresas` (
  `ID_SUBGRUPO` int(18) NOT NULL,
  `ID_EMPRESA` int(18) NOT NULL
) ENGINE=InnoDB DEFAULT CHARSET=utf8 COLLATE=utf8_spanish2_ci;

--
-- Volcado de datos para la tabla `subgrupos_empresas`
--

INSERT INTO `subgrupos_empresas` (`ID_SUBGRUPO`, `ID_EMPRESA`) VALUES
(2, 3),
(2, 2),
(2, 5),
(2, 6),
(2, 1),
(2, 4);

-- --------------------------------------------------------

--
-- Estructura de tabla para la tabla `tag_agf`
--

CREATE TABLE IF NOT EXISTS `tag_agf` (
  `ID_TAG_AGF` int(18) NOT NULL AUTO_INCREMENT,
  `NOMBRE` varchar(300) COLLATE utf8_spanish2_ci DEFAULT NULL,
  `ETIQUETA` varchar(300) COLLATE utf8_spanish2_ci DEFAULT NULL,
  `COMPONENTE` varchar(50) COLLATE utf8_spanish2_ci DEFAULT NULL,
  `ORIGEN` varchar(50) COLLATE utf8_spanish2_ci DEFAULT NULL,
  `OA` bit(1) DEFAULT NULL,
  PRIMARY KEY (`ID_TAG_AGF`)
) ENGINE=InnoDB  DEFAULT CHARSET=utf8 COLLATE=utf8_spanish2_ci AUTO_INCREMENT=13 ;

--
-- Volcado de datos para la tabla `tag_agf`
--

INSERT INTO `tag_agf` (`ID_TAG_AGF`, `NOMBRE`, `ETIQUETA`, `COMPONENTE`, `ORIGEN`, `OA`) VALUES
(1, 'Ingress Retail', 'Ingress Retail', 'NO ESPECIFICA', 'XBRL', b'1'),
(2, 'Cartera Repactada MM$', 'Cartera Repactada MM$', 'NO ESPECIFICA', 'XBRL', b'1'),
(3, 'Ingresos Financieros', 'Ingresos Financieros', 'NO ESPECIFICA', 'XBRL', b'1'),
(4, 'SSS', 'SSS', 'NO ESPECIFICA', 'MANUAL', b'1'),
(5, 'Nro de Tiendas', 'Nro de Tiendas', 'NO ESPECIFICA', 'MANUAL', b'1'),
(6, 'Nro Clientes Total', 'Nro Clientes Total', 'NO ESPECIFICA', 'MANUAL', b'1'),
(7, 'Nro Clientes Repactada', 'Nro Clientes Repactada', 'NO ESPECIFICA', 'MANUAL', b'1'),
(8, 'Nro Clientes No Repactada', 'Nro Clientes No Repactada', 'NO ESPECIFICA', 'MANUAL', b'1'),
(9, 'Costos Financieros', 'Costos Financieros', 'NO ESPECIFICA', 'XBRL', b'1'),
(10, 'Costo Financiero Digitado', 'Costo Financiero Digitado', 'NO ESPECIFICA', 'MANUAL', b'1'),
(11, 'Costos Retail', 'Costos Retail', 'NO ESPECIFICA', 'XBRL', b'1'),
(12, 'Costos Retail', 'Costos Retail', 'NO ESPECIFICA', 'MANUAL', b'1');

-- --------------------------------------------------------

--
-- Estructura de tabla para la tabla `tag_agf_xbrl`
--

CREATE TABLE IF NOT EXISTS `tag_agf_xbrl` (
  `ID_TAG_AGF` int(18) NOT NULL,
  `ID_TAG_XBRL` int(18) NOT NULL
) ENGINE=InnoDB DEFAULT CHARSET=utf8 COLLATE=utf8_spanish2_ci;

-- --------------------------------------------------------

--
-- Estructura de tabla para la tabla `tag_xbrl`
--

CREATE TABLE IF NOT EXISTS `tag_xbrl` (
  `ID_TAG_XBRL` int(18) NOT NULL,
  `NOMBRE` varchar(300) COLLATE utf8_spanish2_ci DEFAULT NULL,
  `ETIQUETA` varchar(300) COLLATE utf8_spanish2_ci DEFAULT NULL,
  `PREFIX` varchar(300) COLLATE utf8_spanish2_ci DEFAULT NULL,
  `COMPONENTE` varchar(50) COLLATE utf8_spanish2_ci DEFAULT NULL,
  `TAXONOMIA` varchar(50) COLLATE utf8_spanish2_ci DEFAULT NULL
) ENGINE=InnoDB DEFAULT CHARSET=utf8 COLLATE=utf8_spanish2_ci;

-- --------------------------------------------------------

--
-- Estructura de tabla para la tabla `tipos_empresas`
--

CREATE TABLE IF NOT EXISTS `tipos_empresas` (
  `ID_TIPO_EMPRESA` int(18) NOT NULL AUTO_INCREMENT,
  `NOMBRE` varchar(50) COLLATE utf8_spanish2_ci DEFAULT NULL,
  `DESCRIPCION` varchar(255) COLLATE utf8_spanish2_ci DEFAULT NULL,
  `OA` bit(1) DEFAULT NULL,
  PRIMARY KEY (`ID_TIPO_EMPRESA`)
) ENGINE=InnoDB  DEFAULT CHARSET=utf8 COLLATE=utf8_spanish2_ci AUTO_INCREMENT=2 ;

--
-- Volcado de datos para la tabla `tipos_empresas`
--

INSERT INTO `tipos_empresas` (`ID_TIPO_EMPRESA`, `NOMBRE`, `DESCRIPCION`, `OA`) VALUES
(1, 'Inicial', '0', b'1');

-- --------------------------------------------------------

--
-- Estructura de tabla para la tabla `usuarios`
--

CREATE TABLE IF NOT EXISTS `usuarios` (
  `ID_USUARIO` int(11) NOT NULL,
  `LOGIN` varchar(50) COLLATE utf8_spanish2_ci DEFAULT NULL,
  `PASWORD` varchar(10) COLLATE utf8_spanish2_ci DEFAULT NULL,
  `NOMBRES` varchar(300) COLLATE utf8_spanish2_ci DEFAULT NULL,
  `APELLIDOS` varchar(300) COLLATE utf8_spanish2_ci DEFAULT NULL,
  `RUT` varchar(10) COLLATE utf8_spanish2_ci DEFAULT NULL,
  `EMAIL` varchar(300) COLLATE utf8_spanish2_ci DEFAULT NULL,
  `FONO` varchar(10) COLLATE utf8_spanish2_ci DEFAULT NULL,
  `OA` bit(1) DEFAULT NULL
) ENGINE=InnoDB DEFAULT CHARSET=utf8 COLLATE=utf8_spanish2_ci;

-- --------------------------------------------------------

--
-- Estructura de tabla para la tabla `usuarios_perfiles`
--

CREATE TABLE IF NOT EXISTS `usuarios_perfiles` (
  `ID_USUARIO` int(11) DEFAULT NULL,
  `ID_PERFIL` int(11) DEFAULT NULL
) ENGINE=InnoDB DEFAULT CHARSET=utf8 COLLATE=utf8_spanish2_ci;

-- --------------------------------------------------------

--
-- Estructura de tabla para la tabla `valores`
--

CREATE TABLE IF NOT EXISTS `valores` (
  `ID_VALOR` int(18) NOT NULL AUTO_INCREMENT,
  `ID_TAG_AGF` int(18) DEFAULT NULL,
  `ID_EMPRESA` int(18) DEFAULT NULL,
  `ID_PERIODO` int(18) DEFAULT NULL,
  `tipo` varchar(10) COLLATE utf8_spanish2_ci NOT NULL DEFAULT 'TRIMESTRAL',
  `VALOR` double(25,2) NOT NULL,
  `DT_MODIFICACION` datetime DEFAULT NULL,
  `origen` int(11) NOT NULL,
  `id_formula` int(11) NOT NULL,
  `hist_formula` varchar(20) COLLATE utf8_spanish2_ci DEFAULT NULL,
  PRIMARY KEY (`ID_VALOR`),
  KEY `ID_PERIODO` (`ID_PERIODO`),
  KEY `ID_TAG_AGF` (`ID_TAG_AGF`,`ID_EMPRESA`,`ID_PERIODO`),
  KEY `ID_TAG_AGF_2` (`ID_TAG_AGF`)
) ENGINE=InnoDB  DEFAULT CHARSET=utf8 COLLATE=utf8_spanish2_ci AUTO_INCREMENT=3165 ;

--
-- Volcado de datos para la tabla `valores`
--

INSERT INTO `valores` (`ID_VALOR`, `ID_TAG_AGF`, `ID_EMPRESA`, `ID_PERIODO`, `tipo`, `VALOR`, `DT_MODIFICACION`, `origen`, `id_formula`, `hist_formula`) VALUES
(1, 1, 1, 13, 'TRIMESTRAL', 165782.00, NULL, 1, 0, NULL),
(2, 1, 1, 14, 'TRIMESTRAL', 188414.00, NULL, 1, 0, NULL),
(3, 1, 1, 15, 'TRIMESTRAL', 181978.00, NULL, 1, 0, NULL),
(4, 1, 1, 16, 'TRIMESTRAL', 250644.00, NULL, 1, 0, NULL),
(5, 1, 1, 1, 'TRIMESTRAL', 177937.00, NULL, 1, 0, NULL),
(6, 1, 1, 2, 'TRIMESTRAL', 236601.00, NULL, 1, 0, NULL),
(7, 1, 1, 3, 'TRIMESTRAL', 210552.00, NULL, 1, 0, NULL),
(8, 1, 1, 4, 'TRIMESTRAL', 304952.00, NULL, 1, 0, NULL),
(9, 1, 1, 5, 'TRIMESTRAL', 216893.00, NULL, 1, 0, NULL),
(10, 1, 1, 6, 'TRIMESTRAL', 251753.00, NULL, 1, 0, NULL),
(11, 1, 1, 7, 'TRIMESTRAL', 233394.00, NULL, 1, 0, NULL),
(12, 1, 1, 8, 'TRIMESTRAL', 322080.00, NULL, 1, 0, NULL),
(13, 1, 1, 9, 'TRIMESTRAL', 256038.00, NULL, 1, 0, NULL),
(14, 1, 1, 10, 'TRIMESTRAL', 268026.00, NULL, 1, 0, NULL),
(15, 1, 1, 11, 'TRIMESTRAL', 245713.00, NULL, 1, 0, NULL),
(16, 1, 1, 12, 'TRIMESTRAL', 345696.00, NULL, 1, 0, NULL),
(17, 1, 1, 28, 'TRIMESTRAL', 266908.00, NULL, 1, 0, NULL),
(18, 1, 1, 29, 'TRIMESTRAL', 294358.00, NULL, 1, 0, NULL),
(19, 1, 2, 13, 'TRIMESTRAL', 104275.00, NULL, 1, 0, NULL),
(20, 1, 2, 14, 'TRIMESTRAL', 122555.00, NULL, 1, 0, NULL),
(21, 1, 2, 15, 'TRIMESTRAL', 115632.00, NULL, 1, 0, NULL),
(22, 1, 2, 16, 'TRIMESTRAL', 174074.00, NULL, 1, 0, NULL),
(23, 1, 2, 1, 'TRIMESTRAL', 116357.00, NULL, 1, 0, NULL),
(24, 1, 2, 2, 'TRIMESTRAL', 158616.00, NULL, 1, 0, NULL),
(25, 1, 2, 3, 'TRIMESTRAL', 141854.00, NULL, 1, 0, NULL),
(26, 1, 2, 4, 'TRIMESTRAL', 205892.00, NULL, 1, 0, NULL),
(27, 1, 2, 5, 'TRIMESTRAL', 143612.00, NULL, 1, 0, NULL),
(28, 1, 2, 6, 'TRIMESTRAL', 165572.00, NULL, 1, 0, NULL),
(29, 1, 2, 7, 'TRIMESTRAL', 155966.00, NULL, 1, 0, NULL),
(30, 1, 2, 8, 'TRIMESTRAL', 225623.00, NULL, 1, 0, NULL),
(31, 1, 2, 9, 'TRIMESTRAL', 184480.00, NULL, 1, 0, NULL),
(32, 1, 2, 10, 'TRIMESTRAL', 211395.00, NULL, 1, 0, NULL),
(33, 1, 2, 11, 'TRIMESTRAL', 202714.00, NULL, 1, 0, NULL),
(34, 1, 2, 12, 'TRIMESTRAL', 287486.00, NULL, 1, 0, NULL),
(35, 1, 2, 28, 'TRIMESTRAL', 205394.00, NULL, 1, 0, NULL),
(36, 1, 2, 29, 'TRIMESTRAL', 228564.00, NULL, 1, 0, NULL),
(37, 1, 3, 13, 'TRIMESTRAL', 95992.00, NULL, 1, 0, NULL),
(38, 1, 3, 14, 'TRIMESTRAL', 114936.00, NULL, 1, 0, NULL),
(39, 1, 3, 15, 'TRIMESTRAL', 107196.00, NULL, 1, 0, NULL),
(40, 1, 3, 16, 'TRIMESTRAL', 167872.00, NULL, 1, 0, NULL),
(41, 1, 3, 1, 'TRIMESTRAL', 108052.00, NULL, 1, 0, NULL),
(42, 1, 3, 2, 'TRIMESTRAL', 149286.00, NULL, 1, 0, NULL),
(43, 1, 3, 3, 'TRIMESTRAL', 125177.00, NULL, 1, 0, NULL),
(44, 1, 3, 4, 'TRIMESTRAL', 187059.00, NULL, 1, 0, NULL),
(45, 1, 3, 5, 'TRIMESTRAL', 126819.00, NULL, 1, 0, NULL),
(46, 1, 3, 6, 'TRIMESTRAL', 150977.00, NULL, 1, 0, NULL),
(47, 1, 3, 7, 'TRIMESTRAL', 133239.00, NULL, 1, 0, NULL),
(48, 1, 3, 8, 'TRIMESTRAL', 200992.00, NULL, 1, 0, NULL),
(49, 1, 3, 9, 'TRIMESTRAL', 141120.00, NULL, 1, 0, NULL),
(50, 1, 3, 10, 'TRIMESTRAL', 158095.00, NULL, 1, 0, NULL),
(51, 1, 3, 11, 'TRIMESTRAL', 151565.00, NULL, 1, 0, NULL),
(52, 1, 3, 12, 'TRIMESTRAL', 223096.00, NULL, 1, 0, NULL),
(53, 1, 3, 28, 'TRIMESTRAL', 144691.00, NULL, 1, 0, NULL),
(54, 1, 3, 29, 'TRIMESTRAL', 161228.00, NULL, 1, 0, NULL),
(55, 1, 4, 13, 'TRIMESTRAL', 0.00, NULL, 1, 0, NULL),
(56, 1, 4, 14, 'TRIMESTRAL', 0.00, NULL, 1, 0, NULL),
(57, 1, 4, 15, 'TRIMESTRAL', 0.00, NULL, 1, 0, NULL),
(58, 1, 4, 16, 'TRIMESTRAL', 0.00, NULL, 1, 0, NULL),
(59, 1, 4, 1, 'TRIMESTRAL', 29087.00, NULL, 1, 0, NULL),
(60, 1, 4, 2, 'TRIMESTRAL', 38844.00, NULL, 1, 0, NULL),
(61, 1, 4, 3, 'TRIMESTRAL', 25735.00, NULL, 1, 0, NULL),
(62, 1, 4, 4, 'TRIMESTRAL', 48465.00, NULL, 1, 0, NULL),
(63, 1, 4, 5, 'TRIMESTRAL', 36898.00, NULL, 1, 0, NULL),
(64, 1, 4, 6, 'TRIMESTRAL', 42385.00, NULL, 1, 0, NULL),
(65, 1, 4, 7, 'TRIMESTRAL', 34647.00, NULL, 1, 0, NULL),
(66, 1, 4, 8, 'TRIMESTRAL', 55952.00, NULL, 1, 0, NULL),
(67, 1, 4, 9, 'TRIMESTRAL', 39534.00, NULL, 1, 0, NULL),
(68, 1, 4, 10, 'TRIMESTRAL', 43669.00, NULL, 1, 0, NULL),
(69, 1, 4, 11, 'TRIMESTRAL', 43253.00, NULL, 1, 0, NULL),
(70, 1, 4, 12, 'TRIMESTRAL', 65894.00, NULL, 1, 0, NULL),
(71, 1, 4, 28, 'TRIMESTRAL', 46643.00, NULL, 1, 0, NULL),
(72, 1, 4, 29, 'TRIMESTRAL', 62196.00, NULL, 1, 0, NULL),
(73, 1, 5, 13, 'TRIMESTRAL', 0.00, NULL, 1, 0, NULL),
(74, 1, 5, 14, 'TRIMESTRAL', 0.00, NULL, 1, 0, NULL),
(75, 1, 5, 15, 'TRIMESTRAL', 0.00, NULL, 1, 0, NULL),
(76, 1, 5, 16, 'TRIMESTRAL', 0.00, NULL, 1, 0, NULL),
(77, 1, 5, 1, 'TRIMESTRAL', 0.00, NULL, 1, 0, NULL),
(78, 1, 5, 2, 'TRIMESTRAL', 0.00, NULL, 1, 0, NULL),
(79, 1, 5, 3, 'TRIMESTRAL', 0.00, NULL, 1, 0, NULL),
(80, 1, 5, 4, 'TRIMESTRAL', 0.00, NULL, 1, 0, NULL),
(81, 1, 5, 5, 'TRIMESTRAL', 0.00, NULL, 1, 0, NULL),
(82, 1, 5, 6, 'TRIMESTRAL', 0.00, NULL, 1, 0, NULL),
(83, 1, 5, 7, 'TRIMESTRAL', 0.00, NULL, 1, 0, NULL),
(84, 1, 5, 8, 'TRIMESTRAL', 85866.00, NULL, 1, 0, NULL),
(85, 1, 5, 9, 'TRIMESTRAL', 59358.00, NULL, 1, 0, NULL),
(86, 1, 5, 10, 'TRIMESTRAL', 70888.00, NULL, 1, 0, NULL),
(87, 1, 5, 11, 'TRIMESTRAL', 66588.00, NULL, 1, 0, NULL),
(88, 1, 5, 12, 'TRIMESTRAL', 96920.00, NULL, 1, 0, NULL),
(89, 1, 5, 28, 'TRIMESTRAL', 67327.00, NULL, 1, 0, NULL),
(90, 1, 5, 29, 'TRIMESTRAL', 80583.00, NULL, 1, 0, NULL),
(91, 1, 6, 13, 'TRIMESTRAL', 17174.00, NULL, 1, 0, NULL),
(92, 1, 6, 14, 'TRIMESTRAL', 21761.00, NULL, 1, 0, NULL),
(93, 1, 6, 15, 'TRIMESTRAL', 21147.00, NULL, 1, 0, NULL),
(94, 1, 6, 16, 'TRIMESTRAL', 33711.00, NULL, 1, 0, NULL),
(95, 1, 6, 1, 'TRIMESTRAL', 18537.00, NULL, 1, 0, NULL),
(96, 1, 6, 2, 'TRIMESTRAL', 30099.00, NULL, 1, 0, NULL),
(97, 1, 6, 3, 'TRIMESTRAL', 25990.00, NULL, 1, 0, NULL),
(98, 1, 6, 4, 'TRIMESTRAL', 45137.00, NULL, 1, 0, NULL),
(99, 1, 6, 5, 'TRIMESTRAL', 24900.00, NULL, 1, 0, NULL),
(100, 1, 6, 6, 'TRIMESTRAL', 34345.00, NULL, 1, 0, NULL),
(101, 1, 6, 7, 'TRIMESTRAL', 34041.00, NULL, 1, 0, NULL),
(102, 1, 6, 8, 'TRIMESTRAL', 54803.00, NULL, 1, 0, NULL),
(103, 1, 6, 9, 'TRIMESTRAL', 31761.00, NULL, 1, 0, NULL),
(104, 1, 6, 10, 'TRIMESTRAL', 40160.00, NULL, 1, 0, NULL),
(105, 1, 6, 11, 'TRIMESTRAL', 37194.00, NULL, 1, 0, NULL),
(106, 1, 6, 12, 'TRIMESTRAL', 56287.00, NULL, 1, 0, NULL),
(107, 1, 6, 28, 'TRIMESTRAL', 33146.00, NULL, 1, 0, NULL),
(108, 1, 6, 29, 'TRIMESTRAL', 44619.00, NULL, 1, 0, NULL),
(109, 2, 1, 13, 'TRIMESTRAL', 0.00, NULL, 1, 0, NULL),
(110, 2, 1, 14, 'TRIMESTRAL', 0.00, NULL, 1, 0, NULL),
(111, 2, 1, 15, 'TRIMESTRAL', 0.00, NULL, 1, 0, NULL),
(112, 2, 1, 16, 'TRIMESTRAL', 0.00, NULL, 1, 0, NULL),
(113, 2, 1, 1, 'TRIMESTRAL', 0.00, NULL, 1, 0, NULL),
(114, 2, 1, 2, 'TRIMESTRAL', 0.00, NULL, 1, 0, NULL),
(115, 2, 1, 3, 'TRIMESTRAL', 0.00, NULL, 1, 0, NULL),
(116, 2, 1, 4, 'TRIMESTRAL', 990935.00, NULL, 1, 0, NULL),
(117, 2, 1, 5, 'TRIMESTRAL', 0.00, NULL, 1, 0, NULL),
(118, 2, 1, 6, 'TRIMESTRAL', 0.00, NULL, 1, 0, NULL),
(119, 2, 1, 7, 'TRIMESTRAL', 0.00, NULL, 1, 0, NULL),
(120, 2, 1, 8, 'TRIMESTRAL', 1174274.00, NULL, 1, 0, NULL),
(121, 2, 1, 9, 'TRIMESTRAL', 1180109.00, NULL, 1, 0, NULL),
(122, 2, 1, 10, 'TRIMESTRAL', 1047343.00, NULL, 1, 0, NULL),
(123, 2, 1, 11, 'TRIMESTRAL', 998000.00, NULL, 1, 0, NULL),
(124, 2, 1, 12, 'TRIMESTRAL', 1014272.00, NULL, 1, 0, NULL),
(125, 2, 1, 28, 'TRIMESTRAL', 953839.00, NULL, 1, 0, NULL),
(126, 2, 1, 29, 'TRIMESTRAL', 935829.00, NULL, 1, 0, NULL),
(127, 2, 2, 13, 'TRIMESTRAL', 0.00, NULL, 1, 0, NULL),
(128, 2, 2, 14, 'TRIMESTRAL', 0.00, NULL, 1, 0, NULL),
(129, 2, 2, 15, 'TRIMESTRAL', 0.00, NULL, 1, 0, NULL),
(130, 2, 2, 16, 'TRIMESTRAL', 0.00, NULL, 1, 0, NULL),
(131, 2, 2, 1, 'TRIMESTRAL', 0.00, NULL, 1, 0, NULL),
(132, 2, 2, 2, 'TRIMESTRAL', 0.00, NULL, 1, 0, NULL),
(133, 2, 2, 3, 'TRIMESTRAL', 0.00, NULL, 1, 0, NULL),
(134, 2, 2, 4, 'TRIMESTRAL', 387151.00, NULL, 1, 0, NULL),
(135, 2, 2, 5, 'TRIMESTRAL', 0.00, NULL, 1, 0, NULL),
(136, 2, 2, 6, 'TRIMESTRAL', 0.00, NULL, 1, 0, NULL),
(137, 2, 2, 7, 'TRIMESTRAL', 0.00, NULL, 1, 0, NULL),
(138, 2, 2, 8, 'TRIMESTRAL', 446795.00, NULL, 1, 0, NULL),
(139, 2, 2, 9, 'TRIMESTRAL', 361963.00, NULL, 1, 0, NULL),
(140, 2, 2, 10, 'TRIMESTRAL', 414216.00, NULL, 1, 0, NULL),
(141, 2, 2, 11, 'TRIMESTRAL', 408115.00, NULL, 1, 0, NULL),
(142, 2, 2, 12, 'TRIMESTRAL', 447401.00, NULL, 1, 0, NULL),
(143, 2, 2, 28, 'TRIMESTRAL', 429526.00, NULL, 1, 0, NULL),
(144, 2, 2, 29, 'TRIMESTRAL', 412007.00, NULL, 1, 0, NULL),
(145, 2, 3, 13, 'TRIMESTRAL', 0.00, NULL, 1, 0, NULL),
(146, 2, 3, 14, 'TRIMESTRAL', 0.00, NULL, 1, 0, NULL),
(147, 2, 3, 15, 'TRIMESTRAL', 0.00, NULL, 1, 0, NULL),
(148, 2, 3, 16, 'TRIMESTRAL', 0.00, NULL, 1, 0, NULL),
(149, 2, 3, 1, 'TRIMESTRAL', 0.00, NULL, 1, 0, NULL),
(150, 2, 3, 2, 'TRIMESTRAL', 0.00, NULL, 1, 0, NULL),
(151, 2, 3, 3, 'TRIMESTRAL', 0.00, NULL, 1, 0, NULL),
(152, 2, 3, 4, 'TRIMESTRAL', 392000.00, NULL, 1, 0, NULL),
(153, 2, 3, 5, 'TRIMESTRAL', 0.00, NULL, 1, 0, NULL),
(154, 2, 3, 6, 'TRIMESTRAL', 0.00, NULL, 1, 0, NULL),
(155, 2, 3, 7, 'TRIMESTRAL', 0.00, NULL, 1, 0, NULL),
(156, 2, 3, 8, 'TRIMESTRAL', 385558.00, NULL, 1, 0, NULL),
(157, 2, 3, 9, 'TRIMESTRAL', 361356.00, NULL, 1, 0, NULL),
(158, 2, 3, 10, 'TRIMESTRAL', 353940.00, NULL, 1, 0, NULL),
(159, 2, 3, 11, 'TRIMESTRAL', 355968.00, NULL, 1, 0, NULL),
(160, 2, 3, 12, 'TRIMESTRAL', 391829.00, NULL, 1, 0, NULL),
(161, 2, 3, 28, 'TRIMESTRAL', 372069.00, NULL, 1, 0, NULL),
(162, 2, 3, 29, 'TRIMESTRAL', 375521.00, NULL, 1, 0, NULL),
(163, 2, 4, 13, 'TRIMESTRAL', 0.00, NULL, 1, 0, NULL),
(164, 2, 4, 14, 'TRIMESTRAL', 0.00, NULL, 1, 0, NULL),
(165, 2, 4, 15, 'TRIMESTRAL', 0.00, NULL, 1, 0, NULL),
(166, 2, 4, 16, 'TRIMESTRAL', 0.00, NULL, 1, 0, NULL),
(167, 2, 4, 1, 'TRIMESTRAL', 0.00, NULL, 1, 0, NULL),
(168, 2, 4, 2, 'TRIMESTRAL', 0.00, NULL, 1, 0, NULL),
(169, 2, 4, 3, 'TRIMESTRAL', 0.00, NULL, 1, 0, NULL),
(170, 2, 4, 4, 'TRIMESTRAL', 155577.00, NULL, 1, 0, NULL),
(171, 2, 4, 5, 'TRIMESTRAL', 0.00, NULL, 1, 0, NULL),
(172, 2, 4, 6, 'TRIMESTRAL', 0.00, NULL, 1, 0, NULL),
(173, 2, 4, 7, 'TRIMESTRAL', 0.00, NULL, 1, 0, NULL),
(174, 2, 4, 8, 'TRIMESTRAL', 175602.00, NULL, 1, 0, NULL),
(175, 2, 4, 9, 'TRIMESTRAL', 166641.00, NULL, 1, 0, NULL),
(176, 2, 4, 10, 'TRIMESTRAL', 160313.00, NULL, 1, 0, NULL),
(177, 2, 4, 11, 'TRIMESTRAL', 154703.00, NULL, 1, 0, NULL),
(178, 2, 4, 12, 'TRIMESTRAL', 172878.00, NULL, 1, 0, NULL),
(179, 2, 4, 28, 'TRIMESTRAL', 166563.00, NULL, 1, 0, NULL),
(180, 2, 4, 29, 'TRIMESTRAL', 164653.00, NULL, 1, 0, NULL),
(181, 2, 5, 13, 'TRIMESTRAL', 0.00, NULL, 1, 0, NULL),
(182, 2, 5, 14, 'TRIMESTRAL', 0.00, NULL, 1, 0, NULL),
(183, 2, 5, 15, 'TRIMESTRAL', 0.00, NULL, 1, 0, NULL),
(184, 2, 5, 16, 'TRIMESTRAL', 0.00, NULL, 1, 0, NULL),
(185, 2, 5, 1, 'TRIMESTRAL', 0.00, NULL, 1, 0, NULL),
(186, 2, 5, 2, 'TRIMESTRAL', 0.00, NULL, 1, 0, NULL),
(187, 2, 5, 3, 'TRIMESTRAL', 0.00, NULL, 1, 0, NULL),
(188, 2, 5, 4, 'TRIMESTRAL', 0.00, NULL, 1, 0, NULL),
(189, 2, 5, 5, 'TRIMESTRAL', 0.00, NULL, 1, 0, NULL),
(190, 2, 5, 6, 'TRIMESTRAL', 0.00, NULL, 1, 0, NULL),
(191, 2, 5, 7, 'TRIMESTRAL', 0.00, NULL, 1, 0, NULL),
(192, 2, 5, 8, 'TRIMESTRAL', 118015.00, NULL, 1, 0, NULL),
(193, 2, 5, 9, 'TRIMESTRAL', 98889.00, NULL, 1, 0, NULL),
(194, 2, 5, 10, 'TRIMESTRAL', 94381.00, NULL, 1, 0, NULL),
(195, 2, 5, 11, 'TRIMESTRAL', 87281.00, NULL, 1, 0, NULL),
(196, 2, 5, 12, 'TRIMESTRAL', 102229.00, NULL, 1, 0, NULL),
(197, 2, 5, 28, 'TRIMESTRAL', 100669.00, NULL, 1, 0, NULL),
(198, 2, 5, 29, 'TRIMESTRAL', 110318.00, NULL, 1, 0, NULL),
(199, 2, 6, 13, 'TRIMESTRAL', 0.00, NULL, 1, 0, NULL),
(200, 2, 6, 14, 'TRIMESTRAL', 0.00, NULL, 1, 0, NULL),
(201, 2, 6, 15, 'TRIMESTRAL', 0.00, NULL, 1, 0, NULL),
(202, 2, 6, 16, 'TRIMESTRAL', 0.00, NULL, 1, 0, NULL),
(203, 2, 6, 1, 'TRIMESTRAL', 0.00, NULL, 1, 0, NULL),
(204, 2, 6, 2, 'TRIMESTRAL', 0.00, NULL, 1, 0, NULL),
(205, 2, 6, 3, 'TRIMESTRAL', 0.00, NULL, 1, 0, NULL),
(206, 2, 6, 4, 'TRIMESTRAL', 111358.00, NULL, 1, 0, NULL),
(207, 2, 6, 5, 'TRIMESTRAL', 0.00, NULL, 1, 0, NULL),
(208, 2, 6, 6, 'TRIMESTRAL', 0.00, NULL, 1, 0, NULL),
(209, 2, 6, 7, 'TRIMESTRAL', 0.00, NULL, 1, 0, NULL),
(210, 2, 6, 8, 'TRIMESTRAL', 131351.00, NULL, 1, 0, NULL),
(211, 2, 6, 9, 'TRIMESTRAL', 123438.00, NULL, 1, 0, NULL),
(212, 2, 6, 10, 'TRIMESTRAL', 124058.00, NULL, 1, 0, NULL),
(213, 2, 6, 11, 'TRIMESTRAL', 121007.00, NULL, 1, 0, NULL),
(214, 2, 6, 12, 'TRIMESTRAL', 131726.00, NULL, 1, 0, NULL),
(215, 2, 6, 28, 'TRIMESTRAL', 120447.00, NULL, 1, 0, NULL),
(216, 2, 6, 29, 'TRIMESTRAL', 118918.00, NULL, 1, 0, NULL),
(217, 3, 1, 13, 'TRIMESTRAL', 67760.00, NULL, 1, 0, NULL),
(218, 3, 1, 14, 'TRIMESTRAL', 66356.00, NULL, 1, 0, NULL),
(219, 3, 1, 15, 'TRIMESTRAL', 64180.00, NULL, 1, 0, NULL),
(220, 3, 1, 16, 'TRIMESTRAL', 62619.00, NULL, 1, 0, NULL),
(221, 3, 1, 1, 'TRIMESTRAL', 61587.00, NULL, 1, 0, NULL),
(222, 3, 1, 2, 'TRIMESTRAL', 62022.00, NULL, 1, 0, NULL),
(223, 3, 1, 3, 'TRIMESTRAL', 64750.00, NULL, 1, 0, NULL),
(224, 3, 1, 4, 'TRIMESTRAL', 69626.00, NULL, 1, 0, NULL),
(225, 3, 1, 5, 'TRIMESTRAL', 65994.00, NULL, 1, 0, NULL),
(226, 3, 1, 6, 'TRIMESTRAL', 71557.00, NULL, 1, 0, NULL),
(227, 3, 1, 7, 'TRIMESTRAL', 69127.00, NULL, 1, 0, NULL),
(228, 3, 1, 8, 'TRIMESTRAL', 73728.00, NULL, 1, 0, NULL),
(229, 3, 1, 9, 'TRIMESTRAL', 76535.00, NULL, 1, 0, NULL),
(230, 3, 1, 10, 'TRIMESTRAL', 75842.00, NULL, 1, 0, NULL),
(231, 3, 1, 11, 'TRIMESTRAL', 76234.00, NULL, 1, 0, NULL),
(232, 3, 1, 12, 'TRIMESTRAL', 73680.00, NULL, 1, 0, NULL),
(233, 3, 1, 28, 'TRIMESTRAL', 73754.00, NULL, 1, 0, NULL),
(234, 3, 1, 29, 'TRIMESTRAL', 72378.00, NULL, 1, 0, NULL),
(235, 3, 2, 13, 'TRIMESTRAL', 63005.00, NULL, 1, 0, NULL),
(236, 3, 2, 14, 'TRIMESTRAL', 55158.00, NULL, 1, 0, NULL),
(237, 3, 2, 15, 'TRIMESTRAL', 52414.00, NULL, 1, 0, NULL),
(238, 3, 2, 16, 'TRIMESTRAL', 58651.00, NULL, 1, 0, NULL),
(239, 3, 2, 1, 'TRIMESTRAL', 46394.00, NULL, 1, 0, NULL),
(240, 3, 2, 2, 'TRIMESTRAL', 47974.00, NULL, 1, 0, NULL),
(241, 3, 2, 3, 'TRIMESTRAL', 48155.00, NULL, 1, 0, NULL),
(242, 3, 2, 4, 'TRIMESTRAL', 50142.00, NULL, 1, 0, NULL),
(243, 3, 2, 5, 'TRIMESTRAL', 54184.00, NULL, 1, 0, NULL),
(244, 3, 2, 6, 'TRIMESTRAL', 62113.00, NULL, 1, 0, NULL),
(245, 3, 2, 7, 'TRIMESTRAL', 55637.00, NULL, 1, 0, NULL),
(246, 3, 2, 8, 'TRIMESTRAL', 50627.00, NULL, 1, 0, NULL),
(247, 3, 2, 9, 'TRIMESTRAL', 58608.00, NULL, 1, 0, NULL),
(248, 3, 2, 10, 'TRIMESTRAL', 56721.00, NULL, 1, 0, NULL),
(249, 3, 2, 11, 'TRIMESTRAL', 57731.00, NULL, 1, 0, NULL),
(250, 3, 2, 12, 'TRIMESTRAL', 50667.00, NULL, 1, 0, NULL),
(251, 3, 2, 28, 'TRIMESTRAL', 53637.00, NULL, 1, 0, NULL),
(252, 3, 2, 29, 'TRIMESTRAL', 55293.00, NULL, 1, 0, NULL),
(253, 3, 3, 13, 'TRIMESTRAL', 57566.00, NULL, 1, 0, NULL),
(254, 3, 3, 14, 'TRIMESTRAL', 48247.00, NULL, 1, 0, NULL),
(255, 3, 3, 15, 'TRIMESTRAL', 42703.00, NULL, 1, 0, NULL),
(256, 3, 3, 16, 'TRIMESTRAL', 36233.00, NULL, 1, 0, NULL),
(257, 3, 3, 1, 'TRIMESTRAL', 38891.00, NULL, 1, 0, NULL),
(258, 3, 3, 2, 'TRIMESTRAL', 36399.00, NULL, 1, 0, NULL),
(259, 3, 3, 3, 'TRIMESTRAL', 43091.00, NULL, 1, 0, NULL),
(260, 3, 3, 4, 'TRIMESTRAL', 43826.00, NULL, 1, 0, NULL),
(261, 3, 3, 5, 'TRIMESTRAL', 44875.00, NULL, 1, 0, NULL),
(262, 3, 3, 6, 'TRIMESTRAL', 43722.00, NULL, 1, 0, NULL),
(263, 3, 3, 7, 'TRIMESTRAL', 42140.00, NULL, 1, 0, NULL),
(264, 3, 3, 8, 'TRIMESTRAL', 39854.00, NULL, 1, 0, NULL),
(265, 3, 3, 9, 'TRIMESTRAL', 40839.00, NULL, 1, 0, NULL),
(266, 3, 3, 10, 'TRIMESTRAL', 38434.00, NULL, 1, 0, NULL),
(267, 3, 3, 11, 'TRIMESTRAL', 38368.00, NULL, 1, 0, NULL),
(268, 3, 3, 12, 'TRIMESTRAL', 38601.00, NULL, 1, 0, NULL),
(269, 3, 3, 28, 'TRIMESTRAL', 40470.00, NULL, 1, 0, NULL),
(270, 3, 3, 29, 'TRIMESTRAL', 40125.00, NULL, 1, 0, NULL),
(271, 3, 4, 13, 'TRIMESTRAL', 0.00, NULL, 1, 0, NULL),
(272, 3, 4, 14, 'TRIMESTRAL', 0.00, NULL, 1, 0, NULL),
(273, 3, 4, 15, 'TRIMESTRAL', 0.00, NULL, 1, 0, NULL),
(274, 3, 4, 16, 'TRIMESTRAL', 0.00, NULL, 1, 0, NULL),
(275, 3, 4, 1, 'TRIMESTRAL', 17474.00, NULL, 1, 0, NULL),
(276, 3, 4, 2, 'TRIMESTRAL', 21967.00, NULL, 1, 0, NULL),
(277, 3, 4, 3, 'TRIMESTRAL', 41139.00, NULL, 1, 0, NULL),
(278, 3, 4, 4, 'TRIMESTRAL', 20365.00, NULL, 1, 0, NULL),
(279, 3, 4, 5, 'TRIMESTRAL', 23400.00, NULL, 1, 0, NULL),
(280, 3, 4, 6, 'TRIMESTRAL', 29506.00, NULL, 1, 0, NULL),
(281, 3, 4, 7, 'TRIMESTRAL', 24779.00, NULL, 1, 0, NULL),
(282, 3, 4, 8, 'TRIMESTRAL', 27471.00, NULL, 1, 0, NULL),
(283, 3, 4, 9, 'TRIMESTRAL', 28468.00, NULL, 1, 0, NULL),
(284, 3, 4, 10, 'TRIMESTRAL', 28343.00, NULL, 1, 0, NULL),
(285, 3, 4, 11, 'TRIMESTRAL', 28079.00, NULL, 1, 0, NULL),
(286, 3, 4, 12, 'TRIMESTRAL', 29219.00, NULL, 1, 0, NULL),
(287, 3, 4, 28, 'TRIMESTRAL', 28420.00, NULL, 1, 0, NULL),
(288, 3, 4, 29, 'TRIMESTRAL', 28870.00, NULL, 1, 0, NULL),
(289, 3, 5, 13, 'TRIMESTRAL', 0.00, NULL, 1, 0, NULL),
(290, 3, 5, 14, 'TRIMESTRAL', 0.00, NULL, 1, 0, NULL),
(291, 3, 5, 15, 'TRIMESTRAL', 0.00, NULL, 1, 0, NULL),
(292, 3, 5, 16, 'TRIMESTRAL', 0.00, NULL, 1, 0, NULL),
(293, 3, 5, 1, 'TRIMESTRAL', 0.00, NULL, 1, 0, NULL),
(294, 3, 5, 2, 'TRIMESTRAL', 0.00, NULL, 1, 0, NULL),
(295, 3, 5, 3, 'TRIMESTRAL', 0.00, NULL, 1, 0, NULL),
(296, 3, 5, 4, 'TRIMESTRAL', 0.00, NULL, 1, 0, NULL),
(297, 3, 5, 5, 'TRIMESTRAL', 0.00, NULL, 1, 0, NULL),
(298, 3, 5, 6, 'TRIMESTRAL', 0.00, NULL, 1, 0, NULL),
(299, 3, 5, 7, 'TRIMESTRAL', 0.00, NULL, 1, 0, NULL),
(300, 3, 5, 8, 'TRIMESTRAL', 18227.00, NULL, 1, 0, NULL),
(301, 3, 5, 9, 'TRIMESTRAL', 15328.00, NULL, 1, 0, NULL),
(302, 3, 5, 10, 'TRIMESTRAL', 14210.00, NULL, 1, 0, NULL),
(303, 3, 5, 11, 'TRIMESTRAL', 13625.00, NULL, 1, 0, NULL),
(304, 3, 5, 12, 'TRIMESTRAL', 15013.00, NULL, 1, 0, NULL),
(305, 3, 5, 28, 'TRIMESTRAL', 15664.00, NULL, 1, 0, NULL),
(306, 3, 5, 29, 'TRIMESTRAL', 17093.00, NULL, 1, 0, NULL),
(307, 3, 6, 13, 'TRIMESTRAL', 12336.00, NULL, 1, 0, NULL),
(308, 3, 6, 14, 'TRIMESTRAL', 13554.00, NULL, 1, 0, NULL),
(309, 3, 6, 15, 'TRIMESTRAL', 11483.00, NULL, 1, 0, NULL),
(310, 3, 6, 16, 'TRIMESTRAL', 15195.00, NULL, 1, 0, NULL),
(311, 3, 6, 1, 'TRIMESTRAL', 13685.00, NULL, 1, 0, NULL),
(312, 3, 6, 2, 'TRIMESTRAL', 15819.00, NULL, 1, 0, NULL),
(313, 3, 6, 3, 'TRIMESTRAL', 15380.00, NULL, 1, 0, NULL),
(314, 3, 6, 4, 'TRIMESTRAL', 19264.00, NULL, 1, 0, NULL),
(315, 3, 6, 5, 'TRIMESTRAL', 18068.00, NULL, 1, 0, NULL),
(316, 3, 6, 6, 'TRIMESTRAL', 19911.00, NULL, 1, 0, NULL),
(317, 3, 6, 7, 'TRIMESTRAL', 18973.00, NULL, 1, 0, NULL),
(318, 3, 6, 8, 'TRIMESTRAL', 22472.00, NULL, 1, 0, NULL),
(319, 3, 6, 9, 'TRIMESTRAL', 20683.00, NULL, 1, 0, NULL),
(320, 3, 6, 10, 'TRIMESTRAL', 22354.00, NULL, 1, 0, NULL),
(321, 3, 6, 11, 'TRIMESTRAL', 21637.00, NULL, 1, 0, NULL),
(322, 3, 6, 12, 'TRIMESTRAL', 23754.00, NULL, 1, 0, NULL),
(323, 3, 6, 28, 'TRIMESTRAL', 20935.00, NULL, 1, 0, NULL),
(324, 3, 6, 29, 'TRIMESTRAL', 21839.00, NULL, 1, 0, NULL),
(325, 4, 1, 1, 'TRIMESTRAL', 239524.00, '0000-00-00 00:00:00', 2, 4, '221|5|||'),
(326, 4, 2, 1, 'TRIMESTRAL', 162751.00, '0000-00-00 00:00:00', 2, 4, '239|23|||'),
(327, 4, 3, 1, 'TRIMESTRAL', 146943.00, '0000-00-00 00:00:00', 2, 4, '257|41|||'),
(328, 4, 4, 1, 'TRIMESTRAL', 46561.00, '0000-00-00 00:00:00', 2, 4, '275|59|||'),
(329, 4, 5, 1, 'TRIMESTRAL', 0.00, '0000-00-00 00:00:00', 2, 4, '293|77|||'),
(330, 4, 6, 1, 'TRIMESTRAL', 32222.00, '0000-00-00 00:00:00', 2, 4, '311|95|||'),
(331, 4, 1, 2, 'TRIMESTRAL', 298623.00, '0000-00-00 00:00:00', 2, 4, '222|6|||'),
(332, 4, 2, 2, 'TRIMESTRAL', 206590.00, '0000-00-00 00:00:00', 2, 4, '240|24|||'),
(333, 4, 3, 2, 'TRIMESTRAL', 185685.00, '0000-00-00 00:00:00', 2, 4, '258|42|||'),
(334, 4, 4, 2, 'TRIMESTRAL', 60811.00, '0000-00-00 00:00:00', 2, 4, '276|60|||'),
(335, 4, 5, 2, 'TRIMESTRAL', 0.00, '0000-00-00 00:00:00', 2, 4, '294|78|||'),
(336, 4, 6, 2, 'TRIMESTRAL', 45918.00, '0000-00-00 00:00:00', 2, 4, '312|96|||'),
(337, 4, 1, 3, 'TRIMESTRAL', 275302.00, '0000-00-00 00:00:00', 2, 4, '223|7|||'),
(338, 4, 2, 3, 'TRIMESTRAL', 190009.00, '0000-00-00 00:00:00', 2, 4, '241|25|||'),
(339, 4, 3, 3, 'TRIMESTRAL', 168268.00, '0000-00-00 00:00:00', 2, 4, '259|43|||'),
(340, 4, 4, 3, 'TRIMESTRAL', 66874.00, '0000-00-00 00:00:00', 2, 4, '277|61|||'),
(341, 4, 5, 3, 'TRIMESTRAL', 0.00, '0000-00-00 00:00:00', 2, 4, '295|79|||'),
(342, 4, 6, 3, 'TRIMESTRAL', 41370.00, '0000-00-00 00:00:00', 2, 4, '313|97|||'),
(343, 4, 1, 4, 'TRIMESTRAL', 374578.00, '0000-00-00 00:00:00', 2, 4, '224|8|||'),
(344, 4, 2, 4, 'TRIMESTRAL', 256034.00, '0000-00-00 00:00:00', 2, 4, '242|26|||'),
(345, 4, 3, 4, 'TRIMESTRAL', 230885.00, '0000-00-00 00:00:00', 2, 4, '260|44|||'),
(346, 4, 4, 4, 'TRIMESTRAL', 68830.00, '0000-00-00 00:00:00', 2, 4, '278|62|||'),
(347, 4, 5, 4, 'TRIMESTRAL', 0.00, '0000-00-00 00:00:00', 2, 4, '296|80|||'),
(348, 4, 6, 4, 'TRIMESTRAL', 64401.00, '0000-00-00 00:00:00', 2, 4, '314|98|||'),
(349, 4, 1, 5, 'TRIMESTRAL', 282887.00, '0000-00-00 00:00:00', 2, 4, '225|9|||'),
(350, 4, 2, 5, 'TRIMESTRAL', 197796.00, '0000-00-00 00:00:00', 2, 4, '243|27|||'),
(351, 4, 3, 5, 'TRIMESTRAL', 171694.00, '0000-00-00 00:00:00', 2, 4, '261|45|||'),
(352, 4, 4, 5, 'TRIMESTRAL', 60298.00, '0000-00-00 00:00:00', 2, 4, '279|63|||'),
(353, 4, 5, 5, 'TRIMESTRAL', 0.00, '0000-00-00 00:00:00', 2, 4, '297|81|||'),
(354, 4, 6, 5, 'TRIMESTRAL', 42968.00, '0000-00-00 00:00:00', 2, 4, '315|99|||'),
(355, 4, 1, 6, 'TRIMESTRAL', 323310.00, '0000-00-00 00:00:00', 2, 4, '226|10|||'),
(356, 4, 2, 6, 'TRIMESTRAL', 227685.00, '0000-00-00 00:00:00', 2, 4, '244|28|||'),
(357, 4, 3, 6, 'TRIMESTRAL', 194699.00, '0000-00-00 00:00:00', 2, 4, '262|46|||'),
(358, 4, 4, 6, 'TRIMESTRAL', 71891.00, '0000-00-00 00:00:00', 2, 4, '280|64|||'),
(359, 4, 5, 6, 'TRIMESTRAL', 0.00, '0000-00-00 00:00:00', 2, 4, '298|82|||'),
(360, 4, 6, 6, 'TRIMESTRAL', 54256.00, '0000-00-00 00:00:00', 2, 4, '316|100|||'),
(361, 4, 1, 7, 'TRIMESTRAL', 302521.00, '0000-00-00 00:00:00', 2, 4, '227|11|||'),
(362, 4, 2, 7, 'TRIMESTRAL', 211603.00, '0000-00-00 00:00:00', 2, 4, '245|29|||'),
(363, 4, 3, 7, 'TRIMESTRAL', 175379.00, '0000-00-00 00:00:00', 2, 4, '263|47|||'),
(364, 4, 4, 7, 'TRIMESTRAL', 59426.00, '0000-00-00 00:00:00', 2, 4, '281|65|||'),
(365, 4, 5, 7, 'TRIMESTRAL', 0.00, '0000-00-00 00:00:00', 2, 4, '299|83|||'),
(366, 4, 6, 7, 'TRIMESTRAL', 53014.00, '0000-00-00 00:00:00', 2, 4, '317|101|||'),
(367, 4, 1, 8, 'TRIMESTRAL', 395808.00, '0000-00-00 00:00:00', 2, 4, '228|12|||'),
(368, 4, 2, 8, 'TRIMESTRAL', 276250.00, '0000-00-00 00:00:00', 2, 4, '246|30|||'),
(369, 4, 3, 8, 'TRIMESTRAL', 240846.00, '0000-00-00 00:00:00', 2, 4, '264|48|||'),
(370, 4, 4, 8, 'TRIMESTRAL', 83423.00, '0000-00-00 00:00:00', 2, 4, '282|66|||'),
(371, 4, 5, 8, 'TRIMESTRAL', 104093.00, '0000-00-00 00:00:00', 2, 4, '300|84|||'),
(372, 4, 6, 8, 'TRIMESTRAL', 77275.00, '0000-00-00 00:00:00', 2, 4, '318|102|||'),
(373, 4, 1, 9, 'TRIMESTRAL', 332573.00, '0000-00-00 00:00:00', 2, 4, '229|13|||'),
(374, 4, 2, 9, 'TRIMESTRAL', 243088.00, '0000-00-00 00:00:00', 2, 4, '247|31|||'),
(375, 4, 3, 9, 'TRIMESTRAL', 181959.00, '0000-00-00 00:00:00', 2, 4, '265|49|||'),
(376, 4, 4, 9, 'TRIMESTRAL', 68002.00, '0000-00-00 00:00:00', 2, 4, '283|67|||'),
(377, 4, 5, 9, 'TRIMESTRAL', 74686.00, '0000-00-00 00:00:00', 2, 4, '301|85|||'),
(378, 4, 6, 9, 'TRIMESTRAL', 52444.00, '0000-00-00 00:00:00', 2, 4, '319|103|||'),
(379, 4, 1, 10, 'TRIMESTRAL', 343868.00, '0000-00-00 00:00:00', 2, 4, '230|14|||'),
(380, 4, 2, 10, 'TRIMESTRAL', 268116.00, '0000-00-00 00:00:00', 2, 4, '248|32|||'),
(381, 4, 3, 10, 'TRIMESTRAL', 196529.00, '0000-00-00 00:00:00', 2, 4, '266|50|||'),
(382, 4, 4, 10, 'TRIMESTRAL', 72012.00, '0000-00-00 00:00:00', 2, 4, '284|68|||'),
(383, 4, 5, 10, 'TRIMESTRAL', 85098.00, '0000-00-00 00:00:00', 2, 4, '302|86|||'),
(384, 4, 6, 10, 'TRIMESTRAL', 62514.00, '0000-00-00 00:00:00', 2, 4, '320|104|||'),
(385, 4, 1, 11, 'TRIMESTRAL', 321947.00, '0000-00-00 00:00:00', 2, 4, '231|15|||'),
(386, 4, 2, 11, 'TRIMESTRAL', 260445.00, '0000-00-00 00:00:00', 2, 4, '249|33|||'),
(387, 4, 3, 11, 'TRIMESTRAL', 189933.00, '0000-00-00 00:00:00', 2, 4, '267|51|||'),
(388, 4, 4, 11, 'TRIMESTRAL', 71332.00, '0000-00-00 00:00:00', 2, 4, '285|69|||'),
(389, 4, 5, 11, 'TRIMESTRAL', 80213.00, '0000-00-00 00:00:00', 2, 4, '303|87|||'),
(390, 4, 6, 11, 'TRIMESTRAL', 58831.00, '0000-00-00 00:00:00', 2, 4, '321|105|||'),
(391, 4, 1, 12, 'TRIMESTRAL', 419376.00, '0000-00-00 00:00:00', 2, 4, '232|16|||'),
(392, 4, 2, 12, 'TRIMESTRAL', 338153.00, '0000-00-00 00:00:00', 2, 4, '250|34|||'),
(393, 4, 3, 12, 'TRIMESTRAL', 261697.00, '0000-00-00 00:00:00', 2, 4, '268|52|||'),
(394, 4, 4, 12, 'TRIMESTRAL', 95113.00, '0000-00-00 00:00:00', 2, 4, '286|70|||'),
(395, 4, 5, 12, 'TRIMESTRAL', 111933.00, '0000-00-00 00:00:00', 2, 4, '304|88|||'),
(396, 4, 6, 12, 'TRIMESTRAL', 80041.00, '0000-00-00 00:00:00', 2, 4, '322|106|||'),
(397, 4, 1, 13, 'TRIMESTRAL', 233542.00, '0000-00-00 00:00:00', 2, 4, '217|1|||'),
(398, 4, 2, 13, 'TRIMESTRAL', 167280.00, '0000-00-00 00:00:00', 2, 4, '235|19|||'),
(399, 4, 3, 13, 'TRIMESTRAL', 153558.00, '0000-00-00 00:00:00', 2, 4, '253|37|||'),
(400, 4, 4, 13, 'TRIMESTRAL', 0.00, '0000-00-00 00:00:00', 2, 4, '271|55|||'),
(401, 4, 5, 13, 'TRIMESTRAL', 0.00, '0000-00-00 00:00:00', 2, 4, '289|73|||'),
(402, 4, 6, 13, 'TRIMESTRAL', 29510.00, '0000-00-00 00:00:00', 2, 4, '307|91|||'),
(403, 4, 1, 14, 'TRIMESTRAL', 254770.00, '0000-00-00 00:00:00', 2, 4, '218|2|||'),
(404, 4, 2, 14, 'TRIMESTRAL', 177713.00, '0000-00-00 00:00:00', 2, 4, '236|20|||'),
(405, 4, 3, 14, 'TRIMESTRAL', 163183.00, '0000-00-00 00:00:00', 2, 4, '254|38|||'),
(406, 4, 4, 14, 'TRIMESTRAL', 0.00, '0000-00-00 00:00:00', 2, 4, '272|56|||'),
(407, 4, 5, 14, 'TRIMESTRAL', 0.00, '0000-00-00 00:00:00', 2, 4, '290|74|||'),
(408, 4, 6, 14, 'TRIMESTRAL', 35315.00, '0000-00-00 00:00:00', 2, 4, '308|92|||'),
(409, 4, 1, 15, 'TRIMESTRAL', 246158.00, '0000-00-00 00:00:00', 2, 4, '219|3|||'),
(410, 4, 2, 15, 'TRIMESTRAL', 168046.00, '0000-00-00 00:00:00', 2, 4, '237|21|||'),
(411, 4, 3, 15, 'TRIMESTRAL', 149899.00, '0000-00-00 00:00:00', 2, 4, '255|39|||'),
(412, 4, 4, 15, 'TRIMESTRAL', 0.00, '0000-00-00 00:00:00', 2, 4, '273|57|||'),
(413, 4, 5, 15, 'TRIMESTRAL', 0.00, '0000-00-00 00:00:00', 2, 4, '291|75|||'),
(414, 4, 6, 15, 'TRIMESTRAL', 32630.00, '0000-00-00 00:00:00', 2, 4, '309|93|||'),
(415, 4, 1, 16, 'TRIMESTRAL', 313263.00, '0000-00-00 00:00:00', 2, 4, '220|4|||'),
(416, 4, 2, 16, 'TRIMESTRAL', 232725.00, '0000-00-00 00:00:00', 2, 4, '238|22|||'),
(417, 4, 3, 16, 'TRIMESTRAL', 204105.00, '0000-00-00 00:00:00', 2, 4, '256|40|||'),
(418, 4, 4, 16, 'TRIMESTRAL', 0.00, '0000-00-00 00:00:00', 2, 4, '274|58|||'),
(419, 4, 5, 16, 'TRIMESTRAL', 0.00, '0000-00-00 00:00:00', 2, 4, '292|76|||'),
(420, 4, 6, 16, 'TRIMESTRAL', 48906.00, '0000-00-00 00:00:00', 2, 4, '310|94|||'),
(421, 4, 1, 28, 'TRIMESTRAL', 340662.00, '0000-00-00 00:00:00', 2, 4, '233|17|||'),
(422, 4, 2, 28, 'TRIMESTRAL', 259031.00, '0000-00-00 00:00:00', 2, 4, '251|35|||'),
(423, 4, 3, 28, 'TRIMESTRAL', 185161.00, '0000-00-00 00:00:00', 2, 4, '269|53|||'),
(424, 4, 4, 28, 'TRIMESTRAL', 75063.00, '0000-00-00 00:00:00', 2, 4, '287|71|||'),
(425, 4, 5, 28, 'TRIMESTRAL', 82991.00, '0000-00-00 00:00:00', 2, 4, '305|89|||'),
(426, 4, 6, 28, 'TRIMESTRAL', 54081.00, '0000-00-00 00:00:00', 2, 4, '323|107|||'),
(427, 4, 1, 29, 'TRIMESTRAL', 366736.00, '0000-00-00 00:00:00', 2, 4, '234|18|||'),
(428, 4, 2, 29, 'TRIMESTRAL', 283857.00, '0000-00-00 00:00:00', 2, 4, '252|36|||'),
(429, 4, 3, 29, 'TRIMESTRAL', 201353.00, '0000-00-00 00:00:00', 2, 4, '270|54|||'),
(430, 4, 4, 29, 'TRIMESTRAL', 91066.00, '0000-00-00 00:00:00', 2, 4, '288|72|||'),
(431, 4, 5, 29, 'TRIMESTRAL', 97676.00, '0000-00-00 00:00:00', 2, 4, '306|90|||'),
(432, 4, 6, 29, 'TRIMESTRAL', 66458.00, '0000-00-00 00:00:00', 2, 4, '324|108|||'),
(433, 4, 1, 30, 'TRIMESTRAL', 0.00, '0000-00-00 00:00:00', 2, 4, '||||'),
(434, 4, 2, 30, 'TRIMESTRAL', 0.00, '0000-00-00 00:00:00', 2, 4, '||||'),
(435, 4, 3, 30, 'TRIMESTRAL', 0.00, '0000-00-00 00:00:00', 2, 4, '||||'),
(436, 4, 4, 30, 'TRIMESTRAL', 0.00, '0000-00-00 00:00:00', 2, 4, '||||'),
(437, 4, 5, 30, 'TRIMESTRAL', 0.00, '0000-00-00 00:00:00', 2, 4, '||||'),
(438, 4, 6, 30, 'TRIMESTRAL', 0.00, '0000-00-00 00:00:00', 2, 4, '||||'),
(439, 4, 1, 31, 'TRIMESTRAL', 0.00, '0000-00-00 00:00:00', 2, 4, '||||'),
(440, 4, 2, 31, 'TRIMESTRAL', 0.00, '0000-00-00 00:00:00', 2, 4, '||||'),
(441, 4, 3, 31, 'TRIMESTRAL', 0.00, '0000-00-00 00:00:00', 2, 4, '||||'),
(442, 4, 4, 31, 'TRIMESTRAL', 0.00, '0000-00-00 00:00:00', 2, 4, '||||'),
(443, 4, 5, 31, 'TRIMESTRAL', 0.00, '0000-00-00 00:00:00', 2, 4, '||||'),
(444, 4, 6, 31, 'TRIMESTRAL', 0.00, '0000-00-00 00:00:00', 2, 4, '||||'),
(445, 4, 1, 32, 'TRIMESTRAL', 0.00, '0000-00-00 00:00:00', 2, 4, '||||'),
(446, 4, 2, 32, 'TRIMESTRAL', 0.00, '0000-00-00 00:00:00', 2, 4, '||||'),
(447, 4, 3, 32, 'TRIMESTRAL', 0.00, '0000-00-00 00:00:00', 2, 4, '||||'),
(448, 4, 4, 32, 'TRIMESTRAL', 0.00, '0000-00-00 00:00:00', 2, 4, '||||'),
(449, 4, 5, 32, 'TRIMESTRAL', 0.00, '0000-00-00 00:00:00', 2, 4, '||||'),
(450, 4, 6, 32, 'TRIMESTRAL', 0.00, '0000-00-00 00:00:00', 2, 4, '||||'),
(451, 4, 1, 33, 'TRIMESTRAL', 0.00, '0000-00-00 00:00:00', 2, 4, '||||'),
(452, 4, 2, 33, 'TRIMESTRAL', 0.00, '0000-00-00 00:00:00', 2, 4, '||||'),
(453, 4, 3, 33, 'TRIMESTRAL', 0.00, '0000-00-00 00:00:00', 2, 4, '||||'),
(454, 4, 4, 33, 'TRIMESTRAL', 0.00, '0000-00-00 00:00:00', 2, 4, '||||'),
(455, 4, 5, 33, 'TRIMESTRAL', 0.00, '0000-00-00 00:00:00', 2, 4, '||||'),
(456, 4, 6, 33, 'TRIMESTRAL', 0.00, '0000-00-00 00:00:00', 2, 4, '||||'),
(457, 4, 1, 34, 'TRIMESTRAL', 0.00, '0000-00-00 00:00:00', 2, 4, '||||'),
(458, 4, 2, 34, 'TRIMESTRAL', 0.00, '0000-00-00 00:00:00', 2, 4, '||||'),
(459, 4, 3, 34, 'TRIMESTRAL', 0.00, '0000-00-00 00:00:00', 2, 4, '||||'),
(460, 4, 4, 34, 'TRIMESTRAL', 0.00, '0000-00-00 00:00:00', 2, 4, '||||'),
(461, 4, 5, 34, 'TRIMESTRAL', 0.00, '0000-00-00 00:00:00', 2, 4, '||||'),
(462, 4, 6, 34, 'TRIMESTRAL', 0.00, '0000-00-00 00:00:00', 2, 4, '||||'),
(463, 4, 1, 35, 'TRIMESTRAL', 0.00, '0000-00-00 00:00:00', 2, 4, '||||'),
(464, 4, 2, 35, 'TRIMESTRAL', 0.00, '0000-00-00 00:00:00', 2, 4, '||||'),
(465, 4, 3, 35, 'TRIMESTRAL', 0.00, '0000-00-00 00:00:00', 2, 4, '||||'),
(466, 4, 4, 35, 'TRIMESTRAL', 0.00, '0000-00-00 00:00:00', 2, 4, '||||'),
(467, 4, 5, 35, 'TRIMESTRAL', 0.00, '0000-00-00 00:00:00', 2, 4, '||||'),
(468, 4, 6, 35, 'TRIMESTRAL', 0.00, '0000-00-00 00:00:00', 2, 4, '||||'),
(469, 4, 1, 1, 'TRIMESTRAL', 0.00, '1900-01-01 00:00:00', 1, 0, NULL),
(470, 4, 2, 1, 'TRIMESTRAL', 0.00, '1900-01-01 00:00:00', 1, 0, NULL),
(471, 4, 3, 1, 'TRIMESTRAL', 0.00, '1900-01-01 00:00:00', 1, 0, NULL),
(472, 4, 4, 1, 'TRIMESTRAL', 0.00, '1900-01-01 00:00:00', 1, 0, NULL),
(473, 4, 5, 1, 'TRIMESTRAL', 0.00, '1900-01-01 00:00:00', 1, 0, NULL),
(474, 4, 6, 1, 'TRIMESTRAL', 0.00, '1900-01-01 00:00:00', 1, 0, NULL),
(475, 4, 1, 2, 'TRIMESTRAL', 0.00, '1900-01-01 00:00:00', 1, 0, NULL),
(476, 4, 2, 2, 'TRIMESTRAL', 0.00, '1900-01-01 00:00:00', 1, 0, NULL),
(477, 4, 3, 2, 'TRIMESTRAL', 0.00, '1900-01-01 00:00:00', 1, 0, NULL),
(478, 4, 4, 2, 'TRIMESTRAL', 0.00, '1900-01-01 00:00:00', 1, 0, NULL),
(479, 4, 5, 2, 'TRIMESTRAL', 0.00, '1900-01-01 00:00:00', 1, 0, NULL),
(480, 4, 6, 2, 'TRIMESTRAL', 0.00, '1900-01-01 00:00:00', 1, 0, NULL),
(481, 4, 1, 3, 'TRIMESTRAL', 0.00, '1900-01-01 00:00:00', 1, 0, NULL),
(482, 4, 2, 3, 'TRIMESTRAL', 0.00, '1900-01-01 00:00:00', 1, 0, NULL),
(483, 4, 3, 3, 'TRIMESTRAL', 0.00, '1900-01-01 00:00:00', 1, 0, NULL),
(484, 4, 4, 3, 'TRIMESTRAL', 0.00, '1900-01-01 00:00:00', 1, 0, NULL),
(485, 4, 5, 3, 'TRIMESTRAL', 0.00, '1900-01-01 00:00:00', 1, 0, NULL),
(486, 4, 6, 3, 'TRIMESTRAL', 0.00, '1900-01-01 00:00:00', 1, 0, NULL),
(487, 4, 1, 4, 'TRIMESTRAL', 0.00, '1900-01-01 00:00:00', 1, 0, NULL),
(488, 4, 2, 4, 'TRIMESTRAL', 0.00, '1900-01-01 00:00:00', 1, 0, NULL),
(489, 4, 3, 4, 'TRIMESTRAL', 0.00, '1900-01-01 00:00:00', 1, 0, NULL),
(490, 4, 4, 4, 'TRIMESTRAL', 0.00, '1900-01-01 00:00:00', 1, 0, NULL),
(491, 4, 5, 4, 'TRIMESTRAL', 0.00, '1900-01-01 00:00:00', 1, 0, NULL),
(492, 4, 6, 4, 'TRIMESTRAL', 0.00, '1900-01-01 00:00:00', 1, 0, NULL),
(493, 4, 1, 5, 'TRIMESTRAL', 0.00, '1900-01-01 00:00:00', 1, 0, NULL),
(494, 4, 2, 5, 'TRIMESTRAL', 0.00, '1900-01-01 00:00:00', 1, 0, NULL),
(495, 4, 3, 5, 'TRIMESTRAL', 0.00, '1900-01-01 00:00:00', 1, 0, NULL),
(496, 4, 4, 5, 'TRIMESTRAL', 0.00, '1900-01-01 00:00:00', 1, 0, NULL),
(497, 4, 5, 5, 'TRIMESTRAL', 0.00, '1900-01-01 00:00:00', 1, 0, NULL),
(498, 4, 6, 5, 'TRIMESTRAL', 0.00, '1900-01-01 00:00:00', 1, 0, NULL),
(499, 4, 1, 6, 'TRIMESTRAL', 0.00, '1900-01-01 00:00:00', 1, 0, NULL),
(500, 4, 2, 6, 'TRIMESTRAL', 0.00, '1900-01-01 00:00:00', 1, 0, NULL),
(501, 4, 3, 6, 'TRIMESTRAL', 0.00, '1900-01-01 00:00:00', 1, 0, NULL),
(502, 4, 4, 6, 'TRIMESTRAL', 0.00, '1900-01-01 00:00:00', 1, 0, NULL),
(503, 4, 5, 6, 'TRIMESTRAL', 0.00, '1900-01-01 00:00:00', 1, 0, NULL),
(504, 4, 6, 6, 'TRIMESTRAL', 0.00, '1900-01-01 00:00:00', 1, 0, NULL),
(505, 4, 1, 7, 'TRIMESTRAL', 0.00, '1900-01-01 00:00:00', 1, 0, NULL),
(506, 4, 2, 7, 'TRIMESTRAL', 0.00, '1900-01-01 00:00:00', 1, 0, NULL),
(507, 4, 3, 7, 'TRIMESTRAL', 0.00, '1900-01-01 00:00:00', 1, 0, NULL),
(508, 4, 4, 7, 'TRIMESTRAL', 0.00, '1900-01-01 00:00:00', 1, 0, NULL),
(509, 4, 5, 7, 'TRIMESTRAL', 0.00, '1900-01-01 00:00:00', 1, 0, NULL),
(510, 4, 6, 7, 'TRIMESTRAL', 0.00, '1900-01-01 00:00:00', 1, 0, NULL),
(511, 4, 1, 8, 'TRIMESTRAL', 0.00, '1900-01-01 00:00:00', 1, 0, NULL),
(512, 4, 2, 8, 'TRIMESTRAL', 0.00, '1900-01-01 00:00:00', 1, 0, NULL),
(513, 4, 3, 8, 'TRIMESTRAL', 0.00, '1900-01-01 00:00:00', 1, 0, NULL),
(514, 4, 4, 8, 'TRIMESTRAL', 0.00, '1900-01-01 00:00:00', 1, 0, NULL),
(515, 4, 5, 8, 'TRIMESTRAL', 0.00, '1900-01-01 00:00:00', 1, 0, NULL),
(516, 4, 6, 8, 'TRIMESTRAL', 0.00, '1900-01-01 00:00:00', 1, 0, NULL),
(517, 4, 1, 9, 'TRIMESTRAL', 0.00, '1900-01-01 00:00:00', 1, 0, NULL),
(518, 4, 2, 9, 'TRIMESTRAL', 0.00, '1900-01-01 00:00:00', 1, 0, NULL),
(519, 4, 3, 9, 'TRIMESTRAL', 0.00, '1900-01-01 00:00:00', 1, 0, NULL),
(520, 4, 4, 9, 'TRIMESTRAL', 0.00, '1900-01-01 00:00:00', 1, 0, NULL),
(521, 4, 5, 9, 'TRIMESTRAL', 0.00, '1900-01-01 00:00:00', 1, 0, NULL),
(522, 4, 6, 9, 'TRIMESTRAL', 0.00, '1900-01-01 00:00:00', 1, 0, NULL),
(523, 4, 1, 10, 'TRIMESTRAL', 0.00, '1900-01-01 00:00:00', 1, 0, NULL),
(524, 4, 2, 10, 'TRIMESTRAL', 0.00, '1900-01-01 00:00:00', 1, 0, NULL),
(525, 4, 3, 10, 'TRIMESTRAL', 0.00, '1900-01-01 00:00:00', 1, 0, NULL),
(526, 4, 4, 10, 'TRIMESTRAL', 0.00, '1900-01-01 00:00:00', 1, 0, NULL),
(527, 4, 5, 10, 'TRIMESTRAL', 0.00, '1900-01-01 00:00:00', 1, 0, NULL),
(528, 4, 6, 10, 'TRIMESTRAL', 0.00, '1900-01-01 00:00:00', 1, 0, NULL),
(529, 4, 1, 11, 'TRIMESTRAL', 0.00, '1900-01-01 00:00:00', 1, 0, NULL),
(530, 4, 2, 11, 'TRIMESTRAL', 0.00, '1900-01-01 00:00:00', 1, 0, NULL),
(531, 4, 3, 11, 'TRIMESTRAL', 0.00, '1900-01-01 00:00:00', 1, 0, NULL),
(532, 4, 4, 11, 'TRIMESTRAL', 0.00, '1900-01-01 00:00:00', 1, 0, NULL),
(533, 4, 5, 11, 'TRIMESTRAL', 0.00, '1900-01-01 00:00:00', 1, 0, NULL),
(534, 4, 6, 11, 'TRIMESTRAL', 0.00, '1900-01-01 00:00:00', 1, 0, NULL),
(535, 4, 1, 12, 'TRIMESTRAL', 0.00, '1900-01-01 00:00:00', 1, 0, NULL),
(536, 4, 2, 12, 'TRIMESTRAL', 0.00, '1900-01-01 00:00:00', 1, 0, NULL),
(537, 4, 3, 12, 'TRIMESTRAL', 0.00, '1900-01-01 00:00:00', 1, 0, NULL),
(538, 4, 4, 12, 'TRIMESTRAL', 0.00, '1900-01-01 00:00:00', 1, 0, NULL),
(539, 4, 5, 12, 'TRIMESTRAL', 0.00, '1900-01-01 00:00:00', 1, 0, NULL),
(540, 4, 6, 12, 'TRIMESTRAL', 0.00, '1900-01-01 00:00:00', 1, 0, NULL),
(541, 4, 1, 13, 'TRIMESTRAL', 0.00, '1900-01-01 00:00:00', 1, 0, NULL),
(542, 4, 2, 13, 'TRIMESTRAL', 0.00, '1900-01-01 00:00:00', 1, 0, NULL),
(543, 4, 3, 13, 'TRIMESTRAL', 0.00, '1900-01-01 00:00:00', 1, 0, NULL),
(544, 4, 4, 13, 'TRIMESTRAL', 0.00, '1900-01-01 00:00:00', 1, 0, NULL),
(545, 4, 5, 13, 'TRIMESTRAL', 0.00, '1900-01-01 00:00:00', 1, 0, NULL),
(546, 4, 6, 13, 'TRIMESTRAL', 0.00, '1900-01-01 00:00:00', 1, 0, NULL),
(547, 4, 1, 14, 'TRIMESTRAL', 0.00, '1900-01-01 00:00:00', 1, 0, NULL),
(548, 4, 2, 14, 'TRIMESTRAL', 0.00, '1900-01-01 00:00:00', 1, 0, NULL),
(549, 4, 3, 14, 'TRIMESTRAL', 0.00, '1900-01-01 00:00:00', 1, 0, NULL),
(550, 4, 4, 14, 'TRIMESTRAL', 0.00, '1900-01-01 00:00:00', 1, 0, NULL),
(551, 4, 5, 14, 'TRIMESTRAL', 0.00, '1900-01-01 00:00:00', 1, 0, NULL),
(552, 4, 6, 14, 'TRIMESTRAL', 0.00, '1900-01-01 00:00:00', 1, 0, NULL),
(553, 4, 1, 15, 'TRIMESTRAL', 0.00, '1900-01-01 00:00:00', 1, 0, NULL),
(554, 4, 2, 15, 'TRIMESTRAL', 0.00, '1900-01-01 00:00:00', 1, 0, NULL),
(555, 4, 3, 15, 'TRIMESTRAL', 0.00, '1900-01-01 00:00:00', 1, 0, NULL),
(556, 4, 4, 15, 'TRIMESTRAL', 0.00, '1900-01-01 00:00:00', 1, 0, NULL),
(557, 4, 5, 15, 'TRIMESTRAL', 0.00, '1900-01-01 00:00:00', 1, 0, NULL),
(558, 4, 6, 15, 'TRIMESTRAL', 0.00, '1900-01-01 00:00:00', 1, 0, NULL),
(559, 4, 1, 16, 'TRIMESTRAL', 0.00, '1900-01-01 00:00:00', 1, 0, NULL),
(560, 4, 2, 16, 'TRIMESTRAL', 0.00, '1900-01-01 00:00:00', 1, 0, NULL),
(561, 4, 3, 16, 'TRIMESTRAL', 0.00, '1900-01-01 00:00:00', 1, 0, NULL),
(562, 4, 4, 16, 'TRIMESTRAL', 0.00, '1900-01-01 00:00:00', 1, 0, NULL),
(563, 4, 5, 16, 'TRIMESTRAL', 0.00, '1900-01-01 00:00:00', 1, 0, NULL),
(564, 4, 6, 16, 'TRIMESTRAL', 0.00, '1900-01-01 00:00:00', 1, 0, NULL),
(565, 4, 1, 28, 'TRIMESTRAL', 0.00, '1900-01-01 00:00:00', 1, 0, NULL),
(566, 4, 2, 28, 'TRIMESTRAL', 0.00, '1900-01-01 00:00:00', 1, 0, NULL),
(567, 4, 3, 28, 'TRIMESTRAL', 0.00, '1900-01-01 00:00:00', 1, 0, NULL),
(568, 4, 4, 28, 'TRIMESTRAL', 0.00, '1900-01-01 00:00:00', 1, 0, NULL),
(569, 4, 5, 28, 'TRIMESTRAL', 0.00, '1900-01-01 00:00:00', 1, 0, NULL),
(570, 4, 6, 28, 'TRIMESTRAL', 0.00, '1900-01-01 00:00:00', 1, 0, NULL),
(571, 4, 1, 29, 'TRIMESTRAL', 0.00, '1900-01-01 00:00:00', 1, 0, NULL),
(572, 4, 2, 29, 'TRIMESTRAL', 0.00, '1900-01-01 00:00:00', 1, 0, NULL),
(573, 4, 3, 29, 'TRIMESTRAL', 0.00, '1900-01-01 00:00:00', 1, 0, NULL),
(574, 4, 4, 29, 'TRIMESTRAL', 0.00, '1900-01-01 00:00:00', 1, 0, NULL),
(575, 4, 5, 29, 'TRIMESTRAL', 0.00, '1900-01-01 00:00:00', 1, 0, NULL),
(576, 4, 6, 29, 'TRIMESTRAL', 0.00, '1900-01-01 00:00:00', 1, 0, NULL),
(577, 4, 1, 30, 'TRIMESTRAL', 0.00, '1900-01-01 00:00:00', 1, 0, NULL),
(578, 4, 2, 30, 'TRIMESTRAL', 0.00, '1900-01-01 00:00:00', 1, 0, NULL),
(579, 4, 3, 30, 'TRIMESTRAL', 0.00, '1900-01-01 00:00:00', 1, 0, NULL),
(580, 4, 4, 30, 'TRIMESTRAL', 0.00, '1900-01-01 00:00:00', 1, 0, NULL),
(581, 4, 5, 30, 'TRIMESTRAL', 0.00, '1900-01-01 00:00:00', 1, 0, NULL),
(582, 4, 6, 30, 'TRIMESTRAL', 0.00, '1900-01-01 00:00:00', 1, 0, NULL),
(583, 4, 1, 31, 'TRIMESTRAL', 0.00, '1900-01-01 00:00:00', 1, 0, NULL),
(584, 4, 2, 31, 'TRIMESTRAL', 0.00, '1900-01-01 00:00:00', 1, 0, NULL),
(585, 4, 3, 31, 'TRIMESTRAL', 0.00, '1900-01-01 00:00:00', 1, 0, NULL),
(586, 4, 4, 31, 'TRIMESTRAL', 0.00, '1900-01-01 00:00:00', 1, 0, NULL),
(587, 4, 5, 31, 'TRIMESTRAL', 0.00, '1900-01-01 00:00:00', 1, 0, NULL),
(588, 4, 6, 31, 'TRIMESTRAL', 0.00, '1900-01-01 00:00:00', 1, 0, NULL),
(589, 4, 1, 32, 'TRIMESTRAL', 0.00, '1900-01-01 00:00:00', 1, 0, NULL),
(590, 4, 2, 32, 'TRIMESTRAL', 0.00, '1900-01-01 00:00:00', 1, 0, NULL),
(591, 4, 3, 32, 'TRIMESTRAL', 0.00, '1900-01-01 00:00:00', 1, 0, NULL),
(592, 4, 4, 32, 'TRIMESTRAL', 0.00, '1900-01-01 00:00:00', 1, 0, NULL),
(593, 4, 5, 32, 'TRIMESTRAL', 0.00, '1900-01-01 00:00:00', 1, 0, NULL),
(594, 4, 6, 32, 'TRIMESTRAL', 0.00, '1900-01-01 00:00:00', 1, 0, NULL),
(595, 4, 1, 33, 'TRIMESTRAL', 0.00, '1900-01-01 00:00:00', 1, 0, NULL),
(596, 4, 2, 33, 'TRIMESTRAL', 0.00, '1900-01-01 00:00:00', 1, 0, NULL),
(597, 4, 3, 33, 'TRIMESTRAL', 0.00, '1900-01-01 00:00:00', 1, 0, NULL),
(598, 4, 4, 33, 'TRIMESTRAL', 0.00, '1900-01-01 00:00:00', 1, 0, NULL),
(599, 4, 5, 33, 'TRIMESTRAL', 0.00, '1900-01-01 00:00:00', 1, 0, NULL),
(600, 4, 6, 33, 'TRIMESTRAL', 0.00, '1900-01-01 00:00:00', 1, 0, NULL),
(601, 4, 1, 34, 'TRIMESTRAL', 0.00, '1900-01-01 00:00:00', 1, 0, NULL),
(602, 4, 2, 34, 'TRIMESTRAL', 0.00, '1900-01-01 00:00:00', 1, 0, NULL),
(603, 4, 3, 34, 'TRIMESTRAL', 0.00, '1900-01-01 00:00:00', 1, 0, NULL),
(604, 4, 4, 34, 'TRIMESTRAL', 0.00, '1900-01-01 00:00:00', 1, 0, NULL),
(605, 4, 5, 34, 'TRIMESTRAL', 0.00, '1900-01-01 00:00:00', 1, 0, NULL),
(606, 4, 6, 34, 'TRIMESTRAL', 0.00, '1900-01-01 00:00:00', 1, 0, NULL),
(607, 4, 1, 35, 'TRIMESTRAL', 0.00, '1900-01-01 00:00:00', 1, 0, NULL),
(608, 4, 2, 35, 'TRIMESTRAL', 0.00, '1900-01-01 00:00:00', 1, 0, NULL),
(609, 4, 3, 35, 'TRIMESTRAL', 0.00, '1900-01-01 00:00:00', 1, 0, NULL),
(610, 4, 4, 35, 'TRIMESTRAL', 0.00, '1900-01-01 00:00:00', 1, 0, NULL),
(611, 4, 5, 35, 'TRIMESTRAL', 0.00, '1900-01-01 00:00:00', 1, 0, NULL),
(612, 4, 6, 35, 'TRIMESTRAL', 0.00, '1900-01-01 00:00:00', 1, 0, NULL),
(724, 5, 1, 1, 'TRIMESTRAL', 0.00, '1900-01-01 00:00:00', 1, 0, NULL),
(725, 5, 2, 1, 'TRIMESTRAL', 0.00, '1900-01-01 00:00:00', 1, 0, NULL),
(726, 5, 3, 1, 'TRIMESTRAL', 0.00, '1900-01-01 00:00:00', 1, 0, NULL),
(727, 5, 4, 1, 'TRIMESTRAL', 0.00, '1900-01-01 00:00:00', 1, 0, NULL),
(728, 5, 5, 1, 'TRIMESTRAL', 0.00, '1900-01-01 00:00:00', 1, 0, NULL),
(729, 5, 6, 1, 'TRIMESTRAL', 0.00, '1900-01-01 00:00:00', 1, 0, NULL),
(730, 5, 1, 2, 'TRIMESTRAL', 0.00, '1900-01-01 00:00:00', 1, 0, NULL),
(731, 5, 2, 2, 'TRIMESTRAL', 0.00, '1900-01-01 00:00:00', 1, 0, NULL),
(732, 5, 3, 2, 'TRIMESTRAL', 0.00, '1900-01-01 00:00:00', 1, 0, NULL),
(733, 5, 4, 2, 'TRIMESTRAL', 0.00, '1900-01-01 00:00:00', 1, 0, NULL),
(734, 5, 5, 2, 'TRIMESTRAL', 0.00, '1900-01-01 00:00:00', 1, 0, NULL),
(735, 5, 6, 2, 'TRIMESTRAL', 0.00, '1900-01-01 00:00:00', 1, 0, NULL),
(736, 5, 1, 3, 'TRIMESTRAL', 0.00, '1900-01-01 00:00:00', 1, 0, NULL),
(737, 5, 2, 3, 'TRIMESTRAL', 0.00, '1900-01-01 00:00:00', 1, 0, NULL),
(738, 5, 3, 3, 'TRIMESTRAL', 0.00, '1900-01-01 00:00:00', 1, 0, NULL),
(739, 5, 4, 3, 'TRIMESTRAL', 0.00, '1900-01-01 00:00:00', 1, 0, NULL),
(740, 5, 5, 3, 'TRIMESTRAL', 0.00, '1900-01-01 00:00:00', 1, 0, NULL),
(741, 5, 6, 3, 'TRIMESTRAL', 0.00, '1900-01-01 00:00:00', 1, 0, NULL),
(742, 5, 1, 4, 'TRIMESTRAL', 0.00, '1900-01-01 00:00:00', 1, 0, NULL),
(743, 5, 2, 4, 'TRIMESTRAL', 0.00, '1900-01-01 00:00:00', 1, 0, NULL),
(744, 5, 3, 4, 'TRIMESTRAL', 0.00, '1900-01-01 00:00:00', 1, 0, NULL),
(745, 5, 4, 4, 'TRIMESTRAL', 0.00, '1900-01-01 00:00:00', 1, 0, NULL),
(746, 5, 5, 4, 'TRIMESTRAL', 0.00, '1900-01-01 00:00:00', 1, 0, NULL),
(747, 5, 6, 4, 'TRIMESTRAL', 0.00, '1900-01-01 00:00:00', 1, 0, NULL),
(748, 5, 1, 5, 'TRIMESTRAL', 0.00, '1900-01-01 00:00:00', 1, 0, NULL),
(749, 5, 2, 5, 'TRIMESTRAL', 0.00, '1900-01-01 00:00:00', 1, 0, NULL),
(750, 5, 3, 5, 'TRIMESTRAL', 0.00, '1900-01-01 00:00:00', 1, 0, NULL),
(751, 5, 4, 5, 'TRIMESTRAL', 0.00, '1900-01-01 00:00:00', 1, 0, NULL),
(752, 5, 5, 5, 'TRIMESTRAL', 0.00, '1900-01-01 00:00:00', 1, 0, NULL),
(753, 5, 6, 5, 'TRIMESTRAL', 0.00, '1900-01-01 00:00:00', 1, 0, NULL),
(754, 5, 1, 6, 'TRIMESTRAL', 0.00, '1900-01-01 00:00:00', 1, 0, NULL),
(755, 5, 2, 6, 'TRIMESTRAL', 0.00, '1900-01-01 00:00:00', 1, 0, NULL),
(756, 5, 3, 6, 'TRIMESTRAL', 0.00, '1900-01-01 00:00:00', 1, 0, NULL),
(757, 5, 4, 6, 'TRIMESTRAL', 0.00, '1900-01-01 00:00:00', 1, 0, NULL),
(758, 5, 5, 6, 'TRIMESTRAL', 0.00, '1900-01-01 00:00:00', 1, 0, NULL),
(759, 5, 6, 6, 'TRIMESTRAL', 0.00, '1900-01-01 00:00:00', 1, 0, NULL),
(760, 5, 1, 7, 'TRIMESTRAL', 0.00, '1900-01-01 00:00:00', 1, 0, NULL),
(761, 5, 2, 7, 'TRIMESTRAL', 0.00, '1900-01-01 00:00:00', 1, 0, NULL),
(762, 5, 3, 7, 'TRIMESTRAL', 0.00, '1900-01-01 00:00:00', 1, 0, NULL),
(763, 5, 4, 7, 'TRIMESTRAL', 0.00, '1900-01-01 00:00:00', 1, 0, NULL),
(764, 5, 5, 7, 'TRIMESTRAL', 0.00, '1900-01-01 00:00:00', 1, 0, NULL),
(765, 5, 6, 7, 'TRIMESTRAL', 0.00, '1900-01-01 00:00:00', 1, 0, NULL),
(766, 5, 1, 8, 'TRIMESTRAL', 0.00, '1900-01-01 00:00:00', 1, 0, NULL),
(767, 5, 2, 8, 'TRIMESTRAL', 0.00, '1900-01-01 00:00:00', 1, 0, NULL),
(768, 5, 3, 8, 'TRIMESTRAL', 0.00, '1900-01-01 00:00:00', 1, 0, NULL),
(769, 5, 4, 8, 'TRIMESTRAL', 0.00, '1900-01-01 00:00:00', 1, 0, NULL),
(770, 5, 5, 8, 'TRIMESTRAL', 0.00, '1900-01-01 00:00:00', 1, 0, NULL),
(771, 5, 6, 8, 'TRIMESTRAL', 0.00, '1900-01-01 00:00:00', 1, 0, NULL),
(772, 5, 1, 9, 'TRIMESTRAL', 0.00, '1900-01-01 00:00:00', 1, 0, NULL),
(773, 5, 2, 9, 'TRIMESTRAL', 0.00, '1900-01-01 00:00:00', 1, 0, NULL),
(774, 5, 3, 9, 'TRIMESTRAL', 0.00, '1900-01-01 00:00:00', 1, 0, NULL),
(775, 5, 4, 9, 'TRIMESTRAL', 0.00, '1900-01-01 00:00:00', 1, 0, NULL),
(776, 5, 5, 9, 'TRIMESTRAL', 0.00, '1900-01-01 00:00:00', 1, 0, NULL),
(777, 5, 6, 9, 'TRIMESTRAL', 0.00, '1900-01-01 00:00:00', 1, 0, NULL),
(778, 5, 1, 10, 'TRIMESTRAL', 0.00, '1900-01-01 00:00:00', 1, 0, NULL),
(779, 5, 2, 10, 'TRIMESTRAL', 0.00, '1900-01-01 00:00:00', 1, 0, NULL),
(780, 5, 3, 10, 'TRIMESTRAL', 0.00, '1900-01-01 00:00:00', 1, 0, NULL),
(781, 5, 4, 10, 'TRIMESTRAL', 0.00, '1900-01-01 00:00:00', 1, 0, NULL),
(782, 5, 5, 10, 'TRIMESTRAL', 0.00, '1900-01-01 00:00:00', 1, 0, NULL),
(783, 5, 6, 10, 'TRIMESTRAL', 0.00, '1900-01-01 00:00:00', 1, 0, NULL),
(784, 5, 1, 11, 'TRIMESTRAL', 0.00, '1900-01-01 00:00:00', 1, 0, NULL),
(785, 5, 2, 11, 'TRIMESTRAL', 0.00, '1900-01-01 00:00:00', 1, 0, NULL),
(786, 5, 3, 11, 'TRIMESTRAL', 0.00, '1900-01-01 00:00:00', 1, 0, NULL),
(787, 5, 4, 11, 'TRIMESTRAL', 0.00, '1900-01-01 00:00:00', 1, 0, NULL),
(788, 5, 5, 11, 'TRIMESTRAL', 0.00, '1900-01-01 00:00:00', 1, 0, NULL),
(789, 5, 6, 11, 'TRIMESTRAL', 0.00, '1900-01-01 00:00:00', 1, 0, NULL),
(790, 5, 1, 12, 'TRIMESTRAL', 0.00, '1900-01-01 00:00:00', 1, 0, NULL),
(791, 5, 2, 12, 'TRIMESTRAL', 0.00, '1900-01-01 00:00:00', 1, 0, NULL),
(792, 5, 3, 12, 'TRIMESTRAL', 0.00, '1900-01-01 00:00:00', 1, 0, NULL),
(793, 5, 4, 12, 'TRIMESTRAL', 0.00, '1900-01-01 00:00:00', 1, 0, NULL),
(794, 5, 5, 12, 'TRIMESTRAL', 0.00, '1900-01-01 00:00:00', 1, 0, NULL),
(795, 5, 6, 12, 'TRIMESTRAL', 0.00, '1900-01-01 00:00:00', 1, 0, NULL),
(796, 5, 1, 13, 'TRIMESTRAL', 0.00, '1900-01-01 00:00:00', 1, 0, NULL),
(797, 5, 2, 13, 'TRIMESTRAL', 0.00, '1900-01-01 00:00:00', 1, 0, NULL),
(798, 5, 3, 13, 'TRIMESTRAL', 0.00, '1900-01-01 00:00:00', 1, 0, NULL),
(799, 5, 4, 13, 'TRIMESTRAL', 0.00, '1900-01-01 00:00:00', 1, 0, NULL),
(800, 5, 5, 13, 'TRIMESTRAL', 0.00, '1900-01-01 00:00:00', 1, 0, NULL),
(801, 5, 6, 13, 'TRIMESTRAL', 0.00, '1900-01-01 00:00:00', 1, 0, NULL),
(802, 5, 1, 14, 'TRIMESTRAL', 0.00, '1900-01-01 00:00:00', 1, 0, NULL),
(803, 5, 2, 14, 'TRIMESTRAL', 0.00, '1900-01-01 00:00:00', 1, 0, NULL),
(804, 5, 3, 14, 'TRIMESTRAL', 0.00, '1900-01-01 00:00:00', 1, 0, NULL),
(805, 5, 4, 14, 'TRIMESTRAL', 0.00, '1900-01-01 00:00:00', 1, 0, NULL),
(806, 5, 5, 14, 'TRIMESTRAL', 0.00, '1900-01-01 00:00:00', 1, 0, NULL),
(807, 5, 6, 14, 'TRIMESTRAL', 0.00, '1900-01-01 00:00:00', 1, 0, NULL),
(808, 5, 1, 15, 'TRIMESTRAL', 0.00, '1900-01-01 00:00:00', 1, 0, NULL),
(809, 5, 2, 15, 'TRIMESTRAL', 0.00, '1900-01-01 00:00:00', 1, 0, NULL),
(810, 5, 3, 15, 'TRIMESTRAL', 0.00, '1900-01-01 00:00:00', 1, 0, NULL),
(811, 5, 4, 15, 'TRIMESTRAL', 0.00, '1900-01-01 00:00:00', 1, 0, NULL),
(812, 5, 5, 15, 'TRIMESTRAL', 0.00, '1900-01-01 00:00:00', 1, 0, NULL),
(813, 5, 6, 15, 'TRIMESTRAL', 0.00, '1900-01-01 00:00:00', 1, 0, NULL),
(814, 5, 1, 16, 'TRIMESTRAL', 0.00, '1900-01-01 00:00:00', 1, 0, NULL),
(815, 5, 2, 16, 'TRIMESTRAL', 0.00, '1900-01-01 00:00:00', 1, 0, NULL),
(816, 5, 3, 16, 'TRIMESTRAL', 0.00, '1900-01-01 00:00:00', 1, 0, NULL),
(817, 5, 4, 16, 'TRIMESTRAL', 0.00, '1900-01-01 00:00:00', 1, 0, NULL),
(818, 5, 5, 16, 'TRIMESTRAL', 0.00, '1900-01-01 00:00:00', 1, 0, NULL),
(819, 5, 6, 16, 'TRIMESTRAL', 0.00, '1900-01-01 00:00:00', 1, 0, NULL),
(820, 5, 1, 28, 'TRIMESTRAL', 0.00, '1900-01-01 00:00:00', 1, 0, NULL),
(821, 5, 2, 28, 'TRIMESTRAL', 0.00, '1900-01-01 00:00:00', 1, 0, NULL),
(822, 5, 3, 28, 'TRIMESTRAL', 0.00, '1900-01-01 00:00:00', 1, 0, NULL),
(823, 5, 4, 28, 'TRIMESTRAL', 0.00, '1900-01-01 00:00:00', 1, 0, NULL),
(824, 5, 5, 28, 'TRIMESTRAL', 0.00, '1900-01-01 00:00:00', 1, 0, NULL),
(825, 5, 6, 28, 'TRIMESTRAL', 0.00, '1900-01-01 00:00:00', 1, 0, NULL),
(826, 5, 1, 29, 'TRIMESTRAL', 0.00, '1900-01-01 00:00:00', 1, 0, NULL),
(827, 5, 2, 29, 'TRIMESTRAL', 0.00, '1900-01-01 00:00:00', 1, 0, NULL),
(828, 5, 3, 29, 'TRIMESTRAL', 0.00, '1900-01-01 00:00:00', 1, 0, NULL),
(829, 5, 4, 29, 'TRIMESTRAL', 0.00, '1900-01-01 00:00:00', 1, 0, NULL),
(830, 5, 5, 29, 'TRIMESTRAL', 0.00, '1900-01-01 00:00:00', 1, 0, NULL),
(831, 5, 6, 29, 'TRIMESTRAL', 0.00, '1900-01-01 00:00:00', 1, 0, NULL),
(832, 5, 1, 30, 'TRIMESTRAL', 0.00, '1900-01-01 00:00:00', 1, 0, NULL),
(833, 5, 2, 30, 'TRIMESTRAL', 0.00, '1900-01-01 00:00:00', 1, 0, NULL),
(834, 5, 3, 30, 'TRIMESTRAL', 0.00, '1900-01-01 00:00:00', 1, 0, NULL),
(835, 5, 4, 30, 'TRIMESTRAL', 0.00, '1900-01-01 00:00:00', 1, 0, NULL),
(836, 5, 5, 30, 'TRIMESTRAL', 0.00, '1900-01-01 00:00:00', 1, 0, NULL),
(837, 5, 6, 30, 'TRIMESTRAL', 0.00, '1900-01-01 00:00:00', 1, 0, NULL),
(838, 5, 1, 31, 'TRIMESTRAL', 0.00, '1900-01-01 00:00:00', 1, 0, NULL),
(839, 5, 2, 31, 'TRIMESTRAL', 0.00, '1900-01-01 00:00:00', 1, 0, NULL),
(840, 5, 3, 31, 'TRIMESTRAL', 0.00, '1900-01-01 00:00:00', 1, 0, NULL),
(841, 5, 4, 31, 'TRIMESTRAL', 0.00, '1900-01-01 00:00:00', 1, 0, NULL),
(842, 5, 5, 31, 'TRIMESTRAL', 0.00, '1900-01-01 00:00:00', 1, 0, NULL),
(843, 5, 6, 31, 'TRIMESTRAL', 0.00, '1900-01-01 00:00:00', 1, 0, NULL),
(844, 5, 1, 32, 'TRIMESTRAL', 0.00, '1900-01-01 00:00:00', 1, 0, NULL),
(845, 5, 2, 32, 'TRIMESTRAL', 0.00, '1900-01-01 00:00:00', 1, 0, NULL),
(846, 5, 3, 32, 'TRIMESTRAL', 0.00, '1900-01-01 00:00:00', 1, 0, NULL),
(847, 5, 4, 32, 'TRIMESTRAL', 0.00, '1900-01-01 00:00:00', 1, 0, NULL),
(848, 5, 5, 32, 'TRIMESTRAL', 0.00, '1900-01-01 00:00:00', 1, 0, NULL),
(849, 5, 6, 32, 'TRIMESTRAL', 0.00, '1900-01-01 00:00:00', 1, 0, NULL),
(850, 5, 1, 33, 'TRIMESTRAL', 0.00, '1900-01-01 00:00:00', 1, 0, NULL),
(851, 5, 2, 33, 'TRIMESTRAL', 0.00, '1900-01-01 00:00:00', 1, 0, NULL),
(852, 5, 3, 33, 'TRIMESTRAL', 0.00, '1900-01-01 00:00:00', 1, 0, NULL),
(853, 5, 4, 33, 'TRIMESTRAL', 0.00, '1900-01-01 00:00:00', 1, 0, NULL),
(854, 5, 5, 33, 'TRIMESTRAL', 0.00, '1900-01-01 00:00:00', 1, 0, NULL),
(855, 5, 6, 33, 'TRIMESTRAL', 0.00, '1900-01-01 00:00:00', 1, 0, NULL),
(856, 5, 1, 34, 'TRIMESTRAL', 0.00, '1900-01-01 00:00:00', 1, 0, NULL),
(857, 5, 2, 34, 'TRIMESTRAL', 0.00, '1900-01-01 00:00:00', 1, 0, NULL),
(858, 5, 3, 34, 'TRIMESTRAL', 0.00, '1900-01-01 00:00:00', 1, 0, NULL),
(859, 5, 4, 34, 'TRIMESTRAL', 0.00, '1900-01-01 00:00:00', 1, 0, NULL),
(860, 5, 5, 34, 'TRIMESTRAL', 0.00, '1900-01-01 00:00:00', 1, 0, NULL),
(861, 5, 6, 34, 'TRIMESTRAL', 0.00, '1900-01-01 00:00:00', 1, 0, NULL),
(862, 5, 1, 35, 'TRIMESTRAL', 0.00, '1900-01-01 00:00:00', 1, 0, NULL),
(863, 5, 2, 35, 'TRIMESTRAL', 0.00, '1900-01-01 00:00:00', 1, 0, NULL),
(864, 5, 3, 35, 'TRIMESTRAL', 0.00, '1900-01-01 00:00:00', 1, 0, NULL),
(865, 5, 4, 35, 'TRIMESTRAL', 0.00, '1900-01-01 00:00:00', 1, 0, NULL),
(866, 5, 5, 35, 'TRIMESTRAL', 0.00, '1900-01-01 00:00:00', 1, 0, NULL),
(867, 5, 6, 35, 'TRIMESTRAL', 0.00, '1900-01-01 00:00:00', 1, 0, NULL),
(979, 6, 1, 1, 'TRIMESTRAL', 0.00, '1900-01-01 00:00:00', 1, 0, NULL),
(980, 6, 2, 1, 'TRIMESTRAL', 0.00, '1900-01-01 00:00:00', 1, 0, NULL),
(981, 6, 3, 1, 'TRIMESTRAL', 0.00, '1900-01-01 00:00:00', 1, 0, NULL),
(982, 6, 4, 1, 'TRIMESTRAL', 0.00, '1900-01-01 00:00:00', 1, 0, NULL),
(983, 6, 5, 1, 'TRIMESTRAL', 0.00, '1900-01-01 00:00:00', 1, 0, NULL),
(984, 6, 6, 1, 'TRIMESTRAL', 0.00, '1900-01-01 00:00:00', 1, 0, NULL),
(985, 6, 1, 2, 'TRIMESTRAL', 0.00, '1900-01-01 00:00:00', 1, 0, NULL),
(986, 6, 2, 2, 'TRIMESTRAL', 0.00, '1900-01-01 00:00:00', 1, 0, NULL);
INSERT INTO `valores` (`ID_VALOR`, `ID_TAG_AGF`, `ID_EMPRESA`, `ID_PERIODO`, `tipo`, `VALOR`, `DT_MODIFICACION`, `origen`, `id_formula`, `hist_formula`) VALUES
(987, 6, 3, 2, 'TRIMESTRAL', 0.00, '1900-01-01 00:00:00', 1, 0, NULL),
(988, 6, 4, 2, 'TRIMESTRAL', 0.00, '1900-01-01 00:00:00', 1, 0, NULL),
(989, 6, 5, 2, 'TRIMESTRAL', 0.00, '1900-01-01 00:00:00', 1, 0, NULL),
(990, 6, 6, 2, 'TRIMESTRAL', 0.00, '1900-01-01 00:00:00', 1, 0, NULL),
(991, 6, 1, 3, 'TRIMESTRAL', 0.00, '1900-01-01 00:00:00', 1, 0, NULL),
(992, 6, 2, 3, 'TRIMESTRAL', 0.00, '1900-01-01 00:00:00', 1, 0, NULL),
(993, 6, 3, 3, 'TRIMESTRAL', 0.00, '1900-01-01 00:00:00', 1, 0, NULL),
(994, 6, 4, 3, 'TRIMESTRAL', 0.00, '1900-01-01 00:00:00', 1, 0, NULL),
(995, 6, 5, 3, 'TRIMESTRAL', 0.00, '1900-01-01 00:00:00', 1, 0, NULL),
(996, 6, 6, 3, 'TRIMESTRAL', 0.00, '1900-01-01 00:00:00', 1, 0, NULL),
(997, 6, 1, 4, 'TRIMESTRAL', 0.00, '1900-01-01 00:00:00', 1, 0, NULL),
(998, 6, 2, 4, 'TRIMESTRAL', 0.00, '1900-01-01 00:00:00', 1, 0, NULL),
(999, 6, 3, 4, 'TRIMESTRAL', 0.00, '1900-01-01 00:00:00', 1, 0, NULL),
(1000, 6, 4, 4, 'TRIMESTRAL', 0.00, '1900-01-01 00:00:00', 1, 0, NULL),
(1001, 6, 5, 4, 'TRIMESTRAL', 0.00, '1900-01-01 00:00:00', 1, 0, NULL),
(1002, 6, 6, 4, 'TRIMESTRAL', 0.00, '1900-01-01 00:00:00', 1, 0, NULL),
(1003, 6, 1, 5, 'TRIMESTRAL', 0.00, '1900-01-01 00:00:00', 1, 0, NULL),
(1004, 6, 2, 5, 'TRIMESTRAL', 0.00, '1900-01-01 00:00:00', 1, 0, NULL),
(1005, 6, 3, 5, 'TRIMESTRAL', 0.00, '1900-01-01 00:00:00', 1, 0, NULL),
(1006, 6, 4, 5, 'TRIMESTRAL', 0.00, '1900-01-01 00:00:00', 1, 0, NULL),
(1007, 6, 5, 5, 'TRIMESTRAL', 0.00, '1900-01-01 00:00:00', 1, 0, NULL),
(1008, 6, 6, 5, 'TRIMESTRAL', 0.00, '1900-01-01 00:00:00', 1, 0, NULL),
(1009, 6, 1, 6, 'TRIMESTRAL', 0.00, '1900-01-01 00:00:00', 1, 0, NULL),
(1010, 6, 2, 6, 'TRIMESTRAL', 0.00, '1900-01-01 00:00:00', 1, 0, NULL),
(1011, 6, 3, 6, 'TRIMESTRAL', 0.00, '1900-01-01 00:00:00', 1, 0, NULL),
(1012, 6, 4, 6, 'TRIMESTRAL', 0.00, '1900-01-01 00:00:00', 1, 0, NULL),
(1013, 6, 5, 6, 'TRIMESTRAL', 0.00, '1900-01-01 00:00:00', 1, 0, NULL),
(1014, 6, 6, 6, 'TRIMESTRAL', 0.00, '1900-01-01 00:00:00', 1, 0, NULL),
(1015, 6, 1, 7, 'TRIMESTRAL', 0.00, '1900-01-01 00:00:00', 1, 0, NULL),
(1016, 6, 2, 7, 'TRIMESTRAL', 0.00, '1900-01-01 00:00:00', 1, 0, NULL),
(1017, 6, 3, 7, 'TRIMESTRAL', 0.00, '1900-01-01 00:00:00', 1, 0, NULL),
(1018, 6, 4, 7, 'TRIMESTRAL', 0.00, '1900-01-01 00:00:00', 1, 0, NULL),
(1019, 6, 5, 7, 'TRIMESTRAL', 0.00, '1900-01-01 00:00:00', 1, 0, NULL),
(1020, 6, 6, 7, 'TRIMESTRAL', 0.00, '1900-01-01 00:00:00', 1, 0, NULL),
(1021, 6, 1, 8, 'TRIMESTRAL', 0.00, '1900-01-01 00:00:00', 1, 0, NULL),
(1022, 6, 2, 8, 'TRIMESTRAL', 0.00, '1900-01-01 00:00:00', 1, 0, NULL),
(1023, 6, 3, 8, 'TRIMESTRAL', 0.00, '1900-01-01 00:00:00', 1, 0, NULL),
(1024, 6, 4, 8, 'TRIMESTRAL', 0.00, '1900-01-01 00:00:00', 1, 0, NULL),
(1025, 6, 5, 8, 'TRIMESTRAL', 0.00, '1900-01-01 00:00:00', 1, 0, NULL),
(1026, 6, 6, 8, 'TRIMESTRAL', 0.00, '1900-01-01 00:00:00', 1, 0, NULL),
(1027, 6, 1, 9, 'TRIMESTRAL', 0.00, '1900-01-01 00:00:00', 1, 0, NULL),
(1028, 6, 2, 9, 'TRIMESTRAL', 0.00, '1900-01-01 00:00:00', 1, 0, NULL),
(1029, 6, 3, 9, 'TRIMESTRAL', 0.00, '1900-01-01 00:00:00', 1, 0, NULL),
(1030, 6, 4, 9, 'TRIMESTRAL', 0.00, '1900-01-01 00:00:00', 1, 0, NULL),
(1031, 6, 5, 9, 'TRIMESTRAL', 0.00, '1900-01-01 00:00:00', 1, 0, NULL),
(1032, 6, 6, 9, 'TRIMESTRAL', 0.00, '1900-01-01 00:00:00', 1, 0, NULL),
(1033, 6, 1, 10, 'TRIMESTRAL', 0.00, '1900-01-01 00:00:00', 1, 0, NULL),
(1034, 6, 2, 10, 'TRIMESTRAL', 0.00, '1900-01-01 00:00:00', 1, 0, NULL),
(1035, 6, 3, 10, 'TRIMESTRAL', 0.00, '1900-01-01 00:00:00', 1, 0, NULL),
(1036, 6, 4, 10, 'TRIMESTRAL', 0.00, '1900-01-01 00:00:00', 1, 0, NULL),
(1037, 6, 5, 10, 'TRIMESTRAL', 0.00, '1900-01-01 00:00:00', 1, 0, NULL),
(1038, 6, 6, 10, 'TRIMESTRAL', 0.00, '1900-01-01 00:00:00', 1, 0, NULL),
(1039, 6, 1, 11, 'TRIMESTRAL', 0.00, '1900-01-01 00:00:00', 1, 0, NULL),
(1040, 6, 2, 11, 'TRIMESTRAL', 0.00, '1900-01-01 00:00:00', 1, 0, NULL),
(1041, 6, 3, 11, 'TRIMESTRAL', 0.00, '1900-01-01 00:00:00', 1, 0, NULL),
(1042, 6, 4, 11, 'TRIMESTRAL', 0.00, '1900-01-01 00:00:00', 1, 0, NULL),
(1043, 6, 5, 11, 'TRIMESTRAL', 0.00, '1900-01-01 00:00:00', 1, 0, NULL),
(1044, 6, 6, 11, 'TRIMESTRAL', 0.00, '1900-01-01 00:00:00', 1, 0, NULL),
(1045, 6, 1, 12, 'TRIMESTRAL', 0.00, '1900-01-01 00:00:00', 1, 0, NULL),
(1046, 6, 2, 12, 'TRIMESTRAL', 0.00, '1900-01-01 00:00:00', 1, 0, NULL),
(1047, 6, 3, 12, 'TRIMESTRAL', 0.00, '1900-01-01 00:00:00', 1, 0, NULL),
(1048, 6, 4, 12, 'TRIMESTRAL', 0.00, '1900-01-01 00:00:00', 1, 0, NULL),
(1049, 6, 5, 12, 'TRIMESTRAL', 0.00, '1900-01-01 00:00:00', 1, 0, NULL),
(1050, 6, 6, 12, 'TRIMESTRAL', 0.00, '1900-01-01 00:00:00', 1, 0, NULL),
(1051, 6, 1, 13, 'TRIMESTRAL', 0.00, '1900-01-01 00:00:00', 1, 0, NULL),
(1052, 6, 2, 13, 'TRIMESTRAL', 0.00, '1900-01-01 00:00:00', 1, 0, NULL),
(1053, 6, 3, 13, 'TRIMESTRAL', 0.00, '1900-01-01 00:00:00', 1, 0, NULL),
(1054, 6, 4, 13, 'TRIMESTRAL', 0.00, '1900-01-01 00:00:00', 1, 0, NULL),
(1055, 6, 5, 13, 'TRIMESTRAL', 0.00, '1900-01-01 00:00:00', 1, 0, NULL),
(1056, 6, 6, 13, 'TRIMESTRAL', 0.00, '1900-01-01 00:00:00', 1, 0, NULL),
(1057, 6, 1, 14, 'TRIMESTRAL', 0.00, '1900-01-01 00:00:00', 1, 0, NULL),
(1058, 6, 2, 14, 'TRIMESTRAL', 0.00, '1900-01-01 00:00:00', 1, 0, NULL),
(1059, 6, 3, 14, 'TRIMESTRAL', 0.00, '1900-01-01 00:00:00', 1, 0, NULL),
(1060, 6, 4, 14, 'TRIMESTRAL', 0.00, '1900-01-01 00:00:00', 1, 0, NULL),
(1061, 6, 5, 14, 'TRIMESTRAL', 0.00, '1900-01-01 00:00:00', 1, 0, NULL),
(1062, 6, 6, 14, 'TRIMESTRAL', 0.00, '1900-01-01 00:00:00', 1, 0, NULL),
(1063, 6, 1, 15, 'TRIMESTRAL', 0.00, '1900-01-01 00:00:00', 1, 0, NULL),
(1064, 6, 2, 15, 'TRIMESTRAL', 0.00, '1900-01-01 00:00:00', 1, 0, NULL),
(1065, 6, 3, 15, 'TRIMESTRAL', 0.00, '1900-01-01 00:00:00', 1, 0, NULL),
(1066, 6, 4, 15, 'TRIMESTRAL', 0.00, '1900-01-01 00:00:00', 1, 0, NULL),
(1067, 6, 5, 15, 'TRIMESTRAL', 0.00, '1900-01-01 00:00:00', 1, 0, NULL),
(1068, 6, 6, 15, 'TRIMESTRAL', 0.00, '1900-01-01 00:00:00', 1, 0, NULL),
(1069, 6, 1, 16, 'TRIMESTRAL', 0.00, '1900-01-01 00:00:00', 1, 0, NULL),
(1070, 6, 2, 16, 'TRIMESTRAL', 0.00, '1900-01-01 00:00:00', 1, 0, NULL),
(1071, 6, 3, 16, 'TRIMESTRAL', 0.00, '1900-01-01 00:00:00', 1, 0, NULL),
(1072, 6, 4, 16, 'TRIMESTRAL', 0.00, '1900-01-01 00:00:00', 1, 0, NULL),
(1073, 6, 5, 16, 'TRIMESTRAL', 0.00, '1900-01-01 00:00:00', 1, 0, NULL),
(1074, 6, 6, 16, 'TRIMESTRAL', 0.00, '1900-01-01 00:00:00', 1, 0, NULL),
(1075, 6, 1, 28, 'TRIMESTRAL', 0.00, '1900-01-01 00:00:00', 1, 0, NULL),
(1076, 6, 2, 28, 'TRIMESTRAL', 0.00, '1900-01-01 00:00:00', 1, 0, NULL),
(1077, 6, 3, 28, 'TRIMESTRAL', 0.00, '1900-01-01 00:00:00', 1, 0, NULL),
(1078, 6, 4, 28, 'TRIMESTRAL', 0.00, '1900-01-01 00:00:00', 1, 0, NULL),
(1079, 6, 5, 28, 'TRIMESTRAL', 0.00, '1900-01-01 00:00:00', 1, 0, NULL),
(1080, 6, 6, 28, 'TRIMESTRAL', 0.00, '1900-01-01 00:00:00', 1, 0, NULL),
(1081, 6, 1, 29, 'TRIMESTRAL', 0.00, '1900-01-01 00:00:00', 1, 0, NULL),
(1082, 6, 2, 29, 'TRIMESTRAL', 0.00, '1900-01-01 00:00:00', 1, 0, NULL),
(1083, 6, 3, 29, 'TRIMESTRAL', 0.00, '1900-01-01 00:00:00', 1, 0, NULL),
(1084, 6, 4, 29, 'TRIMESTRAL', 0.00, '1900-01-01 00:00:00', 1, 0, NULL),
(1085, 6, 5, 29, 'TRIMESTRAL', 0.00, '1900-01-01 00:00:00', 1, 0, NULL),
(1086, 6, 6, 29, 'TRIMESTRAL', 0.00, '1900-01-01 00:00:00', 1, 0, NULL),
(1087, 6, 1, 30, 'TRIMESTRAL', 0.00, '1900-01-01 00:00:00', 1, 0, NULL),
(1088, 6, 2, 30, 'TRIMESTRAL', 0.00, '1900-01-01 00:00:00', 1, 0, NULL),
(1089, 6, 3, 30, 'TRIMESTRAL', 0.00, '1900-01-01 00:00:00', 1, 0, NULL),
(1090, 6, 4, 30, 'TRIMESTRAL', 0.00, '1900-01-01 00:00:00', 1, 0, NULL),
(1091, 6, 5, 30, 'TRIMESTRAL', 0.00, '1900-01-01 00:00:00', 1, 0, NULL),
(1092, 6, 6, 30, 'TRIMESTRAL', 0.00, '1900-01-01 00:00:00', 1, 0, NULL),
(1093, 6, 1, 31, 'TRIMESTRAL', 0.00, '1900-01-01 00:00:00', 1, 0, NULL),
(1094, 6, 2, 31, 'TRIMESTRAL', 0.00, '1900-01-01 00:00:00', 1, 0, NULL),
(1095, 6, 3, 31, 'TRIMESTRAL', 0.00, '1900-01-01 00:00:00', 1, 0, NULL),
(1096, 6, 4, 31, 'TRIMESTRAL', 0.00, '1900-01-01 00:00:00', 1, 0, NULL),
(1097, 6, 5, 31, 'TRIMESTRAL', 0.00, '1900-01-01 00:00:00', 1, 0, NULL),
(1098, 6, 6, 31, 'TRIMESTRAL', 0.00, '1900-01-01 00:00:00', 1, 0, NULL),
(1099, 6, 1, 32, 'TRIMESTRAL', 0.00, '1900-01-01 00:00:00', 1, 0, NULL),
(1100, 6, 2, 32, 'TRIMESTRAL', 0.00, '1900-01-01 00:00:00', 1, 0, NULL),
(1101, 6, 3, 32, 'TRIMESTRAL', 0.00, '1900-01-01 00:00:00', 1, 0, NULL),
(1102, 6, 4, 32, 'TRIMESTRAL', 0.00, '1900-01-01 00:00:00', 1, 0, NULL),
(1103, 6, 5, 32, 'TRIMESTRAL', 0.00, '1900-01-01 00:00:00', 1, 0, NULL),
(1104, 6, 6, 32, 'TRIMESTRAL', 0.00, '1900-01-01 00:00:00', 1, 0, NULL),
(1105, 6, 1, 33, 'TRIMESTRAL', 0.00, '1900-01-01 00:00:00', 1, 0, NULL),
(1106, 6, 2, 33, 'TRIMESTRAL', 0.00, '1900-01-01 00:00:00', 1, 0, NULL),
(1107, 6, 3, 33, 'TRIMESTRAL', 0.00, '1900-01-01 00:00:00', 1, 0, NULL),
(1108, 6, 4, 33, 'TRIMESTRAL', 0.00, '1900-01-01 00:00:00', 1, 0, NULL),
(1109, 6, 5, 33, 'TRIMESTRAL', 0.00, '1900-01-01 00:00:00', 1, 0, NULL),
(1110, 6, 6, 33, 'TRIMESTRAL', 0.00, '1900-01-01 00:00:00', 1, 0, NULL),
(1111, 6, 1, 34, 'TRIMESTRAL', 0.00, '1900-01-01 00:00:00', 1, 0, NULL),
(1112, 6, 2, 34, 'TRIMESTRAL', 0.00, '1900-01-01 00:00:00', 1, 0, NULL),
(1113, 6, 3, 34, 'TRIMESTRAL', 0.00, '1900-01-01 00:00:00', 1, 0, NULL),
(1114, 6, 4, 34, 'TRIMESTRAL', 0.00, '1900-01-01 00:00:00', 1, 0, NULL),
(1115, 6, 5, 34, 'TRIMESTRAL', 0.00, '1900-01-01 00:00:00', 1, 0, NULL),
(1116, 6, 6, 34, 'TRIMESTRAL', 0.00, '1900-01-01 00:00:00', 1, 0, NULL),
(1117, 6, 1, 35, 'TRIMESTRAL', 0.00, '1900-01-01 00:00:00', 1, 0, NULL),
(1118, 6, 2, 35, 'TRIMESTRAL', 0.00, '1900-01-01 00:00:00', 1, 0, NULL),
(1119, 6, 3, 35, 'TRIMESTRAL', 0.00, '1900-01-01 00:00:00', 1, 0, NULL),
(1120, 6, 4, 35, 'TRIMESTRAL', 0.00, '1900-01-01 00:00:00', 1, 0, NULL),
(1121, 6, 5, 35, 'TRIMESTRAL', 0.00, '1900-01-01 00:00:00', 1, 0, NULL),
(1122, 6, 6, 35, 'TRIMESTRAL', 0.00, '1900-01-01 00:00:00', 1, 0, NULL),
(1489, 8, 1, 1, 'TRIMESTRAL', 0.00, '1900-01-01 00:00:00', 1, 0, NULL),
(1490, 8, 2, 1, 'TRIMESTRAL', 0.00, '1900-01-01 00:00:00', 1, 0, NULL),
(1491, 8, 3, 1, 'TRIMESTRAL', 0.00, '1900-01-01 00:00:00', 1, 0, NULL),
(1492, 8, 4, 1, 'TRIMESTRAL', 0.00, '1900-01-01 00:00:00', 1, 0, NULL),
(1493, 8, 5, 1, 'TRIMESTRAL', 0.00, '1900-01-01 00:00:00', 1, 0, NULL),
(1494, 8, 6, 1, 'TRIMESTRAL', 0.00, '1900-01-01 00:00:00', 1, 0, NULL),
(1495, 8, 1, 2, 'TRIMESTRAL', 0.00, '1900-01-01 00:00:00', 1, 0, NULL),
(1496, 8, 2, 2, 'TRIMESTRAL', 0.00, '1900-01-01 00:00:00', 1, 0, NULL),
(1497, 8, 3, 2, 'TRIMESTRAL', 0.00, '1900-01-01 00:00:00', 1, 0, NULL),
(1498, 8, 4, 2, 'TRIMESTRAL', 0.00, '1900-01-01 00:00:00', 1, 0, NULL),
(1499, 8, 5, 2, 'TRIMESTRAL', 0.00, '1900-01-01 00:00:00', 1, 0, NULL),
(1500, 8, 6, 2, 'TRIMESTRAL', 0.00, '1900-01-01 00:00:00', 1, 0, NULL),
(1501, 8, 1, 3, 'TRIMESTRAL', 0.00, '1900-01-01 00:00:00', 1, 0, NULL),
(1502, 8, 2, 3, 'TRIMESTRAL', 0.00, '1900-01-01 00:00:00', 1, 0, NULL),
(1503, 8, 3, 3, 'TRIMESTRAL', 0.00, '1900-01-01 00:00:00', 1, 0, NULL),
(1504, 8, 4, 3, 'TRIMESTRAL', 0.00, '1900-01-01 00:00:00', 1, 0, NULL),
(1505, 8, 5, 3, 'TRIMESTRAL', 0.00, '1900-01-01 00:00:00', 1, 0, NULL),
(1506, 8, 6, 3, 'TRIMESTRAL', 0.00, '1900-01-01 00:00:00', 1, 0, NULL),
(1507, 8, 1, 4, 'TRIMESTRAL', 0.00, '1900-01-01 00:00:00', 1, 0, NULL),
(1508, 8, 2, 4, 'TRIMESTRAL', 0.00, '1900-01-01 00:00:00', 1, 0, NULL),
(1509, 8, 3, 4, 'TRIMESTRAL', 0.00, '1900-01-01 00:00:00', 1, 0, NULL),
(1510, 8, 4, 4, 'TRIMESTRAL', 0.00, '1900-01-01 00:00:00', 1, 0, NULL),
(1511, 8, 5, 4, 'TRIMESTRAL', 0.00, '1900-01-01 00:00:00', 1, 0, NULL),
(1512, 8, 6, 4, 'TRIMESTRAL', 0.00, '1900-01-01 00:00:00', 1, 0, NULL),
(1513, 8, 1, 5, 'TRIMESTRAL', 0.00, '1900-01-01 00:00:00', 1, 0, NULL),
(1514, 8, 2, 5, 'TRIMESTRAL', 0.00, '1900-01-01 00:00:00', 1, 0, NULL),
(1515, 8, 3, 5, 'TRIMESTRAL', 0.00, '1900-01-01 00:00:00', 1, 0, NULL),
(1516, 8, 4, 5, 'TRIMESTRAL', 0.00, '1900-01-01 00:00:00', 1, 0, NULL),
(1517, 8, 5, 5, 'TRIMESTRAL', 0.00, '1900-01-01 00:00:00', 1, 0, NULL),
(1518, 8, 6, 5, 'TRIMESTRAL', 0.00, '1900-01-01 00:00:00', 1, 0, NULL),
(1519, 8, 1, 6, 'TRIMESTRAL', 0.00, '1900-01-01 00:00:00', 1, 0, NULL),
(1520, 8, 2, 6, 'TRIMESTRAL', 0.00, '1900-01-01 00:00:00', 1, 0, NULL),
(1521, 8, 3, 6, 'TRIMESTRAL', 0.00, '1900-01-01 00:00:00', 1, 0, NULL),
(1522, 8, 4, 6, 'TRIMESTRAL', 0.00, '1900-01-01 00:00:00', 1, 0, NULL),
(1523, 8, 5, 6, 'TRIMESTRAL', 0.00, '1900-01-01 00:00:00', 1, 0, NULL),
(1524, 8, 6, 6, 'TRIMESTRAL', 0.00, '1900-01-01 00:00:00', 1, 0, NULL),
(1525, 8, 1, 7, 'TRIMESTRAL', 0.00, '1900-01-01 00:00:00', 1, 0, NULL),
(1526, 8, 2, 7, 'TRIMESTRAL', 0.00, '1900-01-01 00:00:00', 1, 0, NULL),
(1527, 8, 3, 7, 'TRIMESTRAL', 0.00, '1900-01-01 00:00:00', 1, 0, NULL),
(1528, 8, 4, 7, 'TRIMESTRAL', 0.00, '1900-01-01 00:00:00', 1, 0, NULL),
(1529, 8, 5, 7, 'TRIMESTRAL', 0.00, '1900-01-01 00:00:00', 1, 0, NULL),
(1530, 8, 6, 7, 'TRIMESTRAL', 0.00, '1900-01-01 00:00:00', 1, 0, NULL),
(1531, 8, 1, 8, 'TRIMESTRAL', 0.00, '1900-01-01 00:00:00', 1, 0, NULL),
(1532, 8, 2, 8, 'TRIMESTRAL', 0.00, '1900-01-01 00:00:00', 1, 0, NULL),
(1533, 8, 3, 8, 'TRIMESTRAL', 0.00, '1900-01-01 00:00:00', 1, 0, NULL),
(1534, 8, 4, 8, 'TRIMESTRAL', 0.00, '1900-01-01 00:00:00', 1, 0, NULL),
(1535, 8, 5, 8, 'TRIMESTRAL', 0.00, '1900-01-01 00:00:00', 1, 0, NULL),
(1536, 8, 6, 8, 'TRIMESTRAL', 0.00, '1900-01-01 00:00:00', 1, 0, NULL),
(1537, 8, 1, 9, 'TRIMESTRAL', 0.00, '1900-01-01 00:00:00', 1, 0, NULL),
(1538, 8, 2, 9, 'TRIMESTRAL', 0.00, '1900-01-01 00:00:00', 1, 0, NULL),
(1539, 8, 3, 9, 'TRIMESTRAL', 0.00, '1900-01-01 00:00:00', 1, 0, NULL),
(1540, 8, 4, 9, 'TRIMESTRAL', 0.00, '1900-01-01 00:00:00', 1, 0, NULL),
(1541, 8, 5, 9, 'TRIMESTRAL', 0.00, '1900-01-01 00:00:00', 1, 0, NULL),
(1542, 8, 6, 9, 'TRIMESTRAL', 0.00, '1900-01-01 00:00:00', 1, 0, NULL),
(1543, 8, 1, 10, 'TRIMESTRAL', 0.00, '1900-01-01 00:00:00', 1, 0, NULL),
(1544, 8, 2, 10, 'TRIMESTRAL', 0.00, '1900-01-01 00:00:00', 1, 0, NULL),
(1545, 8, 3, 10, 'TRIMESTRAL', 0.00, '1900-01-01 00:00:00', 1, 0, NULL),
(1546, 8, 4, 10, 'TRIMESTRAL', 0.00, '1900-01-01 00:00:00', 1, 0, NULL),
(1547, 8, 5, 10, 'TRIMESTRAL', 0.00, '1900-01-01 00:00:00', 1, 0, NULL),
(1548, 8, 6, 10, 'TRIMESTRAL', 0.00, '1900-01-01 00:00:00', 1, 0, NULL),
(1549, 8, 1, 11, 'TRIMESTRAL', 0.00, '1900-01-01 00:00:00', 1, 0, NULL),
(1550, 8, 2, 11, 'TRIMESTRAL', 0.00, '1900-01-01 00:00:00', 1, 0, NULL),
(1551, 8, 3, 11, 'TRIMESTRAL', 0.00, '1900-01-01 00:00:00', 1, 0, NULL),
(1552, 8, 4, 11, 'TRIMESTRAL', 0.00, '1900-01-01 00:00:00', 1, 0, NULL),
(1553, 8, 5, 11, 'TRIMESTRAL', 0.00, '1900-01-01 00:00:00', 1, 0, NULL),
(1554, 8, 6, 11, 'TRIMESTRAL', 0.00, '1900-01-01 00:00:00', 1, 0, NULL),
(1555, 8, 1, 12, 'TRIMESTRAL', 0.00, '1900-01-01 00:00:00', 1, 0, NULL),
(1556, 8, 2, 12, 'TRIMESTRAL', 0.00, '1900-01-01 00:00:00', 1, 0, NULL),
(1557, 8, 3, 12, 'TRIMESTRAL', 0.00, '1900-01-01 00:00:00', 1, 0, NULL),
(1558, 8, 4, 12, 'TRIMESTRAL', 0.00, '1900-01-01 00:00:00', 1, 0, NULL),
(1559, 8, 5, 12, 'TRIMESTRAL', 0.00, '1900-01-01 00:00:00', 1, 0, NULL),
(1560, 8, 6, 12, 'TRIMESTRAL', 0.00, '1900-01-01 00:00:00', 1, 0, NULL),
(1561, 8, 1, 13, 'TRIMESTRAL', 0.00, '1900-01-01 00:00:00', 1, 0, NULL),
(1562, 8, 2, 13, 'TRIMESTRAL', 0.00, '1900-01-01 00:00:00', 1, 0, NULL),
(1563, 8, 3, 13, 'TRIMESTRAL', 0.00, '1900-01-01 00:00:00', 1, 0, NULL),
(1564, 8, 4, 13, 'TRIMESTRAL', 0.00, '1900-01-01 00:00:00', 1, 0, NULL),
(1565, 8, 5, 13, 'TRIMESTRAL', 0.00, '1900-01-01 00:00:00', 1, 0, NULL),
(1566, 8, 6, 13, 'TRIMESTRAL', 0.00, '1900-01-01 00:00:00', 1, 0, NULL),
(1567, 8, 1, 14, 'TRIMESTRAL', 0.00, '1900-01-01 00:00:00', 1, 0, NULL),
(1568, 8, 2, 14, 'TRIMESTRAL', 0.00, '1900-01-01 00:00:00', 1, 0, NULL),
(1569, 8, 3, 14, 'TRIMESTRAL', 0.00, '1900-01-01 00:00:00', 1, 0, NULL),
(1570, 8, 4, 14, 'TRIMESTRAL', 0.00, '1900-01-01 00:00:00', 1, 0, NULL),
(1571, 8, 5, 14, 'TRIMESTRAL', 0.00, '1900-01-01 00:00:00', 1, 0, NULL),
(1572, 8, 6, 14, 'TRIMESTRAL', 0.00, '1900-01-01 00:00:00', 1, 0, NULL),
(1573, 8, 1, 15, 'TRIMESTRAL', 0.00, '1900-01-01 00:00:00', 1, 0, NULL),
(1574, 8, 2, 15, 'TRIMESTRAL', 0.00, '1900-01-01 00:00:00', 1, 0, NULL),
(1575, 8, 3, 15, 'TRIMESTRAL', 0.00, '1900-01-01 00:00:00', 1, 0, NULL),
(1576, 8, 4, 15, 'TRIMESTRAL', 0.00, '1900-01-01 00:00:00', 1, 0, NULL),
(1577, 8, 5, 15, 'TRIMESTRAL', 0.00, '1900-01-01 00:00:00', 1, 0, NULL),
(1578, 8, 6, 15, 'TRIMESTRAL', 0.00, '1900-01-01 00:00:00', 1, 0, NULL),
(1579, 8, 1, 16, 'TRIMESTRAL', 0.00, '1900-01-01 00:00:00', 1, 0, NULL),
(1580, 8, 2, 16, 'TRIMESTRAL', 0.00, '1900-01-01 00:00:00', 1, 0, NULL),
(1581, 8, 3, 16, 'TRIMESTRAL', 0.00, '1900-01-01 00:00:00', 1, 0, NULL),
(1582, 8, 4, 16, 'TRIMESTRAL', 0.00, '1900-01-01 00:00:00', 1, 0, NULL),
(1583, 8, 5, 16, 'TRIMESTRAL', 0.00, '1900-01-01 00:00:00', 1, 0, NULL),
(1584, 8, 6, 16, 'TRIMESTRAL', 0.00, '1900-01-01 00:00:00', 1, 0, NULL),
(1585, 8, 1, 28, 'TRIMESTRAL', 0.00, '1900-01-01 00:00:00', 1, 0, NULL),
(1586, 8, 2, 28, 'TRIMESTRAL', 0.00, '1900-01-01 00:00:00', 1, 0, NULL),
(1587, 8, 3, 28, 'TRIMESTRAL', 0.00, '1900-01-01 00:00:00', 1, 0, NULL),
(1588, 8, 4, 28, 'TRIMESTRAL', 0.00, '1900-01-01 00:00:00', 1, 0, NULL),
(1589, 8, 5, 28, 'TRIMESTRAL', 0.00, '1900-01-01 00:00:00', 1, 0, NULL),
(1590, 8, 6, 28, 'TRIMESTRAL', 0.00, '1900-01-01 00:00:00', 1, 0, NULL),
(1591, 8, 1, 29, 'TRIMESTRAL', 0.00, '1900-01-01 00:00:00', 1, 0, NULL),
(1592, 8, 2, 29, 'TRIMESTRAL', 0.00, '1900-01-01 00:00:00', 1, 0, NULL),
(1593, 8, 3, 29, 'TRIMESTRAL', 0.00, '1900-01-01 00:00:00', 1, 0, NULL),
(1594, 8, 4, 29, 'TRIMESTRAL', 0.00, '1900-01-01 00:00:00', 1, 0, NULL),
(1595, 8, 5, 29, 'TRIMESTRAL', 0.00, '1900-01-01 00:00:00', 1, 0, NULL),
(1596, 8, 6, 29, 'TRIMESTRAL', 0.00, '1900-01-01 00:00:00', 1, 0, NULL),
(1597, 8, 1, 30, 'TRIMESTRAL', 0.00, '1900-01-01 00:00:00', 1, 0, NULL),
(1598, 8, 2, 30, 'TRIMESTRAL', 0.00, '1900-01-01 00:00:00', 1, 0, NULL),
(1599, 8, 3, 30, 'TRIMESTRAL', 0.00, '1900-01-01 00:00:00', 1, 0, NULL),
(1600, 8, 4, 30, 'TRIMESTRAL', 0.00, '1900-01-01 00:00:00', 1, 0, NULL),
(1601, 8, 5, 30, 'TRIMESTRAL', 0.00, '1900-01-01 00:00:00', 1, 0, NULL),
(1602, 8, 6, 30, 'TRIMESTRAL', 0.00, '1900-01-01 00:00:00', 1, 0, NULL),
(1603, 8, 1, 31, 'TRIMESTRAL', 0.00, '1900-01-01 00:00:00', 1, 0, NULL),
(1604, 8, 2, 31, 'TRIMESTRAL', 0.00, '1900-01-01 00:00:00', 1, 0, NULL),
(1605, 8, 3, 31, 'TRIMESTRAL', 0.00, '1900-01-01 00:00:00', 1, 0, NULL),
(1606, 8, 4, 31, 'TRIMESTRAL', 0.00, '1900-01-01 00:00:00', 1, 0, NULL),
(1607, 8, 5, 31, 'TRIMESTRAL', 0.00, '1900-01-01 00:00:00', 1, 0, NULL),
(1608, 8, 6, 31, 'TRIMESTRAL', 0.00, '1900-01-01 00:00:00', 1, 0, NULL),
(1609, 8, 1, 32, 'TRIMESTRAL', 0.00, '1900-01-01 00:00:00', 1, 0, NULL),
(1610, 8, 2, 32, 'TRIMESTRAL', 0.00, '1900-01-01 00:00:00', 1, 0, NULL),
(1611, 8, 3, 32, 'TRIMESTRAL', 0.00, '1900-01-01 00:00:00', 1, 0, NULL),
(1612, 8, 4, 32, 'TRIMESTRAL', 0.00, '1900-01-01 00:00:00', 1, 0, NULL),
(1613, 8, 5, 32, 'TRIMESTRAL', 0.00, '1900-01-01 00:00:00', 1, 0, NULL),
(1614, 8, 6, 32, 'TRIMESTRAL', 0.00, '1900-01-01 00:00:00', 1, 0, NULL),
(1615, 8, 1, 33, 'TRIMESTRAL', 0.00, '1900-01-01 00:00:00', 1, 0, NULL),
(1616, 8, 2, 33, 'TRIMESTRAL', 0.00, '1900-01-01 00:00:00', 1, 0, NULL),
(1617, 8, 3, 33, 'TRIMESTRAL', 0.00, '1900-01-01 00:00:00', 1, 0, NULL),
(1618, 8, 4, 33, 'TRIMESTRAL', 0.00, '1900-01-01 00:00:00', 1, 0, NULL),
(1619, 8, 5, 33, 'TRIMESTRAL', 0.00, '1900-01-01 00:00:00', 1, 0, NULL),
(1620, 8, 6, 33, 'TRIMESTRAL', 0.00, '1900-01-01 00:00:00', 1, 0, NULL),
(1621, 8, 1, 34, 'TRIMESTRAL', 0.00, '1900-01-01 00:00:00', 1, 0, NULL),
(1622, 8, 2, 34, 'TRIMESTRAL', 0.00, '1900-01-01 00:00:00', 1, 0, NULL),
(1623, 8, 3, 34, 'TRIMESTRAL', 0.00, '1900-01-01 00:00:00', 1, 0, NULL),
(1624, 8, 4, 34, 'TRIMESTRAL', 0.00, '1900-01-01 00:00:00', 1, 0, NULL),
(1625, 8, 5, 34, 'TRIMESTRAL', 0.00, '1900-01-01 00:00:00', 1, 0, NULL),
(1626, 8, 6, 34, 'TRIMESTRAL', 0.00, '1900-01-01 00:00:00', 1, 0, NULL),
(1627, 8, 1, 35, 'TRIMESTRAL', 0.00, '1900-01-01 00:00:00', 1, 0, NULL),
(1628, 8, 2, 35, 'TRIMESTRAL', 0.00, '1900-01-01 00:00:00', 1, 0, NULL),
(1629, 8, 3, 35, 'TRIMESTRAL', 0.00, '1900-01-01 00:00:00', 1, 0, NULL),
(1630, 8, 4, 35, 'TRIMESTRAL', 0.00, '1900-01-01 00:00:00', 1, 0, NULL),
(1631, 8, 5, 35, 'TRIMESTRAL', 0.00, '1900-01-01 00:00:00', 1, 0, NULL),
(1632, 8, 6, 35, 'TRIMESTRAL', 0.00, '1900-01-01 00:00:00', 1, 0, NULL),
(1744, 9, 1, 13, 'TRIMESTRAL', 0.00, NULL, 1, 0, NULL),
(1745, 9, 6, 14, 'TRIMESTRAL', 0.00, NULL, 1, 0, NULL),
(1746, 9, 6, 15, 'TRIMESTRAL', 0.00, NULL, 1, 0, NULL),
(1747, 9, 6, 16, 'TRIMESTRAL', 0.00, NULL, 1, 0, NULL),
(1748, 9, 6, 1, 'TRIMESTRAL', 6143.00, NULL, 1, 0, NULL),
(1749, 9, 6, 2, 'TRIMESTRAL', 5209.00, NULL, 1, 0, NULL),
(1750, 9, 6, 3, 'TRIMESTRAL', 5473.00, NULL, 1, 0, NULL),
(1751, 9, 6, 4, 'TRIMESTRAL', 6156.00, NULL, 1, 0, NULL),
(1752, 9, 6, 5, 'TRIMESTRAL', 7287.00, NULL, 1, 0, NULL),
(1753, 9, 6, 6, 'TRIMESTRAL', 7472.00, NULL, 1, 0, NULL),
(1754, 9, 6, 7, 'TRIMESTRAL', 7686.00, NULL, 1, 0, NULL),
(1755, 9, 6, 8, 'TRIMESTRAL', 7545.00, NULL, 1, 0, NULL),
(1756, 9, 6, 9, 'TRIMESTRAL', 8413.00, NULL, 1, 0, NULL),
(1757, 9, 6, 10, 'TRIMESTRAL', 8653.00, NULL, 1, 0, NULL),
(1758, 9, 6, 11, 'TRIMESTRAL', 9896.00, NULL, 1, 0, NULL),
(1759, 9, 6, 12, 'TRIMESTRAL', 9502.00, NULL, 1, 0, NULL),
(1760, 9, 6, 28, 'TRIMESTRAL', 9305.00, NULL, 1, 0, NULL),
(1761, 9, 6, 29, 'TRIMESTRAL', 7732.00, NULL, 1, 0, NULL),
(1762, 9, 6, 30, 'TRIMESTRAL', 0.00, NULL, 1, 0, NULL),
(1763, 9, 6, 31, 'TRIMESTRAL', 0.00, NULL, 1, 0, NULL),
(1764, 9, 6, 32, 'TRIMESTRAL', 0.00, NULL, 1, 0, NULL),
(1765, 9, 6, 33, 'TRIMESTRAL', 0.00, NULL, 1, 0, NULL),
(1766, 9, 6, 34, 'TRIMESTRAL', 0.00, NULL, 1, 0, NULL),
(1767, 10, 1, 1, 'TRIMESTRAL', 0.00, '1900-01-01 00:00:00', 1, 0, NULL),
(1768, 10, 2, 1, 'TRIMESTRAL', 0.00, '1900-01-01 00:00:00', 1, 0, NULL),
(1769, 10, 3, 1, 'TRIMESTRAL', 0.00, '1900-01-01 00:00:00', 1, 0, NULL),
(1770, 10, 4, 1, 'TRIMESTRAL', 0.00, '1900-01-01 00:00:00', 1, 0, NULL),
(1771, 10, 5, 1, 'TRIMESTRAL', 0.00, '1900-01-01 00:00:00', 1, 0, NULL),
(1772, 10, 6, 1, 'TRIMESTRAL', 0.00, '1900-01-01 00:00:00', 1, 0, NULL),
(1773, 10, 1, 2, 'TRIMESTRAL', 0.00, '1900-01-01 00:00:00', 1, 0, NULL),
(1774, 10, 2, 2, 'TRIMESTRAL', 0.00, '1900-01-01 00:00:00', 1, 0, NULL),
(1775, 10, 3, 2, 'TRIMESTRAL', 0.00, '1900-01-01 00:00:00', 1, 0, NULL),
(1776, 10, 4, 2, 'TRIMESTRAL', 0.00, '1900-01-01 00:00:00', 1, 0, NULL),
(1777, 10, 5, 2, 'TRIMESTRAL', 0.00, '1900-01-01 00:00:00', 1, 0, NULL),
(1778, 10, 6, 2, 'TRIMESTRAL', 0.00, '1900-01-01 00:00:00', 1, 0, NULL),
(1779, 10, 1, 3, 'TRIMESTRAL', 0.00, '1900-01-01 00:00:00', 1, 0, NULL),
(1780, 10, 2, 3, 'TRIMESTRAL', 0.00, '1900-01-01 00:00:00', 1, 0, NULL),
(1781, 10, 3, 3, 'TRIMESTRAL', 0.00, '1900-01-01 00:00:00', 1, 0, NULL),
(1782, 10, 4, 3, 'TRIMESTRAL', 0.00, '1900-01-01 00:00:00', 1, 0, NULL),
(1783, 10, 5, 3, 'TRIMESTRAL', 0.00, '1900-01-01 00:00:00', 1, 0, NULL),
(1784, 10, 6, 3, 'TRIMESTRAL', 0.00, '1900-01-01 00:00:00', 1, 0, NULL),
(1785, 10, 1, 4, 'TRIMESTRAL', 0.00, '1900-01-01 00:00:00', 1, 0, NULL),
(1786, 10, 2, 4, 'TRIMESTRAL', 0.00, '1900-01-01 00:00:00', 1, 0, NULL),
(1787, 10, 3, 4, 'TRIMESTRAL', 0.00, '1900-01-01 00:00:00', 1, 0, NULL),
(1788, 10, 4, 4, 'TRIMESTRAL', 0.00, '1900-01-01 00:00:00', 1, 0, NULL),
(1789, 10, 5, 4, 'TRIMESTRAL', 0.00, '1900-01-01 00:00:00', 1, 0, NULL),
(1790, 10, 6, 4, 'TRIMESTRAL', 0.00, '1900-01-01 00:00:00', 1, 0, NULL),
(1791, 10, 1, 5, 'TRIMESTRAL', 0.00, '1900-01-01 00:00:00', 1, 0, NULL),
(1792, 10, 2, 5, 'TRIMESTRAL', 0.00, '1900-01-01 00:00:00', 1, 0, NULL),
(1793, 10, 3, 5, 'TRIMESTRAL', 0.00, '1900-01-01 00:00:00', 1, 0, NULL),
(1794, 10, 4, 5, 'TRIMESTRAL', 0.00, '1900-01-01 00:00:00', 1, 0, NULL),
(1795, 10, 5, 5, 'TRIMESTRAL', 0.00, '1900-01-01 00:00:00', 1, 0, NULL),
(1796, 10, 6, 5, 'TRIMESTRAL', 0.00, '1900-01-01 00:00:00', 1, 0, NULL),
(1797, 10, 1, 6, 'TRIMESTRAL', 0.00, '1900-01-01 00:00:00', 1, 0, NULL),
(1798, 10, 2, 6, 'TRIMESTRAL', 0.00, '1900-01-01 00:00:00', 1, 0, NULL),
(1799, 10, 3, 6, 'TRIMESTRAL', 0.00, '1900-01-01 00:00:00', 1, 0, NULL),
(1800, 10, 4, 6, 'TRIMESTRAL', 0.00, '1900-01-01 00:00:00', 1, 0, NULL),
(1801, 10, 5, 6, 'TRIMESTRAL', 0.00, '1900-01-01 00:00:00', 1, 0, NULL),
(1802, 10, 6, 6, 'TRIMESTRAL', 0.00, '1900-01-01 00:00:00', 1, 0, NULL),
(1803, 10, 1, 7, 'TRIMESTRAL', 0.00, '1900-01-01 00:00:00', 1, 0, NULL),
(1804, 10, 2, 7, 'TRIMESTRAL', 0.00, '1900-01-01 00:00:00', 1, 0, NULL),
(1805, 10, 3, 7, 'TRIMESTRAL', 0.00, '1900-01-01 00:00:00', 1, 0, NULL),
(1806, 10, 4, 7, 'TRIMESTRAL', 0.00, '1900-01-01 00:00:00', 1, 0, NULL),
(1807, 10, 5, 7, 'TRIMESTRAL', 0.00, '1900-01-01 00:00:00', 1, 0, NULL),
(1808, 10, 6, 7, 'TRIMESTRAL', 0.00, '1900-01-01 00:00:00', 1, 0, NULL),
(1809, 10, 1, 8, 'TRIMESTRAL', 0.00, '1900-01-01 00:00:00', 1, 0, NULL),
(1810, 10, 2, 8, 'TRIMESTRAL', 0.00, '1900-01-01 00:00:00', 1, 0, NULL),
(1811, 10, 3, 8, 'TRIMESTRAL', 0.00, '1900-01-01 00:00:00', 1, 0, NULL),
(1812, 10, 4, 8, 'TRIMESTRAL', 0.00, '1900-01-01 00:00:00', 1, 0, NULL),
(1813, 10, 5, 8, 'TRIMESTRAL', 0.00, '1900-01-01 00:00:00', 1, 0, NULL),
(1814, 10, 6, 8, 'TRIMESTRAL', 0.00, '1900-01-01 00:00:00', 1, 0, NULL),
(1815, 10, 1, 9, 'TRIMESTRAL', 0.00, '1900-01-01 00:00:00', 1, 0, NULL),
(1816, 10, 2, 9, 'TRIMESTRAL', 0.00, '1900-01-01 00:00:00', 1, 0, NULL),
(1817, 10, 3, 9, 'TRIMESTRAL', 0.00, '1900-01-01 00:00:00', 1, 0, NULL),
(1818, 10, 4, 9, 'TRIMESTRAL', 0.00, '1900-01-01 00:00:00', 1, 0, NULL),
(1819, 10, 5, 9, 'TRIMESTRAL', 0.00, '1900-01-01 00:00:00', 1, 0, NULL),
(1820, 10, 6, 9, 'TRIMESTRAL', 0.00, '1900-01-01 00:00:00', 1, 0, NULL),
(1821, 10, 1, 10, 'TRIMESTRAL', 0.00, '1900-01-01 00:00:00', 1, 0, NULL),
(1822, 10, 2, 10, 'TRIMESTRAL', 0.00, '1900-01-01 00:00:00', 1, 0, NULL),
(1823, 10, 3, 10, 'TRIMESTRAL', 0.00, '1900-01-01 00:00:00', 1, 0, NULL),
(1824, 10, 4, 10, 'TRIMESTRAL', 0.00, '1900-01-01 00:00:00', 1, 0, NULL),
(1825, 10, 5, 10, 'TRIMESTRAL', 0.00, '1900-01-01 00:00:00', 1, 0, NULL),
(1826, 10, 6, 10, 'TRIMESTRAL', 0.00, '1900-01-01 00:00:00', 1, 0, NULL),
(1827, 10, 1, 11, 'TRIMESTRAL', 0.00, '1900-01-01 00:00:00', 1, 0, NULL),
(1828, 10, 2, 11, 'TRIMESTRAL', 0.00, '1900-01-01 00:00:00', 1, 0, NULL),
(1829, 10, 3, 11, 'TRIMESTRAL', 0.00, '1900-01-01 00:00:00', 1, 0, NULL),
(1830, 10, 4, 11, 'TRIMESTRAL', 0.00, '1900-01-01 00:00:00', 1, 0, NULL),
(1831, 10, 5, 11, 'TRIMESTRAL', 0.00, '1900-01-01 00:00:00', 1, 0, NULL),
(1832, 10, 6, 11, 'TRIMESTRAL', 0.00, '1900-01-01 00:00:00', 1, 0, NULL),
(1833, 10, 1, 12, 'TRIMESTRAL', 0.00, '1900-01-01 00:00:00', 1, 0, NULL),
(1834, 10, 2, 12, 'TRIMESTRAL', 0.00, '1900-01-01 00:00:00', 1, 0, NULL),
(1835, 10, 3, 12, 'TRIMESTRAL', 0.00, '1900-01-01 00:00:00', 1, 0, NULL),
(1836, 10, 4, 12, 'TRIMESTRAL', 0.00, '1900-01-01 00:00:00', 1, 0, NULL),
(1837, 10, 5, 12, 'TRIMESTRAL', 0.00, '1900-01-01 00:00:00', 1, 0, NULL),
(1838, 10, 6, 12, 'TRIMESTRAL', 0.00, '1900-01-01 00:00:00', 1, 0, NULL),
(1839, 10, 1, 13, 'TRIMESTRAL', 0.00, '1900-01-01 00:00:00', 1, 0, NULL),
(1840, 10, 2, 13, 'TRIMESTRAL', 0.00, '1900-01-01 00:00:00', 1, 0, NULL),
(1841, 10, 3, 13, 'TRIMESTRAL', 0.00, '1900-01-01 00:00:00', 1, 0, NULL),
(1842, 10, 4, 13, 'TRIMESTRAL', 0.00, '1900-01-01 00:00:00', 1, 0, NULL),
(1843, 10, 5, 13, 'TRIMESTRAL', 0.00, '1900-01-01 00:00:00', 1, 0, NULL),
(1844, 10, 6, 13, 'TRIMESTRAL', 0.00, '1900-01-01 00:00:00', 1, 0, NULL),
(1845, 10, 1, 14, 'TRIMESTRAL', 0.00, '1900-01-01 00:00:00', 1, 0, NULL),
(1846, 10, 2, 14, 'TRIMESTRAL', 0.00, '1900-01-01 00:00:00', 1, 0, NULL),
(1847, 10, 3, 14, 'TRIMESTRAL', 0.00, '1900-01-01 00:00:00', 1, 0, NULL),
(1848, 10, 4, 14, 'TRIMESTRAL', 0.00, '1900-01-01 00:00:00', 1, 0, NULL),
(1849, 10, 5, 14, 'TRIMESTRAL', 0.00, '1900-01-01 00:00:00', 1, 0, NULL),
(1850, 10, 6, 14, 'TRIMESTRAL', 0.00, '1900-01-01 00:00:00', 1, 0, NULL),
(1851, 10, 1, 15, 'TRIMESTRAL', 0.00, '1900-01-01 00:00:00', 1, 0, NULL),
(1852, 10, 2, 15, 'TRIMESTRAL', 0.00, '1900-01-01 00:00:00', 1, 0, NULL),
(1853, 10, 3, 15, 'TRIMESTRAL', 0.00, '1900-01-01 00:00:00', 1, 0, NULL),
(1854, 10, 4, 15, 'TRIMESTRAL', 0.00, '1900-01-01 00:00:00', 1, 0, NULL),
(1855, 10, 5, 15, 'TRIMESTRAL', 0.00, '1900-01-01 00:00:00', 1, 0, NULL),
(1856, 10, 6, 15, 'TRIMESTRAL', 0.00, '1900-01-01 00:00:00', 1, 0, NULL),
(1857, 10, 1, 16, 'TRIMESTRAL', 0.00, '1900-01-01 00:00:00', 1, 0, NULL),
(1858, 10, 2, 16, 'TRIMESTRAL', 0.00, '1900-01-01 00:00:00', 1, 0, NULL),
(1859, 10, 3, 16, 'TRIMESTRAL', 0.00, '1900-01-01 00:00:00', 1, 0, NULL),
(1860, 10, 4, 16, 'TRIMESTRAL', 0.00, '1900-01-01 00:00:00', 1, 0, NULL),
(1861, 10, 5, 16, 'TRIMESTRAL', 0.00, '1900-01-01 00:00:00', 1, 0, NULL),
(1862, 10, 6, 16, 'TRIMESTRAL', 0.00, '1900-01-01 00:00:00', 1, 0, NULL),
(1863, 10, 1, 28, 'TRIMESTRAL', 0.00, '1900-01-01 00:00:00', 1, 0, NULL),
(1864, 10, 2, 28, 'TRIMESTRAL', 0.00, '1900-01-01 00:00:00', 1, 0, NULL),
(1865, 10, 3, 28, 'TRIMESTRAL', 0.00, '1900-01-01 00:00:00', 1, 0, NULL),
(1866, 10, 4, 28, 'TRIMESTRAL', 0.00, '1900-01-01 00:00:00', 1, 0, NULL),
(1867, 10, 5, 28, 'TRIMESTRAL', 0.00, '1900-01-01 00:00:00', 1, 0, NULL),
(1868, 10, 6, 28, 'TRIMESTRAL', 0.00, '1900-01-01 00:00:00', 1, 0, NULL),
(1869, 10, 1, 29, 'TRIMESTRAL', 0.00, '1900-01-01 00:00:00', 1, 0, NULL),
(1870, 10, 2, 29, 'TRIMESTRAL', 0.00, '1900-01-01 00:00:00', 1, 0, NULL),
(1871, 10, 3, 29, 'TRIMESTRAL', 0.00, '1900-01-01 00:00:00', 1, 0, NULL),
(1872, 10, 4, 29, 'TRIMESTRAL', 0.00, '1900-01-01 00:00:00', 1, 0, NULL),
(1873, 10, 5, 29, 'TRIMESTRAL', 0.00, '1900-01-01 00:00:00', 1, 0, NULL),
(1874, 10, 6, 29, 'TRIMESTRAL', 0.00, '1900-01-01 00:00:00', 1, 0, NULL),
(1875, 10, 1, 30, 'TRIMESTRAL', 0.00, '1900-01-01 00:00:00', 1, 0, NULL),
(1876, 10, 2, 30, 'TRIMESTRAL', 0.00, '1900-01-01 00:00:00', 1, 0, NULL),
(1877, 10, 3, 30, 'TRIMESTRAL', 0.00, '1900-01-01 00:00:00', 1, 0, NULL),
(1878, 10, 4, 30, 'TRIMESTRAL', 0.00, '1900-01-01 00:00:00', 1, 0, NULL),
(1879, 10, 5, 30, 'TRIMESTRAL', 0.00, '1900-01-01 00:00:00', 1, 0, NULL),
(1880, 10, 6, 30, 'TRIMESTRAL', 0.00, '1900-01-01 00:00:00', 1, 0, NULL),
(1881, 10, 1, 31, 'TRIMESTRAL', 0.00, '1900-01-01 00:00:00', 1, 0, NULL),
(1882, 10, 2, 31, 'TRIMESTRAL', 0.00, '1900-01-01 00:00:00', 1, 0, NULL),
(1883, 10, 3, 31, 'TRIMESTRAL', 0.00, '1900-01-01 00:00:00', 1, 0, NULL),
(1884, 10, 4, 31, 'TRIMESTRAL', 0.00, '1900-01-01 00:00:00', 1, 0, NULL),
(1885, 10, 5, 31, 'TRIMESTRAL', 0.00, '1900-01-01 00:00:00', 1, 0, NULL),
(1886, 10, 6, 31, 'TRIMESTRAL', 0.00, '1900-01-01 00:00:00', 1, 0, NULL),
(1887, 10, 1, 32, 'TRIMESTRAL', 0.00, '1900-01-01 00:00:00', 1, 0, NULL),
(1888, 10, 2, 32, 'TRIMESTRAL', 0.00, '1900-01-01 00:00:00', 1, 0, NULL),
(1889, 10, 3, 32, 'TRIMESTRAL', 0.00, '1900-01-01 00:00:00', 1, 0, NULL),
(1890, 10, 4, 32, 'TRIMESTRAL', 0.00, '1900-01-01 00:00:00', 1, 0, NULL),
(1891, 10, 5, 32, 'TRIMESTRAL', 0.00, '1900-01-01 00:00:00', 1, 0, NULL),
(1892, 10, 6, 32, 'TRIMESTRAL', 0.00, '1900-01-01 00:00:00', 1, 0, NULL),
(1893, 10, 1, 33, 'TRIMESTRAL', 0.00, '1900-01-01 00:00:00', 1, 0, NULL),
(1894, 10, 2, 33, 'TRIMESTRAL', 0.00, '1900-01-01 00:00:00', 1, 0, NULL),
(1895, 10, 3, 33, 'TRIMESTRAL', 0.00, '1900-01-01 00:00:00', 1, 0, NULL),
(1896, 10, 4, 33, 'TRIMESTRAL', 0.00, '1900-01-01 00:00:00', 1, 0, NULL),
(1897, 10, 5, 33, 'TRIMESTRAL', 0.00, '1900-01-01 00:00:00', 1, 0, NULL),
(1898, 10, 6, 33, 'TRIMESTRAL', 0.00, '1900-01-01 00:00:00', 1, 0, NULL),
(1899, 10, 1, 34, 'TRIMESTRAL', 0.00, '1900-01-01 00:00:00', 1, 0, NULL),
(1900, 10, 2, 34, 'TRIMESTRAL', 0.00, '1900-01-01 00:00:00', 1, 0, NULL),
(1901, 10, 3, 34, 'TRIMESTRAL', 0.00, '1900-01-01 00:00:00', 1, 0, NULL),
(1902, 10, 4, 34, 'TRIMESTRAL', 0.00, '1900-01-01 00:00:00', 1, 0, NULL),
(1903, 10, 5, 34, 'TRIMESTRAL', 0.00, '1900-01-01 00:00:00', 1, 0, NULL),
(1904, 10, 6, 34, 'TRIMESTRAL', 0.00, '1900-01-01 00:00:00', 1, 0, NULL),
(1905, 10, 1, 35, 'TRIMESTRAL', 0.00, '1900-01-01 00:00:00', 1, 0, NULL),
(1906, 10, 2, 35, 'TRIMESTRAL', 0.00, '1900-01-01 00:00:00', 1, 0, NULL),
(1907, 10, 3, 35, 'TRIMESTRAL', 0.00, '1900-01-01 00:00:00', 1, 0, NULL),
(1908, 10, 4, 35, 'TRIMESTRAL', 0.00, '1900-01-01 00:00:00', 1, 0, NULL),
(1909, 10, 5, 35, 'TRIMESTRAL', 0.00, '1900-01-01 00:00:00', 1, 0, NULL),
(1910, 10, 6, 35, 'TRIMESTRAL', 0.00, '1900-01-01 00:00:00', 1, 0, NULL),
(2022, 6, 1, 1, 'TRIMESTRAL', 6143.00, '0000-00-00 00:00:00', 2, 6, '1748||||'),
(2023, 6, 2, 1, 'TRIMESTRAL', 0.00, '0000-00-00 00:00:00', 2, 6, '||||'),
(2024, 6, 3, 1, 'TRIMESTRAL', 0.00, '0000-00-00 00:00:00', 2, 6, '||||'),
(2025, 6, 4, 1, 'TRIMESTRAL', 0.00, '0000-00-00 00:00:00', 2, 6, '||||'),
(2026, 6, 5, 1, 'TRIMESTRAL', 0.00, '0000-00-00 00:00:00', 2, 6, '||||'),
(2027, 6, 6, 1, 'TRIMESTRAL', 0.00, '0000-00-00 00:00:00', 2, 6, '||||'),
(2028, 6, 1, 1, 'TRIMESTRAL', 0.00, '0000-00-00 00:00:00', 2, 7, '1767||||'),
(2029, 6, 2, 1, 'TRIMESTRAL', 0.00, '0000-00-00 00:00:00', 2, 7, '1768||||'),
(2030, 6, 3, 1, 'TRIMESTRAL', 0.00, '0000-00-00 00:00:00', 2, 7, '1769||||'),
(2031, 6, 4, 1, 'TRIMESTRAL', 0.00, '0000-00-00 00:00:00', 2, 7, '1770||||'),
(2032, 6, 5, 1, 'TRIMESTRAL', 0.00, '0000-00-00 00:00:00', 2, 7, '1771||||'),
(2033, 6, 6, 1, 'TRIMESTRAL', 0.00, '0000-00-00 00:00:00', 2, 7, '1772||||'),
(2034, 6, 1, 2, 'TRIMESTRAL', 5209.00, '0000-00-00 00:00:00', 2, 6, '1749||||'),
(2035, 6, 2, 2, 'TRIMESTRAL', 0.00, '0000-00-00 00:00:00', 2, 6, '||||'),
(2036, 6, 3, 2, 'TRIMESTRAL', 0.00, '0000-00-00 00:00:00', 2, 6, '||||'),
(2037, 6, 4, 2, 'TRIMESTRAL', 0.00, '0000-00-00 00:00:00', 2, 6, '||||'),
(2038, 6, 5, 2, 'TRIMESTRAL', 0.00, '0000-00-00 00:00:00', 2, 6, '||||'),
(2039, 6, 6, 2, 'TRIMESTRAL', 0.00, '0000-00-00 00:00:00', 2, 6, '||||'),
(2040, 6, 1, 2, 'TRIMESTRAL', 0.00, '0000-00-00 00:00:00', 2, 7, '1773||||'),
(2041, 6, 2, 2, 'TRIMESTRAL', 0.00, '0000-00-00 00:00:00', 2, 7, '1774||||'),
(2042, 6, 3, 2, 'TRIMESTRAL', 0.00, '0000-00-00 00:00:00', 2, 7, '1775||||'),
(2043, 6, 4, 2, 'TRIMESTRAL', 0.00, '0000-00-00 00:00:00', 2, 7, '1776||||'),
(2044, 6, 5, 2, 'TRIMESTRAL', 0.00, '0000-00-00 00:00:00', 2, 7, '1777||||'),
(2045, 6, 6, 2, 'TRIMESTRAL', 0.00, '0000-00-00 00:00:00', 2, 7, '1778||||'),
(2046, 6, 1, 3, 'TRIMESTRAL', 5473.00, '0000-00-00 00:00:00', 2, 6, '1750||||'),
(2047, 6, 2, 3, 'TRIMESTRAL', 0.00, '0000-00-00 00:00:00', 2, 6, '||||'),
(2048, 6, 3, 3, 'TRIMESTRAL', 0.00, '0000-00-00 00:00:00', 2, 6, '||||'),
(2049, 6, 4, 3, 'TRIMESTRAL', 0.00, '0000-00-00 00:00:00', 2, 6, '||||'),
(2050, 6, 5, 3, 'TRIMESTRAL', 0.00, '0000-00-00 00:00:00', 2, 6, '||||'),
(2051, 6, 6, 3, 'TRIMESTRAL', 0.00, '0000-00-00 00:00:00', 2, 6, '||||'),
(2052, 6, 1, 3, 'TRIMESTRAL', 0.00, '0000-00-00 00:00:00', 2, 7, '1779||||'),
(2053, 6, 2, 3, 'TRIMESTRAL', 0.00, '0000-00-00 00:00:00', 2, 7, '1780||||'),
(2054, 6, 3, 3, 'TRIMESTRAL', 0.00, '0000-00-00 00:00:00', 2, 7, '1781||||'),
(2055, 6, 4, 3, 'TRIMESTRAL', 0.00, '0000-00-00 00:00:00', 2, 7, '1782||||'),
(2056, 6, 5, 3, 'TRIMESTRAL', 0.00, '0000-00-00 00:00:00', 2, 7, '1783||||'),
(2057, 6, 6, 3, 'TRIMESTRAL', 0.00, '0000-00-00 00:00:00', 2, 7, '1784||||'),
(2058, 6, 1, 4, 'TRIMESTRAL', 6156.00, '0000-00-00 00:00:00', 2, 6, '1751||||'),
(2059, 6, 2, 4, 'TRIMESTRAL', 0.00, '0000-00-00 00:00:00', 2, 6, '||||'),
(2060, 6, 3, 4, 'TRIMESTRAL', 0.00, '0000-00-00 00:00:00', 2, 6, '||||'),
(2061, 6, 4, 4, 'TRIMESTRAL', 0.00, '0000-00-00 00:00:00', 2, 6, '||||'),
(2062, 6, 5, 4, 'TRIMESTRAL', 0.00, '0000-00-00 00:00:00', 2, 6, '||||'),
(2063, 6, 6, 4, 'TRIMESTRAL', 0.00, '0000-00-00 00:00:00', 2, 6, '||||'),
(2064, 6, 1, 4, 'TRIMESTRAL', 0.00, '0000-00-00 00:00:00', 2, 7, '1785||||'),
(2065, 6, 2, 4, 'TRIMESTRAL', 0.00, '0000-00-00 00:00:00', 2, 7, '1786||||'),
(2066, 6, 3, 4, 'TRIMESTRAL', 0.00, '0000-00-00 00:00:00', 2, 7, '1787||||'),
(2067, 6, 4, 4, 'TRIMESTRAL', 0.00, '0000-00-00 00:00:00', 2, 7, '1788||||'),
(2068, 6, 5, 4, 'TRIMESTRAL', 0.00, '0000-00-00 00:00:00', 2, 7, '1789||||'),
(2069, 6, 6, 4, 'TRIMESTRAL', 0.00, '0000-00-00 00:00:00', 2, 7, '1790||||'),
(2070, 6, 1, 5, 'TRIMESTRAL', 7287.00, '0000-00-00 00:00:00', 2, 6, '1752||||'),
(2071, 6, 2, 5, 'TRIMESTRAL', 0.00, '0000-00-00 00:00:00', 2, 6, '||||'),
(2072, 6, 3, 5, 'TRIMESTRAL', 0.00, '0000-00-00 00:00:00', 2, 6, '||||'),
(2073, 6, 4, 5, 'TRIMESTRAL', 0.00, '0000-00-00 00:00:00', 2, 6, '||||'),
(2074, 6, 5, 5, 'TRIMESTRAL', 0.00, '0000-00-00 00:00:00', 2, 6, '||||'),
(2075, 6, 6, 5, 'TRIMESTRAL', 0.00, '0000-00-00 00:00:00', 2, 6, '||||'),
(2076, 6, 1, 5, 'TRIMESTRAL', 0.00, '0000-00-00 00:00:00', 2, 7, '1791||||'),
(2077, 6, 2, 5, 'TRIMESTRAL', 0.00, '0000-00-00 00:00:00', 2, 7, '1792||||'),
(2078, 6, 3, 5, 'TRIMESTRAL', 0.00, '0000-00-00 00:00:00', 2, 7, '1793||||'),
(2079, 6, 4, 5, 'TRIMESTRAL', 0.00, '0000-00-00 00:00:00', 2, 7, '1794||||'),
(2080, 6, 5, 5, 'TRIMESTRAL', 0.00, '0000-00-00 00:00:00', 2, 7, '1795||||'),
(2081, 6, 6, 5, 'TRIMESTRAL', 0.00, '0000-00-00 00:00:00', 2, 7, '1796||||'),
(2082, 6, 1, 6, 'TRIMESTRAL', 7472.00, '0000-00-00 00:00:00', 2, 6, '1753||||'),
(2083, 6, 2, 6, 'TRIMESTRAL', 0.00, '0000-00-00 00:00:00', 2, 6, '||||'),
(2084, 6, 3, 6, 'TRIMESTRAL', 0.00, '0000-00-00 00:00:00', 2, 6, '||||'),
(2085, 6, 4, 6, 'TRIMESTRAL', 0.00, '0000-00-00 00:00:00', 2, 6, '||||'),
(2086, 6, 5, 6, 'TRIMESTRAL', 0.00, '0000-00-00 00:00:00', 2, 6, '||||'),
(2087, 6, 6, 6, 'TRIMESTRAL', 0.00, '0000-00-00 00:00:00', 2, 6, '||||'),
(2088, 6, 1, 6, 'TRIMESTRAL', 0.00, '0000-00-00 00:00:00', 2, 7, '1797||||'),
(2089, 6, 2, 6, 'TRIMESTRAL', 0.00, '0000-00-00 00:00:00', 2, 7, '1798||||'),
(2090, 6, 3, 6, 'TRIMESTRAL', 0.00, '0000-00-00 00:00:00', 2, 7, '1799||||'),
(2091, 6, 4, 6, 'TRIMESTRAL', 0.00, '0000-00-00 00:00:00', 2, 7, '1800||||'),
(2092, 6, 5, 6, 'TRIMESTRAL', 0.00, '0000-00-00 00:00:00', 2, 7, '1801||||'),
(2093, 6, 6, 6, 'TRIMESTRAL', 0.00, '0000-00-00 00:00:00', 2, 7, '1802||||'),
(2094, 6, 1, 7, 'TRIMESTRAL', 7686.00, '0000-00-00 00:00:00', 2, 6, '1754||||'),
(2095, 6, 2, 7, 'TRIMESTRAL', 0.00, '0000-00-00 00:00:00', 2, 6, '||||'),
(2096, 6, 3, 7, 'TRIMESTRAL', 0.00, '0000-00-00 00:00:00', 2, 6, '||||'),
(2097, 6, 4, 7, 'TRIMESTRAL', 0.00, '0000-00-00 00:00:00', 2, 6, '||||'),
(2098, 6, 5, 7, 'TRIMESTRAL', 0.00, '0000-00-00 00:00:00', 2, 6, '||||'),
(2099, 6, 6, 7, 'TRIMESTRAL', 0.00, '0000-00-00 00:00:00', 2, 6, '||||'),
(2100, 6, 1, 7, 'TRIMESTRAL', 0.00, '0000-00-00 00:00:00', 2, 7, '1803||||'),
(2101, 6, 2, 7, 'TRIMESTRAL', 0.00, '0000-00-00 00:00:00', 2, 7, '1804||||'),
(2102, 6, 3, 7, 'TRIMESTRAL', 0.00, '0000-00-00 00:00:00', 2, 7, '1805||||'),
(2103, 6, 4, 7, 'TRIMESTRAL', 0.00, '0000-00-00 00:00:00', 2, 7, '1806||||'),
(2104, 6, 5, 7, 'TRIMESTRAL', 0.00, '0000-00-00 00:00:00', 2, 7, '1807||||'),
(2105, 6, 6, 7, 'TRIMESTRAL', 0.00, '0000-00-00 00:00:00', 2, 7, '1808||||'),
(2106, 6, 1, 8, 'TRIMESTRAL', 7545.00, '0000-00-00 00:00:00', 2, 6, '1755||||'),
(2107, 6, 2, 8, 'TRIMESTRAL', 0.00, '0000-00-00 00:00:00', 2, 6, '||||'),
(2108, 6, 3, 8, 'TRIMESTRAL', 0.00, '0000-00-00 00:00:00', 2, 6, '||||'),
(2109, 6, 4, 8, 'TRIMESTRAL', 0.00, '0000-00-00 00:00:00', 2, 6, '||||'),
(2110, 6, 5, 8, 'TRIMESTRAL', 0.00, '0000-00-00 00:00:00', 2, 6, '||||'),
(2111, 6, 6, 8, 'TRIMESTRAL', 0.00, '0000-00-00 00:00:00', 2, 6, '||||'),
(2112, 6, 1, 8, 'TRIMESTRAL', 0.00, '0000-00-00 00:00:00', 2, 7, '1809||||'),
(2113, 6, 2, 8, 'TRIMESTRAL', 0.00, '0000-00-00 00:00:00', 2, 7, '1810||||'),
(2114, 6, 3, 8, 'TRIMESTRAL', 0.00, '0000-00-00 00:00:00', 2, 7, '1811||||'),
(2115, 6, 4, 8, 'TRIMESTRAL', 0.00, '0000-00-00 00:00:00', 2, 7, '1812||||'),
(2116, 6, 5, 8, 'TRIMESTRAL', 0.00, '0000-00-00 00:00:00', 2, 7, '1813||||'),
(2117, 6, 6, 8, 'TRIMESTRAL', 0.00, '0000-00-00 00:00:00', 2, 7, '1814||||'),
(2118, 6, 1, 9, 'TRIMESTRAL', 8413.00, '0000-00-00 00:00:00', 2, 6, '1756||||'),
(2119, 6, 2, 9, 'TRIMESTRAL', 0.00, '0000-00-00 00:00:00', 2, 6, '||||'),
(2120, 6, 3, 9, 'TRIMESTRAL', 0.00, '0000-00-00 00:00:00', 2, 6, '||||'),
(2121, 6, 4, 9, 'TRIMESTRAL', 0.00, '0000-00-00 00:00:00', 2, 6, '||||'),
(2122, 6, 5, 9, 'TRIMESTRAL', 0.00, '0000-00-00 00:00:00', 2, 6, '||||'),
(2123, 6, 6, 9, 'TRIMESTRAL', 0.00, '0000-00-00 00:00:00', 2, 6, '||||'),
(2124, 6, 1, 9, 'TRIMESTRAL', 0.00, '0000-00-00 00:00:00', 2, 7, '1815||||'),
(2125, 6, 2, 9, 'TRIMESTRAL', 0.00, '0000-00-00 00:00:00', 2, 7, '1816||||'),
(2126, 6, 3, 9, 'TRIMESTRAL', 0.00, '0000-00-00 00:00:00', 2, 7, '1817||||'),
(2127, 6, 4, 9, 'TRIMESTRAL', 0.00, '0000-00-00 00:00:00', 2, 7, '1818||||'),
(2128, 6, 5, 9, 'TRIMESTRAL', 0.00, '0000-00-00 00:00:00', 2, 7, '1819||||'),
(2129, 6, 6, 9, 'TRIMESTRAL', 0.00, '0000-00-00 00:00:00', 2, 7, '1820||||'),
(2130, 6, 1, 10, 'TRIMESTRAL', 8653.00, '0000-00-00 00:00:00', 2, 6, '1757||||'),
(2131, 6, 2, 10, 'TRIMESTRAL', 0.00, '0000-00-00 00:00:00', 2, 6, '||||'),
(2132, 6, 3, 10, 'TRIMESTRAL', 0.00, '0000-00-00 00:00:00', 2, 6, '||||'),
(2133, 6, 4, 10, 'TRIMESTRAL', 0.00, '0000-00-00 00:00:00', 2, 6, '||||'),
(2134, 6, 5, 10, 'TRIMESTRAL', 0.00, '0000-00-00 00:00:00', 2, 6, '||||'),
(2135, 6, 6, 10, 'TRIMESTRAL', 0.00, '0000-00-00 00:00:00', 2, 6, '||||'),
(2136, 6, 1, 10, 'TRIMESTRAL', 0.00, '0000-00-00 00:00:00', 2, 7, '1821||||'),
(2137, 6, 2, 10, 'TRIMESTRAL', 0.00, '0000-00-00 00:00:00', 2, 7, '1822||||'),
(2138, 6, 3, 10, 'TRIMESTRAL', 0.00, '0000-00-00 00:00:00', 2, 7, '1823||||'),
(2139, 6, 4, 10, 'TRIMESTRAL', 0.00, '0000-00-00 00:00:00', 2, 7, '1824||||'),
(2140, 6, 5, 10, 'TRIMESTRAL', 0.00, '0000-00-00 00:00:00', 2, 7, '1825||||'),
(2141, 6, 6, 10, 'TRIMESTRAL', 0.00, '0000-00-00 00:00:00', 2, 7, '1826||||'),
(2142, 6, 1, 11, 'TRIMESTRAL', 9896.00, '0000-00-00 00:00:00', 2, 6, '1758||||'),
(2143, 6, 2, 11, 'TRIMESTRAL', 0.00, '0000-00-00 00:00:00', 2, 6, '||||'),
(2144, 6, 3, 11, 'TRIMESTRAL', 0.00, '0000-00-00 00:00:00', 2, 6, '||||'),
(2145, 6, 4, 11, 'TRIMESTRAL', 0.00, '0000-00-00 00:00:00', 2, 6, '||||'),
(2146, 6, 5, 11, 'TRIMESTRAL', 0.00, '0000-00-00 00:00:00', 2, 6, '||||'),
(2147, 6, 6, 11, 'TRIMESTRAL', 0.00, '0000-00-00 00:00:00', 2, 6, '||||'),
(2148, 6, 1, 11, 'TRIMESTRAL', 0.00, '0000-00-00 00:00:00', 2, 7, '1827||||'),
(2149, 6, 2, 11, 'TRIMESTRAL', 0.00, '0000-00-00 00:00:00', 2, 7, '1828||||'),
(2150, 6, 3, 11, 'TRIMESTRAL', 0.00, '0000-00-00 00:00:00', 2, 7, '1829||||'),
(2151, 6, 4, 11, 'TRIMESTRAL', 0.00, '0000-00-00 00:00:00', 2, 7, '1830||||'),
(2152, 6, 5, 11, 'TRIMESTRAL', 0.00, '0000-00-00 00:00:00', 2, 7, '1831||||'),
(2153, 6, 6, 11, 'TRIMESTRAL', 0.00, '0000-00-00 00:00:00', 2, 7, '1832||||'),
(2154, 6, 1, 12, 'TRIMESTRAL', 9502.00, '0000-00-00 00:00:00', 2, 6, '1759||||'),
(2155, 6, 2, 12, 'TRIMESTRAL', 0.00, '0000-00-00 00:00:00', 2, 6, '||||'),
(2156, 6, 3, 12, 'TRIMESTRAL', 0.00, '0000-00-00 00:00:00', 2, 6, '||||'),
(2157, 6, 4, 12, 'TRIMESTRAL', 0.00, '0000-00-00 00:00:00', 2, 6, '||||'),
(2158, 6, 5, 12, 'TRIMESTRAL', 0.00, '0000-00-00 00:00:00', 2, 6, '||||'),
(2159, 6, 6, 12, 'TRIMESTRAL', 0.00, '0000-00-00 00:00:00', 2, 6, '||||'),
(2160, 6, 1, 12, 'TRIMESTRAL', 0.00, '0000-00-00 00:00:00', 2, 7, '1833||||'),
(2161, 6, 2, 12, 'TRIMESTRAL', 0.00, '0000-00-00 00:00:00', 2, 7, '1834||||'),
(2162, 6, 3, 12, 'TRIMESTRAL', 0.00, '0000-00-00 00:00:00', 2, 7, '1835||||'),
(2163, 6, 4, 12, 'TRIMESTRAL', 0.00, '0000-00-00 00:00:00', 2, 7, '1836||||'),
(2164, 6, 5, 12, 'TRIMESTRAL', 0.00, '0000-00-00 00:00:00', 2, 7, '1837||||'),
(2165, 6, 6, 12, 'TRIMESTRAL', 0.00, '0000-00-00 00:00:00', 2, 7, '1838||||'),
(2166, 6, 1, 13, 'TRIMESTRAL', 0.00, '0000-00-00 00:00:00', 2, 6, '1744||||'),
(2167, 6, 2, 13, 'TRIMESTRAL', 0.00, '0000-00-00 00:00:00', 2, 6, '||||'),
(2168, 6, 3, 13, 'TRIMESTRAL', 0.00, '0000-00-00 00:00:00', 2, 6, '||||'),
(2169, 6, 4, 13, 'TRIMESTRAL', 0.00, '0000-00-00 00:00:00', 2, 6, '||||'),
(2170, 6, 5, 13, 'TRIMESTRAL', 0.00, '0000-00-00 00:00:00', 2, 6, '||||'),
(2171, 6, 6, 13, 'TRIMESTRAL', 0.00, '0000-00-00 00:00:00', 2, 6, '||||'),
(2172, 6, 1, 13, 'TRIMESTRAL', 0.00, '0000-00-00 00:00:00', 2, 7, '1839||||'),
(2173, 6, 2, 13, 'TRIMESTRAL', 0.00, '0000-00-00 00:00:00', 2, 7, '1840||||'),
(2174, 6, 3, 13, 'TRIMESTRAL', 0.00, '0000-00-00 00:00:00', 2, 7, '1841||||'),
(2175, 6, 4, 13, 'TRIMESTRAL', 0.00, '0000-00-00 00:00:00', 2, 7, '1842||||'),
(2176, 6, 5, 13, 'TRIMESTRAL', 0.00, '0000-00-00 00:00:00', 2, 7, '1843||||'),
(2177, 6, 6, 13, 'TRIMESTRAL', 0.00, '0000-00-00 00:00:00', 2, 7, '1844||||'),
(2178, 6, 1, 14, 'TRIMESTRAL', 0.00, '0000-00-00 00:00:00', 2, 6, '1745||||'),
(2179, 6, 2, 14, 'TRIMESTRAL', 0.00, '0000-00-00 00:00:00', 2, 6, '||||'),
(2180, 6, 3, 14, 'TRIMESTRAL', 0.00, '0000-00-00 00:00:00', 2, 6, '||||'),
(2181, 6, 4, 14, 'TRIMESTRAL', 0.00, '0000-00-00 00:00:00', 2, 6, '||||'),
(2182, 6, 5, 14, 'TRIMESTRAL', 0.00, '0000-00-00 00:00:00', 2, 6, '||||'),
(2183, 6, 6, 14, 'TRIMESTRAL', 0.00, '0000-00-00 00:00:00', 2, 6, '||||'),
(2184, 6, 1, 14, 'TRIMESTRAL', 0.00, '0000-00-00 00:00:00', 2, 7, '1845||||'),
(2185, 6, 2, 14, 'TRIMESTRAL', 0.00, '0000-00-00 00:00:00', 2, 7, '1846||||'),
(2186, 6, 3, 14, 'TRIMESTRAL', 0.00, '0000-00-00 00:00:00', 2, 7, '1847||||'),
(2187, 6, 4, 14, 'TRIMESTRAL', 0.00, '0000-00-00 00:00:00', 2, 7, '1848||||'),
(2188, 6, 5, 14, 'TRIMESTRAL', 0.00, '0000-00-00 00:00:00', 2, 7, '1849||||'),
(2189, 6, 6, 14, 'TRIMESTRAL', 0.00, '0000-00-00 00:00:00', 2, 7, '1850||||'),
(2190, 6, 1, 15, 'TRIMESTRAL', 0.00, '0000-00-00 00:00:00', 2, 6, '1746||||'),
(2191, 6, 2, 15, 'TRIMESTRAL', 0.00, '0000-00-00 00:00:00', 2, 6, '||||'),
(2192, 6, 3, 15, 'TRIMESTRAL', 0.00, '0000-00-00 00:00:00', 2, 6, '||||'),
(2193, 6, 4, 15, 'TRIMESTRAL', 0.00, '0000-00-00 00:00:00', 2, 6, '||||'),
(2194, 6, 5, 15, 'TRIMESTRAL', 0.00, '0000-00-00 00:00:00', 2, 6, '||||'),
(2195, 6, 6, 15, 'TRIMESTRAL', 0.00, '0000-00-00 00:00:00', 2, 6, '||||'),
(2196, 6, 1, 15, 'TRIMESTRAL', 0.00, '0000-00-00 00:00:00', 2, 7, '1851||||'),
(2197, 6, 2, 15, 'TRIMESTRAL', 0.00, '0000-00-00 00:00:00', 2, 7, '1852||||'),
(2198, 6, 3, 15, 'TRIMESTRAL', 0.00, '0000-00-00 00:00:00', 2, 7, '1853||||'),
(2199, 6, 4, 15, 'TRIMESTRAL', 0.00, '0000-00-00 00:00:00', 2, 7, '1854||||'),
(2200, 6, 5, 15, 'TRIMESTRAL', 0.00, '0000-00-00 00:00:00', 2, 7, '1855||||'),
(2201, 6, 6, 15, 'TRIMESTRAL', 0.00, '0000-00-00 00:00:00', 2, 7, '1856||||'),
(2202, 6, 1, 16, 'TRIMESTRAL', 0.00, '0000-00-00 00:00:00', 2, 6, '1747||||'),
(2203, 6, 2, 16, 'TRIMESTRAL', 0.00, '0000-00-00 00:00:00', 2, 6, '||||'),
(2204, 6, 3, 16, 'TRIMESTRAL', 0.00, '0000-00-00 00:00:00', 2, 6, '||||'),
(2205, 6, 4, 16, 'TRIMESTRAL', 0.00, '0000-00-00 00:00:00', 2, 6, '||||'),
(2206, 6, 5, 16, 'TRIMESTRAL', 0.00, '0000-00-00 00:00:00', 2, 6, '||||'),
(2207, 6, 6, 16, 'TRIMESTRAL', 0.00, '0000-00-00 00:00:00', 2, 6, '||||'),
(2208, 6, 1, 16, 'TRIMESTRAL', 0.00, '0000-00-00 00:00:00', 2, 7, '1857||||'),
(2209, 6, 2, 16, 'TRIMESTRAL', 0.00, '0000-00-00 00:00:00', 2, 7, '1858||||'),
(2210, 6, 3, 16, 'TRIMESTRAL', 0.00, '0000-00-00 00:00:00', 2, 7, '1859||||'),
(2211, 6, 4, 16, 'TRIMESTRAL', 0.00, '0000-00-00 00:00:00', 2, 7, '1860||||'),
(2212, 6, 5, 16, 'TRIMESTRAL', 0.00, '0000-00-00 00:00:00', 2, 7, '1861||||'),
(2213, 6, 6, 16, 'TRIMESTRAL', 0.00, '0000-00-00 00:00:00', 2, 7, '1862||||'),
(2214, 6, 1, 28, 'TRIMESTRAL', 9305.00, '0000-00-00 00:00:00', 2, 6, '1760||||'),
(2215, 6, 2, 28, 'TRIMESTRAL', 0.00, '0000-00-00 00:00:00', 2, 6, '||||'),
(2216, 6, 3, 28, 'TRIMESTRAL', 0.00, '0000-00-00 00:00:00', 2, 6, '||||'),
(2217, 6, 4, 28, 'TRIMESTRAL', 0.00, '0000-00-00 00:00:00', 2, 6, '||||'),
(2218, 6, 5, 28, 'TRIMESTRAL', 0.00, '0000-00-00 00:00:00', 2, 6, '||||'),
(2219, 6, 6, 28, 'TRIMESTRAL', 0.00, '0000-00-00 00:00:00', 2, 6, '||||'),
(2220, 6, 1, 28, 'TRIMESTRAL', 0.00, '0000-00-00 00:00:00', 2, 7, '1863||||'),
(2221, 6, 2, 28, 'TRIMESTRAL', 0.00, '0000-00-00 00:00:00', 2, 7, '1864||||'),
(2222, 6, 3, 28, 'TRIMESTRAL', 0.00, '0000-00-00 00:00:00', 2, 7, '1865||||'),
(2223, 6, 4, 28, 'TRIMESTRAL', 0.00, '0000-00-00 00:00:00', 2, 7, '1866||||'),
(2224, 6, 5, 28, 'TRIMESTRAL', 0.00, '0000-00-00 00:00:00', 2, 7, '1867||||'),
(2225, 6, 6, 28, 'TRIMESTRAL', 0.00, '0000-00-00 00:00:00', 2, 7, '1868||||'),
(2226, 6, 1, 29, 'TRIMESTRAL', 7732.00, '0000-00-00 00:00:00', 2, 6, '1761||||'),
(2227, 6, 2, 29, 'TRIMESTRAL', 0.00, '0000-00-00 00:00:00', 2, 6, '||||'),
(2228, 6, 3, 29, 'TRIMESTRAL', 0.00, '0000-00-00 00:00:00', 2, 6, '||||'),
(2229, 6, 4, 29, 'TRIMESTRAL', 0.00, '0000-00-00 00:00:00', 2, 6, '||||'),
(2230, 6, 5, 29, 'TRIMESTRAL', 0.00, '0000-00-00 00:00:00', 2, 6, '||||'),
(2231, 6, 6, 29, 'TRIMESTRAL', 0.00, '0000-00-00 00:00:00', 2, 6, '||||'),
(2232, 6, 1, 29, 'TRIMESTRAL', 0.00, '0000-00-00 00:00:00', 2, 7, '1869||||'),
(2233, 6, 2, 29, 'TRIMESTRAL', 0.00, '0000-00-00 00:00:00', 2, 7, '1870||||'),
(2234, 6, 3, 29, 'TRIMESTRAL', 0.00, '0000-00-00 00:00:00', 2, 7, '1871||||'),
(2235, 6, 4, 29, 'TRIMESTRAL', 0.00, '0000-00-00 00:00:00', 2, 7, '1872||||'),
(2236, 6, 5, 29, 'TRIMESTRAL', 0.00, '0000-00-00 00:00:00', 2, 7, '1873||||'),
(2237, 6, 6, 29, 'TRIMESTRAL', 0.00, '0000-00-00 00:00:00', 2, 7, '1874||||'),
(2238, 6, 1, 30, 'TRIMESTRAL', 0.00, '0000-00-00 00:00:00', 2, 6, '1762||||'),
(2239, 6, 2, 30, 'TRIMESTRAL', 0.00, '0000-00-00 00:00:00', 2, 6, '||||'),
(2240, 6, 3, 30, 'TRIMESTRAL', 0.00, '0000-00-00 00:00:00', 2, 6, '||||'),
(2241, 6, 4, 30, 'TRIMESTRAL', 0.00, '0000-00-00 00:00:00', 2, 6, '||||'),
(2242, 6, 5, 30, 'TRIMESTRAL', 0.00, '0000-00-00 00:00:00', 2, 6, '||||'),
(2243, 6, 6, 30, 'TRIMESTRAL', 0.00, '0000-00-00 00:00:00', 2, 6, '||||'),
(2244, 6, 1, 30, 'TRIMESTRAL', 0.00, '0000-00-00 00:00:00', 2, 7, '1875||||'),
(2245, 6, 2, 30, 'TRIMESTRAL', 0.00, '0000-00-00 00:00:00', 2, 7, '1876||||'),
(2246, 6, 3, 30, 'TRIMESTRAL', 0.00, '0000-00-00 00:00:00', 2, 7, '1877||||'),
(2247, 6, 4, 30, 'TRIMESTRAL', 0.00, '0000-00-00 00:00:00', 2, 7, '1878||||'),
(2248, 6, 5, 30, 'TRIMESTRAL', 0.00, '0000-00-00 00:00:00', 2, 7, '1879||||'),
(2249, 6, 6, 30, 'TRIMESTRAL', 0.00, '0000-00-00 00:00:00', 2, 7, '1880||||'),
(2250, 6, 1, 31, 'TRIMESTRAL', 0.00, '0000-00-00 00:00:00', 2, 6, '1763||||'),
(2251, 6, 2, 31, 'TRIMESTRAL', 0.00, '0000-00-00 00:00:00', 2, 6, '||||'),
(2252, 6, 3, 31, 'TRIMESTRAL', 0.00, '0000-00-00 00:00:00', 2, 6, '||||'),
(2253, 6, 4, 31, 'TRIMESTRAL', 0.00, '0000-00-00 00:00:00', 2, 6, '||||'),
(2254, 6, 5, 31, 'TRIMESTRAL', 0.00, '0000-00-00 00:00:00', 2, 6, '||||'),
(2255, 6, 6, 31, 'TRIMESTRAL', 0.00, '0000-00-00 00:00:00', 2, 6, '||||'),
(2256, 6, 1, 31, 'TRIMESTRAL', 0.00, '0000-00-00 00:00:00', 2, 7, '1881||||'),
(2257, 6, 2, 31, 'TRIMESTRAL', 0.00, '0000-00-00 00:00:00', 2, 7, '1882||||'),
(2258, 6, 3, 31, 'TRIMESTRAL', 0.00, '0000-00-00 00:00:00', 2, 7, '1883||||'),
(2259, 6, 4, 31, 'TRIMESTRAL', 0.00, '0000-00-00 00:00:00', 2, 7, '1884||||'),
(2260, 6, 5, 31, 'TRIMESTRAL', 0.00, '0000-00-00 00:00:00', 2, 7, '1885||||'),
(2261, 6, 6, 31, 'TRIMESTRAL', 0.00, '0000-00-00 00:00:00', 2, 7, '1886||||'),
(2262, 6, 1, 32, 'TRIMESTRAL', 0.00, '0000-00-00 00:00:00', 2, 6, '1764||||'),
(2263, 6, 2, 32, 'TRIMESTRAL', 0.00, '0000-00-00 00:00:00', 2, 6, '||||'),
(2264, 6, 3, 32, 'TRIMESTRAL', 0.00, '0000-00-00 00:00:00', 2, 6, '||||'),
(2265, 6, 4, 32, 'TRIMESTRAL', 0.00, '0000-00-00 00:00:00', 2, 6, '||||'),
(2266, 6, 5, 32, 'TRIMESTRAL', 0.00, '0000-00-00 00:00:00', 2, 6, '||||'),
(2267, 6, 6, 32, 'TRIMESTRAL', 0.00, '0000-00-00 00:00:00', 2, 6, '||||');
INSERT INTO `valores` (`ID_VALOR`, `ID_TAG_AGF`, `ID_EMPRESA`, `ID_PERIODO`, `tipo`, `VALOR`, `DT_MODIFICACION`, `origen`, `id_formula`, `hist_formula`) VALUES
(2268, 6, 1, 32, 'TRIMESTRAL', 0.00, '0000-00-00 00:00:00', 2, 7, '1887||||'),
(2269, 6, 2, 32, 'TRIMESTRAL', 0.00, '0000-00-00 00:00:00', 2, 7, '1888||||'),
(2270, 6, 3, 32, 'TRIMESTRAL', 0.00, '0000-00-00 00:00:00', 2, 7, '1889||||'),
(2271, 6, 4, 32, 'TRIMESTRAL', 0.00, '0000-00-00 00:00:00', 2, 7, '1890||||'),
(2272, 6, 5, 32, 'TRIMESTRAL', 0.00, '0000-00-00 00:00:00', 2, 7, '1891||||'),
(2273, 6, 6, 32, 'TRIMESTRAL', 0.00, '0000-00-00 00:00:00', 2, 7, '1892||||'),
(2274, 6, 1, 33, 'TRIMESTRAL', 0.00, '0000-00-00 00:00:00', 2, 6, '1765||||'),
(2275, 6, 2, 33, 'TRIMESTRAL', 0.00, '0000-00-00 00:00:00', 2, 6, '||||'),
(2276, 6, 3, 33, 'TRIMESTRAL', 0.00, '0000-00-00 00:00:00', 2, 6, '||||'),
(2277, 6, 4, 33, 'TRIMESTRAL', 0.00, '0000-00-00 00:00:00', 2, 6, '||||'),
(2278, 6, 5, 33, 'TRIMESTRAL', 0.00, '0000-00-00 00:00:00', 2, 6, '||||'),
(2279, 6, 6, 33, 'TRIMESTRAL', 0.00, '0000-00-00 00:00:00', 2, 6, '||||'),
(2280, 6, 1, 33, 'TRIMESTRAL', 0.00, '0000-00-00 00:00:00', 2, 7, '1893||||'),
(2281, 6, 2, 33, 'TRIMESTRAL', 0.00, '0000-00-00 00:00:00', 2, 7, '1894||||'),
(2282, 6, 3, 33, 'TRIMESTRAL', 0.00, '0000-00-00 00:00:00', 2, 7, '1895||||'),
(2283, 6, 4, 33, 'TRIMESTRAL', 0.00, '0000-00-00 00:00:00', 2, 7, '1896||||'),
(2284, 6, 5, 33, 'TRIMESTRAL', 0.00, '0000-00-00 00:00:00', 2, 7, '1897||||'),
(2285, 6, 6, 33, 'TRIMESTRAL', 0.00, '0000-00-00 00:00:00', 2, 7, '1898||||'),
(2286, 6, 1, 34, 'TRIMESTRAL', 0.00, '0000-00-00 00:00:00', 2, 6, '1766||||'),
(2287, 6, 2, 34, 'TRIMESTRAL', 0.00, '0000-00-00 00:00:00', 2, 6, '||||'),
(2288, 6, 3, 34, 'TRIMESTRAL', 0.00, '0000-00-00 00:00:00', 2, 6, '||||'),
(2289, 6, 4, 34, 'TRIMESTRAL', 0.00, '0000-00-00 00:00:00', 2, 6, '||||'),
(2290, 6, 5, 34, 'TRIMESTRAL', 0.00, '0000-00-00 00:00:00', 2, 6, '||||'),
(2291, 6, 6, 34, 'TRIMESTRAL', 0.00, '0000-00-00 00:00:00', 2, 6, '||||'),
(2292, 6, 1, 34, 'TRIMESTRAL', 0.00, '0000-00-00 00:00:00', 2, 7, '1899||||'),
(2293, 6, 2, 34, 'TRIMESTRAL', 0.00, '0000-00-00 00:00:00', 2, 7, '1900||||'),
(2294, 6, 3, 34, 'TRIMESTRAL', 0.00, '0000-00-00 00:00:00', 2, 7, '1901||||'),
(2295, 6, 4, 34, 'TRIMESTRAL', 0.00, '0000-00-00 00:00:00', 2, 7, '1902||||'),
(2296, 6, 5, 34, 'TRIMESTRAL', 0.00, '0000-00-00 00:00:00', 2, 7, '1903||||'),
(2297, 6, 6, 34, 'TRIMESTRAL', 0.00, '0000-00-00 00:00:00', 2, 7, '1904||||'),
(2298, 6, 1, 35, 'TRIMESTRAL', 0.00, '0000-00-00 00:00:00', 2, 6, '||||'),
(2299, 6, 2, 35, 'TRIMESTRAL', 0.00, '0000-00-00 00:00:00', 2, 6, '||||'),
(2300, 6, 3, 35, 'TRIMESTRAL', 0.00, '0000-00-00 00:00:00', 2, 6, '||||'),
(2301, 6, 4, 35, 'TRIMESTRAL', 0.00, '0000-00-00 00:00:00', 2, 6, '||||'),
(2302, 6, 5, 35, 'TRIMESTRAL', 0.00, '0000-00-00 00:00:00', 2, 6, '||||'),
(2303, 6, 6, 35, 'TRIMESTRAL', 0.00, '0000-00-00 00:00:00', 2, 6, '||||'),
(2304, 6, 1, 35, 'TRIMESTRAL', 0.00, '0000-00-00 00:00:00', 2, 7, '1905||||'),
(2305, 6, 2, 35, 'TRIMESTRAL', 0.00, '0000-00-00 00:00:00', 2, 7, '1906||||'),
(2306, 6, 3, 35, 'TRIMESTRAL', 0.00, '0000-00-00 00:00:00', 2, 7, '1907||||'),
(2307, 6, 4, 35, 'TRIMESTRAL', 0.00, '0000-00-00 00:00:00', 2, 7, '1908||||'),
(2308, 6, 5, 35, 'TRIMESTRAL', 0.00, '0000-00-00 00:00:00', 2, 7, '1909||||'),
(2309, 6, 6, 35, 'TRIMESTRAL', 0.00, '0000-00-00 00:00:00', 2, 7, '1910||||'),
(2598, 11, 6, 13, 'TRIMESTRAL', 0.00, NULL, 1, 0, NULL),
(2599, 11, 6, 14, 'TRIMESTRAL', 0.00, NULL, 1, 0, NULL),
(2600, 11, 6, 15, 'TRIMESTRAL', 0.00, NULL, 1, 0, NULL),
(2601, 11, 6, 16, 'TRIMESTRAL', 0.00, NULL, 1, 0, NULL),
(2602, 11, 6, 1, 'TRIMESTRAL', 15000.00, NULL, 1, 0, NULL),
(2603, 11, 6, 2, 'TRIMESTRAL', 22768.00, NULL, 1, 0, NULL),
(2604, 11, 6, 3, 'TRIMESTRAL', 19948.00, NULL, 1, 0, NULL),
(2605, 11, 6, 4, 'TRIMESTRAL', 32691.00, NULL, 1, 0, NULL),
(2606, 11, 6, 5, 'TRIMESTRAL', 19606.00, NULL, 1, 0, NULL),
(2607, 11, 6, 6, 'TRIMESTRAL', 25906.00, NULL, 1, 0, NULL),
(2608, 11, 6, 7, 'TRIMESTRAL', 26844.00, NULL, 1, 0, NULL),
(2609, 11, 6, 8, 'TRIMESTRAL', 40158.00, NULL, 1, 0, NULL),
(2610, 11, 6, 9, 'TRIMESTRAL', 25077.00, NULL, 1, 0, NULL),
(2611, 11, 6, 10, 'TRIMESTRAL', 30047.00, NULL, 1, 0, NULL),
(2612, 11, 6, 11, 'TRIMESTRAL', 28029.00, NULL, 1, 0, NULL),
(2613, 11, 6, 12, 'TRIMESTRAL', 40302.00, NULL, 1, 0, NULL),
(2614, 11, 6, 28, 'TRIMESTRAL', 24929.00, NULL, 1, 0, NULL),
(2615, 11, 6, 29, 'TRIMESTRAL', 32399.00, NULL, 1, 0, NULL),
(2616, 11, 6, 30, 'TRIMESTRAL', 0.00, NULL, 1, 0, NULL),
(2617, 11, 6, 31, 'TRIMESTRAL', 0.00, NULL, 1, 0, NULL),
(2618, 11, 6, 32, 'TRIMESTRAL', 0.00, NULL, 1, 0, NULL),
(2619, 11, 6, 33, 'TRIMESTRAL', 0.00, NULL, 1, 0, NULL),
(2620, 11, 6, 34, 'TRIMESTRAL', 0.00, NULL, 1, 0, NULL),
(2621, 11, 6, 35, 'TRIMESTRAL', 0.00, NULL, 1, 0, NULL),
(2622, 12, 1, 1, 'TRIMESTRAL', 0.00, '1900-01-01 00:00:00', 1, 0, NULL),
(2623, 12, 2, 1, 'TRIMESTRAL', 0.00, '1900-01-01 00:00:00', 1, 0, NULL),
(2624, 12, 3, 1, 'TRIMESTRAL', 0.00, '1900-01-01 00:00:00', 1, 0, NULL),
(2625, 12, 4, 1, 'TRIMESTRAL', 0.00, '1900-01-01 00:00:00', 1, 0, NULL),
(2626, 12, 5, 1, 'TRIMESTRAL', 0.00, '1900-01-01 00:00:00', 1, 0, NULL),
(2627, 12, 6, 1, 'TRIMESTRAL', 0.00, '1900-01-01 00:00:00', 1, 0, NULL),
(2628, 12, 1, 2, 'TRIMESTRAL', 0.00, '1900-01-01 00:00:00', 1, 0, NULL),
(2629, 12, 2, 2, 'TRIMESTRAL', 0.00, '1900-01-01 00:00:00', 1, 0, NULL),
(2630, 12, 3, 2, 'TRIMESTRAL', 0.00, '1900-01-01 00:00:00', 1, 0, NULL),
(2631, 12, 4, 2, 'TRIMESTRAL', 0.00, '1900-01-01 00:00:00', 1, 0, NULL),
(2632, 12, 5, 2, 'TRIMESTRAL', 0.00, '1900-01-01 00:00:00', 1, 0, NULL),
(2633, 12, 6, 2, 'TRIMESTRAL', 0.00, '1900-01-01 00:00:00', 1, 0, NULL),
(2634, 12, 1, 3, 'TRIMESTRAL', 0.00, '1900-01-01 00:00:00', 1, 0, NULL),
(2635, 12, 2, 3, 'TRIMESTRAL', 0.00, '1900-01-01 00:00:00', 1, 0, NULL),
(2636, 12, 3, 3, 'TRIMESTRAL', 0.00, '1900-01-01 00:00:00', 1, 0, NULL),
(2637, 12, 4, 3, 'TRIMESTRAL', 0.00, '1900-01-01 00:00:00', 1, 0, NULL),
(2638, 12, 5, 3, 'TRIMESTRAL', 0.00, '1900-01-01 00:00:00', 1, 0, NULL),
(2639, 12, 6, 3, 'TRIMESTRAL', 0.00, '1900-01-01 00:00:00', 1, 0, NULL),
(2640, 12, 1, 4, 'TRIMESTRAL', 0.00, '1900-01-01 00:00:00', 1, 0, NULL),
(2641, 12, 2, 4, 'TRIMESTRAL', 0.00, '1900-01-01 00:00:00', 1, 0, NULL),
(2642, 12, 3, 4, 'TRIMESTRAL', 0.00, '1900-01-01 00:00:00', 1, 0, NULL),
(2643, 12, 4, 4, 'TRIMESTRAL', 0.00, '1900-01-01 00:00:00', 1, 0, NULL),
(2644, 12, 5, 4, 'TRIMESTRAL', 0.00, '1900-01-01 00:00:00', 1, 0, NULL),
(2645, 12, 6, 4, 'TRIMESTRAL', 0.00, '1900-01-01 00:00:00', 1, 0, NULL),
(2646, 12, 1, 5, 'TRIMESTRAL', 0.00, '1900-01-01 00:00:00', 1, 0, NULL),
(2647, 12, 2, 5, 'TRIMESTRAL', 0.00, '1900-01-01 00:00:00', 1, 0, NULL),
(2648, 12, 3, 5, 'TRIMESTRAL', 0.00, '1900-01-01 00:00:00', 1, 0, NULL),
(2649, 12, 4, 5, 'TRIMESTRAL', 0.00, '1900-01-01 00:00:00', 1, 0, NULL),
(2650, 12, 5, 5, 'TRIMESTRAL', 0.00, '1900-01-01 00:00:00', 1, 0, NULL),
(2651, 12, 6, 5, 'TRIMESTRAL', 0.00, '1900-01-01 00:00:00', 1, 0, NULL),
(2652, 12, 1, 6, 'TRIMESTRAL', 0.00, '1900-01-01 00:00:00', 1, 0, NULL),
(2653, 12, 2, 6, 'TRIMESTRAL', 0.00, '1900-01-01 00:00:00', 1, 0, NULL),
(2654, 12, 3, 6, 'TRIMESTRAL', 0.00, '1900-01-01 00:00:00', 1, 0, NULL),
(2655, 12, 4, 6, 'TRIMESTRAL', 0.00, '1900-01-01 00:00:00', 1, 0, NULL),
(2656, 12, 5, 6, 'TRIMESTRAL', 0.00, '1900-01-01 00:00:00', 1, 0, NULL),
(2657, 12, 6, 6, 'TRIMESTRAL', 0.00, '1900-01-01 00:00:00', 1, 0, NULL),
(2658, 12, 1, 7, 'TRIMESTRAL', 0.00, '1900-01-01 00:00:00', 1, 0, NULL),
(2659, 12, 2, 7, 'TRIMESTRAL', 0.00, '1900-01-01 00:00:00', 1, 0, NULL),
(2660, 12, 3, 7, 'TRIMESTRAL', 0.00, '1900-01-01 00:00:00', 1, 0, NULL),
(2661, 12, 4, 7, 'TRIMESTRAL', 0.00, '1900-01-01 00:00:00', 1, 0, NULL),
(2662, 12, 5, 7, 'TRIMESTRAL', 0.00, '1900-01-01 00:00:00', 1, 0, NULL),
(2663, 12, 6, 7, 'TRIMESTRAL', 0.00, '1900-01-01 00:00:00', 1, 0, NULL),
(2664, 12, 1, 8, 'TRIMESTRAL', 0.00, '1900-01-01 00:00:00', 1, 0, NULL),
(2665, 12, 2, 8, 'TRIMESTRAL', 0.00, '1900-01-01 00:00:00', 1, 0, NULL),
(2666, 12, 3, 8, 'TRIMESTRAL', 0.00, '1900-01-01 00:00:00', 1, 0, NULL),
(2667, 12, 4, 8, 'TRIMESTRAL', 0.00, '1900-01-01 00:00:00', 1, 0, NULL),
(2668, 12, 5, 8, 'TRIMESTRAL', 0.00, '1900-01-01 00:00:00', 1, 0, NULL),
(2669, 12, 6, 8, 'TRIMESTRAL', 0.00, '1900-01-01 00:00:00', 1, 0, NULL),
(2670, 12, 1, 9, 'TRIMESTRAL', 0.00, '1900-01-01 00:00:00', 1, 0, NULL),
(2671, 12, 2, 9, 'TRIMESTRAL', 0.00, '1900-01-01 00:00:00', 1, 0, NULL),
(2672, 12, 3, 9, 'TRIMESTRAL', 0.00, '1900-01-01 00:00:00', 1, 0, NULL),
(2673, 12, 4, 9, 'TRIMESTRAL', 0.00, '1900-01-01 00:00:00', 1, 0, NULL),
(2674, 12, 5, 9, 'TRIMESTRAL', 0.00, '1900-01-01 00:00:00', 1, 0, NULL),
(2675, 12, 6, 9, 'TRIMESTRAL', 0.00, '1900-01-01 00:00:00', 1, 0, NULL),
(2676, 12, 1, 10, 'TRIMESTRAL', 0.00, '1900-01-01 00:00:00', 1, 0, NULL),
(2677, 12, 2, 10, 'TRIMESTRAL', 0.00, '1900-01-01 00:00:00', 1, 0, NULL),
(2678, 12, 3, 10, 'TRIMESTRAL', 0.00, '1900-01-01 00:00:00', 1, 0, NULL),
(2679, 12, 4, 10, 'TRIMESTRAL', 0.00, '1900-01-01 00:00:00', 1, 0, NULL),
(2680, 12, 5, 10, 'TRIMESTRAL', 0.00, '1900-01-01 00:00:00', 1, 0, NULL),
(2681, 12, 6, 10, 'TRIMESTRAL', 0.00, '1900-01-01 00:00:00', 1, 0, NULL),
(2682, 12, 1, 11, 'TRIMESTRAL', 0.00, '1900-01-01 00:00:00', 1, 0, NULL),
(2683, 12, 2, 11, 'TRIMESTRAL', 0.00, '1900-01-01 00:00:00', 1, 0, NULL),
(2684, 12, 3, 11, 'TRIMESTRAL', 0.00, '1900-01-01 00:00:00', 1, 0, NULL),
(2685, 12, 4, 11, 'TRIMESTRAL', 0.00, '1900-01-01 00:00:00', 1, 0, NULL),
(2686, 12, 5, 11, 'TRIMESTRAL', 0.00, '1900-01-01 00:00:00', 1, 0, NULL),
(2687, 12, 6, 11, 'TRIMESTRAL', 0.00, '1900-01-01 00:00:00', 1, 0, NULL),
(2688, 12, 1, 12, 'TRIMESTRAL', 0.00, '1900-01-01 00:00:00', 1, 0, NULL),
(2689, 12, 2, 12, 'TRIMESTRAL', 0.00, '1900-01-01 00:00:00', 1, 0, NULL),
(2690, 12, 3, 12, 'TRIMESTRAL', 0.00, '1900-01-01 00:00:00', 1, 0, NULL),
(2691, 12, 4, 12, 'TRIMESTRAL', 0.00, '1900-01-01 00:00:00', 1, 0, NULL),
(2692, 12, 5, 12, 'TRIMESTRAL', 0.00, '1900-01-01 00:00:00', 1, 0, NULL),
(2693, 12, 6, 12, 'TRIMESTRAL', 0.00, '1900-01-01 00:00:00', 1, 0, NULL),
(2694, 12, 1, 13, 'TRIMESTRAL', 0.00, '1900-01-01 00:00:00', 1, 0, NULL),
(2695, 12, 2, 13, 'TRIMESTRAL', 0.00, '1900-01-01 00:00:00', 1, 0, NULL),
(2696, 12, 3, 13, 'TRIMESTRAL', 0.00, '1900-01-01 00:00:00', 1, 0, NULL),
(2697, 12, 4, 13, 'TRIMESTRAL', 0.00, '1900-01-01 00:00:00', 1, 0, NULL),
(2698, 12, 5, 13, 'TRIMESTRAL', 0.00, '1900-01-01 00:00:00', 1, 0, NULL),
(2699, 12, 6, 13, 'TRIMESTRAL', 0.00, '1900-01-01 00:00:00', 1, 0, NULL),
(2700, 12, 1, 14, 'TRIMESTRAL', 0.00, '1900-01-01 00:00:00', 1, 0, NULL),
(2701, 12, 2, 14, 'TRIMESTRAL', 0.00, '1900-01-01 00:00:00', 1, 0, NULL),
(2702, 12, 3, 14, 'TRIMESTRAL', 0.00, '1900-01-01 00:00:00', 1, 0, NULL),
(2703, 12, 4, 14, 'TRIMESTRAL', 0.00, '1900-01-01 00:00:00', 1, 0, NULL),
(2704, 12, 5, 14, 'TRIMESTRAL', 0.00, '1900-01-01 00:00:00', 1, 0, NULL),
(2705, 12, 6, 14, 'TRIMESTRAL', 0.00, '1900-01-01 00:00:00', 1, 0, NULL),
(2706, 12, 1, 15, 'TRIMESTRAL', 0.00, '1900-01-01 00:00:00', 1, 0, NULL),
(2707, 12, 2, 15, 'TRIMESTRAL', 0.00, '1900-01-01 00:00:00', 1, 0, NULL),
(2708, 12, 3, 15, 'TRIMESTRAL', 0.00, '1900-01-01 00:00:00', 1, 0, NULL),
(2709, 12, 4, 15, 'TRIMESTRAL', 0.00, '1900-01-01 00:00:00', 1, 0, NULL),
(2710, 12, 5, 15, 'TRIMESTRAL', 0.00, '1900-01-01 00:00:00', 1, 0, NULL),
(2711, 12, 6, 15, 'TRIMESTRAL', 0.00, '1900-01-01 00:00:00', 1, 0, NULL),
(2712, 12, 1, 16, 'TRIMESTRAL', 0.00, '1900-01-01 00:00:00', 1, 0, NULL),
(2713, 12, 2, 16, 'TRIMESTRAL', 0.00, '1900-01-01 00:00:00', 1, 0, NULL),
(2714, 12, 3, 16, 'TRIMESTRAL', 0.00, '1900-01-01 00:00:00', 1, 0, NULL),
(2715, 12, 4, 16, 'TRIMESTRAL', 0.00, '1900-01-01 00:00:00', 1, 0, NULL),
(2716, 12, 5, 16, 'TRIMESTRAL', 0.00, '1900-01-01 00:00:00', 1, 0, NULL),
(2717, 12, 6, 16, 'TRIMESTRAL', 0.00, '1900-01-01 00:00:00', 1, 0, NULL),
(2718, 12, 1, 28, 'TRIMESTRAL', 0.00, '1900-01-01 00:00:00', 1, 0, NULL),
(2719, 12, 2, 28, 'TRIMESTRAL', 0.00, '1900-01-01 00:00:00', 1, 0, NULL),
(2720, 12, 3, 28, 'TRIMESTRAL', 0.00, '1900-01-01 00:00:00', 1, 0, NULL),
(2721, 12, 4, 28, 'TRIMESTRAL', 0.00, '1900-01-01 00:00:00', 1, 0, NULL),
(2722, 12, 5, 28, 'TRIMESTRAL', 0.00, '1900-01-01 00:00:00', 1, 0, NULL),
(2723, 12, 6, 28, 'TRIMESTRAL', 0.00, '1900-01-01 00:00:00', 1, 0, NULL),
(2724, 12, 1, 29, 'TRIMESTRAL', 0.00, '1900-01-01 00:00:00', 1, 0, NULL),
(2725, 12, 2, 29, 'TRIMESTRAL', 0.00, '1900-01-01 00:00:00', 1, 0, NULL),
(2726, 12, 3, 29, 'TRIMESTRAL', 0.00, '1900-01-01 00:00:00', 1, 0, NULL),
(2727, 12, 4, 29, 'TRIMESTRAL', 0.00, '1900-01-01 00:00:00', 1, 0, NULL),
(2728, 12, 5, 29, 'TRIMESTRAL', 0.00, '1900-01-01 00:00:00', 1, 0, NULL),
(2729, 12, 6, 29, 'TRIMESTRAL', 0.00, '1900-01-01 00:00:00', 1, 0, NULL),
(2730, 12, 1, 30, 'TRIMESTRAL', 0.00, '1900-01-01 00:00:00', 1, 0, NULL),
(2731, 12, 2, 30, 'TRIMESTRAL', 0.00, '1900-01-01 00:00:00', 1, 0, NULL),
(2732, 12, 3, 30, 'TRIMESTRAL', 0.00, '1900-01-01 00:00:00', 1, 0, NULL),
(2733, 12, 4, 30, 'TRIMESTRAL', 0.00, '1900-01-01 00:00:00', 1, 0, NULL),
(2734, 12, 5, 30, 'TRIMESTRAL', 0.00, '1900-01-01 00:00:00', 1, 0, NULL),
(2735, 12, 6, 30, 'TRIMESTRAL', 0.00, '1900-01-01 00:00:00', 1, 0, NULL),
(2736, 12, 1, 31, 'TRIMESTRAL', 0.00, '1900-01-01 00:00:00', 1, 0, NULL),
(2737, 12, 2, 31, 'TRIMESTRAL', 0.00, '1900-01-01 00:00:00', 1, 0, NULL),
(2738, 12, 3, 31, 'TRIMESTRAL', 0.00, '1900-01-01 00:00:00', 1, 0, NULL),
(2739, 12, 4, 31, 'TRIMESTRAL', 0.00, '1900-01-01 00:00:00', 1, 0, NULL),
(2740, 12, 5, 31, 'TRIMESTRAL', 0.00, '1900-01-01 00:00:00', 1, 0, NULL),
(2741, 12, 6, 31, 'TRIMESTRAL', 0.00, '1900-01-01 00:00:00', 1, 0, NULL),
(2742, 12, 1, 32, 'TRIMESTRAL', 0.00, '1900-01-01 00:00:00', 1, 0, NULL),
(2743, 12, 2, 32, 'TRIMESTRAL', 0.00, '1900-01-01 00:00:00', 1, 0, NULL),
(2744, 12, 3, 32, 'TRIMESTRAL', 0.00, '1900-01-01 00:00:00', 1, 0, NULL),
(2745, 12, 4, 32, 'TRIMESTRAL', 0.00, '1900-01-01 00:00:00', 1, 0, NULL),
(2746, 12, 5, 32, 'TRIMESTRAL', 0.00, '1900-01-01 00:00:00', 1, 0, NULL),
(2747, 12, 6, 32, 'TRIMESTRAL', 0.00, '1900-01-01 00:00:00', 1, 0, NULL),
(2748, 12, 1, 33, 'TRIMESTRAL', 0.00, '1900-01-01 00:00:00', 1, 0, NULL),
(2749, 12, 2, 33, 'TRIMESTRAL', 0.00, '1900-01-01 00:00:00', 1, 0, NULL),
(2750, 12, 3, 33, 'TRIMESTRAL', 0.00, '1900-01-01 00:00:00', 1, 0, NULL),
(2751, 12, 4, 33, 'TRIMESTRAL', 0.00, '1900-01-01 00:00:00', 1, 0, NULL),
(2752, 12, 5, 33, 'TRIMESTRAL', 0.00, '1900-01-01 00:00:00', 1, 0, NULL),
(2753, 12, 6, 33, 'TRIMESTRAL', 0.00, '1900-01-01 00:00:00', 1, 0, NULL),
(2754, 12, 1, 34, 'TRIMESTRAL', 0.00, '1900-01-01 00:00:00', 1, 0, NULL),
(2755, 12, 2, 34, 'TRIMESTRAL', 0.00, '1900-01-01 00:00:00', 1, 0, NULL),
(2756, 12, 3, 34, 'TRIMESTRAL', 0.00, '1900-01-01 00:00:00', 1, 0, NULL),
(2757, 12, 4, 34, 'TRIMESTRAL', 0.00, '1900-01-01 00:00:00', 1, 0, NULL),
(2758, 12, 5, 34, 'TRIMESTRAL', 0.00, '1900-01-01 00:00:00', 1, 0, NULL),
(2759, 12, 6, 34, 'TRIMESTRAL', 0.00, '1900-01-01 00:00:00', 1, 0, NULL),
(2760, 12, 1, 35, 'TRIMESTRAL', 0.00, '1900-01-01 00:00:00', 1, 0, NULL),
(2761, 12, 2, 35, 'TRIMESTRAL', 0.00, '1900-01-01 00:00:00', 1, 0, NULL),
(2762, 12, 3, 35, 'TRIMESTRAL', 0.00, '1900-01-01 00:00:00', 1, 0, NULL),
(2763, 12, 4, 35, 'TRIMESTRAL', 0.00, '1900-01-01 00:00:00', 1, 0, NULL),
(2764, 12, 5, 35, 'TRIMESTRAL', 0.00, '1900-01-01 00:00:00', 1, 0, NULL),
(2765, 12, 6, 35, 'TRIMESTRAL', 0.00, '1900-01-01 00:00:00', 1, 0, NULL),
(2877, 8, 1, 1, 'TRIMESTRAL', 0.00, '0000-00-00 00:00:00', 2, 9, '2622||||'),
(2878, 8, 2, 1, 'TRIMESTRAL', 0.00, '0000-00-00 00:00:00', 2, 9, '2623||||'),
(2879, 8, 3, 1, 'TRIMESTRAL', 0.00, '0000-00-00 00:00:00', 2, 9, '2624||||'),
(2880, 8, 4, 1, 'TRIMESTRAL', 0.00, '0000-00-00 00:00:00', 2, 9, '2625||||'),
(2881, 8, 5, 1, 'TRIMESTRAL', 0.00, '0000-00-00 00:00:00', 2, 9, '2626||||'),
(2882, 8, 6, 1, 'TRIMESTRAL', 0.00, '0000-00-00 00:00:00', 2, 9, '2627||||'),
(2883, 8, 1, 1, 'TRIMESTRAL', 0.00, '0000-00-00 00:00:00', 2, 10, '||||'),
(2884, 8, 2, 1, 'TRIMESTRAL', 0.00, '0000-00-00 00:00:00', 2, 10, '||||'),
(2885, 8, 3, 1, 'TRIMESTRAL', 0.00, '0000-00-00 00:00:00', 2, 10, '||||'),
(2886, 8, 4, 1, 'TRIMESTRAL', 0.00, '0000-00-00 00:00:00', 2, 10, '||||'),
(2887, 8, 5, 1, 'TRIMESTRAL', 0.00, '0000-00-00 00:00:00', 2, 10, '||||'),
(2888, 8, 6, 1, 'TRIMESTRAL', 15000.00, '0000-00-00 00:00:00', 2, 10, '2602||||'),
(2889, 8, 1, 2, 'TRIMESTRAL', 0.00, '0000-00-00 00:00:00', 2, 9, '2628||||'),
(2890, 8, 2, 2, 'TRIMESTRAL', 0.00, '0000-00-00 00:00:00', 2, 9, '2629||||'),
(2891, 8, 3, 2, 'TRIMESTRAL', 0.00, '0000-00-00 00:00:00', 2, 9, '2630||||'),
(2892, 8, 4, 2, 'TRIMESTRAL', 0.00, '0000-00-00 00:00:00', 2, 9, '2631||||'),
(2893, 8, 5, 2, 'TRIMESTRAL', 0.00, '0000-00-00 00:00:00', 2, 9, '2632||||'),
(2894, 8, 6, 2, 'TRIMESTRAL', 0.00, '0000-00-00 00:00:00', 2, 9, '2633||||'),
(2895, 8, 1, 2, 'TRIMESTRAL', 0.00, '0000-00-00 00:00:00', 2, 10, '||||'),
(2896, 8, 2, 2, 'TRIMESTRAL', 0.00, '0000-00-00 00:00:00', 2, 10, '||||'),
(2897, 8, 3, 2, 'TRIMESTRAL', 0.00, '0000-00-00 00:00:00', 2, 10, '||||'),
(2898, 8, 4, 2, 'TRIMESTRAL', 0.00, '0000-00-00 00:00:00', 2, 10, '||||'),
(2899, 8, 5, 2, 'TRIMESTRAL', 0.00, '0000-00-00 00:00:00', 2, 10, '||||'),
(2900, 8, 6, 2, 'TRIMESTRAL', 22768.00, '0000-00-00 00:00:00', 2, 10, '2603||||'),
(2901, 8, 1, 3, 'TRIMESTRAL', 0.00, '0000-00-00 00:00:00', 2, 9, '2634||||'),
(2902, 8, 2, 3, 'TRIMESTRAL', 0.00, '0000-00-00 00:00:00', 2, 9, '2635||||'),
(2903, 8, 3, 3, 'TRIMESTRAL', 0.00, '0000-00-00 00:00:00', 2, 9, '2636||||'),
(2904, 8, 4, 3, 'TRIMESTRAL', 0.00, '0000-00-00 00:00:00', 2, 9, '2637||||'),
(2905, 8, 5, 3, 'TRIMESTRAL', 0.00, '0000-00-00 00:00:00', 2, 9, '2638||||'),
(2906, 8, 6, 3, 'TRIMESTRAL', 0.00, '0000-00-00 00:00:00', 2, 9, '2639||||'),
(2907, 8, 1, 3, 'TRIMESTRAL', 0.00, '0000-00-00 00:00:00', 2, 10, '||||'),
(2908, 8, 2, 3, 'TRIMESTRAL', 0.00, '0000-00-00 00:00:00', 2, 10, '||||'),
(2909, 8, 3, 3, 'TRIMESTRAL', 0.00, '0000-00-00 00:00:00', 2, 10, '||||'),
(2910, 8, 4, 3, 'TRIMESTRAL', 0.00, '0000-00-00 00:00:00', 2, 10, '||||'),
(2911, 8, 5, 3, 'TRIMESTRAL', 0.00, '0000-00-00 00:00:00', 2, 10, '||||'),
(2912, 8, 6, 3, 'TRIMESTRAL', 19948.00, '0000-00-00 00:00:00', 2, 10, '2604||||'),
(2913, 8, 1, 4, 'TRIMESTRAL', 0.00, '0000-00-00 00:00:00', 2, 9, '2640||||'),
(2914, 8, 2, 4, 'TRIMESTRAL', 0.00, '0000-00-00 00:00:00', 2, 9, '2641||||'),
(2915, 8, 3, 4, 'TRIMESTRAL', 0.00, '0000-00-00 00:00:00', 2, 9, '2642||||'),
(2916, 8, 4, 4, 'TRIMESTRAL', 0.00, '0000-00-00 00:00:00', 2, 9, '2643||||'),
(2917, 8, 5, 4, 'TRIMESTRAL', 0.00, '0000-00-00 00:00:00', 2, 9, '2644||||'),
(2918, 8, 6, 4, 'TRIMESTRAL', 0.00, '0000-00-00 00:00:00', 2, 9, '2645||||'),
(2919, 8, 1, 4, 'TRIMESTRAL', 0.00, '0000-00-00 00:00:00', 2, 10, '||||'),
(2920, 8, 2, 4, 'TRIMESTRAL', 0.00, '0000-00-00 00:00:00', 2, 10, '||||'),
(2921, 8, 3, 4, 'TRIMESTRAL', 0.00, '0000-00-00 00:00:00', 2, 10, '||||'),
(2922, 8, 4, 4, 'TRIMESTRAL', 0.00, '0000-00-00 00:00:00', 2, 10, '||||'),
(2923, 8, 5, 4, 'TRIMESTRAL', 0.00, '0000-00-00 00:00:00', 2, 10, '||||'),
(2924, 8, 6, 4, 'TRIMESTRAL', 32691.00, '0000-00-00 00:00:00', 2, 10, '2605||||'),
(2925, 8, 1, 5, 'TRIMESTRAL', 0.00, '0000-00-00 00:00:00', 2, 9, '2646||||'),
(2926, 8, 2, 5, 'TRIMESTRAL', 0.00, '0000-00-00 00:00:00', 2, 9, '2647||||'),
(2927, 8, 3, 5, 'TRIMESTRAL', 0.00, '0000-00-00 00:00:00', 2, 9, '2648||||'),
(2928, 8, 4, 5, 'TRIMESTRAL', 0.00, '0000-00-00 00:00:00', 2, 9, '2649||||'),
(2929, 8, 5, 5, 'TRIMESTRAL', 0.00, '0000-00-00 00:00:00', 2, 9, '2650||||'),
(2930, 8, 6, 5, 'TRIMESTRAL', 0.00, '0000-00-00 00:00:00', 2, 9, '2651||||'),
(2931, 8, 1, 5, 'TRIMESTRAL', 0.00, '0000-00-00 00:00:00', 2, 10, '||||'),
(2932, 8, 2, 5, 'TRIMESTRAL', 0.00, '0000-00-00 00:00:00', 2, 10, '||||'),
(2933, 8, 3, 5, 'TRIMESTRAL', 0.00, '0000-00-00 00:00:00', 2, 10, '||||'),
(2934, 8, 4, 5, 'TRIMESTRAL', 0.00, '0000-00-00 00:00:00', 2, 10, '||||'),
(2935, 8, 5, 5, 'TRIMESTRAL', 0.00, '0000-00-00 00:00:00', 2, 10, '||||'),
(2936, 8, 6, 5, 'TRIMESTRAL', 19606.00, '0000-00-00 00:00:00', 2, 10, '2606||||'),
(2937, 8, 1, 6, 'TRIMESTRAL', 0.00, '0000-00-00 00:00:00', 2, 9, '2652||||'),
(2938, 8, 2, 6, 'TRIMESTRAL', 0.00, '0000-00-00 00:00:00', 2, 9, '2653||||'),
(2939, 8, 3, 6, 'TRIMESTRAL', 0.00, '0000-00-00 00:00:00', 2, 9, '2654||||'),
(2940, 8, 4, 6, 'TRIMESTRAL', 0.00, '0000-00-00 00:00:00', 2, 9, '2655||||'),
(2941, 8, 5, 6, 'TRIMESTRAL', 0.00, '0000-00-00 00:00:00', 2, 9, '2656||||'),
(2942, 8, 6, 6, 'TRIMESTRAL', 0.00, '0000-00-00 00:00:00', 2, 9, '2657||||'),
(2943, 8, 1, 6, 'TRIMESTRAL', 0.00, '0000-00-00 00:00:00', 2, 10, '||||'),
(2944, 8, 2, 6, 'TRIMESTRAL', 0.00, '0000-00-00 00:00:00', 2, 10, '||||'),
(2945, 8, 3, 6, 'TRIMESTRAL', 0.00, '0000-00-00 00:00:00', 2, 10, '||||'),
(2946, 8, 4, 6, 'TRIMESTRAL', 0.00, '0000-00-00 00:00:00', 2, 10, '||||'),
(2947, 8, 5, 6, 'TRIMESTRAL', 0.00, '0000-00-00 00:00:00', 2, 10, '||||'),
(2948, 8, 6, 6, 'TRIMESTRAL', 25906.00, '0000-00-00 00:00:00', 2, 10, '2607||||'),
(2949, 8, 1, 7, 'TRIMESTRAL', 0.00, '0000-00-00 00:00:00', 2, 9, '2658||||'),
(2950, 8, 2, 7, 'TRIMESTRAL', 0.00, '0000-00-00 00:00:00', 2, 9, '2659||||'),
(2951, 8, 3, 7, 'TRIMESTRAL', 0.00, '0000-00-00 00:00:00', 2, 9, '2660||||'),
(2952, 8, 4, 7, 'TRIMESTRAL', 0.00, '0000-00-00 00:00:00', 2, 9, '2661||||'),
(2953, 8, 5, 7, 'TRIMESTRAL', 0.00, '0000-00-00 00:00:00', 2, 9, '2662||||'),
(2954, 8, 6, 7, 'TRIMESTRAL', 0.00, '0000-00-00 00:00:00', 2, 9, '2663||||'),
(2955, 8, 1, 7, 'TRIMESTRAL', 0.00, '0000-00-00 00:00:00', 2, 10, '||||'),
(2956, 8, 2, 7, 'TRIMESTRAL', 0.00, '0000-00-00 00:00:00', 2, 10, '||||'),
(2957, 8, 3, 7, 'TRIMESTRAL', 0.00, '0000-00-00 00:00:00', 2, 10, '||||'),
(2958, 8, 4, 7, 'TRIMESTRAL', 0.00, '0000-00-00 00:00:00', 2, 10, '||||'),
(2959, 8, 5, 7, 'TRIMESTRAL', 0.00, '0000-00-00 00:00:00', 2, 10, '||||'),
(2960, 8, 6, 7, 'TRIMESTRAL', 26844.00, '0000-00-00 00:00:00', 2, 10, '2608||||'),
(2961, 8, 1, 8, 'TRIMESTRAL', 0.00, '0000-00-00 00:00:00', 2, 9, '2664||||'),
(2962, 8, 2, 8, 'TRIMESTRAL', 0.00, '0000-00-00 00:00:00', 2, 9, '2665||||'),
(2963, 8, 3, 8, 'TRIMESTRAL', 0.00, '0000-00-00 00:00:00', 2, 9, '2666||||'),
(2964, 8, 4, 8, 'TRIMESTRAL', 0.00, '0000-00-00 00:00:00', 2, 9, '2667||||'),
(2965, 8, 5, 8, 'TRIMESTRAL', 0.00, '0000-00-00 00:00:00', 2, 9, '2668||||'),
(2966, 8, 6, 8, 'TRIMESTRAL', 0.00, '0000-00-00 00:00:00', 2, 9, '2669||||'),
(2967, 8, 1, 8, 'TRIMESTRAL', 0.00, '0000-00-00 00:00:00', 2, 10, '||||'),
(2968, 8, 2, 8, 'TRIMESTRAL', 0.00, '0000-00-00 00:00:00', 2, 10, '||||'),
(2969, 8, 3, 8, 'TRIMESTRAL', 0.00, '0000-00-00 00:00:00', 2, 10, '||||'),
(2970, 8, 4, 8, 'TRIMESTRAL', 0.00, '0000-00-00 00:00:00', 2, 10, '||||'),
(2971, 8, 5, 8, 'TRIMESTRAL', 0.00, '0000-00-00 00:00:00', 2, 10, '||||'),
(2972, 8, 6, 8, 'TRIMESTRAL', 40158.00, '0000-00-00 00:00:00', 2, 10, '2609||||'),
(2973, 8, 1, 9, 'TRIMESTRAL', 0.00, '0000-00-00 00:00:00', 2, 9, '2670||||'),
(2974, 8, 2, 9, 'TRIMESTRAL', 0.00, '0000-00-00 00:00:00', 2, 9, '2671||||'),
(2975, 8, 3, 9, 'TRIMESTRAL', 0.00, '0000-00-00 00:00:00', 2, 9, '2672||||'),
(2976, 8, 4, 9, 'TRIMESTRAL', 0.00, '0000-00-00 00:00:00', 2, 9, '2673||||'),
(2977, 8, 5, 9, 'TRIMESTRAL', 0.00, '0000-00-00 00:00:00', 2, 9, '2674||||'),
(2978, 8, 6, 9, 'TRIMESTRAL', 0.00, '0000-00-00 00:00:00', 2, 9, '2675||||'),
(2979, 8, 1, 9, 'TRIMESTRAL', 0.00, '0000-00-00 00:00:00', 2, 10, '||||'),
(2980, 8, 2, 9, 'TRIMESTRAL', 0.00, '0000-00-00 00:00:00', 2, 10, '||||'),
(2981, 8, 3, 9, 'TRIMESTRAL', 0.00, '0000-00-00 00:00:00', 2, 10, '||||'),
(2982, 8, 4, 9, 'TRIMESTRAL', 0.00, '0000-00-00 00:00:00', 2, 10, '||||'),
(2983, 8, 5, 9, 'TRIMESTRAL', 0.00, '0000-00-00 00:00:00', 2, 10, '||||'),
(2984, 8, 6, 9, 'TRIMESTRAL', 25077.00, '0000-00-00 00:00:00', 2, 10, '2610||||'),
(2985, 8, 1, 10, 'TRIMESTRAL', 0.00, '0000-00-00 00:00:00', 2, 9, '2676||||'),
(2986, 8, 2, 10, 'TRIMESTRAL', 0.00, '0000-00-00 00:00:00', 2, 9, '2677||||'),
(2987, 8, 3, 10, 'TRIMESTRAL', 0.00, '0000-00-00 00:00:00', 2, 9, '2678||||'),
(2988, 8, 4, 10, 'TRIMESTRAL', 0.00, '0000-00-00 00:00:00', 2, 9, '2679||||'),
(2989, 8, 5, 10, 'TRIMESTRAL', 0.00, '0000-00-00 00:00:00', 2, 9, '2680||||'),
(2990, 8, 6, 10, 'TRIMESTRAL', 0.00, '0000-00-00 00:00:00', 2, 9, '2681||||'),
(2991, 8, 1, 10, 'TRIMESTRAL', 0.00, '0000-00-00 00:00:00', 2, 10, '||||'),
(2992, 8, 2, 10, 'TRIMESTRAL', 0.00, '0000-00-00 00:00:00', 2, 10, '||||'),
(2993, 8, 3, 10, 'TRIMESTRAL', 0.00, '0000-00-00 00:00:00', 2, 10, '||||'),
(2994, 8, 4, 10, 'TRIMESTRAL', 0.00, '0000-00-00 00:00:00', 2, 10, '||||'),
(2995, 8, 5, 10, 'TRIMESTRAL', 0.00, '0000-00-00 00:00:00', 2, 10, '||||'),
(2996, 8, 6, 10, 'TRIMESTRAL', 30047.00, '0000-00-00 00:00:00', 2, 10, '2611||||'),
(2997, 8, 1, 11, 'TRIMESTRAL', 0.00, '0000-00-00 00:00:00', 2, 9, '2682||||'),
(2998, 8, 2, 11, 'TRIMESTRAL', 0.00, '0000-00-00 00:00:00', 2, 9, '2683||||'),
(2999, 8, 3, 11, 'TRIMESTRAL', 0.00, '0000-00-00 00:00:00', 2, 9, '2684||||'),
(3000, 8, 4, 11, 'TRIMESTRAL', 0.00, '0000-00-00 00:00:00', 2, 9, '2685||||'),
(3001, 8, 5, 11, 'TRIMESTRAL', 0.00, '0000-00-00 00:00:00', 2, 9, '2686||||'),
(3002, 8, 6, 11, 'TRIMESTRAL', 0.00, '0000-00-00 00:00:00', 2, 9, '2687||||'),
(3003, 8, 1, 11, 'TRIMESTRAL', 0.00, '0000-00-00 00:00:00', 2, 10, '||||'),
(3004, 8, 2, 11, 'TRIMESTRAL', 0.00, '0000-00-00 00:00:00', 2, 10, '||||'),
(3005, 8, 3, 11, 'TRIMESTRAL', 0.00, '0000-00-00 00:00:00', 2, 10, '||||'),
(3006, 8, 4, 11, 'TRIMESTRAL', 0.00, '0000-00-00 00:00:00', 2, 10, '||||'),
(3007, 8, 5, 11, 'TRIMESTRAL', 0.00, '0000-00-00 00:00:00', 2, 10, '||||'),
(3008, 8, 6, 11, 'TRIMESTRAL', 28029.00, '0000-00-00 00:00:00', 2, 10, '2612||||'),
(3009, 8, 1, 12, 'TRIMESTRAL', 0.00, '0000-00-00 00:00:00', 2, 9, '2688||||'),
(3010, 8, 2, 12, 'TRIMESTRAL', 0.00, '0000-00-00 00:00:00', 2, 9, '2689||||'),
(3011, 8, 3, 12, 'TRIMESTRAL', 0.00, '0000-00-00 00:00:00', 2, 9, '2690||||'),
(3012, 8, 4, 12, 'TRIMESTRAL', 0.00, '0000-00-00 00:00:00', 2, 9, '2691||||'),
(3013, 8, 5, 12, 'TRIMESTRAL', 0.00, '0000-00-00 00:00:00', 2, 9, '2692||||'),
(3014, 8, 6, 12, 'TRIMESTRAL', 0.00, '0000-00-00 00:00:00', 2, 9, '2693||||'),
(3015, 8, 1, 12, 'TRIMESTRAL', 0.00, '0000-00-00 00:00:00', 2, 10, '||||'),
(3016, 8, 2, 12, 'TRIMESTRAL', 0.00, '0000-00-00 00:00:00', 2, 10, '||||'),
(3017, 8, 3, 12, 'TRIMESTRAL', 0.00, '0000-00-00 00:00:00', 2, 10, '||||'),
(3018, 8, 4, 12, 'TRIMESTRAL', 0.00, '0000-00-00 00:00:00', 2, 10, '||||'),
(3019, 8, 5, 12, 'TRIMESTRAL', 0.00, '0000-00-00 00:00:00', 2, 10, '||||'),
(3020, 8, 6, 12, 'TRIMESTRAL', 40302.00, '0000-00-00 00:00:00', 2, 10, '2613||||'),
(3021, 8, 1, 13, 'TRIMESTRAL', 0.00, '0000-00-00 00:00:00', 2, 9, '2694||||'),
(3022, 8, 2, 13, 'TRIMESTRAL', 0.00, '0000-00-00 00:00:00', 2, 9, '2695||||'),
(3023, 8, 3, 13, 'TRIMESTRAL', 0.00, '0000-00-00 00:00:00', 2, 9, '2696||||'),
(3024, 8, 4, 13, 'TRIMESTRAL', 0.00, '0000-00-00 00:00:00', 2, 9, '2697||||'),
(3025, 8, 5, 13, 'TRIMESTRAL', 0.00, '0000-00-00 00:00:00', 2, 9, '2698||||'),
(3026, 8, 6, 13, 'TRIMESTRAL', 0.00, '0000-00-00 00:00:00', 2, 9, '2699||||'),
(3027, 8, 1, 13, 'TRIMESTRAL', 0.00, '0000-00-00 00:00:00', 2, 10, '||||'),
(3028, 8, 2, 13, 'TRIMESTRAL', 0.00, '0000-00-00 00:00:00', 2, 10, '||||'),
(3029, 8, 3, 13, 'TRIMESTRAL', 0.00, '0000-00-00 00:00:00', 2, 10, '||||'),
(3030, 8, 4, 13, 'TRIMESTRAL', 0.00, '0000-00-00 00:00:00', 2, 10, '||||'),
(3031, 8, 5, 13, 'TRIMESTRAL', 0.00, '0000-00-00 00:00:00', 2, 10, '||||'),
(3032, 8, 6, 13, 'TRIMESTRAL', 0.00, '0000-00-00 00:00:00', 2, 10, '2598||||'),
(3033, 8, 1, 14, 'TRIMESTRAL', 0.00, '0000-00-00 00:00:00', 2, 9, '2700||||'),
(3034, 8, 2, 14, 'TRIMESTRAL', 0.00, '0000-00-00 00:00:00', 2, 9, '2701||||'),
(3035, 8, 3, 14, 'TRIMESTRAL', 0.00, '0000-00-00 00:00:00', 2, 9, '2702||||'),
(3036, 8, 4, 14, 'TRIMESTRAL', 0.00, '0000-00-00 00:00:00', 2, 9, '2703||||'),
(3037, 8, 5, 14, 'TRIMESTRAL', 0.00, '0000-00-00 00:00:00', 2, 9, '2704||||'),
(3038, 8, 6, 14, 'TRIMESTRAL', 0.00, '0000-00-00 00:00:00', 2, 9, '2705||||'),
(3039, 8, 1, 14, 'TRIMESTRAL', 0.00, '0000-00-00 00:00:00', 2, 10, '||||'),
(3040, 8, 2, 14, 'TRIMESTRAL', 0.00, '0000-00-00 00:00:00', 2, 10, '||||'),
(3041, 8, 3, 14, 'TRIMESTRAL', 0.00, '0000-00-00 00:00:00', 2, 10, '||||'),
(3042, 8, 4, 14, 'TRIMESTRAL', 0.00, '0000-00-00 00:00:00', 2, 10, '||||'),
(3043, 8, 5, 14, 'TRIMESTRAL', 0.00, '0000-00-00 00:00:00', 2, 10, '||||'),
(3044, 8, 6, 14, 'TRIMESTRAL', 0.00, '0000-00-00 00:00:00', 2, 10, '2599||||'),
(3045, 8, 1, 15, 'TRIMESTRAL', 0.00, '0000-00-00 00:00:00', 2, 9, '2706||||'),
(3046, 8, 2, 15, 'TRIMESTRAL', 0.00, '0000-00-00 00:00:00', 2, 9, '2707||||'),
(3047, 8, 3, 15, 'TRIMESTRAL', 0.00, '0000-00-00 00:00:00', 2, 9, '2708||||'),
(3048, 8, 4, 15, 'TRIMESTRAL', 0.00, '0000-00-00 00:00:00', 2, 9, '2709||||'),
(3049, 8, 5, 15, 'TRIMESTRAL', 0.00, '0000-00-00 00:00:00', 2, 9, '2710||||'),
(3050, 8, 6, 15, 'TRIMESTRAL', 0.00, '0000-00-00 00:00:00', 2, 9, '2711||||'),
(3051, 8, 1, 15, 'TRIMESTRAL', 0.00, '0000-00-00 00:00:00', 2, 10, '||||'),
(3052, 8, 2, 15, 'TRIMESTRAL', 0.00, '0000-00-00 00:00:00', 2, 10, '||||'),
(3053, 8, 3, 15, 'TRIMESTRAL', 0.00, '0000-00-00 00:00:00', 2, 10, '||||'),
(3054, 8, 4, 15, 'TRIMESTRAL', 0.00, '0000-00-00 00:00:00', 2, 10, '||||'),
(3055, 8, 5, 15, 'TRIMESTRAL', 0.00, '0000-00-00 00:00:00', 2, 10, '||||'),
(3056, 8, 6, 15, 'TRIMESTRAL', 0.00, '0000-00-00 00:00:00', 2, 10, '2600||||'),
(3057, 8, 1, 16, 'TRIMESTRAL', 0.00, '0000-00-00 00:00:00', 2, 9, '2712||||'),
(3058, 8, 2, 16, 'TRIMESTRAL', 0.00, '0000-00-00 00:00:00', 2, 9, '2713||||'),
(3059, 8, 3, 16, 'TRIMESTRAL', 0.00, '0000-00-00 00:00:00', 2, 9, '2714||||'),
(3060, 8, 4, 16, 'TRIMESTRAL', 0.00, '0000-00-00 00:00:00', 2, 9, '2715||||'),
(3061, 8, 5, 16, 'TRIMESTRAL', 0.00, '0000-00-00 00:00:00', 2, 9, '2716||||'),
(3062, 8, 6, 16, 'TRIMESTRAL', 0.00, '0000-00-00 00:00:00', 2, 9, '2717||||'),
(3063, 8, 1, 16, 'TRIMESTRAL', 0.00, '0000-00-00 00:00:00', 2, 10, '||||'),
(3064, 8, 2, 16, 'TRIMESTRAL', 0.00, '0000-00-00 00:00:00', 2, 10, '||||'),
(3065, 8, 3, 16, 'TRIMESTRAL', 0.00, '0000-00-00 00:00:00', 2, 10, '||||'),
(3066, 8, 4, 16, 'TRIMESTRAL', 0.00, '0000-00-00 00:00:00', 2, 10, '||||'),
(3067, 8, 5, 16, 'TRIMESTRAL', 0.00, '0000-00-00 00:00:00', 2, 10, '||||'),
(3068, 8, 6, 16, 'TRIMESTRAL', 0.00, '0000-00-00 00:00:00', 2, 10, '2601||||'),
(3069, 8, 1, 28, 'TRIMESTRAL', 0.00, '0000-00-00 00:00:00', 2, 9, '2718||||'),
(3070, 8, 2, 28, 'TRIMESTRAL', 0.00, '0000-00-00 00:00:00', 2, 9, '2719||||'),
(3071, 8, 3, 28, 'TRIMESTRAL', 0.00, '0000-00-00 00:00:00', 2, 9, '2720||||'),
(3072, 8, 4, 28, 'TRIMESTRAL', 0.00, '0000-00-00 00:00:00', 2, 9, '2721||||'),
(3073, 8, 5, 28, 'TRIMESTRAL', 0.00, '0000-00-00 00:00:00', 2, 9, '2722||||'),
(3074, 8, 6, 28, 'TRIMESTRAL', 0.00, '0000-00-00 00:00:00', 2, 9, '2723||||'),
(3075, 8, 1, 28, 'TRIMESTRAL', 0.00, '0000-00-00 00:00:00', 2, 10, '||||'),
(3076, 8, 2, 28, 'TRIMESTRAL', 0.00, '0000-00-00 00:00:00', 2, 10, '||||'),
(3077, 8, 3, 28, 'TRIMESTRAL', 0.00, '0000-00-00 00:00:00', 2, 10, '||||'),
(3078, 8, 4, 28, 'TRIMESTRAL', 0.00, '0000-00-00 00:00:00', 2, 10, '||||'),
(3079, 8, 5, 28, 'TRIMESTRAL', 0.00, '0000-00-00 00:00:00', 2, 10, '||||'),
(3080, 8, 6, 28, 'TRIMESTRAL', 24929.00, '0000-00-00 00:00:00', 2, 10, '2614||||'),
(3081, 8, 1, 29, 'TRIMESTRAL', 0.00, '0000-00-00 00:00:00', 2, 9, '2724||||'),
(3082, 8, 2, 29, 'TRIMESTRAL', 0.00, '0000-00-00 00:00:00', 2, 9, '2725||||'),
(3083, 8, 3, 29, 'TRIMESTRAL', 0.00, '0000-00-00 00:00:00', 2, 9, '2726||||'),
(3084, 8, 4, 29, 'TRIMESTRAL', 0.00, '0000-00-00 00:00:00', 2, 9, '2727||||'),
(3085, 8, 5, 29, 'TRIMESTRAL', 0.00, '0000-00-00 00:00:00', 2, 9, '2728||||'),
(3086, 8, 6, 29, 'TRIMESTRAL', 0.00, '0000-00-00 00:00:00', 2, 9, '2729||||'),
(3087, 8, 1, 29, 'TRIMESTRAL', 0.00, '0000-00-00 00:00:00', 2, 10, '||||'),
(3088, 8, 2, 29, 'TRIMESTRAL', 0.00, '0000-00-00 00:00:00', 2, 10, '||||'),
(3089, 8, 3, 29, 'TRIMESTRAL', 0.00, '0000-00-00 00:00:00', 2, 10, '||||'),
(3090, 8, 4, 29, 'TRIMESTRAL', 0.00, '0000-00-00 00:00:00', 2, 10, '||||'),
(3091, 8, 5, 29, 'TRIMESTRAL', 0.00, '0000-00-00 00:00:00', 2, 10, '||||'),
(3092, 8, 6, 29, 'TRIMESTRAL', 32399.00, '0000-00-00 00:00:00', 2, 10, '2615||||'),
(3093, 8, 1, 30, 'TRIMESTRAL', 0.00, '0000-00-00 00:00:00', 2, 9, '2730||||'),
(3094, 8, 2, 30, 'TRIMESTRAL', 0.00, '0000-00-00 00:00:00', 2, 9, '2731||||'),
(3095, 8, 3, 30, 'TRIMESTRAL', 0.00, '0000-00-00 00:00:00', 2, 9, '2732||||'),
(3096, 8, 4, 30, 'TRIMESTRAL', 0.00, '0000-00-00 00:00:00', 2, 9, '2733||||'),
(3097, 8, 5, 30, 'TRIMESTRAL', 0.00, '0000-00-00 00:00:00', 2, 9, '2734||||'),
(3098, 8, 6, 30, 'TRIMESTRAL', 0.00, '0000-00-00 00:00:00', 2, 9, '2735||||'),
(3099, 8, 1, 30, 'TRIMESTRAL', 0.00, '0000-00-00 00:00:00', 2, 10, '||||'),
(3100, 8, 2, 30, 'TRIMESTRAL', 0.00, '0000-00-00 00:00:00', 2, 10, '||||'),
(3101, 8, 3, 30, 'TRIMESTRAL', 0.00, '0000-00-00 00:00:00', 2, 10, '||||'),
(3102, 8, 4, 30, 'TRIMESTRAL', 0.00, '0000-00-00 00:00:00', 2, 10, '||||'),
(3103, 8, 5, 30, 'TRIMESTRAL', 0.00, '0000-00-00 00:00:00', 2, 10, '||||'),
(3104, 8, 6, 30, 'TRIMESTRAL', 0.00, '0000-00-00 00:00:00', 2, 10, '2616||||'),
(3105, 8, 1, 31, 'TRIMESTRAL', 0.00, '0000-00-00 00:00:00', 2, 9, '2736||||'),
(3106, 8, 2, 31, 'TRIMESTRAL', 0.00, '0000-00-00 00:00:00', 2, 9, '2737||||'),
(3107, 8, 3, 31, 'TRIMESTRAL', 0.00, '0000-00-00 00:00:00', 2, 9, '2738||||'),
(3108, 8, 4, 31, 'TRIMESTRAL', 0.00, '0000-00-00 00:00:00', 2, 9, '2739||||'),
(3109, 8, 5, 31, 'TRIMESTRAL', 0.00, '0000-00-00 00:00:00', 2, 9, '2740||||'),
(3110, 8, 6, 31, 'TRIMESTRAL', 0.00, '0000-00-00 00:00:00', 2, 9, '2741||||'),
(3111, 8, 1, 31, 'TRIMESTRAL', 0.00, '0000-00-00 00:00:00', 2, 10, '||||'),
(3112, 8, 2, 31, 'TRIMESTRAL', 0.00, '0000-00-00 00:00:00', 2, 10, '||||'),
(3113, 8, 3, 31, 'TRIMESTRAL', 0.00, '0000-00-00 00:00:00', 2, 10, '||||'),
(3114, 8, 4, 31, 'TRIMESTRAL', 0.00, '0000-00-00 00:00:00', 2, 10, '||||'),
(3115, 8, 5, 31, 'TRIMESTRAL', 0.00, '0000-00-00 00:00:00', 2, 10, '||||'),
(3116, 8, 6, 31, 'TRIMESTRAL', 0.00, '0000-00-00 00:00:00', 2, 10, '2617||||'),
(3117, 8, 1, 32, 'TRIMESTRAL', 0.00, '0000-00-00 00:00:00', 2, 9, '2742||||'),
(3118, 8, 2, 32, 'TRIMESTRAL', 0.00, '0000-00-00 00:00:00', 2, 9, '2743||||'),
(3119, 8, 3, 32, 'TRIMESTRAL', 0.00, '0000-00-00 00:00:00', 2, 9, '2744||||'),
(3120, 8, 4, 32, 'TRIMESTRAL', 0.00, '0000-00-00 00:00:00', 2, 9, '2745||||'),
(3121, 8, 5, 32, 'TRIMESTRAL', 0.00, '0000-00-00 00:00:00', 2, 9, '2746||||'),
(3122, 8, 6, 32, 'TRIMESTRAL', 0.00, '0000-00-00 00:00:00', 2, 9, '2747||||'),
(3123, 8, 1, 32, 'TRIMESTRAL', 0.00, '0000-00-00 00:00:00', 2, 10, '||||'),
(3124, 8, 2, 32, 'TRIMESTRAL', 0.00, '0000-00-00 00:00:00', 2, 10, '||||'),
(3125, 8, 3, 32, 'TRIMESTRAL', 0.00, '0000-00-00 00:00:00', 2, 10, '||||'),
(3126, 8, 4, 32, 'TRIMESTRAL', 0.00, '0000-00-00 00:00:00', 2, 10, '||||'),
(3127, 8, 5, 32, 'TRIMESTRAL', 0.00, '0000-00-00 00:00:00', 2, 10, '||||'),
(3128, 8, 6, 32, 'TRIMESTRAL', 0.00, '0000-00-00 00:00:00', 2, 10, '2618||||'),
(3129, 8, 1, 33, 'TRIMESTRAL', 0.00, '0000-00-00 00:00:00', 2, 9, '2748||||'),
(3130, 8, 2, 33, 'TRIMESTRAL', 0.00, '0000-00-00 00:00:00', 2, 9, '2749||||'),
(3131, 8, 3, 33, 'TRIMESTRAL', 0.00, '0000-00-00 00:00:00', 2, 9, '2750||||'),
(3132, 8, 4, 33, 'TRIMESTRAL', 0.00, '0000-00-00 00:00:00', 2, 9, '2751||||'),
(3133, 8, 5, 33, 'TRIMESTRAL', 0.00, '0000-00-00 00:00:00', 2, 9, '2752||||'),
(3134, 8, 6, 33, 'TRIMESTRAL', 0.00, '0000-00-00 00:00:00', 2, 9, '2753||||'),
(3135, 8, 1, 33, 'TRIMESTRAL', 0.00, '0000-00-00 00:00:00', 2, 10, '||||'),
(3136, 8, 2, 33, 'TRIMESTRAL', 0.00, '0000-00-00 00:00:00', 2, 10, '||||'),
(3137, 8, 3, 33, 'TRIMESTRAL', 0.00, '0000-00-00 00:00:00', 2, 10, '||||'),
(3138, 8, 4, 33, 'TRIMESTRAL', 0.00, '0000-00-00 00:00:00', 2, 10, '||||'),
(3139, 8, 5, 33, 'TRIMESTRAL', 0.00, '0000-00-00 00:00:00', 2, 10, '||||'),
(3140, 8, 6, 33, 'TRIMESTRAL', 0.00, '0000-00-00 00:00:00', 2, 10, '2619||||'),
(3141, 8, 1, 34, 'TRIMESTRAL', 0.00, '0000-00-00 00:00:00', 2, 9, '2754||||'),
(3142, 8, 2, 34, 'TRIMESTRAL', 0.00, '0000-00-00 00:00:00', 2, 9, '2755||||'),
(3143, 8, 3, 34, 'TRIMESTRAL', 0.00, '0000-00-00 00:00:00', 2, 9, '2756||||'),
(3144, 8, 4, 34, 'TRIMESTRAL', 0.00, '0000-00-00 00:00:00', 2, 9, '2757||||'),
(3145, 8, 5, 34, 'TRIMESTRAL', 0.00, '0000-00-00 00:00:00', 2, 9, '2758||||'),
(3146, 8, 6, 34, 'TRIMESTRAL', 0.00, '0000-00-00 00:00:00', 2, 9, '2759||||'),
(3147, 8, 1, 34, 'TRIMESTRAL', 0.00, '0000-00-00 00:00:00', 2, 10, '||||'),
(3148, 8, 2, 34, 'TRIMESTRAL', 0.00, '0000-00-00 00:00:00', 2, 10, '||||'),
(3149, 8, 3, 34, 'TRIMESTRAL', 0.00, '0000-00-00 00:00:00', 2, 10, '||||'),
(3150, 8, 4, 34, 'TRIMESTRAL', 0.00, '0000-00-00 00:00:00', 2, 10, '||||'),
(3151, 8, 5, 34, 'TRIMESTRAL', 0.00, '0000-00-00 00:00:00', 2, 10, '||||'),
(3152, 8, 6, 34, 'TRIMESTRAL', 0.00, '0000-00-00 00:00:00', 2, 10, '2620||||'),
(3153, 8, 1, 35, 'TRIMESTRAL', 0.00, '0000-00-00 00:00:00', 2, 9, '2760||||'),
(3154, 8, 2, 35, 'TRIMESTRAL', 0.00, '0000-00-00 00:00:00', 2, 9, '2761||||'),
(3155, 8, 3, 35, 'TRIMESTRAL', 0.00, '0000-00-00 00:00:00', 2, 9, '2762||||'),
(3156, 8, 4, 35, 'TRIMESTRAL', 0.00, '0000-00-00 00:00:00', 2, 9, '2763||||'),
(3157, 8, 5, 35, 'TRIMESTRAL', 0.00, '0000-00-00 00:00:00', 2, 9, '2764||||'),
(3158, 8, 6, 35, 'TRIMESTRAL', 0.00, '0000-00-00 00:00:00', 2, 9, '2765||||'),
(3159, 8, 1, 35, 'TRIMESTRAL', 0.00, '0000-00-00 00:00:00', 2, 10, '||||'),
(3160, 8, 2, 35, 'TRIMESTRAL', 0.00, '0000-00-00 00:00:00', 2, 10, '||||'),
(3161, 8, 3, 35, 'TRIMESTRAL', 0.00, '0000-00-00 00:00:00', 2, 10, '||||'),
(3162, 8, 4, 35, 'TRIMESTRAL', 0.00, '0000-00-00 00:00:00', 2, 10, '||||'),
(3163, 8, 5, 35, 'TRIMESTRAL', 0.00, '0000-00-00 00:00:00', 2, 10, '||||'),
(3164, 8, 6, 35, 'TRIMESTRAL', 0.00, '0000-00-00 00:00:00', 2, 10, '2621||||');

-- --------------------------------------------------------

--
-- Estructura Stand-in para la vista `view_grafica`
--
CREATE TABLE IF NOT EXISTS `view_grafica` (
`id_formula` int(11)
,`id_empresa` int(18)
,`id_periodo` int(18)
,`C1` double(25,2)
,`C2` double(25,2)
,`C3` double(25,2)
,`C4` double(25,2)
,`C5` double(25,2)
,`rso` text
,`label` varchar(7)
,`graf` int(1)
,`formula` varchar(100)
,`ano` int(11)
,`mes` int(11)
);
-- --------------------------------------------------------

--
-- Estructura para la vista `view_grafica`
--
DROP TABLE IF EXISTS `view_grafica`;

CREATE ALGORITHM=UNDEFINED DEFINER=`root`@`localhost` SQL SECURITY DEFINER VIEW `view_grafica` AS select `c`.`ID_FORMULA` AS `id_formula`,`a`.`ID_EMPRESA` AS `id_empresa`,`a`.`ID_PERIODO` AS `id_periodo`,(select `x`.`VALOR` from ((`valores` `x` join `indices_financieros` `z`) join `formulas` `w`) where ((`w`.`ID_FORMULA` = `z`.`ID_FORMULA`) and (`x`.`ID_TAG_AGF` = `w`.`CAMPO1`) and (`z`.`ID_INDICE_FINANCIERO` = `b`.`ID_INDICE_FINANCIERO`) and (`x`.`ID_EMPRESA` = `a`.`ID_EMPRESA`) and (`x`.`ID_PERIODO` = `a`.`ID_PERIODO`) and (`x`.`tipo` = 'TRIMESTRAL'))) AS `C1`,(select `x`.`VALOR` from ((`valores` `x` join `indices_financieros` `z`) join `formulas` `w`) where ((`w`.`ID_FORMULA` = `z`.`ID_FORMULA`) and (`x`.`ID_TAG_AGF` = `w`.`CAMPO2`) and (`z`.`ID_INDICE_FINANCIERO` = `b`.`ID_INDICE_FINANCIERO`) and (`x`.`ID_EMPRESA` = `a`.`ID_EMPRESA`) and (`x`.`ID_PERIODO` = `a`.`ID_PERIODO`) and (`x`.`tipo` = 'TRIMESTRAL'))) AS `C2`,(select `x`.`VALOR` from ((`valores` `x` join `indices_financieros` `z`) join `formulas` `w`) where ((`w`.`ID_FORMULA` = `z`.`ID_FORMULA`) and (`x`.`ID_TAG_AGF` = `w`.`CAMPO3`) and (`z`.`ID_INDICE_FINANCIERO` = `b`.`ID_INDICE_FINANCIERO`) and (`x`.`ID_EMPRESA` = `a`.`ID_EMPRESA`) and (`x`.`ID_PERIODO` = `a`.`ID_PERIODO`) and (`x`.`tipo` = 'TRIMESTRAL'))) AS `C3`,(select `x`.`VALOR` from ((`valores` `x` join `indices_financieros` `z`) join `formulas` `w`) where ((`w`.`ID_FORMULA` = `z`.`ID_FORMULA`) and (`x`.`ID_TAG_AGF` = `w`.`CAMPO4`) and (`z`.`ID_INDICE_FINANCIERO` = `b`.`ID_INDICE_FINANCIERO`) and (`x`.`ID_EMPRESA` = `a`.`ID_EMPRESA`) and (`x`.`ID_PERIODO` = `a`.`ID_PERIODO`) and (`x`.`tipo` = 'TRIMESTRAL'))) AS `C4`,(select `x`.`VALOR` from ((`valores` `x` join `indices_financieros` `z`) join `formulas` `w`) where ((`w`.`ID_FORMULA` = `z`.`ID_FORMULA`) and (`x`.`ID_TAG_AGF` = `w`.`CAMPO5`) and (`z`.`ID_INDICE_FINANCIERO` = `b`.`ID_INDICE_FINANCIERO`) and (`x`.`ID_EMPRESA` = `a`.`ID_EMPRESA`) and (`x`.`ID_PERIODO` = `a`.`ID_PERIODO`) and (`x`.`tipo` = 'TRIMESTRAL'))) AS `C5`,concat(`d`.`RSO`,': ',`b`.`NOMBRE`) AS `rso`,`e`.`label` AS `label`,1 AS `graf`,`c`.`FORMULA` AS `formula`,`e`.`ANO` AS `ano`,`e`.`MES` AS `mes` from ((((`valores` `a` join `indices_financieros` `b`) join `formulas` `c`) join `empresas` `d`) join `periodos` `e`) where ((`c`.`ID_FORMULA` = `b`.`ID_FORMULA`) and (`a`.`ID_TAG_AGF` = `c`.`CAMPO1`) and (`a`.`ID_EMPRESA` = `d`.`ID_EMPRESA`) and (`a`.`ID_PERIODO` = `e`.`ID_PERIODO`));

--
-- Restricciones para tablas volcadas
--

--
-- Filtros para la tabla `grupos_subgrupos`
--
ALTER TABLE `grupos_subgrupos`
  ADD CONSTRAINT `cs_subgrupo` FOREIGN KEY (`ID_SUBGRUPO`) REFERENCES `subgrupos` (`ID_SUBGRUPO`),
  ADD CONSTRAINT `cs_tipo_empresa` FOREIGN KEY (`ID_TIPO_EMPRESA`) REFERENCES `tipos_empresas` (`ID_TIPO_EMPRESA`);

/*!40101 SET CHARACTER_SET_CLIENT=@OLD_CHARACTER_SET_CLIENT */;
/*!40101 SET CHARACTER_SET_RESULTS=@OLD_CHARACTER_SET_RESULTS */;
/*!40101 SET COLLATION_CONNECTION=@OLD_COLLATION_CONNECTION */;
