-- phpMyAdmin SQL Dump
-- version 4.0.4.1
-- http://www.phpmyadmin.net
--
-- Servidor: 127.0.0.1
-- Tiempo de generación: 03-12-2013 a las 06:02:54
-- Versión del servidor: 5.5.32
-- Versión de PHP: 5.4.19

SET SQL_MODE = "NO_AUTO_VALUE_ON_ZERO";
SET time_zone = "+00:00";


/*!40101 SET @OLD_CHARACTER_SET_CLIENT=@@CHARACTER_SET_CLIENT */;
/*!40101 SET @OLD_CHARACTER_SET_RESULTS=@@CHARACTER_SET_RESULTS */;
/*!40101 SET @OLD_COLLATION_CONNECTION=@@COLLATION_CONNECTION */;
/*!40101 SET NAMES utf8 */;

--
-- Base de datos: `agf`
--
CREATE DATABASE IF NOT EXISTS `agf` DEFAULT CHARACTER SET utf8 COLLATE utf8_spanish2_ci;
USE `agf`;

-- --------------------------------------------------------

--
-- Estructura de tabla para la tabla `agenda_procesos`
--

CREATE TABLE IF NOT EXISTS `agenda_procesos` (
  `ID_AGENDA` int(18) NOT NULL,
  `DT_AGENDA` datetime DEFAULT NULL,
  `PROCESO` varchar(300) COLLATE utf8_spanish2_ci DEFAULT NULL,
  `PARAMETROS` varchar(300) COLLATE utf8_spanish2_ci DEFAULT NULL,
  `DT_COMIENZO` datetime DEFAULT NULL,
  `DT_FIN` datetime DEFAULT NULL,
  `ESTADO` varchar(300) COLLATE utf8_spanish2_ci DEFAULT NULL
) ENGINE=InnoDB DEFAULT CHARSET=utf8 COLLATE=utf8_spanish2_ci;

-- --------------------------------------------------------

--
-- Estructura de tabla para la tabla `configexport`
--

CREATE TABLE IF NOT EXISTS `configexport` (
  `id_indice` int(11) NOT NULL
) ENGINE=InnoDB DEFAULT CHARSET=utf8 COLLATE=utf8_spanish2_ci;

-- --------------------------------------------------------

--
-- Estructura de tabla para la tabla `dolar`
--

CREATE TABLE IF NOT EXISTS `dolar` (
  `ID_DOLAR` int(18) NOT NULL,
  `PERIODO` varchar(20) COLLATE utf8_spanish2_ci DEFAULT NULL,
  `FECHA_DOLAR` varchar(20) COLLATE utf8_spanish2_ci DEFAULT NULL,
  `VALOR` float(18,2) DEFAULT NULL
) ENGINE=InnoDB DEFAULT CHARSET=utf8 COLLATE=utf8_spanish2_ci;

-- --------------------------------------------------------

--
-- Estructura de tabla para la tabla `empresas`
--

CREATE TABLE IF NOT EXISTS `empresas` (
  `ID_EMPRESA` int(18) NOT NULL AUTO_INCREMENT,
  `RUT` varchar(10) COLLATE utf8_spanish2_ci DEFAULT NULL,
  `RSO` varchar(300) COLLATE utf8_spanish2_ci DEFAULT NULL,
  `NOMBRE_FANTASIA` varchar(300) COLLATE utf8_spanish2_ci DEFAULT NULL,
  `NOMBRE_BOLSA` varchar(300) COLLATE utf8_spanish2_ci DEFAULT NULL,
  `VALOR_ACCION` float(18,2) DEFAULT NULL,
  `TIPO_BALANCE` varchar(50) COLLATE utf8_spanish2_ci DEFAULT NULL,
  `TIPO_IFRS` varchar(20) COLLATE utf8_spanish2_ci DEFAULT NULL,
  `MONEDA` varchar(100) COLLATE utf8_spanish2_ci DEFAULT NULL,
  `ESTADOS` varchar(100) COLLATE utf8_spanish2_ci DEFAULT NULL,
  `ORIGEN` varchar(50) COLLATE utf8_spanish2_ci DEFAULT NULL,
  `OA` bit(1) DEFAULT NULL,
  `color` int(11) DEFAULT '0',
  `orden` int(11) DEFAULT '0',
  PRIMARY KEY (`ID_EMPRESA`)
) ENGINE=InnoDB  DEFAULT CHARSET=utf8 COLLATE=utf8_spanish2_ci AUTO_INCREMENT=4 ;

--
-- Volcado de datos para la tabla `empresas`
--

INSERT INTO `empresas` (`ID_EMPRESA`, `RUT`, `RSO`, `NOMBRE_FANTASIA`, `NOMBRE_BOLSA`, `VALOR_ACCION`, `TIPO_BALANCE`, `TIPO_IFRS`, `MONEDA`, `ESTADOS`, `ORIGEN`, `OA`, `color`, `orden`) VALUES
(1, 'Hites', 'Hites', 'Hites', 'Hites', 0.00, 'I', 'Full', 'CLP - Peso chileno', 'ESFC|ERF', 'CARGA_MANUAL', b'1', 26316, 0),
(2, 'La Polar', 'La Polar', 'La Polar', 'La Polar', 0.00, 'I', 'Full', 'CLP - Peso chileno', 'ESFC|ERF', 'CARGA_MANUAL', b'1', 0, 0),
(3, 'Ripley Chi', 'Ripley Chile', 'Ripley Chile', 'Ripley Chile', 0.00, 'I', 'Full', 'CLP - Peso chileno', 'ESFC|ERF', 'CARGA_MANUAL', b'1', 52479, 0);

-- --------------------------------------------------------

--
-- Estructura de tabla para la tabla `empresa_indice`
--

CREATE TABLE IF NOT EXISTS `empresa_indice` (
  `id_empresa` int(11) NOT NULL,
  `id_indice_financiero` int(11) NOT NULL,
  `num_formula` int(11) NOT NULL,
  `id_formula` int(11) NOT NULL
) ENGINE=InnoDB DEFAULT CHARSET=utf8 COLLATE=utf8_spanish2_ci;

--
-- Volcado de datos para la tabla `empresa_indice`
--

INSERT INTO `empresa_indice` (`id_empresa`, `id_indice_financiero`, `num_formula`, `id_formula`) VALUES
(1, 1, 0, 1),
(2, 1, 0, 1),
(3, 1, 0, 1),
(1, 2, 0, 2),
(2, 2, 0, 2),
(3, 2, 0, 2),
(1, 3, 0, 3),
(2, 3, 0, 3),
(3, 3, 0, 3),
(1, 4, 0, 4),
(2, 4, 0, 4),
(3, 4, 0, 4),
(1, 5, 0, 5),
(2, 5, 0, 5),
(3, 5, 0, 5),
(1, 6, 0, 6),
(2, 6, 0, 6),
(3, 6, 0, 6),
(1, 7, 0, 7),
(2, 7, 0, 7),
(3, 7, 0, 7),
(1, 8, 0, 8),
(2, 8, 0, 8),
(3, 8, 0, 8),
(1, 9, 0, 9),
(2, 9, 0, 9),
(3, 9, 0, 9),
(1, 10, 0, 10),
(2, 10, 0, 10),
(3, 10, 0, 10),
(1, 11, 0, 11),
(2, 11, 0, 11),
(3, 11, 0, 11),
(1, 12, 0, 12),
(2, 12, 0, 12),
(3, 12, 0, 12),
(1, 13, 0, 13),
(2, 13, 0, 13),
(3, 13, 0, 13),
(1, 14, 0, 14),
(2, 14, 0, 14),
(3, 14, 0, 14),
(1, 15, 0, 15),
(2, 15, 0, 15),
(3, 15, 0, 15),
(1, 16, 0, 16),
(2, 16, 0, 16),
(3, 16, 0, 16),
(1, 17, 0, 17),
(2, 17, 0, 17),
(3, 17, 0, 17),
(1, 18, 0, 18),
(2, 18, 0, 18),
(3, 18, 0, 18),
(1, 19, 0, 19),
(2, 19, 0, 19),
(3, 19, 0, 19),
(1, 20, 0, 20),
(2, 20, 0, 20),
(3, 20, 0, 20),
(1, 21, 0, 21),
(2, 21, 0, 21),
(3, 21, 0, 21),
(1, 22, 0, 22),
(2, 22, 0, 22),
(3, 22, 0, 22),
(1, 23, 0, 23),
(2, 23, 0, 23),
(3, 23, 0, 23),
(1, 24, 0, 24),
(2, 24, 0, 24),
(3, 24, 0, 24),
(1, 25, 0, 25),
(2, 25, 0, 25),
(3, 25, 0, 25),
(1, 26, 0, 26),
(2, 26, 0, 26),
(3, 26, 0, 26);

-- --------------------------------------------------------

--
-- Estructura de tabla para la tabla `formulario_item`
--

CREATE TABLE IF NOT EXISTS `formulario_item` (
  `id_empresa` int(11) NOT NULL,
  `id_tag_agf` int(11) NOT NULL,
  `fecha_insert` date NOT NULL,
  `nun_item` int(11) NOT NULL,
  `estado` varchar(1) COLLATE utf8_spanish2_ci NOT NULL DEFAULT 'A'
) ENGINE=InnoDB DEFAULT CHARSET=utf8 COLLATE=utf8_spanish2_ci;

--
-- Volcado de datos para la tabla `formulario_item`
--

INSERT INTO `formulario_item` (`id_empresa`, `id_tag_agf`, `fecha_insert`, `nun_item`, `estado`) VALUES
(1, 1, '1900-01-01', 0, 'E'),
(1, 2, '1900-01-01', 1, 'E'),
(1, 3, '1900-01-01', 2, 'E'),
(1, 4, '1900-01-01', 3, 'E'),
(1, 5, '1900-01-01', 4, 'E'),
(1, 7, '1900-01-01', 5, 'E'),
(1, 6, '1900-01-01', 6, 'E'),
(2, 7, '1900-01-01', 0, 'E'),
(2, 6, '1900-01-01', 1, 'E'),
(2, 4, '1900-01-01', 2, 'E'),
(2, 2, '1900-01-01', 3, 'E'),
(2, 7, '1900-01-01', 4, 'E'),
(2, 6, '1900-01-01', 5, 'E'),
(2, 4, '1900-01-01', 6, 'E'),
(2, 3, '1900-01-01', 7, 'E'),
(2, 2, '1900-01-01', 8, 'E'),
(2, 1, '1900-01-01', 9, 'E'),
(2, 5, '1900-01-01', 10, 'E'),
(3, 7, '1900-01-01', 0, 'E'),
(3, 6, '1900-01-01', 1, 'E'),
(3, 4, '1900-01-01', 2, 'E'),
(3, 3, '1900-01-01', 3, 'E'),
(3, 2, '1900-01-01', 4, 'E'),
(3, 1, '1900-01-01', 5, 'E'),
(3, 5, '1900-01-01', 6, 'E'),
(3, 8, '1900-01-01', 7, 'E'),
(3, 9, '1900-01-01', 8, 'E'),
(3, 10, '1900-01-01', 9, 'E'),
(1, 11, '1900-01-01', 7, 'E'),
(1, 12, '1900-01-01', 8, 'E'),
(1, 13, '1900-01-01', 9, 'E'),
(1, 8, '1900-01-01', 10, 'E'),
(1, 9, '1900-01-01', 11, 'E'),
(1, 10, '1900-01-01', 12, 'E'),
(3, 14, '1900-01-01', 10, 'A'),
(1, 11, '1900-01-01', 13, 'A'),
(1, 12, '1900-01-01', 14, 'A'),
(1, 13, '1900-01-01', 15, 'A'),
(1, 8, '1900-01-01', 16, 'A'),
(1, 9, '1900-01-01', 17, 'A'),
(1, 10, '1900-01-01', 18, 'A'),
(1, 7, '1900-01-01', 19, 'A'),
(1, 6, '1900-01-01', 20, 'A'),
(1, 14, '1900-01-01', 21, 'A'),
(1, 4, '1900-01-01', 22, 'A'),
(1, 3, '1900-01-01', 23, 'A'),
(1, 2, '1900-01-01', 24, 'A'),
(1, 1, '1900-01-01', 25, 'A'),
(1, 5, '1900-01-01', 26, 'A'),
(2, 11, '1900-01-01', 11, 'A'),
(2, 12, '1900-01-01', 12, 'A'),
(2, 13, '1900-01-01', 13, 'A'),
(2, 8, '1900-01-01', 14, 'A'),
(2, 9, '1900-01-01', 15, 'A'),
(2, 10, '1900-01-01', 16, 'A'),
(2, 7, '1900-01-01', 17, 'A'),
(2, 6, '1900-01-01', 18, 'A'),
(2, 14, '1900-01-01', 19, 'A'),
(2, 4, '1900-01-01', 20, 'A'),
(2, 3, '1900-01-01', 21, 'A'),
(2, 2, '1900-01-01', 22, 'A'),
(2, 1, '1900-01-01', 23, 'A'),
(2, 5, '1900-01-01', 24, 'A'),
(3, 11, '1900-01-01', 11, 'A'),
(3, 12, '1900-01-01', 12, 'A'),
(3, 13, '1900-01-01', 13, 'A'),
(3, 8, '1900-01-01', 14, 'A'),
(3, 9, '1900-01-01', 15, 'A'),
(3, 10, '1900-01-01', 16, 'A'),
(3, 7, '1900-01-01', 17, 'A'),
(3, 6, '1900-01-01', 18, 'A'),
(3, 4, '1900-01-01', 19, 'A'),
(3, 3, '1900-01-01', 20, 'A'),
(3, 2, '1900-01-01', 21, 'A'),
(3, 1, '1900-01-01', 22, 'A'),
(3, 5, '1900-01-01', 23, 'A');

-- --------------------------------------------------------

--
-- Estructura de tabla para la tabla `formulas`
--

CREATE TABLE IF NOT EXISTS `formulas` (
  `ID_FORMULA` int(11) NOT NULL AUTO_INCREMENT,
  `CAMPO1` int(11) DEFAULT NULL,
  `CAMPO2` int(11) DEFAULT NULL,
  `CAMPO3` int(11) DEFAULT NULL,
  `CAMPO4` int(11) DEFAULT NULL,
  `CAMPO5` int(11) DEFAULT NULL,
  `tipoc1` int(11) NOT NULL,
  `tipoc2` int(11) NOT NULL,
  `tipoc3` int(11) NOT NULL,
  `tipoc4` int(11) NOT NULL,
  `tipoc5` int(11) NOT NULL,
  `FORMULA` varchar(100) COLLATE utf8_spanish2_ci DEFAULT NULL,
  `CANTIDAD_CAMPOS` int(11) DEFAULT NULL,
  `DECIMALES` int(11) DEFAULT NULL,
  `cod1` varchar(10) COLLATE utf8_spanish2_ci DEFAULT NULL,
  `cod2` varchar(10) COLLATE utf8_spanish2_ci DEFAULT NULL,
  `cod3` varchar(10) COLLATE utf8_spanish2_ci DEFAULT NULL,
  `cod4` varchar(10) COLLATE utf8_spanish2_ci DEFAULT NULL,
  `cod5` varchar(10) COLLATE utf8_spanish2_ci DEFAULT NULL,
  `id_indice_financiero` int(11) NOT NULL,
  `num_formula` int(11) NOT NULL,
  PRIMARY KEY (`ID_FORMULA`)
) ENGINE=InnoDB  DEFAULT CHARSET=utf8 COLLATE=utf8_spanish2_ci AUTO_INCREMENT=27 ;

--
-- Volcado de datos para la tabla `formulas`
--

INSERT INTO `formulas` (`ID_FORMULA`, `CAMPO1`, `CAMPO2`, `CAMPO3`, `CAMPO4`, `CAMPO5`, `tipoc1`, `tipoc2`, `tipoc3`, `tipoc4`, `tipoc5`, `FORMULA`, `CANTIDAD_CAMPOS`, `DECIMALES`, `cod1`, `cod2`, `cod3`, `cod4`, `cod5`, `id_indice_financiero`, `num_formula`) VALUES
(1, 7, 6, -1, -1, -1, 1, 1, 1, 1, 1, 'C1+C2', 2, 0, 'C.1.NN', 'C.2.NN', 'no', 'no', 'no', 1, 0),
(2, 6, 14, -1, -1, -1, 1, 1, 1, 1, 1, 'C1/C2', 2, 0, 'C.1.NN', 'C.2.NN', 'no', 'no', 'no', 2, 0),
(3, 6, 14, -1, -1, -1, 1, 1, 1, 1, 1, 'C1/C2', 2, 0, 'C.1.NN', 'C.2.NN', 'no', 'no', 'no', 3, 0),
(4, 6, 14, -1, -1, -1, 1, 1, 1, 1, 1, 'C1/C2', 2, 0, 'C.1.NN', 'C.2.NN', 'no', 'no', 'no', 4, 0),
(5, 6, 14, -1, -1, -1, 1, 1, 1, 1, 1, 'C1/C2', 2, 0, 'C.1.NN', 'C.2.NN', 'no', 'no', 'no', 5, 0),
(6, 6, 14, -1, -1, -1, 1, 1, 1, 1, 1, 'C1/C2', 2, 0, 'C.1.NN', 'C.2.NN', 'no', 'no', 'no', 6, 0),
(7, 6, 14, -1, -1, -1, 1, 1, 1, 1, 1, 'C1-C2', 2, 0, 'C.1.NN', 'C.2.NN', 'no', 'no', 'no', 7, 0),
(8, 6, 14, -1, -1, -1, 1, 1, 1, 1, 1, 'C1*C2', 2, 0, 'C.1.NN', 'C.2.NN', 'no', 'no', 'no', 8, 0),
(9, 0, 0, 0, 0, 0, 0, 0, 0, 0, 0, 'C1', 5, 0, '', '', '', '', '', 9, 0),
(10, 12, -1, -1, -1, -1, 1, 1, 1, 1, 1, 'C1', 1, 0, 'C.1.NN', 'no', 'no', 'no', 'no', 10, 0),
(11, 12, -1, -1, -1, -1, 1, 1, 1, 1, 1, 'C1', 1, 0, 'C.1.NN', 'no', 'no', 'no', 'no', 11, 0),
(12, 12, -1, -1, -1, -1, 1, 1, 1, 1, 1, 'C1', 1, 0, 'C.1.NN', 'no', 'no', 'no', 'no', 12, 0),
(13, 12, -1, -1, -1, -1, 1, 1, 1, 1, 1, 'C1', 1, 0, 'C.1.NN', 'no', 'no', 'no', 'no', 13, 0),
(14, 12, -1, -1, -1, -1, 1, 1, 1, 1, 1, 'C1', 1, 0, 'C.1.NN', 'no', 'no', 'no', 'no', 14, 0),
(15, 12, -1, -1, -1, -1, 1, 1, 1, 1, 1, 'C1', 1, 0, 'C.1.NN', 'no', 'no', 'no', 'no', 15, 0),
(16, 12, -1, -1, -1, -1, 1, 1, 1, 1, 1, 'C1', 1, 0, 'C.1.NN', 'no', 'no', 'no', 'no', 16, 0),
(17, 12, -1, -1, -1, -1, 1, 1, 1, 1, 1, 'C1', 1, 0, 'C.1.NN', 'no', 'no', 'no', 'no', 17, 0),
(18, 12, -1, -1, -1, -1, 1, 1, 1, 1, 1, 'C1', 1, 0, 'C.1.NN', 'no', 'no', 'no', 'no', 18, 0),
(19, 12, -1, -1, -1, -1, 1, 1, 1, 1, 1, 'C1', 1, 0, 'C.1.NN', 'no', 'no', 'no', 'no', 19, 0),
(20, 12, -1, -1, -1, -1, 1, 1, 1, 1, 1, 'C1', 1, 0, 'C.1.NN', 'no', 'no', 'no', 'no', 20, 0),
(21, 12, -1, -1, -1, -1, 1, 1, 1, 1, 1, 'C1', 1, 0, 'C.1.NN', 'no', 'no', 'no', 'no', 21, 0),
(22, 12, -1, -1, -1, -1, 1, 1, 1, 1, 1, 'C1', 1, 0, 'C.1.NN', 'no', 'no', 'no', 'no', 22, 0),
(23, 12, -1, -1, -1, -1, 1, 1, 1, 1, 1, 'C1', 1, 0, 'C.1.NN', 'no', 'no', 'no', 'no', 23, 0),
(24, 12, -1, -1, -1, -1, 1, 1, 1, 1, 1, 'C1', 1, 0, 'C.1.NN', 'no', 'no', 'no', 'no', 24, 0),
(25, 12, -1, -1, -1, -1, 1, 1, 1, 1, 1, 'C1', 1, 0, 'C.1.NN', 'no', 'no', 'no', 'no', 25, 0),
(26, 12, -1, -1, -1, -1, 1, 1, 1, 1, 1, 'C1', 1, 0, 'C.1.NN', 'no', 'no', 'no', 'no', 26, 0);

-- --------------------------------------------------------

--
-- Estructura de tabla para la tabla `grupos_indices_financieros`
--

CREATE TABLE IF NOT EXISTS `grupos_indices_financieros` (
  `ID_GRUPO_INDICE_FINANCIERO` int(11) NOT NULL AUTO_INCREMENT,
  `NOMBRE` varchar(50) COLLATE utf8_spanish2_ci NOT NULL,
  `DESCRIPCION` varchar(300) COLLATE utf8_spanish2_ci NOT NULL,
  PRIMARY KEY (`ID_GRUPO_INDICE_FINANCIERO`)
) ENGINE=InnoDB  DEFAULT CHARSET=utf8 COLLATE=utf8_spanish2_ci AUTO_INCREMENT=2 ;

--
-- Volcado de datos para la tabla `grupos_indices_financieros`
--

INSERT INTO `grupos_indices_financieros` (`ID_GRUPO_INDICE_FINANCIERO`, `NOMBRE`, `DESCRIPCION`) VALUES
(1, 'Demo', '0');

-- --------------------------------------------------------

--
-- Estructura de tabla para la tabla `grupos_subgrupos`
--

CREATE TABLE IF NOT EXISTS `grupos_subgrupos` (
  `ID_TIPO_EMPRESA` int(18) NOT NULL,
  `ID_SUBGRUPO` int(18) NOT NULL,
  KEY `ID_TIPO_EMPRESA` (`ID_TIPO_EMPRESA`),
  KEY `ID_SUBGRUPO` (`ID_SUBGRUPO`)
) ENGINE=InnoDB DEFAULT CHARSET=utf8 COLLATE=utf8_spanish2_ci;

--
-- Volcado de datos para la tabla `grupos_subgrupos`
--

INSERT INTO `grupos_subgrupos` (`ID_TIPO_EMPRESA`, `ID_SUBGRUPO`) VALUES
(1, 1);

-- --------------------------------------------------------

--
-- Estructura de tabla para la tabla `historico_acciones`
--

CREATE TABLE IF NOT EXISTS `historico_acciones` (
  `ID_PRECIO_ACCION` int(18) NOT NULL,
  `ID_EMPRESA` int(18) DEFAULT NULL,
  `FECHA` varchar(15) COLLATE utf8_spanish2_ci DEFAULT NULL,
  `APERTURA` float(18,5) DEFAULT NULL,
  `ALTO` decimal(18,5) DEFAULT NULL,
  `BAJO` float(18,5) DEFAULT NULL,
  `CIERRE` float(18,5) DEFAULT NULL,
  `VOLUMEN` bigint(20) DEFAULT NULL,
  `DT_REGISTRO` datetime DEFAULT NULL
) ENGINE=InnoDB DEFAULT CHARSET=utf8 COLLATE=utf8_spanish2_ci;

-- --------------------------------------------------------

--
-- Estructura de tabla para la tabla `indicadores`
--

CREATE TABLE IF NOT EXISTS `indicadores` (
  `ID_INDICADOR` int(18) NOT NULL,
  `TIPO_INDICADOR` varchar(50) COLLATE utf8_spanish2_ci DEFAULT NULL,
  `NOMBRE` varchar(300) COLLATE utf8_spanish2_ci DEFAULT NULL,
  `VALOR` float(18,2) DEFAULT NULL,
  `VARIACION` float(18,2) DEFAULT NULL,
  `DT_ACTUALIZACION` datetime DEFAULT NULL,
  `OA` bit(1) DEFAULT NULL
) ENGINE=InnoDB DEFAULT CHARSET=utf8 COLLATE=utf8_spanish2_ci;

-- --------------------------------------------------------

--
-- Estructura de tabla para la tabla `indices_financieros`
--

CREATE TABLE IF NOT EXISTS `indices_financieros` (
  `ID_INDICE_FINANCIERO` int(18) NOT NULL AUTO_INCREMENT,
  `ID_GRUPO_INDICE_FINANCIERO` int(18) DEFAULT NULL,
  `ID_COMPONENTE` int(18) DEFAULT NULL,
  `NOMBRE` varchar(300) COLLATE utf8_spanish2_ci DEFAULT NULL,
  `DESCRIPCION` varchar(300) COLLATE utf8_spanish2_ci DEFAULT NULL,
  `ID_FORMULA` int(18) DEFAULT NULL,
  `FORMULA_DESC` varchar(300) COLLATE utf8_spanish2_ci DEFAULT NULL,
  `RANGO_SUPERIOR` decimal(10,2) NOT NULL,
  `RANGO_INFERIOR` float(10,2) NOT NULL,
  `RANGOS_DESC` text COLLATE utf8_spanish2_ci,
  `OA` bit(1) DEFAULT NULL,
  PRIMARY KEY (`ID_INDICE_FINANCIERO`)
) ENGINE=InnoDB  DEFAULT CHARSET=utf8 COLLATE=utf8_spanish2_ci AUTO_INCREMENT=27 ;

--
-- Volcado de datos para la tabla `indices_financieros`
--

INSERT INTO `indices_financieros` (`ID_INDICE_FINANCIERO`, `ID_GRUPO_INDICE_FINANCIERO`, `ID_COMPONENTE`, `NOMBRE`, `DESCRIPCION`, `ID_FORMULA`, `FORMULA_DESC`, `RANGO_SUPERIOR`, `RANGO_INFERIOR`, `RANGOS_DESC`, `OA`) VALUES
(1, 1, 4, 'Ingresos Totales', '0', 1, '0', '0.00', 0.00, '0', b'1'),
(2, 1, 4, 'Venta Retail/m2', '0', 2, '0', '0.00', 0.00, '0', b'1'),
(3, 1, 4, 'venta retail/metro cuadrado', '0', 3, '0', '0.00', 0.00, '0', b'1'),
(4, 1, 4, 'V/M2', '0', 4, '0', '0.00', 0.00, '0', b'1'),
(5, 1, 4, 'V/M2_v2', '0', 5, '0', '0.00', 0.00, '0', b'1'),
(6, 1, 4, 'V/M2_v3', '0', 6, '0', '0.00', 0.00, '0', b'1'),
(7, 1, 4, 'V/M2_v4', '0', 7, '0', '0.00', 0.00, '0', b'1'),
(8, 1, 4, 'V/M2_v5', '0', 8, '0', '0.00', 0.00, '0', b'1'),
(9, 0, 4, 'mm', '0', 9, '0', '0.00', 0.00, '0', b'1'),
(10, 0, 4, 'mm', '0', 10, '0', '0.00', 0.00, '0', b'1'),
(11, 0, 4, 'mm', '0', 11, '0', '0.00', 0.00, '0', b'1'),
(12, 0, 4, 'mm', '0', 12, '0', '0.00', 0.00, '0', b'1'),
(13, 0, 4, 'mm2', '0', 13, '0', '0.00', 0.00, '0', b'1'),
(14, 0, 4, 'mm2', '0', 14, '0', '0.00', 0.00, '0', b'1'),
(15, 0, 4, 'mm2', '0', 15, '0', '0.00', 0.00, '0', b'1'),
(16, 0, 4, 'mm2', '0', 16, '0', '0.00', 0.00, '0', b'1'),
(17, 0, 4, 'mm2', '0', 17, '0', '0.00', 0.00, '0', b'1'),
(18, 0, 4, 'mm2', '0', 18, '0', '0.00', 0.00, '0', b'1'),
(19, 0, 4, 'mm2', '0', 19, '0', '0.00', 0.00, '0', b'1'),
(20, 0, 4, 'mm2', '0', 20, '0', '0.00', 0.00, '0', b'1'),
(21, 0, 4, 'mm2', '0', 21, '0', '0.00', 0.00, '0', b'1'),
(22, 0, 4, 'mm2', '0', 22, '0', '0.00', 0.00, '0', b'1'),
(23, 0, 4, 'mm2', '0', 23, '0', '0.00', 0.00, '0', b'1'),
(24, 0, 4, 'mm2', '0', 24, '0', '0.00', 0.00, '0', b'1'),
(25, 0, 4, 'mm2', '0', 25, '0', '0.00', 0.00, '0', b'1'),
(26, 0, 4, 'mm2', '0', 26, '0', '0.00', 0.00, '0', b'1');

-- --------------------------------------------------------

--
-- Estructura de tabla para la tabla `indice_empresa`
--

CREATE TABLE IF NOT EXISTS `indice_empresa` (
  `id_indice` int(11) NOT NULL,
  `id_empresa` int(11) NOT NULL,
  `tipo` int(11) NOT NULL
) ENGINE=InnoDB DEFAULT CHARSET=utf8 COLLATE=utf8_spanish2_ci;

--
-- Volcado de datos para la tabla `indice_empresa`
--

INSERT INTO `indice_empresa` (`id_indice`, `id_empresa`, `tipo`) VALUES
(1, 1, 0),
(1, 2, 0),
(1, 3, 0),
(2, 1, 0),
(2, 2, 0),
(2, 3, 0),
(3, 1, 0),
(3, 2, 0),
(3, 3, 0),
(4, 1, 0),
(4, 2, 0),
(4, 3, 0),
(5, 1, 0),
(5, 2, 0),
(5, 3, 0),
(6, 1, 0),
(6, 2, 0),
(6, 3, 0),
(7, 1, 0),
(7, 2, 0),
(7, 3, 0),
(8, 1, 0),
(8, 2, 0),
(8, 3, 0),
(9, 1, 0),
(9, 2, 0),
(9, 3, 0),
(10, 1, 0),
(10, 2, 0),
(10, 3, 0),
(11, 1, 0),
(11, 2, 0),
(11, 3, 0),
(12, 1, 0),
(12, 2, 0),
(12, 3, 0),
(13, 1, 0),
(13, 2, 0),
(13, 3, 0),
(14, 1, 0),
(14, 2, 0),
(14, 3, 0),
(15, 1, 0),
(15, 2, 0),
(15, 3, 0),
(16, 1, 0),
(16, 2, 0),
(16, 3, 0),
(17, 1, 0),
(17, 2, 0),
(17, 3, 0),
(18, 1, 0),
(18, 2, 0),
(18, 3, 0),
(19, 1, 0),
(19, 2, 0),
(19, 3, 0),
(20, 1, 0),
(20, 2, 0),
(20, 3, 0),
(21, 1, 0),
(21, 2, 0),
(21, 3, 0),
(22, 1, 0),
(22, 2, 0),
(22, 3, 0),
(23, 1, 0),
(23, 2, 0),
(23, 3, 0),
(24, 1, 0),
(24, 2, 0),
(24, 3, 0),
(25, 1, 0),
(25, 2, 0),
(25, 3, 0),
(26, 1, 0),
(26, 2, 0),
(26, 3, 0);

-- --------------------------------------------------------

--
-- Estructura de tabla para la tabla `indice_subgrupo_empresa`
--

CREATE TABLE IF NOT EXISTS `indice_subgrupo_empresa` (
  `id_indice` int(11) NOT NULL,
  `id_subgrupo` int(11) NOT NULL,
  `tipo` int(11) NOT NULL
) ENGINE=InnoDB DEFAULT CHARSET=utf8 COLLATE=utf8_spanish2_ci;

-- --------------------------------------------------------

--
-- Estructura de tabla para la tabla `log`
--

CREATE TABLE IF NOT EXISTS `log` (
  `datos` varchar(10000) COLLATE utf8_spanish2_ci NOT NULL
) ENGINE=InnoDB DEFAULT CHARSET=utf8 COLLATE=utf8_spanish2_ci;

--
-- Volcado de datos para la tabla `log`
--

INSERT INTO `log` (`datos`) VALUES
('Array\n(\n    [0] => mm2\n    [1] => 0\n    [2] => 0\n    [3] => 0\n    [4] => 0\n    [5] => 0\n    [6] => Array\n        (\n            [0] => C1_\n            [1] => C1_\n        )\n\n    [7] => 0\n    [8] => Array\n        (\n            [0] => Array\n                (\n                    [0] => 12\n                    [1] => -1\n                    [2] => -1\n                    [3] => -1\n                    [4] => -1\n                    [5] => C\n                    [6] => 0\n                    [7] => 0\n                    [8] => 0\n                    [9] => 0\n                    [10] => 1\n                    [11] => C.1.NN\n                    [12] => no\n                    [13] => no\n                    [14] => no\n                    [15] => no\n                )\n\n            [1] => Array\n                (\n                    [0] => 8\n                    [1] => -1\n                    [2] => -1\n                    [3] => -1\n                    [4] => -1\n                    [5] => C\n                    [6] => 0\n                    [7] => 0\n                    [8] => 0\n                    [9] => 0\n                    [10] => 1\n                    [11] => C.1.NN\n                    [12] => no\n                    [13] => no\n                    [14] => no\n                    [15] => no\n                )\n\n        )\n\n)\n'),
('Array\n(\n    [0] => 1\n    [1] => 2\n    [2] => 3\n)\n'),
('Indices_Financieros'),
('0'),
('INSERT INTO indices_financieros VALUES (null, '''', 4, ''mm2'', ''0'', \n				''0'', ''0'', ''0'', ''0'', ''0'', 1);'),
('arrInf[6] = 2'),
('INSERT INTO formulas (`ID_FORMULA`, `CAMPO1`, `CAMPO2`, `CAMPO3`, `CAMPO4`, `CAMPO5`, `tipoc1`, `tipoc2`, \n					`tipoc3`, `tipoc4`, `tipoc5`, `FORMULA`, `CANTIDAD_CAMPOS`, `DECIMALES`, `cod1`, `cod2`, `cod3`, `cod4`, \n					`cod5`, `id_indice_financiero`, `num_formula`) values \n					(null, ''12'', ''-1'', ''-1'', ''-1'', ''-1'', ''1'', ''1'', ''1'', ''1'', ''1'', ''C1'', ''1'', ''0'', ''C.1.NN'', ''no'', ''no'', ''no'', ''no'', 26, 0 );'),
('INSERT INTO `empresa_indice`(`id_empresa`, `id_indice_financiero`, `num_formula`, `id_formula`) \n					SELECT id_empresa, 26, 0, 26 \n					FROM empresas;'),
('formula1 = Array\n(\n    [0] => 1\n    [1] => 1\n    [2] => NN\n)\n'),
('select distinct c.id_formula, a.id_empresa, a.id_periodo,\n					(select SUM(valor)\n							   from valores x, indices_financieros z, formulas w\n					   where w.id_formula = z.id_formula\n							 AND x.id_tag_agf = w.campo1\n							 AND z.id_indice_financiero = b.id_indice_financiero\n							 AND x.id_empresa = a.id_empresa\n							  AND x.id_periodo = a.id_periodo \n							 AND w.tipoc1 = 1\n					 AND x.tipo = ''TRIMESTRAL'' )		 				\n					   C1, 			                	\n					(select SUM(valor)\n							   from valores x, indices_financieros z, formulas w\n					   where w.id_formula = z.id_formula\n							 AND x.id_tag_agf = w.campo2\n							 AND z.id_indice_financiero = b.id_indice_financiero\n							 AND x.id_empresa = a.id_empresa\n							  AND x.id_periodo = a.id_periodo \n							 AND w.tipoc1 = 2\n					 AND x.tipo = ''TRIMESTRAL'' )\n					C2,\n							(select SUM(valor)\n							   from valores x, indices_financieros z, formulas w\n					   where w.id_formula = z.id_formula\n							 AND x.id_tag_agf = w.campo3\n							 AND z.id_indice_financiero = b.id_indice_financiero\n							 AND x.id_empresa = a.id_empresa\n							  AND x.id_periodo = a.id_periodo 									\n							 AND w.tipoc1 = 2\n					 AND x.tipo = ''TRIMESTRAL'' ) C3,\n							(select SUM(valor)\n							   from valores x, indices_financieros z, formulas w\n					   where w.id_formula = z.id_formula\n							 AND x.id_tag_agf = w.campo4\n							 AND z.id_indice_financiero = b.id_indice_financiero\n							 AND x.id_empresa = a.id_empresa\n							  AND x.id_periodo = a.id_periodo 									\n							 AND w.tipoc1 = 2\n					 AND x.tipo = ''TRIMESTRAL'' ) C4,\n							(select SUM(valor)\n							   from valores x, indices_financieros z, formulas w\n					   where w.id_formula = z.id_formula\n							 AND x.id_tag_agf = w.campo5\n							 AND z.id_indice_financiero = b.id_indice_financiero\n							 AND x.id_empresa = a.id_empresa\n							  AND x.id_periodo = a.id_periodo 									\n							 AND w.tipoc1 = 2\n					 AND x.tipo = ''TRIMESTRAL'' ) C5, concat(d.rso, '': '', b.nombre), label, formula, e.ano, e.mes, d.color\n						From valores a, indices_financieros b, formulas c, empresas d, periodos e\n						where c.id_indice_financiero = b.id_indice_financiero\n							AND a.id_empresa = d.id_empresa\n							AND a.id_periodo = e.id_periodo\n							AND c.id_formula = 26\n					AND a.tipo = ''TRIMESTRAL'';'),
('r3(C1) = 0'),
('operacion = (0)'),
('operacion = (0)'),
('res = 0'),
('INSERT INTO `valores`(`ID_VALOR`, `ID_TAG_AGF`, `ID_EMPRESA`, `ID_PERIODO`, `tipo`, `VALOR`, `DT_MODIFICACION`, `origen`) \n				VALUES (null,26,1,1,''TRIMESTRAL'',0,''2013'',2);'),
('r3(C1) = 0'),
('operacion = (0)'),
('operacion = (0)'),
('res = 0'),
('INSERT INTO `valores`(`ID_VALOR`, `ID_TAG_AGF`, `ID_EMPRESA`, `ID_PERIODO`, `tipo`, `VALOR`, `DT_MODIFICACION`, `origen`) \n				VALUES (null,26,1,2,''TRIMESTRAL'',0,''2013'',2);'),
('r3(C1) = 0'),
('operacion = (0)'),
('operacion = (0)'),
('res = 0'),
('INSERT INTO `valores`(`ID_VALOR`, `ID_TAG_AGF`, `ID_EMPRESA`, `ID_PERIODO`, `tipo`, `VALOR`, `DT_MODIFICACION`, `origen`) \n				VALUES (null,26,1,3,''TRIMESTRAL'',0,''2013'',2);'),
('r3(C1) = 0'),
('operacion = (0)'),
('operacion = (0)'),
('res = 0'),
('INSERT INTO `valores`(`ID_VALOR`, `ID_TAG_AGF`, `ID_EMPRESA`, `ID_PERIODO`, `tipo`, `VALOR`, `DT_MODIFICACION`, `origen`) \n				VALUES (null,26,1,4,''TRIMESTRAL'',0,''2013'',2);'),
('r3(C1) = 0'),
('operacion = (0)'),
('operacion = (0)'),
('res = 0'),
('INSERT INTO `valores`(`ID_VALOR`, `ID_TAG_AGF`, `ID_EMPRESA`, `ID_PERIODO`, `tipo`, `VALOR`, `DT_MODIFICACION`, `origen`) \n				VALUES (null,26,1,5,''TRIMESTRAL'',0,''2013'',2);'),
('r3(C1) = 0'),
('operacion = (0)'),
('operacion = (0)'),
('res = 0'),
('INSERT INTO `valores`(`ID_VALOR`, `ID_TAG_AGF`, `ID_EMPRESA`, `ID_PERIODO`, `tipo`, `VALOR`, `DT_MODIFICACION`, `origen`) \n				VALUES (null,26,1,6,''TRIMESTRAL'',0,''2013'',2);'),
('r3(C1) = 0'),
('operacion = (0)'),
('operacion = (0)'),
('res = 0'),
('INSERT INTO `valores`(`ID_VALOR`, `ID_TAG_AGF`, `ID_EMPRESA`, `ID_PERIODO`, `tipo`, `VALOR`, `DT_MODIFICACION`, `origen`) \n				VALUES (null,26,1,7,''TRIMESTRAL'',0,''2013'',2);'),
('r3(C1) = 0'),
('operacion = (0)'),
('operacion = (0)'),
('res = 0'),
('INSERT INTO `valores`(`ID_VALOR`, `ID_TAG_AGF`, `ID_EMPRESA`, `ID_PERIODO`, `tipo`, `VALOR`, `DT_MODIFICACION`, `origen`) \n				VALUES (null,26,1,8,''TRIMESTRAL'',0,''2013'',2);'),
('r3(C1) = 0'),
('operacion = (0)'),
('operacion = (0)'),
('res = 0'),
('INSERT INTO `valores`(`ID_VALOR`, `ID_TAG_AGF`, `ID_EMPRESA`, `ID_PERIODO`, `tipo`, `VALOR`, `DT_MODIFICACION`, `origen`) \n				VALUES (null,26,1,9,''TRIMESTRAL'',0,''2013'',2);'),
('r3(C1) = 0'),
('operacion = (0)'),
('operacion = (0)'),
('res = 0'),
('INSERT INTO `valores`(`ID_VALOR`, `ID_TAG_AGF`, `ID_EMPRESA`, `ID_PERIODO`, `tipo`, `VALOR`, `DT_MODIFICACION`, `origen`) \n				VALUES (null,26,1,10,''TRIMESTRAL'',0,''2013'',2);'),
('r3(C1) = 0'),
('operacion = (0)'),
('operacion = (0)'),
('res = 0'),
('INSERT INTO `valores`(`ID_VALOR`, `ID_TAG_AGF`, `ID_EMPRESA`, `ID_PERIODO`, `tipo`, `VALOR`, `DT_MODIFICACION`, `origen`) \n				VALUES (null,26,1,11,''TRIMESTRAL'',0,''2013'',2);'),
('r3(C1) = 0'),
('operacion = (0)'),
('operacion = (0)'),
('res = 0'),
('INSERT INTO `valores`(`ID_VALOR`, `ID_TAG_AGF`, `ID_EMPRESA`, `ID_PERIODO`, `tipo`, `VALOR`, `DT_MODIFICACION`, `origen`) \n				VALUES (null,26,1,12,''TRIMESTRAL'',0,''2013'',2);'),
('r3(C1) = 0'),
('operacion = (0)'),
('operacion = (0)'),
('res = 0'),
('INSERT INTO `valores`(`ID_VALOR`, `ID_TAG_AGF`, `ID_EMPRESA`, `ID_PERIODO`, `tipo`, `VALOR`, `DT_MODIFICACION`, `origen`) \n				VALUES (null,26,1,13,''TRIMESTRAL'',0,''2013'',2);'),
('r3(C1) = 0'),
('operacion = (0)'),
('operacion = (0)'),
('res = 0'),
('INSERT INTO `valores`(`ID_VALOR`, `ID_TAG_AGF`, `ID_EMPRESA`, `ID_PERIODO`, `tipo`, `VALOR`, `DT_MODIFICACION`, `origen`) \n				VALUES (null,26,1,14,''TRIMESTRAL'',0,''2013'',2);'),
('r3(C1) = 0'),
('operacion = (0)'),
('operacion = (0)'),
('res = 0'),
('INSERT INTO `valores`(`ID_VALOR`, `ID_TAG_AGF`, `ID_EMPRESA`, `ID_PERIODO`, `tipo`, `VALOR`, `DT_MODIFICACION`, `origen`) \n				VALUES (null,26,1,15,''TRIMESTRAL'',0,''2013'',2);'),
('r3(C1) = 0'),
('operacion = (0)'),
('operacion = (0)'),
('res = 0'),
('INSERT INTO `valores`(`ID_VALOR`, `ID_TAG_AGF`, `ID_EMPRESA`, `ID_PERIODO`, `tipo`, `VALOR`, `DT_MODIFICACION`, `origen`) \n				VALUES (null,26,1,16,''TRIMESTRAL'',0,''2013'',2);'),
('r3(C1) = 0'),
('operacion = (0)'),
('operacion = (0)'),
('res = 0'),
('INSERT INTO `valores`(`ID_VALOR`, `ID_TAG_AGF`, `ID_EMPRESA`, `ID_PERIODO`, `tipo`, `VALOR`, `DT_MODIFICACION`, `origen`) \n				VALUES (null,26,1,28,''TRIMESTRAL'',0,''2013'',2);'),
('r3(C1) = 0'),
('operacion = (0)'),
('operacion = (0)'),
('res = 0'),
('INSERT INTO `valores`(`ID_VALOR`, `ID_TAG_AGF`, `ID_EMPRESA`, `ID_PERIODO`, `tipo`, `VALOR`, `DT_MODIFICACION`, `origen`) \n				VALUES (null,26,2,1,''TRIMESTRAL'',0,''2013'',2);'),
('r3(C1) = 0'),
('operacion = (0)'),
('operacion = (0)'),
('res = 0'),
('INSERT INTO `valores`(`ID_VALOR`, `ID_TAG_AGF`, `ID_EMPRESA`, `ID_PERIODO`, `tipo`, `VALOR`, `DT_MODIFICACION`, `origen`) \n				VALUES (null,26,2,2,''TRIMESTRAL'',0,''2013'',2);'),
('r3(C1) = 0'),
('operacion = (0)'),
('operacion = (0)'),
('res = 0'),
('INSERT INTO `valores`(`ID_VALOR`, `ID_TAG_AGF`, `ID_EMPRESA`, `ID_PERIODO`, `tipo`, `VALOR`, `DT_MODIFICACION`, `origen`) \n				VALUES (null,26,2,3,''TRIMESTRAL'',0,''2013'',2);'),
('r3(C1) = 0'),
('operacion = (0)'),
('operacion = (0)'),
('res = 0'),
('INSERT INTO `valores`(`ID_VALOR`, `ID_TAG_AGF`, `ID_EMPRESA`, `ID_PERIODO`, `tipo`, `VALOR`, `DT_MODIFICACION`, `origen`) \n				VALUES (null,26,2,4,''TRIMESTRAL'',0,''2013'',2);'),
('r3(C1) = 0'),
('operacion = (0)'),
('operacion = (0)'),
('res = 0'),
('INSERT INTO `valores`(`ID_VALOR`, `ID_TAG_AGF`, `ID_EMPRESA`, `ID_PERIODO`, `tipo`, `VALOR`, `DT_MODIFICACION`, `origen`) \n				VALUES (null,26,2,5,''TRIMESTRAL'',0,''2013'',2);'),
('r3(C1) = 0'),
('operacion = (0)'),
('operacion = (0)'),
('res = 0'),
('INSERT INTO `valores`(`ID_VALOR`, `ID_TAG_AGF`, `ID_EMPRESA`, `ID_PERIODO`, `tipo`, `VALOR`, `DT_MODIFICACION`, `origen`) \n				VALUES (null,26,2,6,''TRIMESTRAL'',0,''2013'',2);'),
('r3(C1) = 0'),
('operacion = (0)'),
('operacion = (0)'),
('res = 0'),
('INSERT INTO `valores`(`ID_VALOR`, `ID_TAG_AGF`, `ID_EMPRESA`, `ID_PERIODO`, `tipo`, `VALOR`, `DT_MODIFICACION`, `origen`) \n				VALUES (null,26,2,7,''TRIMESTRAL'',0,''2013'',2);'),
('r3(C1) = 0'),
('operacion = (0)'),
('operacion = (0)'),
('res = 0'),
('INSERT INTO `valores`(`ID_VALOR`, `ID_TAG_AGF`, `ID_EMPRESA`, `ID_PERIODO`, `tipo`, `VALOR`, `DT_MODIFICACION`, `origen`) \n				VALUES (null,26,2,8,''TRIMESTRAL'',0,''2013'',2);'),
('r3(C1) = 0'),
('operacion = (0)'),
('operacion = (0)'),
('res = 0'),
('INSERT INTO `valores`(`ID_VALOR`, `ID_TAG_AGF`, `ID_EMPRESA`, `ID_PERIODO`, `tipo`, `VALOR`, `DT_MODIFICACION`, `origen`) \n				VALUES (null,26,2,9,''TRIMESTRAL'',0,''2013'',2);'),
('r3(C1) = 0'),
('operacion = (0)'),
('operacion = (0)'),
('res = 0'),
('INSERT INTO `valores`(`ID_VALOR`, `ID_TAG_AGF`, `ID_EMPRESA`, `ID_PERIODO`, `tipo`, `VALOR`, `DT_MODIFICACION`, `origen`) \n				VALUES (null,26,2,10,''TRIMESTRAL'',0,''2013'',2);'),
('r3(C1) = 0'),
('operacion = (0)'),
('operacion = (0)'),
('res = 0'),
('INSERT INTO `valores`(`ID_VALOR`, `ID_TAG_AGF`, `ID_EMPRESA`, `ID_PERIODO`, `tipo`, `VALOR`, `DT_MODIFICACION`, `origen`) \n				VALUES (null,26,2,11,''TRIMESTRAL'',0,''2013'',2);'),
('r3(C1) = 0'),
('operacion = (0)'),
('operacion = (0)'),
('res = 0'),
('INSERT INTO `valores`(`ID_VALOR`, `ID_TAG_AGF`, `ID_EMPRESA`, `ID_PERIODO`, `tipo`, `VALOR`, `DT_MODIFICACION`, `origen`) \n				VALUES (null,26,2,12,''TRIMESTRAL'',0,''2013'',2);'),
('r3(C1) = 0'),
('operacion = (0)'),
('operacion = (0)'),
('res = 0'),
('INSERT INTO `valores`(`ID_VALOR`, `ID_TAG_AGF`, `ID_EMPRESA`, `ID_PERIODO`, `tipo`, `VALOR`, `DT_MODIFICACION`, `origen`) \n				VALUES (null,26,2,13,''TRIMESTRAL'',0,''2013'',2);'),
('r3(C1) = 0'),
('operacion = (0)'),
('operacion = (0)'),
('res = 0'),
('INSERT INTO `valores`(`ID_VALOR`, `ID_TAG_AGF`, `ID_EMPRESA`, `ID_PERIODO`, `tipo`, `VALOR`, `DT_MODIFICACION`, `origen`) \n				VALUES (null,26,2,14,''TRIMESTRAL'',0,''2013'',2);'),
('r3(C1) = 0'),
('operacion = (0)'),
('operacion = (0)'),
('res = 0'),
('INSERT INTO `valores`(`ID_VALOR`, `ID_TAG_AGF`, `ID_EMPRESA`, `ID_PERIODO`, `tipo`, `VALOR`, `DT_MODIFICACION`, `origen`) \n				VALUES (null,26,2,15,''TRIMESTRAL'',0,''2013'',2);'),
('r3(C1) = 0'),
('operacion = (0)'),
('operacion = (0)'),
('res = 0'),
('INSERT INTO `valores`(`ID_VALOR`, `ID_TAG_AGF`, `ID_EMPRESA`, `ID_PERIODO`, `tipo`, `VALOR`, `DT_MODIFICACION`, `origen`) \n				VALUES (null,26,2,16,''TRIMESTRAL'',0,''2013'',2);'),
('r3(C1) = 0'),
('operacion = (0)'),
('operacion = (0)'),
('res = 0'),
('INSERT INTO `valores`(`ID_VALOR`, `ID_TAG_AGF`, `ID_EMPRESA`, `ID_PERIODO`, `tipo`, `VALOR`, `DT_MODIFICACION`, `origen`) \n				VALUES (null,26,2,28,''TRIMESTRAL'',0,''2013'',2);'),
('r3(C1) = 0'),
('operacion = (0)'),
('operacion = (0)'),
('res = 0'),
('INSERT INTO `valores`(`ID_VALOR`, `ID_TAG_AGF`, `ID_EMPRESA`, `ID_PERIODO`, `tipo`, `VALOR`, `DT_MODIFICACION`, `origen`) \n				VALUES (null,26,3,1,''TRIMESTRAL'',0,''2013'',2);'),
('r3(C1) = 0'),
('operacion = (0)'),
('operacion = (0)'),
('res = 0'),
('INSERT INTO `valores`(`ID_VALOR`, `ID_TAG_AGF`, `ID_EMPRESA`, `ID_PERIODO`, `tipo`, `VALOR`, `DT_MODIFICACION`, `origen`) \n				VALUES (null,26,3,2,''TRIMESTRAL'',0,''2013'',2);'),
('r3(C1) = 0'),
('operacion = (0)'),
('operacion = (0)'),
('res = 0'),
('INSERT INTO `valores`(`ID_VALOR`, `ID_TAG_AGF`, `ID_EMPRESA`, `ID_PERIODO`, `tipo`, `VALOR`, `DT_MODIFICACION`, `origen`) \n				VALUES (null,26,3,3,''TRIMESTRAL'',0,''2013'',2);'),
('r3(C1) = 0'),
('operacion = (0)'),
('operacion = (0)'),
('res = 0'),
('INSERT INTO `valores`(`ID_VALOR`, `ID_TAG_AGF`, `ID_EMPRESA`, `ID_PERIODO`, `tipo`, `VALOR`, `DT_MODIFICACION`, `origen`) \n				VALUES (null,26,3,4,''TRIMESTRAL'',0,''2013'',2);'),
('r3(C1) = 0'),
('operacion = (0)'),
('operacion = (0)'),
('res = 0'),
('INSERT INTO `valores`(`ID_VALOR`, `ID_TAG_AGF`, `ID_EMPRESA`, `ID_PERIODO`, `tipo`, `VALOR`, `DT_MODIFICACION`, `origen`) \n				VALUES (null,26,3,5,''TRIMESTRAL'',0,''2013'',2);'),
('r3(C1) = 0'),
('operacion = (0)'),
('operacion = (0)'),
('res = 0'),
('INSERT INTO `valores`(`ID_VALOR`, `ID_TAG_AGF`, `ID_EMPRESA`, `ID_PERIODO`, `tipo`, `VALOR`, `DT_MODIFICACION`, `origen`) \n				VALUES (null,26,3,6,''TRIMESTRAL'',0,''2013'',2);'),
('r3(C1) = 0'),
('operacion = (0)'),
('operacion = (0)'),
('res = 0'),
('INSERT INTO `valores`(`ID_VALOR`, `ID_TAG_AGF`, `ID_EMPRESA`, `ID_PERIODO`, `tipo`, `VALOR`, `DT_MODIFICACION`, `origen`) \n				VALUES (null,26,3,7,''TRIMESTRAL'',0,''2013'',2);'),
('r3(C1) = 0'),
('operacion = (0)'),
('operacion = (0)'),
('res = 0'),
('INSERT INTO `valores`(`ID_VALOR`, `ID_TAG_AGF`, `ID_EMPRESA`, `ID_PERIODO`, `tipo`, `VALOR`, `DT_MODIFICACION`, `origen`) \n				VALUES (null,26,3,8,''TRIMESTRAL'',0,''2013'',2);'),
('r3(C1) = 0'),
('operacion = (0)'),
('operacion = (0)'),
('res = 0'),
('INSERT INTO `valores`(`ID_VALOR`, `ID_TAG_AGF`, `ID_EMPRESA`, `ID_PERIODO`, `tipo`, `VALOR`, `DT_MODIFICACION`, `origen`) \n				VALUES (null,26,3,9,''TRIMESTRAL'',0,''2013'',2);'),
('r3(C1) = 0'),
('operacion = (0)'),
('operacion = (0)'),
('res = 0'),
('INSERT INTO `valores`(`ID_VALOR`, `ID_TAG_AGF`, `ID_EMPRESA`, `ID_PERIODO`, `tipo`, `VALOR`, `DT_MODIFICACION`, `origen`) \n				VALUES (null,26,3,10,''TRIMESTRAL'',0,''2013'',2);'),
('r3(C1) = 0'),
('operacion = (0)'),
('operacion = (0)'),
('res = 0'),
('INSERT INTO `valores`(`ID_VALOR`, `ID_TAG_AGF`, `ID_EMPRESA`, `ID_PERIODO`, `tipo`, `VALOR`, `DT_MODIFICACION`, `origen`) \n				VALUES (null,26,3,11,''TRIMESTRAL'',0,''2013'',2);'),
('r3(C1) = 0'),
('operacion = (0)'),
('operacion = (0)'),
('res = 0'),
('INSERT INTO `valores`(`ID_VALOR`, `ID_TAG_AGF`, `ID_EMPRESA`, `ID_PERIODO`, `tipo`, `VALOR`, `DT_MODIFICACION`, `origen`) \n				VALUES (null,26,3,12,''TRIMESTRAL'',0,''2013'',2);'),
('r3(C1) = 0'),
('operacion = (0)'),
('operacion = (0)'),
('res = 0'),
('INSERT INTO `valores`(`ID_VALOR`, `ID_TAG_AGF`, `ID_EMPRESA`, `ID_PERIODO`, `tipo`, `VALOR`, `DT_MODIFICACION`, `origen`) \n				VALUES (null,26,3,13,''TRIMESTRAL'',0,''2013'',2);'),
('r3(C1) = 0'),
('operacion = (0)'),
('operacion = (0)'),
('res = 0'),
('INSERT INTO `valores`(`ID_VALOR`, `ID_TAG_AGF`, `ID_EMPRESA`, `ID_PERIODO`, `tipo`, `VALOR`, `DT_MODIFICACION`, `origen`) \n				VALUES (null,26,3,14,''TRIMESTRAL'',0,''2013'',2);'),
('r3(C1) = 0'),
('operacion = (0)'),
('operacion = (0)'),
('res = 0'),
('INSERT INTO `valores`(`ID_VALOR`, `ID_TAG_AGF`, `ID_EMPRESA`, `ID_PERIODO`, `tipo`, `VALOR`, `DT_MODIFICACION`, `origen`) \n				VALUES (null,26,3,15,''TRIMESTRAL'',0,''2013'',2);'),
('r3(C1) = 0'),
('operacion = (0)'),
('operacion = (0)'),
('res = 0'),
('INSERT INTO `valores`(`ID_VALOR`, `ID_TAG_AGF`, `ID_EMPRESA`, `ID_PERIODO`, `tipo`, `VALOR`, `DT_MODIFICACION`, `origen`) \n				VALUES (null,26,3,16,''TRIMESTRAL'',0,''2013'',2);'),
('r3(C1) = 0'),
('operacion = (0)'),
('operacion = (0)'),
('res = 0'),
('INSERT INTO `valores`(`ID_VALOR`, `ID_TAG_AGF`, `ID_EMPRESA`, `ID_PERIODO`, `tipo`, `VALOR`, `DT_MODIFICACION`, `origen`) \n				VALUES (null,26,3,28,''TRIMESTRAL'',0,''2013'',2);'),
('r3(C1) = 0'),
('operacion = (0)'),
('operacion = (0)'),
('res = 0'),
('INSERT INTO `valores`(`ID_VALOR`, `ID_TAG_AGF`, `ID_EMPRESA`, `ID_PERIODO`, `tipo`, `VALOR`, `DT_MODIFICACION`, `origen`) \n				VALUES (null,26,1,29,''TRIMESTRAL'',0,''2013'',2);'),
('r3(C1) = 0'),
('operacion = (0)'),
('operacion = (0)'),
('res = 0'),
('INSERT INTO `valores`(`ID_VALOR`, `ID_TAG_AGF`, `ID_EMPRESA`, `ID_PERIODO`, `tipo`, `VALOR`, `DT_MODIFICACION`, `origen`) \n				VALUES (null,26,1,30,''TRIMESTRAL'',0,''2013'',2);'),
('r3(C1) = 0'),
('operacion = (0)'),
('operacion = (0)'),
('res = 0'),
('INSERT INTO `valores`(`ID_VALOR`, `ID_TAG_AGF`, `ID_EMPRESA`, `ID_PERIODO`, `tipo`, `VALOR`, `DT_MODIFICACION`, `origen`) \n				VALUES (null,26,1,31,''TRIMESTRAL'',0,''2013'',2);'),
('r3(C1) = 0'),
('operacion = (0)'),
('operacion = (0)'),
('res = 0'),
('INSERT INTO `valores`(`ID_VALOR`, `ID_TAG_AGF`, `ID_EMPRESA`, `ID_PERIODO`, `tipo`, `VALOR`, `DT_MODIFICACION`, `origen`) \n				VALUES (null,26,1,32,''TRIMESTRAL'',0,''2013'',2);'),
('r3(C1) = 0'),
('operacion = (0)'),
('operacion = (0)'),
('res = 0'),
('INSERT INTO `valores`(`ID_VALOR`, `ID_TAG_AGF`, `ID_EMPRESA`, `ID_PERIODO`, `tipo`, `VALOR`, `DT_MODIFICACION`, `origen`) \n				VALUES (null,26,1,33,''TRIMESTRAL'',0,''2013'',2);'),
('r3(C1) = 0'),
('operacion = (0)'),
('operacion = (0)'),
('res = 0'),
('INSERT INTO `valores`(`ID_VALOR`, `ID_TAG_AGF`, `ID_EMPRESA`, `ID_PERIODO`, `tipo`, `VALOR`, `DT_MODIFICACION`, `origen`) \n				VALUES (null,26,1,34,''TRIMESTRAL'',0,''2013'',2);'),
('r3(C1) = 0'),
('operacion = (0)'),
('operacion = (0)'),
('res = 0'),
('INSERT INTO `valores`(`ID_VALOR`, `ID_TAG_AGF`, `ID_EMPRESA`, `ID_PERIODO`, `tipo`, `VALOR`, `DT_MODIFICACION`, `origen`) \n				VALUES (null,26,1,35,''TRIMESTRAL'',0,''2013'',2);'),
('r3(C1) = 0'),
('operacion = (0)'),
('operacion = (0)'),
('res = 0'),
('INSERT INTO `valores`(`ID_VALOR`, `ID_TAG_AGF`, `ID_EMPRESA`, `ID_PERIODO`, `tipo`, `VALOR`, `DT_MODIFICACION`, `origen`) \n				VALUES (null,26,2,29,''TRIMESTRAL'',0,''2013'',2);'),
('r3(C1) = 0'),
('operacion = (0)'),
('operacion = (0)'),
('res = 0'),
('INSERT INTO `valores`(`ID_VALOR`, `ID_TAG_AGF`, `ID_EMPRESA`, `ID_PERIODO`, `tipo`, `VALOR`, `DT_MODIFICACION`, `origen`) \n				VALUES (null,26,2,30,''TRIMESTRAL'',0,''2013'',2);'),
('r3(C1) = 0'),
('operacion = (0)'),
('operacion = (0)'),
('res = 0'),
('INSERT INTO `valores`(`ID_VALOR`, `ID_TAG_AGF`, `ID_EMPRESA`, `ID_PERIODO`, `tipo`, `VALOR`, `DT_MODIFICACION`, `origen`) \n				VALUES (null,26,2,31,''TRIMESTRAL'',0,''2013'',2);'),
('r3(C1) = 0'),
('operacion = (0)'),
('operacion = (0)'),
('res = 0'),
('INSERT INTO `valores`(`ID_VALOR`, `ID_TAG_AGF`, `ID_EMPRESA`, `ID_PERIODO`, `tipo`, `VALOR`, `DT_MODIFICACION`, `origen`) \n				VALUES (null,26,2,32,''TRIMESTRAL'',0,''2013'',2);'),
('r3(C1) = 0'),
('operacion = (0)'),
('operacion = (0)'),
('res = 0'),
('INSERT INTO `valores`(`ID_VALOR`, `ID_TAG_AGF`, `ID_EMPRESA`, `ID_PERIODO`, `tipo`, `VALOR`, `DT_MODIFICACION`, `origen`) \n				VALUES (null,26,2,33,''TRIMESTRAL'',0,''2013'',2);'),
('r3(C1) = 0'),
('operacion = (0)'),
('operacion = (0)'),
('res = 0'),
('INSERT INTO `valores`(`ID_VALOR`, `ID_TAG_AGF`, `ID_EMPRESA`, `ID_PERIODO`, `tipo`, `VALOR`, `DT_MODIFICACION`, `origen`) \n				VALUES (null,26,2,34,''TRIMESTRAL'',0,''2013'',2);'),
('r3(C1) = 0'),
('operacion = (0)'),
('operacion = (0)'),
('res = 0'),
('INSERT INTO `valores`(`ID_VALOR`, `ID_TAG_AGF`, `ID_EMPRESA`, `ID_PERIODO`, `tipo`, `VALOR`, `DT_MODIFICACION`, `origen`) \n				VALUES (null,26,2,35,''TRIMESTRAL'',0,''2013'',2);'),
('r3(C1) = 0'),
('operacion = (0)'),
('operacion = (0)'),
('res = 0'),
('INSERT INTO `valores`(`ID_VALOR`, `ID_TAG_AGF`, `ID_EMPRESA`, `ID_PERIODO`, `tipo`, `VALOR`, `DT_MODIFICACION`, `origen`) \n				VALUES (null,26,3,29,''TRIMESTRAL'',0,''2013'',2);'),
('r3(C1) = 0'),
('operacion = (0)'),
('operacion = (0)'),
('res = 0'),
('INSERT INTO `valores`(`ID_VALOR`, `ID_TAG_AGF`, `ID_EMPRESA`, `ID_PERIODO`, `tipo`, `VALOR`, `DT_MODIFICACION`, `origen`) \n				VALUES (null,26,3,30,''TRIMESTRAL'',0,''2013'',2);'),
('r3(C1) = 0'),
('operacion = (0)'),
('operacion = (0)'),
('res = 0'),
('INSERT INTO `valores`(`ID_VALOR`, `ID_TAG_AGF`, `ID_EMPRESA`, `ID_PERIODO`, `tipo`, `VALOR`, `DT_MODIFICACION`, `origen`) \n				VALUES (null,26,3,31,''TRIMESTRAL'',0,''2013'',2);'),
('r3(C1) = 0'),
('operacion = (0)'),
('operacion = (0)'),
('res = 0'),
('INSERT INTO `valores`(`ID_VALOR`, `ID_TAG_AGF`, `ID_EMPRESA`, `ID_PERIODO`, `tipo`, `VALOR`, `DT_MODIFICACION`, `origen`) \n				VALUES (null,26,3,32,''TRIMESTRAL'',0,''2013'',2);'),
('r3(C1) = 0'),
('operacion = (0)'),
('operacion = (0)'),
('res = 0'),
('INSERT INTO `valores`(`ID_VALOR`, `ID_TAG_AGF`, `ID_EMPRESA`, `ID_PERIODO`, `tipo`, `VALOR`, `DT_MODIFICACION`, `origen`) \n				VALUES (null,26,3,33,''TRIMESTRAL'',0,''2013'',2);'),
('r3(C1) = 0'),
('operacion = (0)'),
('operacion = (0)'),
('res = 0'),
('INSERT INTO `valores`(`ID_VALOR`, `ID_TAG_AGF`, `ID_EMPRESA`, `ID_PERIODO`, `tipo`, `VALOR`, `DT_MODIFICACION`, `origen`) \n				VALUES (null,26,3,34,''TRIMESTRAL'',0,''2013'',2);'),
('r3(C1) = 0'),
('operacion = (0)'),
('operacion = (0)'),
('res = 0'),
('INSERT INTO `valores`(`ID_VALOR`, `ID_TAG_AGF`, `ID_EMPRESA`, `ID_PERIODO`, `tipo`, `VALOR`, `DT_MODIFICACION`, `origen`) \n				VALUES (null,26,3,35,''TRIMESTRAL'',0,''2013'',2);'),
('INSERT INTO indice_empresa values (''26'', ''1'', ''0'');'),
('INSERT INTO indice_empresa values (''26'', ''2'', ''0'');'),
('INSERT INTO indice_empresa values (''26'', ''3'', ''0'');'),
('UPDATE indices_financieros \n				SET `id_formula` =  26\n				WHERE id_indice_financiero = 26;'),
('SELECT a.id_indice_financiero, a.nombre, c.id_empresa, c.RSO, 0, ID_GRUPO_INDICE_FINANCIERO\n				FROM indices_financieros a inner join \n					 indice_empresa b on id_indice_financiero = id_indice inner join \n					 empresas c on b.id_empresa = c.id_empresa\n				WHERE b.tipo = 0					\n				UNION\n				SELECT a.id_indice_financiero, a.nombre, c.id_subgrupo, c.nombre, 1,ID_GRUPO_INDICE_FINANCIERO\n				FROM indices_financieros a inner join \n					 indice_empresa b on a.id_indice_financiero = b.id_indice inner join \n					 subgrupos c on b.id_empresa = c.id_subgrupo\n				WHERE b.tipo <> 0\n				ORDER BY 1;'),
('78'),
('SELECT a.id_indice_financiero, a.nombre, c.id_empresa, c.RSO, 0, ID_GRUPO_INDICE_FINANCIERO\n				FROM indices_financieros a inner join \n					 indice_empresa b on id_indice_financiero = id_indice inner join \n					 empresas c on b.id_empresa = c.id_empresa\n				WHERE b.tipo = 0					\n				UNION\n				SELECT a.id_indice_financiero, a.nombre, c.id_subgrupo, c.nombre, 1,ID_GRUPO_INDICE_FINANCIERO\n				FROM indices_financieros a inner join \n					 indice_empresa b on a.id_indice_financiero = b.id_indice inner join \n					 subgrupos c on b.id_empresa = c.id_subgrupo\n				WHERE b.tipo <> 0\n				ORDER BY 1;'),
('78'),
('SELECT a.ID_INDICE_FINANCIERO,a.id_formula,NOMBRE, DESCRIPCION, formula, decimales, ID_GRUPO_INDICE_FINANCIERO, formula_desc, rango_superior, rango_inferior,rangos_desc,\n							campo1, campo2, campo3, campo4, campo5\n	                	                    FROM indices_financieros a, formulas b\n	                	                    WHERE a.id_formula = b.id_formula'),
('SELECT a.ID_INDICE_FINANCIERO,a.id_formula,NOMBRE, DESCRIPCION, formula, decimales, ID_GRUPO_INDICE_FINANCIERO, formula_desc, rango_superior, rango_inferior,rangos_desc,\n							campo1, campo2, campo3, campo4, campo5\n	                	                    FROM indices_financieros a, formulas b\n	                	                    WHERE a.id_formula = b.id_formula'),
('SELECT a.ID_INDICE_FINANCIERO,a.id_formula,NOMBRE, DESCRIPCION, formula, decimales, ID_GRUPO_INDICE_FINANCIERO, formula_desc, rango_superior, rango_inferior,rangos_desc,\n							campo1, campo2, campo3, campo4, campo5\n	                	                    FROM indices_financieros a, formulas b\n	                	                    WHERE a.id_formula = b.id_formula'),
('SELECT a.id_indice_financiero, a.nombre, c.id_empresa, c.RSO, 0, ID_GRUPO_INDICE_FINANCIERO\n				FROM indices_financieros a inner join \n					 indice_empresa b on id_indice_financiero = id_indice inner join \n					 empresas c on b.id_empresa = c.id_empresa\n				WHERE b.tipo = 0					\n				UNION\n				SELECT a.id_indice_financiero, a.nombre, c.id_subgrupo, c.nombre, 1,ID_GRUPO_INDICE_FINANCIERO\n				FROM indices_financieros a inner join \n					 indice_empresa b on a.id_indice_financiero = b.id_indice inner join \n					 subgrupos c on b.id_empresa = c.id_subgrupo\n				WHERE b.tipo <> 0\n				ORDER BY 1;'),
('78'),
('SELECT a.id_indice_financiero, a.nombre, c.id_empresa, c.RSO, 0, ID_GRUPO_INDICE_FINANCIERO\n				FROM indices_financieros a inner join \n					 indice_empresa b on id_indice_financiero = id_indice inner join \n					 empresas c on b.id_empresa = c.id_empresa\n				WHERE b.tipo = 0					\n				UNION\n				SELECT a.id_indice_financiero, a.nombre, c.id_subgrupo, c.nombre, 1,ID_GRUPO_INDICE_FINANCIERO\n				FROM indices_financieros a inner join \n					 indice_empresa b on a.id_indice_financiero = b.id_indice inner join \n					 subgrupos c on b.id_empresa = c.id_subgrupo\n				WHERE b.tipo <> 0\n				ORDER BY 1;'),
('78'),
('SELECT a.ID_INDICE_FINANCIERO,a.id_formula,NOMBRE, DESCRIPCION, formula, decimales, ID_GRUPO_INDICE_FINANCIERO, formula_desc, rango_superior, rango_inferior,rangos_desc,\n							campo1, campo2, campo3, campo4, campo5\n	                	                    FROM indices_financieros a, formulas b\n	                	                    WHERE a.id_formula = b.id_formula'),
('SELECT a.ID_INDICE_FINANCIERO,a.id_formula,NOMBRE, DESCRIPCION, formula, decimales, ID_GRUPO_INDICE_FINANCIERO, formula_desc, rango_superior, rango_inferior,rangos_desc,\n							campo1, campo2, campo3, campo4, campo5\n	                	                    FROM indices_financieros a, formulas b\n	                	                    WHERE a.id_formula = b.id_formula'),
('SELECT a.ID_INDICE_FINANCIERO,a.id_formula,NOMBRE, DESCRIPCION, formula, decimales, ID_GRUPO_INDICE_FINANCIERO, formula_desc, rango_superior, rango_inferior,rangos_desc,\n							campo1, campo2, campo3, campo4, campo5\n	                	                    FROM indices_financieros a, formulas b\n	                	                    WHERE a.id_formula = b.id_formula'),
('SELECT a.id_indice_financiero, a.nombre, c.id_empresa, c.RSO, 0, ID_GRUPO_INDICE_FINANCIERO\n				FROM indices_financieros a inner join \n					 indice_empresa b on id_indice_financiero = id_indice inner join \n					 empresas c on b.id_empresa = c.id_empresa\n				WHERE b.tipo = 0					\n				UNION\n				SELECT a.id_indice_financiero, a.nombre, c.id_subgrupo, c.nombre, 1,ID_GRUPO_INDICE_FINANCIERO\n				FROM indices_financieros a inner join \n					 indice_empresa b on a.id_indice_financiero = b.id_indice inner join \n					 subgrupos c on b.id_empresa = c.id_subgrupo\n				WHERE b.tipo <> 0\n				ORDER BY 1;'),
('78'),
('SELECT a.id_indice_financiero, a.nombre, c.id_empresa, c.RSO, 0, ID_GRUPO_INDICE_FINANCIERO\n				FROM indices_financieros a inner join \n					 indice_empresa b on id_indice_financiero = id_indice inner join \n					 empresas c on b.id_empresa = c.id_empresa\n				WHERE b.tipo = 0					\n				UNION\n				SELECT a.id_indice_financiero, a.nombre, c.id_subgrupo, c.nombre, 1,ID_GRUPO_INDICE_FINANCIERO\n				FROM indices_financieros a inner join \n					 indice_empresa b on a.id_indice_financiero = b.id_indice inner join \n					 subgrupos c on b.id_empresa = c.id_subgrupo\n				WHERE b.tipo <> 0\n				ORDER BY 1;'),
('78'),
('SELECT a.ID_INDICE_FINANCIERO,a.id_formula,NOMBRE, DESCRIPCION, formula, decimales, ID_GRUPO_INDICE_FINANCIERO, formula_desc, rango_superior, rango_inferior,rangos_desc,\n							campo1, campo2, campo3, campo4, campo5\n	                	                    FROM indices_financieros a, formulas b\n	                	                    WHERE a.id_formula = b.id_formula'),
('SELECT a.id_indice_financiero, a.nombre, c.id_empresa, c.RSO, 0, ID_GRUPO_INDICE_FINANCIERO\n				FROM indices_financieros a inner join \n					 indice_empresa b on id_indice_financiero = id_indice inner join \n					 empresas c on b.id_empresa = c.id_empresa\n				WHERE b.tipo = 0					\n				UNION\n				SELECT a.id_indice_financiero, a.nombre, c.id_subgrupo, c.nombre, 1,ID_GRUPO_INDICE_FINANCIERO\n				FROM indices_financieros a inner join \n					 indice_empresa b on a.id_indice_financiero = b.id_indice inner join \n					 subgrupos c on b.id_empresa = c.id_subgrupo\n				WHERE b.tipo <> 0\n				ORDER BY 1;'),
('78'),
('SELECT a.id_indice_financiero, a.nombre, c.id_empresa, c.RSO, 0, ID_GRUPO_INDICE_FINANCIERO\n				FROM indices_financieros a inner join \n					 indice_empresa b on id_indice_financiero = id_indice inner join \n					 empresas c on b.id_empresa = c.id_empresa\n				WHERE b.tipo = 0					\n				UNION\n				SELECT a.id_indice_financiero, a.nombre, c.id_subgrupo, c.nombre, 1,ID_GRUPO_INDICE_FINANCIERO\n				FROM indices_financieros a inner join \n					 indice_empresa b on a.id_indice_financiero = b.id_indice inner join \n					 subgrupos c on b.id_empresa = c.id_subgrupo\n				WHERE b.tipo <> 0\n				ORDER BY 1;'),
('78'),
('SELECT a.ID_INDICE_FINANCIERO,a.id_formula,NOMBRE, DESCRIPCION, formula, decimales, ID_GRUPO_INDICE_FINANCIERO, formula_desc, rango_superior, rango_inferior,rangos_desc,\n							campo1, campo2, campo3, campo4, campo5\n	                	                    FROM indices_financieros a, formulas b\n	                	                    WHERE a.id_formula = b.id_formula'),
('SELECT a.id_indice_financiero, a.nombre, c.id_empresa, c.RSO, 0, ID_GRUPO_INDICE_FINANCIERO\n				FROM indices_financieros a inner join \n					 indice_empresa b on id_indice_financiero = id_indice inner join \n					 empresas c on b.id_empresa = c.id_empresa\n				WHERE b.tipo = 0					\n				UNION\n				SELECT a.id_indice_financiero, a.nombre, c.id_subgrupo, c.nombre, 1,ID_GRUPO_INDICE_FINANCIERO\n				FROM indices_financieros a inner join \n					 indice_empresa b on a.id_indice_financiero = b.id_indice inner join \n					 subgrupos c on b.id_empresa = c.id_subgrupo\n				WHERE b.tipo <> 0\n				ORDER BY 1;'),
('78'),
('SELECT a.id_indice_financiero, a.nombre, c.id_empresa, c.RSO, 0, ID_GRUPO_INDICE_FINANCIERO\n				FROM indices_financieros a inner join \n					 indice_empresa b on id_indice_financiero = id_indice inner join \n					 empresas c on b.id_empresa = c.id_empresa\n				WHERE b.tipo = 0					\n				UNION\n				SELECT a.id_indice_financiero, a.nombre, c.id_subgrupo, c.nombre, 1,ID_GRUPO_INDICE_FINANCIERO\n				FROM indices_financieros a inner join \n					 indice_empresa b on a.id_indice_financiero = b.id_indice inner join \n					 subgrupos c on b.id_empresa = c.id_subgrupo\n				WHERE b.tipo <> 0\n				ORDER BY 1;'),
('78'),
('SELECT a.ID_INDICE_FINANCIERO,a.id_formula,NOMBRE, DESCRIPCION, formula, decimales, ID_GRUPO_INDICE_FINANCIERO, formula_desc, rango_superior, rango_inferior,rangos_desc,\n							campo1, campo2, campo3, campo4, campo5\n	                	                    FROM indices_financieros a, formulas b\n	                	                    WHERE a.id_formula = b.id_formula'),
('SELECT a.id_indice_financiero, a.nombre, c.id_empresa, c.RSO, 0, ID_GRUPO_INDICE_FINANCIERO\n				FROM indices_financieros a inner join \n					 indice_empresa b on id_indice_financiero = id_indice inner join \n					 empresas c on b.id_empresa = c.id_empresa\n				WHERE b.tipo = 0					\n				UNION\n				SELECT a.id_indice_financiero, a.nombre, c.id_subgrupo, c.nombre, 1,ID_GRUPO_INDICE_FINANCIERO\n				FROM indices_financieros a inner join \n					 indice_empresa b on a.id_indice_financiero = b.id_indice inner join \n					 subgrupos c on b.id_empresa = c.id_subgrupo\n				WHERE b.tipo <> 0\n				ORDER BY 1;'),
('78'),
('SELECT a.id_indice_financiero, a.nombre, c.id_empresa, c.RSO, 0, ID_GRUPO_INDICE_FINANCIERO\n				FROM indices_financieros a inner join \n					 indice_empresa b on id_indice_financiero = id_indice inner join \n					 empresas c on b.id_empresa = c.id_empresa\n				WHERE b.tipo = 0					\n				UNION\n				SELECT a.id_indice_financiero, a.nombre, c.id_subgrupo, c.nombre, 1,ID_GRUPO_INDICE_FINANCIERO\n				FROM indices_financieros a inner join \n					 indice_empresa b on a.id_indice_financiero = b.id_indice inner join \n					 subgrupos c on b.id_empresa = c.id_subgrupo\n				WHERE b.tipo <> 0\n				ORDER BY 1;'),
('78'),
('SELECT a.ID_INDICE_FINANCIERO,a.id_formula,NOMBRE, DESCRIPCION, formula, decimales, ID_GRUPO_INDICE_FINANCIERO, formula_desc, rango_superior, rango_inferior,rangos_desc,\n							campo1, campo2, campo3, campo4, campo5\n	                	                    FROM indices_financieros a, formulas b\n	                	                    WHERE a.id_formula = b.id_formula'),
('SELECT a.id_indice_financiero, a.nombre, c.id_empresa, c.RSO, 0, ID_GRUPO_INDICE_FINANCIERO\n				FROM indices_financieros a inner join \n					 indice_empresa b on id_indice_financiero = id_indice inner join \n					 empresas c on b.id_empresa = c.id_empresa\n				WHERE b.tipo = 0					\n				UNION\n				SELECT a.id_indice_financiero, a.nombre, c.id_subgrupo, c.nombre, 1,ID_GRUPO_INDICE_FINANCIERO\n				FROM indices_financieros a inner join \n					 indice_empresa b on a.id_indice_financiero = b.id_indice inner join \n					 subgrupos c on b.id_empresa = c.id_subgrupo\n				WHERE b.tipo <> 0\n				ORDER BY 1;'),
('78'),
('SELECT a.id_indice_financiero, a.nombre, c.id_empresa, c.RSO, 0, ID_GRUPO_INDICE_FINANCIERO\n				FROM indices_financieros a inner join \n					 indice_empresa b on id_indice_financiero = id_indice inner join \n					 empresas c on b.id_empresa = c.id_empresa\n				WHERE b.tipo = 0					\n				UNION\n				SELECT a.id_indice_financiero, a.nombre, c.id_subgrupo, c.nombre, 1,ID_GRUPO_INDICE_FINANCIERO\n				FROM indices_financieros a inner join \n					 indice_empresa b on a.id_indice_financiero = b.id_indice inner join \n					 subgrupos c on b.id_empresa = c.id_subgrupo\n				WHERE b.tipo <> 0\n				ORDER BY 1;'),
('78'),
('SELECT a.ID_INDICE_FINANCIERO,a.id_formula,NOMBRE, DESCRIPCION, formula, decimales, ID_GRUPO_INDICE_FINANCIERO, formula_desc, rango_superior, rango_inferior,rangos_desc,\n							campo1, campo2, campo3, campo4, campo5\n	                	                    FROM indices_financieros a, formulas b\n	                	                    WHERE a.id_formula = b.id_formula'),
('SELECT a.id_indice_financiero, a.nombre, c.id_empresa, c.RSO, 0, ID_GRUPO_INDICE_FINANCIERO\n				FROM indices_financieros a inner join \n					 indice_empresa b on id_indice_financiero = id_indice inner join \n					 empresas c on b.id_empresa = c.id_empresa\n				WHERE b.tipo = 0					\n				UNION\n				SELECT a.id_indice_financiero, a.nombre, c.id_subgrupo, c.nombre, 1,ID_GRUPO_INDICE_FINANCIERO\n				FROM indices_financieros a inner join \n					 indice_empresa b on a.id_indice_financiero = b.id_indice inner join \n					 subgrupos c on b.id_empresa = c.id_subgrupo\n				WHERE b.tipo <> 0\n				ORDER BY 1;'),
('78'),
('SELECT a.id_indice_financiero, a.nombre, c.id_empresa, c.RSO, 0, ID_GRUPO_INDICE_FINANCIERO\n				FROM indices_financieros a inner join \n					 indice_empresa b on id_indice_financiero = id_indice inner join \n					 empresas c on b.id_empresa = c.id_empresa\n				WHERE b.tipo = 0					\n				UNION\n				SELECT a.id_indice_financiero, a.nombre, c.id_subgrupo, c.nombre, 1,ID_GRUPO_INDICE_FINANCIERO\n				FROM indices_financieros a inner join \n					 indice_empresa b on a.id_indice_financiero = b.id_indice inner join \n					 subgrupos c on b.id_empresa = c.id_subgrupo\n				WHERE b.tipo <> 0\n				ORDER BY 1;'),
('78'),
('SELECT a.ID_INDICE_FINANCIERO,a.id_formula,NOMBRE, DESCRIPCION, formula, decimales, ID_GRUPO_INDICE_FINANCIERO, formula_desc, rango_superior, rango_inferior,rangos_desc,\n							campo1, campo2, campo3, campo4, campo5\n	                	                    FROM indices_financieros a, formulas b\n	                	                    WHERE a.id_formula = b.id_formula');

-- --------------------------------------------------------

--
-- Estructura de tabla para la tabla `log_ingreso_tag`
--

CREATE TABLE IF NOT EXISTS `log_ingreso_tag` (
  `ID_LOG_INGRESO_TAG` int(18) NOT NULL,
  `ID_LOG_REGISTRO` int(18) DEFAULT NULL,
  `EMPRESA` varchar(300) COLLATE utf8_spanish2_ci DEFAULT NULL,
  `PERIODO` varchar(50) COLLATE utf8_spanish2_ci DEFAULT NULL,
  `ID_TAG_AGF` int(18) DEFAULT NULL,
  `TAG_AGF` varchar(300) COLLATE utf8_spanish2_ci DEFAULT NULL,
  `ID_TAG_XBRL` int(18) DEFAULT NULL,
  `TAG_XBRL` varchar(300) COLLATE utf8_spanish2_ci DEFAULT NULL,
  `ORIGEN` varchar(50) COLLATE utf8_spanish2_ci DEFAULT NULL,
  `VALOR` float(18,4) DEFAULT NULL,
  `OUTPUT` varchar(300) COLLATE utf8_spanish2_ci DEFAULT NULL,
  `DT_OUTPUT` datetime DEFAULT NULL
) ENGINE=InnoDB DEFAULT CHARSET=utf8 COLLATE=utf8_spanish2_ci;

-- --------------------------------------------------------

--
-- Estructura de tabla para la tabla `log_proceso`
--

CREATE TABLE IF NOT EXISTS `log_proceso` (
  `ID_LOG_PROCESO` int(18) NOT NULL,
  `PROCESO` varchar(300) COLLATE utf8_spanish2_ci DEFAULT NULL,
  `DT_INICIO` datetime DEFAULT NULL,
  `DT_FIN` datetime DEFAULT NULL,
  `ESTADO` varchar(300) COLLATE utf8_spanish2_ci DEFAULT NULL
) ENGINE=InnoDB DEFAULT CHARSET=utf8 COLLATE=utf8_spanish2_ci;

-- --------------------------------------------------------

--
-- Estructura de tabla para la tabla `log_registro`
--

CREATE TABLE IF NOT EXISTS `log_registro` (
  `ID_LOG_REGISTRO` int(18) NOT NULL,
  `ID_LOG_PROCESO` int(18) NOT NULL,
  `DT_IN` datetime DEFAULT NULL,
  `DT_OUT` datetime DEFAULT NULL,
  `INPUT` varchar(300) COLLATE utf8_spanish2_ci DEFAULT NULL,
  `EMPRESA` varchar(300) COLLATE utf8_spanish2_ci DEFAULT NULL,
  `PERIODO` varchar(10) COLLATE utf8_spanish2_ci DEFAULT NULL,
  `OUTPUT` varchar(300) COLLATE utf8_spanish2_ci DEFAULT NULL
) ENGINE=InnoDB DEFAULT CHARSET=utf8 COLLATE=utf8_spanish2_ci;

-- --------------------------------------------------------

--
-- Estructura de tabla para la tabla `masivo`
--

CREATE TABLE IF NOT EXISTS `masivo` (
  `id` int(11) NOT NULL AUTO_INCREMENT,
  `id_indice` int(11) NOT NULL,
  `id_tag_agf` int(11) NOT NULL,
  `id_formula` int(11) NOT NULL,
  PRIMARY KEY (`id`)
) ENGINE=InnoDB DEFAULT CHARSET=utf8 COLLATE=utf8_spanish2_ci AUTO_INCREMENT=1 ;

-- --------------------------------------------------------

--
-- Estructura de tabla para la tabla `monedas`
--

CREATE TABLE IF NOT EXISTS `monedas` (
  `id` int(11) NOT NULL AUTO_INCREMENT,
  `nombre` varchar(64) COLLATE utf8_spanish2_ci DEFAULT NULL,
  `codigo` varchar(10) COLLATE utf8_spanish2_ci DEFAULT NULL,
  `valor_defecto` float(18,2) DEFAULT NULL,
  `operacion` varchar(10) COLLATE utf8_spanish2_ci DEFAULT NULL,
  `signo` varchar(5) COLLATE utf8_spanish2_ci DEFAULT NULL,
  `cantidad_decimal` int(11) DEFAULT NULL,
  PRIMARY KEY (`id`)
) ENGINE=InnoDB DEFAULT CHARSET=utf8 COLLATE=utf8_spanish2_ci AUTO_INCREMENT=1 ;

-- --------------------------------------------------------

--
-- Estructura de tabla para la tabla `perfiles`
--

CREATE TABLE IF NOT EXISTS `perfiles` (
  `ID_PERFIL` int(11) NOT NULL,
  `NOMBRE` varchar(50) COLLATE utf8_spanish2_ci DEFAULT NULL,
  `OA` bit(1) DEFAULT NULL
) ENGINE=InnoDB DEFAULT CHARSET=utf8 COLLATE=utf8_spanish2_ci;

-- --------------------------------------------------------

--
-- Estructura de tabla para la tabla `periodos`
--

CREATE TABLE IF NOT EXISTS `periodos` (
  `ID_PERIODO` int(18) NOT NULL AUTO_INCREMENT,
  `label` varchar(7) COLLATE utf8_spanish2_ci NOT NULL,
  `ANO` int(11) DEFAULT NULL,
  `MES` int(11) DEFAULT NULL,
  `OA` bit(1) DEFAULT NULL,
  `orden` int(11) NOT NULL,
  `mask` varchar(4) COLLATE utf8_spanish2_ci NOT NULL,
  PRIMARY KEY (`ID_PERIODO`)
) ENGINE=InnoDB  DEFAULT CHARSET=utf8 COLLATE=utf8_spanish2_ci AUTO_INCREMENT=36 ;

--
-- Volcado de datos para la tabla `periodos`
--

INSERT INTO `periodos` (`ID_PERIODO`, `label`, `ANO`, `MES`, `OA`, `orden`, `mask`) VALUES
(1, '3/2010', 2010, 3, b'1', 5, '1Q10'),
(2, '6/2010', 2010, 6, b'1', 6, '2Q10'),
(3, '9/2010', 2010, 9, b'1', 7, '3Q10'),
(4, '12/2010', 2010, 12, b'1', 8, '4Q10'),
(5, '3/2011', 2011, 3, b'1', 9, '1Q11'),
(6, '6/2011', 2011, 6, b'1', 10, '2Q11'),
(7, '9/2011', 2011, 9, b'1', 11, '3Q11'),
(8, '12/2011', 2011, 12, b'1', 12, '4Q11'),
(9, '3/2012', 2012, 3, b'1', 13, '1Q12'),
(10, '6/2012', 2012, 6, b'1', 14, '2Q12'),
(11, '9/2012', 2012, 9, b'1', 15, '3Q12'),
(12, '12/2012', 2012, 12, b'1', 16, '4Q12'),
(13, '3/2009', 2009, 3, b'1', 1, '1Q09'),
(14, '6/2009', 2009, 6, b'1', 2, '2Q09'),
(15, '9/2009', 2009, 9, b'1', 3, '3Q09'),
(16, '12/2009', 2009, 12, b'1', 4, '4Q09'),
(28, '3/2013', 2013, 3, b'1', 17, '1Q13'),
(29, '6/2013', 2013, 6, b'1', 18, '2Q13'),
(30, '9/2013', 2013, 9, b'1', 19, '3Q13'),
(31, '12/2013', 2013, 12, b'1', 20, '4Q13'),
(32, '03/2014', 2014, 3, b'1', 21, '1Q14'),
(33, '06/2014', 2014, 6, b'1', 22, '2Q14'),
(34, '09/2014', 2014, 9, b'1', 23, '3Q14'),
(35, '12/2014', 2014, 12, b'1', 24, '4Q14');

-- --------------------------------------------------------

--
-- Estructura de tabla para la tabla `subgrupos`
--

CREATE TABLE IF NOT EXISTS `subgrupos` (
  `ID_SUBGRUPO` int(18) NOT NULL AUTO_INCREMENT,
  `NOMBRE` varchar(50) COLLATE utf8_spanish2_ci DEFAULT NULL,
  `DESCRIPCION` varchar(255) COLLATE utf8_spanish2_ci DEFAULT NULL,
  PRIMARY KEY (`ID_SUBGRUPO`)
) ENGINE=InnoDB  DEFAULT CHARSET=utf8 COLLATE=utf8_spanish2_ci AUTO_INCREMENT=2 ;

--
-- Volcado de datos para la tabla `subgrupos`
--

INSERT INTO `subgrupos` (`ID_SUBGRUPO`, `NOMBRE`, `DESCRIPCION`) VALUES
(1, 'DEMO', '0');

-- --------------------------------------------------------

--
-- Estructura de tabla para la tabla `subgrupos_empresas`
--

CREATE TABLE IF NOT EXISTS `subgrupos_empresas` (
  `ID_SUBGRUPO` int(18) NOT NULL,
  `ID_EMPRESA` int(18) NOT NULL
) ENGINE=InnoDB DEFAULT CHARSET=utf8 COLLATE=utf8_spanish2_ci;

--
-- Volcado de datos para la tabla `subgrupos_empresas`
--

INSERT INTO `subgrupos_empresas` (`ID_SUBGRUPO`, `ID_EMPRESA`) VALUES
(102, 721),
(102, 724),
(1, 3),
(1, 1),
(1, 2);

-- --------------------------------------------------------

--
-- Estructura de tabla para la tabla `tag_agf`
--

CREATE TABLE IF NOT EXISTS `tag_agf` (
  `ID_TAG_AGF` int(18) NOT NULL AUTO_INCREMENT,
  `NOMBRE` varchar(300) COLLATE utf8_spanish2_ci DEFAULT NULL,
  `ETIQUETA` varchar(300) COLLATE utf8_spanish2_ci DEFAULT NULL,
  `COMPONENTE` varchar(50) COLLATE utf8_spanish2_ci DEFAULT NULL,
  `ORIGEN` varchar(50) COLLATE utf8_spanish2_ci DEFAULT NULL,
  `OA` bit(1) DEFAULT NULL,
  PRIMARY KEY (`ID_TAG_AGF`)
) ENGINE=InnoDB  DEFAULT CHARSET=utf8 COLLATE=utf8_spanish2_ci AUTO_INCREMENT=15 ;

--
-- Volcado de datos para la tabla `tag_agf`
--

INSERT INTO `tag_agf` (`ID_TAG_AGF`, `NOMBRE`, `ETIQUETA`, `COMPONENTE`, `ORIGEN`, `OA`) VALUES
(1, 'porcentaje ventas tc tienda', 'porcentaje ventas tc tienda', 'NO ESPECIFICA', 'MANUAL', b'1'),
(2, 'nro cliente total', 'nro cliente total', 'NO ESPECIFICA', 'MANUAL', b'1'),
(3, 'nro cliente repactada', 'nro cliente repactada', 'NO ESPECIFICA', 'MANUAL', b'1'),
(4, 'nro cliente no repactada', 'nro cliente no repactada', 'NO ESPECIFICA', 'MANUAL', b'1'),
(5, 'SSS', 'SSS', 'NO ESPECIFICA', 'MANUAL', b'1'),
(6, 'Ingresos Retail', 'Ingresos Retail', 'NO ESPECIFICA', 'XBRL', b'1'),
(7, 'Ingresos Financieros', 'Ingresos Financieros', 'NO ESPECIFICA', 'XBRL', b'1'),
(8, 'EBITDA', 'EBITDA', 'NO ESPECIFICA', 'MANUAL', b'1'),
(9, 'EBITDA CORP', 'EBITDA CORP', 'NO ESPECIFICA', 'MANUAL', b'1'),
(10, 'EBITDA Chile', 'EBITDA Chile', 'NO ESPECIFICA', 'MANUAL', b'1'),
(11, 'Cartera Bruta Total', 'Cartera Bruta Total', 'NO ESPECIFICA', 'XBRL', b'1'),
(12, 'Cartera No Repactada', 'Cartera No Repactada', 'NO ESPECIFICA', 'XBRL', b'1'),
(13, 'Cartera Repactada', 'Cartera Repactada', 'NO ESPECIFICA', 'XBRL', b'1'),
(14, 'Metros cuadrados', 'Metros cuadrados', 'NO ESPECIFICA', 'MANUAL', b'1');

-- --------------------------------------------------------

--
-- Estructura de tabla para la tabla `tag_agf_xbrl`
--

CREATE TABLE IF NOT EXISTS `tag_agf_xbrl` (
  `ID_TAG_AGF` int(18) NOT NULL,
  `ID_TAG_XBRL` int(18) NOT NULL
) ENGINE=InnoDB DEFAULT CHARSET=utf8 COLLATE=utf8_spanish2_ci;

-- --------------------------------------------------------

--
-- Estructura de tabla para la tabla `tag_xbrl`
--

CREATE TABLE IF NOT EXISTS `tag_xbrl` (
  `ID_TAG_XBRL` int(18) NOT NULL,
  `NOMBRE` varchar(300) COLLATE utf8_spanish2_ci DEFAULT NULL,
  `ETIQUETA` varchar(300) COLLATE utf8_spanish2_ci DEFAULT NULL,
  `PREFIX` varchar(300) COLLATE utf8_spanish2_ci DEFAULT NULL,
  `COMPONENTE` varchar(50) COLLATE utf8_spanish2_ci DEFAULT NULL,
  `TAXONOMIA` varchar(50) COLLATE utf8_spanish2_ci DEFAULT NULL
) ENGINE=InnoDB DEFAULT CHARSET=utf8 COLLATE=utf8_spanish2_ci;

-- --------------------------------------------------------

--
-- Estructura de tabla para la tabla `tipos_empresas`
--

CREATE TABLE IF NOT EXISTS `tipos_empresas` (
  `ID_TIPO_EMPRESA` int(18) NOT NULL AUTO_INCREMENT,
  `NOMBRE` varchar(50) COLLATE utf8_spanish2_ci DEFAULT NULL,
  `DESCRIPCION` varchar(255) COLLATE utf8_spanish2_ci DEFAULT NULL,
  `OA` bit(1) DEFAULT NULL,
  PRIMARY KEY (`ID_TIPO_EMPRESA`)
) ENGINE=InnoDB  DEFAULT CHARSET=utf8 COLLATE=utf8_spanish2_ci AUTO_INCREMENT=2 ;

--
-- Volcado de datos para la tabla `tipos_empresas`
--

INSERT INTO `tipos_empresas` (`ID_TIPO_EMPRESA`, `NOMBRE`, `DESCRIPCION`, `OA`) VALUES
(1, 'Inicial', '0', b'1');

-- --------------------------------------------------------

--
-- Estructura de tabla para la tabla `usuarios`
--

CREATE TABLE IF NOT EXISTS `usuarios` (
  `ID_USUARIO` int(11) NOT NULL,
  `LOGIN` varchar(50) COLLATE utf8_spanish2_ci DEFAULT NULL,
  `PASWORD` varchar(10) COLLATE utf8_spanish2_ci DEFAULT NULL,
  `NOMBRES` varchar(300) COLLATE utf8_spanish2_ci DEFAULT NULL,
  `APELLIDOS` varchar(300) COLLATE utf8_spanish2_ci DEFAULT NULL,
  `RUT` varchar(10) COLLATE utf8_spanish2_ci DEFAULT NULL,
  `EMAIL` varchar(300) COLLATE utf8_spanish2_ci DEFAULT NULL,
  `FONO` varchar(10) COLLATE utf8_spanish2_ci DEFAULT NULL,
  `OA` bit(1) DEFAULT NULL
) ENGINE=InnoDB DEFAULT CHARSET=utf8 COLLATE=utf8_spanish2_ci;

-- --------------------------------------------------------

--
-- Estructura de tabla para la tabla `usuarios_perfiles`
--

CREATE TABLE IF NOT EXISTS `usuarios_perfiles` (
  `ID_USUARIO` int(11) DEFAULT NULL,
  `ID_PERFIL` int(11) DEFAULT NULL
) ENGINE=InnoDB DEFAULT CHARSET=utf8 COLLATE=utf8_spanish2_ci;

-- --------------------------------------------------------

--
-- Estructura de tabla para la tabla `valores`
--

CREATE TABLE IF NOT EXISTS `valores` (
  `ID_VALOR` int(18) NOT NULL AUTO_INCREMENT,
  `ID_TAG_AGF` int(18) DEFAULT NULL,
  `ID_EMPRESA` int(18) DEFAULT NULL,
  `ID_PERIODO` int(18) DEFAULT NULL,
  `tipo` varchar(10) COLLATE utf8_spanish2_ci NOT NULL DEFAULT 'TRIMESTRAL',
  `VALOR` double(25,2) NOT NULL,
  `DT_MODIFICACION` datetime DEFAULT NULL,
  `origen` int(11) NOT NULL,
  PRIMARY KEY (`ID_VALOR`),
  KEY `ID_PERIODO` (`ID_PERIODO`),
  KEY `ID_TAG_AGF` (`ID_TAG_AGF`,`ID_EMPRESA`,`ID_PERIODO`),
  KEY `ID_TAG_AGF_2` (`ID_TAG_AGF`)
) ENGINE=InnoDB  DEFAULT CHARSET=utf8 COLLATE=utf8_spanish2_ci AUTO_INCREMENT=3088 ;

--
-- Volcado de datos para la tabla `valores`
--

INSERT INTO `valores` (`ID_VALOR`, `ID_TAG_AGF`, `ID_EMPRESA`, `ID_PERIODO`, `tipo`, `VALOR`, `DT_MODIFICACION`, `origen`) VALUES
(1, 1, 1, 1, 'TRIMESTRAL', 0.00, '1900-01-01 00:00:00', 1),
(2, 1, 2, 1, 'TRIMESTRAL', 0.00, '1900-01-01 00:00:00', 1),
(3, 1, 3, 1, 'TRIMESTRAL', 0.00, '1900-01-01 00:00:00', 1),
(4, 1, 1, 2, 'TRIMESTRAL', 0.00, '1900-01-01 00:00:00', 1),
(5, 1, 2, 2, 'TRIMESTRAL', 0.00, '1900-01-01 00:00:00', 1),
(6, 1, 3, 2, 'TRIMESTRAL', 0.00, '1900-01-01 00:00:00', 1),
(7, 1, 1, 3, 'TRIMESTRAL', 0.00, '1900-01-01 00:00:00', 1),
(8, 1, 2, 3, 'TRIMESTRAL', 0.00, '1900-01-01 00:00:00', 1),
(9, 1, 3, 3, 'TRIMESTRAL', 0.00, '1900-01-01 00:00:00', 1),
(10, 1, 1, 4, 'TRIMESTRAL', 0.00, '1900-01-01 00:00:00', 1),
(11, 1, 2, 4, 'TRIMESTRAL', 0.00, '1900-01-01 00:00:00', 1),
(12, 1, 3, 4, 'TRIMESTRAL', 0.00, '1900-01-01 00:00:00', 1),
(13, 1, 1, 5, 'TRIMESTRAL', 0.00, '1900-01-01 00:00:00', 1),
(14, 1, 2, 5, 'TRIMESTRAL', 0.00, '1900-01-01 00:00:00', 1),
(15, 1, 3, 5, 'TRIMESTRAL', 0.00, '1900-01-01 00:00:00', 1),
(16, 1, 1, 6, 'TRIMESTRAL', 0.00, '1900-01-01 00:00:00', 1),
(17, 1, 2, 6, 'TRIMESTRAL', 0.00, '1900-01-01 00:00:00', 1),
(18, 1, 3, 6, 'TRIMESTRAL', 0.00, '1900-01-01 00:00:00', 1),
(19, 1, 1, 7, 'TRIMESTRAL', 0.00, '1900-01-01 00:00:00', 1),
(20, 1, 2, 7, 'TRIMESTRAL', 0.00, '1900-01-01 00:00:00', 1),
(21, 1, 3, 7, 'TRIMESTRAL', 0.00, '1900-01-01 00:00:00', 1),
(22, 1, 1, 8, 'TRIMESTRAL', 0.00, '1900-01-01 00:00:00', 1),
(23, 1, 2, 8, 'TRIMESTRAL', 0.00, '1900-01-01 00:00:00', 1),
(24, 1, 3, 8, 'TRIMESTRAL', 0.00, '1900-01-01 00:00:00', 1),
(25, 1, 1, 9, 'TRIMESTRAL', 0.00, '1900-01-01 00:00:00', 1),
(26, 1, 2, 9, 'TRIMESTRAL', 0.00, '1900-01-01 00:00:00', 1),
(27, 1, 3, 9, 'TRIMESTRAL', 0.00, '1900-01-01 00:00:00', 1),
(28, 1, 1, 10, 'TRIMESTRAL', 0.00, '1900-01-01 00:00:00', 1),
(29, 1, 2, 10, 'TRIMESTRAL', 0.00, '1900-01-01 00:00:00', 1),
(30, 1, 3, 10, 'TRIMESTRAL', 0.00, '1900-01-01 00:00:00', 1),
(31, 1, 1, 11, 'TRIMESTRAL', 0.00, '1900-01-01 00:00:00', 1),
(32, 1, 2, 11, 'TRIMESTRAL', 0.00, '1900-01-01 00:00:00', 1),
(33, 1, 3, 11, 'TRIMESTRAL', 0.00, '1900-01-01 00:00:00', 1),
(34, 1, 1, 12, 'TRIMESTRAL', 0.00, '1900-01-01 00:00:00', 1),
(35, 1, 2, 12, 'TRIMESTRAL', 0.00, '1900-01-01 00:00:00', 1),
(36, 1, 3, 12, 'TRIMESTRAL', 0.00, '1900-01-01 00:00:00', 1),
(37, 1, 1, 13, 'TRIMESTRAL', 0.00, '1900-01-01 00:00:00', 1),
(38, 1, 2, 13, 'TRIMESTRAL', 0.00, '1900-01-01 00:00:00', 1),
(39, 1, 3, 13, 'TRIMESTRAL', 0.00, '1900-01-01 00:00:00', 1),
(40, 1, 1, 14, 'TRIMESTRAL', 0.00, '1900-01-01 00:00:00', 1),
(41, 1, 2, 14, 'TRIMESTRAL', 0.00, '1900-01-01 00:00:00', 1),
(42, 1, 3, 14, 'TRIMESTRAL', 0.00, '1900-01-01 00:00:00', 1),
(43, 1, 1, 15, 'TRIMESTRAL', 0.00, '1900-01-01 00:00:00', 1),
(44, 1, 2, 15, 'TRIMESTRAL', 0.00, '1900-01-01 00:00:00', 1),
(45, 1, 3, 15, 'TRIMESTRAL', 0.00, '1900-01-01 00:00:00', 1),
(46, 1, 1, 16, 'TRIMESTRAL', 0.00, '1900-01-01 00:00:00', 1),
(47, 1, 2, 16, 'TRIMESTRAL', 0.00, '1900-01-01 00:00:00', 1),
(48, 1, 3, 16, 'TRIMESTRAL', 0.00, '1900-01-01 00:00:00', 1),
(49, 1, 1, 28, 'TRIMESTRAL', 0.00, '1900-01-01 00:00:00', 1),
(50, 1, 2, 28, 'TRIMESTRAL', 0.00, '1900-01-01 00:00:00', 1),
(51, 1, 3, 28, 'TRIMESTRAL', 0.00, '1900-01-01 00:00:00', 1),
(52, 1, 1, 29, 'TRIMESTRAL', 0.00, '1900-01-01 00:00:00', 1),
(53, 1, 2, 29, 'TRIMESTRAL', 0.00, '1900-01-01 00:00:00', 1),
(54, 1, 3, 29, 'TRIMESTRAL', 0.00, '1900-01-01 00:00:00', 1),
(55, 1, 1, 30, 'TRIMESTRAL', 0.00, '1900-01-01 00:00:00', 1),
(56, 1, 2, 30, 'TRIMESTRAL', 0.00, '1900-01-01 00:00:00', 1),
(57, 1, 3, 30, 'TRIMESTRAL', 0.00, '1900-01-01 00:00:00', 1),
(58, 1, 1, 31, 'TRIMESTRAL', 0.00, '1900-01-01 00:00:00', 1),
(59, 1, 2, 31, 'TRIMESTRAL', 0.00, '1900-01-01 00:00:00', 1),
(60, 1, 3, 31, 'TRIMESTRAL', 0.00, '1900-01-01 00:00:00', 1),
(61, 1, 1, 32, 'TRIMESTRAL', 0.00, '1900-01-01 00:00:00', 1),
(62, 1, 2, 32, 'TRIMESTRAL', 0.00, '1900-01-01 00:00:00', 1),
(63, 1, 3, 32, 'TRIMESTRAL', 0.00, '1900-01-01 00:00:00', 1),
(64, 1, 1, 33, 'TRIMESTRAL', 0.00, '1900-01-01 00:00:00', 1),
(65, 1, 2, 33, 'TRIMESTRAL', 0.00, '1900-01-01 00:00:00', 1),
(66, 1, 3, 33, 'TRIMESTRAL', 0.00, '1900-01-01 00:00:00', 1),
(67, 1, 1, 34, 'TRIMESTRAL', 0.00, '1900-01-01 00:00:00', 1),
(68, 1, 2, 34, 'TRIMESTRAL', 0.00, '1900-01-01 00:00:00', 1),
(69, 1, 3, 34, 'TRIMESTRAL', 0.00, '1900-01-01 00:00:00', 1),
(70, 1, 1, 35, 'TRIMESTRAL', 0.00, '1900-01-01 00:00:00', 1),
(71, 1, 2, 35, 'TRIMESTRAL', 0.00, '1900-01-01 00:00:00', 1),
(72, 1, 3, 35, 'TRIMESTRAL', 0.00, '1900-01-01 00:00:00', 1),
(128, 2, 1, 1, 'TRIMESTRAL', 0.00, '1900-01-01 00:00:00', 1),
(129, 2, 2, 1, 'TRIMESTRAL', 0.00, '1900-01-01 00:00:00', 1),
(130, 2, 3, 1, 'TRIMESTRAL', 0.00, '1900-01-01 00:00:00', 1),
(131, 2, 1, 2, 'TRIMESTRAL', 0.00, '1900-01-01 00:00:00', 1),
(132, 2, 2, 2, 'TRIMESTRAL', 0.00, '1900-01-01 00:00:00', 1),
(133, 2, 3, 2, 'TRIMESTRAL', 0.00, '1900-01-01 00:00:00', 1),
(134, 2, 1, 3, 'TRIMESTRAL', 0.00, '1900-01-01 00:00:00', 1),
(135, 2, 2, 3, 'TRIMESTRAL', 0.00, '1900-01-01 00:00:00', 1),
(136, 2, 3, 3, 'TRIMESTRAL', 0.00, '1900-01-01 00:00:00', 1),
(137, 2, 1, 4, 'TRIMESTRAL', 0.00, '1900-01-01 00:00:00', 1),
(138, 2, 2, 4, 'TRIMESTRAL', 0.00, '1900-01-01 00:00:00', 1),
(139, 2, 3, 4, 'TRIMESTRAL', 0.00, '1900-01-01 00:00:00', 1),
(140, 2, 1, 5, 'TRIMESTRAL', 0.00, '1900-01-01 00:00:00', 1),
(141, 2, 2, 5, 'TRIMESTRAL', 0.00, '1900-01-01 00:00:00', 1),
(142, 2, 3, 5, 'TRIMESTRAL', 0.00, '1900-01-01 00:00:00', 1),
(143, 2, 1, 6, 'TRIMESTRAL', 0.00, '1900-01-01 00:00:00', 1),
(144, 2, 2, 6, 'TRIMESTRAL', 0.00, '1900-01-01 00:00:00', 1),
(145, 2, 3, 6, 'TRIMESTRAL', 0.00, '1900-01-01 00:00:00', 1),
(146, 2, 1, 7, 'TRIMESTRAL', 0.00, '1900-01-01 00:00:00', 1),
(147, 2, 2, 7, 'TRIMESTRAL', 0.00, '1900-01-01 00:00:00', 1),
(148, 2, 3, 7, 'TRIMESTRAL', 0.00, '1900-01-01 00:00:00', 1),
(149, 2, 1, 8, 'TRIMESTRAL', 0.00, '1900-01-01 00:00:00', 1),
(150, 2, 2, 8, 'TRIMESTRAL', 0.00, '1900-01-01 00:00:00', 1),
(151, 2, 3, 8, 'TRIMESTRAL', 0.00, '1900-01-01 00:00:00', 1),
(152, 2, 1, 9, 'TRIMESTRAL', 0.00, '1900-01-01 00:00:00', 1),
(153, 2, 2, 9, 'TRIMESTRAL', 0.00, '1900-01-01 00:00:00', 1),
(154, 2, 3, 9, 'TRIMESTRAL', 0.00, '1900-01-01 00:00:00', 1),
(155, 2, 1, 10, 'TRIMESTRAL', 0.00, '1900-01-01 00:00:00', 1),
(156, 2, 2, 10, 'TRIMESTRAL', 0.00, '1900-01-01 00:00:00', 1),
(157, 2, 3, 10, 'TRIMESTRAL', 0.00, '1900-01-01 00:00:00', 1),
(158, 2, 1, 11, 'TRIMESTRAL', 0.00, '1900-01-01 00:00:00', 1),
(159, 2, 2, 11, 'TRIMESTRAL', 0.00, '1900-01-01 00:00:00', 1),
(160, 2, 3, 11, 'TRIMESTRAL', 0.00, '1900-01-01 00:00:00', 1),
(161, 2, 1, 12, 'TRIMESTRAL', 0.00, '1900-01-01 00:00:00', 1),
(162, 2, 2, 12, 'TRIMESTRAL', 0.00, '1900-01-01 00:00:00', 1),
(163, 2, 3, 12, 'TRIMESTRAL', 0.00, '1900-01-01 00:00:00', 1),
(164, 2, 1, 13, 'TRIMESTRAL', 0.00, '1900-01-01 00:00:00', 1),
(165, 2, 2, 13, 'TRIMESTRAL', 0.00, '1900-01-01 00:00:00', 1),
(166, 2, 3, 13, 'TRIMESTRAL', 0.00, '1900-01-01 00:00:00', 1),
(167, 2, 1, 14, 'TRIMESTRAL', 0.00, '1900-01-01 00:00:00', 1),
(168, 2, 2, 14, 'TRIMESTRAL', 0.00, '1900-01-01 00:00:00', 1),
(169, 2, 3, 14, 'TRIMESTRAL', 0.00, '1900-01-01 00:00:00', 1),
(170, 2, 1, 15, 'TRIMESTRAL', 0.00, '1900-01-01 00:00:00', 1),
(171, 2, 2, 15, 'TRIMESTRAL', 0.00, '1900-01-01 00:00:00', 1),
(172, 2, 3, 15, 'TRIMESTRAL', 0.00, '1900-01-01 00:00:00', 1),
(173, 2, 1, 16, 'TRIMESTRAL', 0.00, '1900-01-01 00:00:00', 1),
(174, 2, 2, 16, 'TRIMESTRAL', 0.00, '1900-01-01 00:00:00', 1),
(175, 2, 3, 16, 'TRIMESTRAL', 0.00, '1900-01-01 00:00:00', 1),
(176, 2, 1, 28, 'TRIMESTRAL', 0.00, '1900-01-01 00:00:00', 1),
(177, 2, 2, 28, 'TRIMESTRAL', 0.00, '1900-01-01 00:00:00', 1),
(178, 2, 3, 28, 'TRIMESTRAL', 0.00, '1900-01-01 00:00:00', 1),
(179, 2, 1, 29, 'TRIMESTRAL', 0.00, '1900-01-01 00:00:00', 1),
(180, 2, 2, 29, 'TRIMESTRAL', 0.00, '1900-01-01 00:00:00', 1),
(181, 2, 3, 29, 'TRIMESTRAL', 0.00, '1900-01-01 00:00:00', 1),
(182, 2, 1, 30, 'TRIMESTRAL', 0.00, '1900-01-01 00:00:00', 1),
(183, 2, 2, 30, 'TRIMESTRAL', 0.00, '1900-01-01 00:00:00', 1),
(184, 2, 3, 30, 'TRIMESTRAL', 0.00, '1900-01-01 00:00:00', 1),
(185, 2, 1, 31, 'TRIMESTRAL', 0.00, '1900-01-01 00:00:00', 1),
(186, 2, 2, 31, 'TRIMESTRAL', 0.00, '1900-01-01 00:00:00', 1),
(187, 2, 3, 31, 'TRIMESTRAL', 0.00, '1900-01-01 00:00:00', 1),
(188, 2, 1, 32, 'TRIMESTRAL', 0.00, '1900-01-01 00:00:00', 1),
(189, 2, 2, 32, 'TRIMESTRAL', 0.00, '1900-01-01 00:00:00', 1),
(190, 2, 3, 32, 'TRIMESTRAL', 0.00, '1900-01-01 00:00:00', 1),
(191, 2, 1, 33, 'TRIMESTRAL', 0.00, '1900-01-01 00:00:00', 1),
(192, 2, 2, 33, 'TRIMESTRAL', 0.00, '1900-01-01 00:00:00', 1),
(193, 2, 3, 33, 'TRIMESTRAL', 0.00, '1900-01-01 00:00:00', 1),
(194, 2, 1, 34, 'TRIMESTRAL', 0.00, '1900-01-01 00:00:00', 1),
(195, 2, 2, 34, 'TRIMESTRAL', 0.00, '1900-01-01 00:00:00', 1),
(196, 2, 3, 34, 'TRIMESTRAL', 0.00, '1900-01-01 00:00:00', 1),
(197, 2, 1, 35, 'TRIMESTRAL', 0.00, '1900-01-01 00:00:00', 1),
(198, 2, 2, 35, 'TRIMESTRAL', 0.00, '1900-01-01 00:00:00', 1),
(199, 2, 3, 35, 'TRIMESTRAL', 0.00, '1900-01-01 00:00:00', 1),
(255, 3, 1, 1, 'TRIMESTRAL', 0.00, '1900-01-01 00:00:00', 1),
(256, 3, 2, 1, 'TRIMESTRAL', 0.00, '1900-01-01 00:00:00', 1),
(257, 3, 3, 1, 'TRIMESTRAL', 0.00, '1900-01-01 00:00:00', 1),
(258, 3, 1, 2, 'TRIMESTRAL', 0.00, '1900-01-01 00:00:00', 1),
(259, 3, 2, 2, 'TRIMESTRAL', 0.00, '1900-01-01 00:00:00', 1),
(260, 3, 3, 2, 'TRIMESTRAL', 0.00, '1900-01-01 00:00:00', 1),
(261, 3, 1, 3, 'TRIMESTRAL', 0.00, '1900-01-01 00:00:00', 1),
(262, 3, 2, 3, 'TRIMESTRAL', 0.00, '1900-01-01 00:00:00', 1),
(263, 3, 3, 3, 'TRIMESTRAL', 0.00, '1900-01-01 00:00:00', 1),
(264, 3, 1, 4, 'TRIMESTRAL', 0.00, '1900-01-01 00:00:00', 1),
(265, 3, 2, 4, 'TRIMESTRAL', 0.00, '1900-01-01 00:00:00', 1),
(266, 3, 3, 4, 'TRIMESTRAL', 0.00, '1900-01-01 00:00:00', 1),
(267, 3, 1, 5, 'TRIMESTRAL', 0.00, '1900-01-01 00:00:00', 1),
(268, 3, 2, 5, 'TRIMESTRAL', 0.00, '1900-01-01 00:00:00', 1),
(269, 3, 3, 5, 'TRIMESTRAL', 0.00, '1900-01-01 00:00:00', 1),
(270, 3, 1, 6, 'TRIMESTRAL', 0.00, '1900-01-01 00:00:00', 1),
(271, 3, 2, 6, 'TRIMESTRAL', 0.00, '1900-01-01 00:00:00', 1),
(272, 3, 3, 6, 'TRIMESTRAL', 0.00, '1900-01-01 00:00:00', 1),
(273, 3, 1, 7, 'TRIMESTRAL', 0.00, '1900-01-01 00:00:00', 1),
(274, 3, 2, 7, 'TRIMESTRAL', 0.00, '1900-01-01 00:00:00', 1),
(275, 3, 3, 7, 'TRIMESTRAL', 0.00, '1900-01-01 00:00:00', 1),
(276, 3, 1, 8, 'TRIMESTRAL', 0.00, '1900-01-01 00:00:00', 1),
(277, 3, 2, 8, 'TRIMESTRAL', 0.00, '1900-01-01 00:00:00', 1),
(278, 3, 3, 8, 'TRIMESTRAL', 0.00, '1900-01-01 00:00:00', 1),
(279, 3, 1, 9, 'TRIMESTRAL', 0.00, '1900-01-01 00:00:00', 1),
(280, 3, 2, 9, 'TRIMESTRAL', 0.00, '1900-01-01 00:00:00', 1),
(281, 3, 3, 9, 'TRIMESTRAL', 0.00, '1900-01-01 00:00:00', 1),
(282, 3, 1, 10, 'TRIMESTRAL', 0.00, '1900-01-01 00:00:00', 1),
(283, 3, 2, 10, 'TRIMESTRAL', 0.00, '1900-01-01 00:00:00', 1),
(284, 3, 3, 10, 'TRIMESTRAL', 0.00, '1900-01-01 00:00:00', 1),
(285, 3, 1, 11, 'TRIMESTRAL', 0.00, '1900-01-01 00:00:00', 1),
(286, 3, 2, 11, 'TRIMESTRAL', 0.00, '1900-01-01 00:00:00', 1),
(287, 3, 3, 11, 'TRIMESTRAL', 0.00, '1900-01-01 00:00:00', 1),
(288, 3, 1, 12, 'TRIMESTRAL', 0.00, '1900-01-01 00:00:00', 1),
(289, 3, 2, 12, 'TRIMESTRAL', 0.00, '1900-01-01 00:00:00', 1),
(290, 3, 3, 12, 'TRIMESTRAL', 0.00, '1900-01-01 00:00:00', 1),
(291, 3, 1, 13, 'TRIMESTRAL', 0.00, '1900-01-01 00:00:00', 1),
(292, 3, 2, 13, 'TRIMESTRAL', 0.00, '1900-01-01 00:00:00', 1),
(293, 3, 3, 13, 'TRIMESTRAL', 0.00, '1900-01-01 00:00:00', 1),
(294, 3, 1, 14, 'TRIMESTRAL', 0.00, '1900-01-01 00:00:00', 1),
(295, 3, 2, 14, 'TRIMESTRAL', 0.00, '1900-01-01 00:00:00', 1),
(296, 3, 3, 14, 'TRIMESTRAL', 0.00, '1900-01-01 00:00:00', 1),
(297, 3, 1, 15, 'TRIMESTRAL', 0.00, '1900-01-01 00:00:00', 1),
(298, 3, 2, 15, 'TRIMESTRAL', 0.00, '1900-01-01 00:00:00', 1),
(299, 3, 3, 15, 'TRIMESTRAL', 0.00, '1900-01-01 00:00:00', 1),
(300, 3, 1, 16, 'TRIMESTRAL', 0.00, '1900-01-01 00:00:00', 1),
(301, 3, 2, 16, 'TRIMESTRAL', 0.00, '1900-01-01 00:00:00', 1),
(302, 3, 3, 16, 'TRIMESTRAL', 0.00, '1900-01-01 00:00:00', 1),
(303, 3, 1, 28, 'TRIMESTRAL', 0.00, '1900-01-01 00:00:00', 1),
(304, 3, 2, 28, 'TRIMESTRAL', 0.00, '1900-01-01 00:00:00', 1),
(305, 3, 3, 28, 'TRIMESTRAL', 0.00, '1900-01-01 00:00:00', 1),
(306, 3, 1, 29, 'TRIMESTRAL', 0.00, '1900-01-01 00:00:00', 1),
(307, 3, 2, 29, 'TRIMESTRAL', 0.00, '1900-01-01 00:00:00', 1),
(308, 3, 3, 29, 'TRIMESTRAL', 0.00, '1900-01-01 00:00:00', 1),
(309, 3, 1, 30, 'TRIMESTRAL', 0.00, '1900-01-01 00:00:00', 1),
(310, 3, 2, 30, 'TRIMESTRAL', 0.00, '1900-01-01 00:00:00', 1),
(311, 3, 3, 30, 'TRIMESTRAL', 0.00, '1900-01-01 00:00:00', 1),
(312, 3, 1, 31, 'TRIMESTRAL', 0.00, '1900-01-01 00:00:00', 1),
(313, 3, 2, 31, 'TRIMESTRAL', 0.00, '1900-01-01 00:00:00', 1),
(314, 3, 3, 31, 'TRIMESTRAL', 0.00, '1900-01-01 00:00:00', 1),
(315, 3, 1, 32, 'TRIMESTRAL', 0.00, '1900-01-01 00:00:00', 1),
(316, 3, 2, 32, 'TRIMESTRAL', 0.00, '1900-01-01 00:00:00', 1),
(317, 3, 3, 32, 'TRIMESTRAL', 0.00, '1900-01-01 00:00:00', 1),
(318, 3, 1, 33, 'TRIMESTRAL', 0.00, '1900-01-01 00:00:00', 1),
(319, 3, 2, 33, 'TRIMESTRAL', 0.00, '1900-01-01 00:00:00', 1),
(320, 3, 3, 33, 'TRIMESTRAL', 0.00, '1900-01-01 00:00:00', 1),
(321, 3, 1, 34, 'TRIMESTRAL', 0.00, '1900-01-01 00:00:00', 1),
(322, 3, 2, 34, 'TRIMESTRAL', 0.00, '1900-01-01 00:00:00', 1),
(323, 3, 3, 34, 'TRIMESTRAL', 0.00, '1900-01-01 00:00:00', 1),
(324, 3, 1, 35, 'TRIMESTRAL', 0.00, '1900-01-01 00:00:00', 1),
(325, 3, 2, 35, 'TRIMESTRAL', 0.00, '1900-01-01 00:00:00', 1),
(326, 3, 3, 35, 'TRIMESTRAL', 0.00, '1900-01-01 00:00:00', 1),
(382, 4, 1, 1, 'TRIMESTRAL', 0.00, '1900-01-01 00:00:00', 1),
(383, 4, 2, 1, 'TRIMESTRAL', 0.00, '1900-01-01 00:00:00', 1),
(384, 4, 3, 1, 'TRIMESTRAL', 0.00, '1900-01-01 00:00:00', 1),
(385, 4, 1, 2, 'TRIMESTRAL', 0.00, '1900-01-01 00:00:00', 1),
(386, 4, 2, 2, 'TRIMESTRAL', 0.00, '1900-01-01 00:00:00', 1),
(387, 4, 3, 2, 'TRIMESTRAL', 0.00, '1900-01-01 00:00:00', 1),
(388, 4, 1, 3, 'TRIMESTRAL', 0.00, '1900-01-01 00:00:00', 1),
(389, 4, 2, 3, 'TRIMESTRAL', 0.00, '1900-01-01 00:00:00', 1),
(390, 4, 3, 3, 'TRIMESTRAL', 0.00, '1900-01-01 00:00:00', 1),
(391, 4, 1, 4, 'TRIMESTRAL', 0.00, '1900-01-01 00:00:00', 1),
(392, 4, 2, 4, 'TRIMESTRAL', 0.00, '1900-01-01 00:00:00', 1),
(393, 4, 3, 4, 'TRIMESTRAL', 0.00, '1900-01-01 00:00:00', 1),
(394, 4, 1, 5, 'TRIMESTRAL', 0.00, '1900-01-01 00:00:00', 1),
(395, 4, 2, 5, 'TRIMESTRAL', 0.00, '1900-01-01 00:00:00', 1),
(396, 4, 3, 5, 'TRIMESTRAL', 0.00, '1900-01-01 00:00:00', 1),
(397, 4, 1, 6, 'TRIMESTRAL', 0.00, '1900-01-01 00:00:00', 1),
(398, 4, 2, 6, 'TRIMESTRAL', 0.00, '1900-01-01 00:00:00', 1),
(399, 4, 3, 6, 'TRIMESTRAL', 0.00, '1900-01-01 00:00:00', 1),
(400, 4, 1, 7, 'TRIMESTRAL', 0.00, '1900-01-01 00:00:00', 1),
(401, 4, 2, 7, 'TRIMESTRAL', 0.00, '1900-01-01 00:00:00', 1),
(402, 4, 3, 7, 'TRIMESTRAL', 0.00, '1900-01-01 00:00:00', 1),
(403, 4, 1, 8, 'TRIMESTRAL', 0.00, '1900-01-01 00:00:00', 1),
(404, 4, 2, 8, 'TRIMESTRAL', 0.00, '1900-01-01 00:00:00', 1),
(405, 4, 3, 8, 'TRIMESTRAL', 0.00, '1900-01-01 00:00:00', 1),
(406, 4, 1, 9, 'TRIMESTRAL', 0.00, '1900-01-01 00:00:00', 1),
(407, 4, 2, 9, 'TRIMESTRAL', 0.00, '1900-01-01 00:00:00', 1),
(408, 4, 3, 9, 'TRIMESTRAL', 0.00, '1900-01-01 00:00:00', 1),
(409, 4, 1, 10, 'TRIMESTRAL', 0.00, '1900-01-01 00:00:00', 1),
(410, 4, 2, 10, 'TRIMESTRAL', 0.00, '1900-01-01 00:00:00', 1),
(411, 4, 3, 10, 'TRIMESTRAL', 0.00, '1900-01-01 00:00:00', 1),
(412, 4, 1, 11, 'TRIMESTRAL', 0.00, '1900-01-01 00:00:00', 1),
(413, 4, 2, 11, 'TRIMESTRAL', 0.00, '1900-01-01 00:00:00', 1),
(414, 4, 3, 11, 'TRIMESTRAL', 0.00, '1900-01-01 00:00:00', 1),
(415, 4, 1, 12, 'TRIMESTRAL', 0.00, '1900-01-01 00:00:00', 1),
(416, 4, 2, 12, 'TRIMESTRAL', 0.00, '1900-01-01 00:00:00', 1),
(417, 4, 3, 12, 'TRIMESTRAL', 0.00, '1900-01-01 00:00:00', 1),
(418, 4, 1, 13, 'TRIMESTRAL', 0.00, '1900-01-01 00:00:00', 1),
(419, 4, 2, 13, 'TRIMESTRAL', 0.00, '1900-01-01 00:00:00', 1),
(420, 4, 3, 13, 'TRIMESTRAL', 0.00, '1900-01-01 00:00:00', 1),
(421, 4, 1, 14, 'TRIMESTRAL', 0.00, '1900-01-01 00:00:00', 1),
(422, 4, 2, 14, 'TRIMESTRAL', 0.00, '1900-01-01 00:00:00', 1),
(423, 4, 3, 14, 'TRIMESTRAL', 0.00, '1900-01-01 00:00:00', 1),
(424, 4, 1, 15, 'TRIMESTRAL', 0.00, '1900-01-01 00:00:00', 1),
(425, 4, 2, 15, 'TRIMESTRAL', 0.00, '1900-01-01 00:00:00', 1),
(426, 4, 3, 15, 'TRIMESTRAL', 0.00, '1900-01-01 00:00:00', 1),
(427, 4, 1, 16, 'TRIMESTRAL', 0.00, '1900-01-01 00:00:00', 1),
(428, 4, 2, 16, 'TRIMESTRAL', 0.00, '1900-01-01 00:00:00', 1),
(429, 4, 3, 16, 'TRIMESTRAL', 0.00, '1900-01-01 00:00:00', 1),
(430, 4, 1, 28, 'TRIMESTRAL', 0.00, '1900-01-01 00:00:00', 1),
(431, 4, 2, 28, 'TRIMESTRAL', 0.00, '1900-01-01 00:00:00', 1),
(432, 4, 3, 28, 'TRIMESTRAL', 0.00, '1900-01-01 00:00:00', 1),
(433, 4, 1, 29, 'TRIMESTRAL', 0.00, '1900-01-01 00:00:00', 1),
(434, 4, 2, 29, 'TRIMESTRAL', 0.00, '1900-01-01 00:00:00', 1),
(435, 4, 3, 29, 'TRIMESTRAL', 0.00, '1900-01-01 00:00:00', 1),
(436, 4, 1, 30, 'TRIMESTRAL', 0.00, '1900-01-01 00:00:00', 1),
(437, 4, 2, 30, 'TRIMESTRAL', 0.00, '1900-01-01 00:00:00', 1),
(438, 4, 3, 30, 'TRIMESTRAL', 0.00, '1900-01-01 00:00:00', 1),
(439, 4, 1, 31, 'TRIMESTRAL', 0.00, '1900-01-01 00:00:00', 1),
(440, 4, 2, 31, 'TRIMESTRAL', 0.00, '1900-01-01 00:00:00', 1),
(441, 4, 3, 31, 'TRIMESTRAL', 0.00, '1900-01-01 00:00:00', 1),
(442, 4, 1, 32, 'TRIMESTRAL', 0.00, '1900-01-01 00:00:00', 1),
(443, 4, 2, 32, 'TRIMESTRAL', 0.00, '1900-01-01 00:00:00', 1),
(444, 4, 3, 32, 'TRIMESTRAL', 0.00, '1900-01-01 00:00:00', 1),
(445, 4, 1, 33, 'TRIMESTRAL', 0.00, '1900-01-01 00:00:00', 1),
(446, 4, 2, 33, 'TRIMESTRAL', 0.00, '1900-01-01 00:00:00', 1),
(447, 4, 3, 33, 'TRIMESTRAL', 0.00, '1900-01-01 00:00:00', 1),
(448, 4, 1, 34, 'TRIMESTRAL', 0.00, '1900-01-01 00:00:00', 1),
(449, 4, 2, 34, 'TRIMESTRAL', 0.00, '1900-01-01 00:00:00', 1),
(450, 4, 3, 34, 'TRIMESTRAL', 0.00, '1900-01-01 00:00:00', 1),
(451, 4, 1, 35, 'TRIMESTRAL', 0.00, '1900-01-01 00:00:00', 1),
(452, 4, 2, 35, 'TRIMESTRAL', 0.00, '1900-01-01 00:00:00', 1),
(453, 4, 3, 35, 'TRIMESTRAL', 0.00, '1900-01-01 00:00:00', 1),
(509, 5, 1, 1, 'TRIMESTRAL', 0.00, '1900-01-01 00:00:00', 1),
(510, 5, 2, 1, 'TRIMESTRAL', 0.00, '1900-01-01 00:00:00', 1),
(511, 5, 3, 1, 'TRIMESTRAL', 0.00, '1900-01-01 00:00:00', 1),
(512, 5, 1, 2, 'TRIMESTRAL', 0.00, '1900-01-01 00:00:00', 1),
(513, 5, 2, 2, 'TRIMESTRAL', 0.00, '1900-01-01 00:00:00', 1),
(514, 5, 3, 2, 'TRIMESTRAL', 0.00, '1900-01-01 00:00:00', 1),
(515, 5, 1, 3, 'TRIMESTRAL', 0.00, '1900-01-01 00:00:00', 1),
(516, 5, 2, 3, 'TRIMESTRAL', 0.00, '1900-01-01 00:00:00', 1),
(517, 5, 3, 3, 'TRIMESTRAL', 0.00, '1900-01-01 00:00:00', 1),
(518, 5, 1, 4, 'TRIMESTRAL', 0.00, '1900-01-01 00:00:00', 1),
(519, 5, 2, 4, 'TRIMESTRAL', 0.00, '1900-01-01 00:00:00', 1),
(520, 5, 3, 4, 'TRIMESTRAL', 0.00, '1900-01-01 00:00:00', 1),
(521, 5, 1, 5, 'TRIMESTRAL', 0.00, '1900-01-01 00:00:00', 1),
(522, 5, 2, 5, 'TRIMESTRAL', 0.00, '1900-01-01 00:00:00', 1),
(523, 5, 3, 5, 'TRIMESTRAL', 0.00, '1900-01-01 00:00:00', 1),
(524, 5, 1, 6, 'TRIMESTRAL', 0.00, '1900-01-01 00:00:00', 1),
(525, 5, 2, 6, 'TRIMESTRAL', 0.00, '1900-01-01 00:00:00', 1),
(526, 5, 3, 6, 'TRIMESTRAL', 0.00, '1900-01-01 00:00:00', 1),
(527, 5, 1, 7, 'TRIMESTRAL', 0.00, '1900-01-01 00:00:00', 1),
(528, 5, 2, 7, 'TRIMESTRAL', 0.00, '1900-01-01 00:00:00', 1),
(529, 5, 3, 7, 'TRIMESTRAL', 0.00, '1900-01-01 00:00:00', 1),
(530, 5, 1, 8, 'TRIMESTRAL', 0.00, '1900-01-01 00:00:00', 1),
(531, 5, 2, 8, 'TRIMESTRAL', 0.00, '1900-01-01 00:00:00', 1),
(532, 5, 3, 8, 'TRIMESTRAL', 0.00, '1900-01-01 00:00:00', 1),
(533, 5, 1, 9, 'TRIMESTRAL', 0.00, '1900-01-01 00:00:00', 1),
(534, 5, 2, 9, 'TRIMESTRAL', 0.00, '1900-01-01 00:00:00', 1),
(535, 5, 3, 9, 'TRIMESTRAL', 0.00, '1900-01-01 00:00:00', 1),
(536, 5, 1, 10, 'TRIMESTRAL', 0.00, '1900-01-01 00:00:00', 1),
(537, 5, 2, 10, 'TRIMESTRAL', 0.00, '1900-01-01 00:00:00', 1),
(538, 5, 3, 10, 'TRIMESTRAL', 0.00, '1900-01-01 00:00:00', 1),
(539, 5, 1, 11, 'TRIMESTRAL', 0.00, '1900-01-01 00:00:00', 1),
(540, 5, 2, 11, 'TRIMESTRAL', 0.00, '1900-01-01 00:00:00', 1),
(541, 5, 3, 11, 'TRIMESTRAL', 0.00, '1900-01-01 00:00:00', 1),
(542, 5, 1, 12, 'TRIMESTRAL', 0.00, '1900-01-01 00:00:00', 1),
(543, 5, 2, 12, 'TRIMESTRAL', 0.00, '1900-01-01 00:00:00', 1),
(544, 5, 3, 12, 'TRIMESTRAL', 0.00, '1900-01-01 00:00:00', 1),
(545, 5, 1, 13, 'TRIMESTRAL', 0.00, '1900-01-01 00:00:00', 1),
(546, 5, 2, 13, 'TRIMESTRAL', 0.00, '1900-01-01 00:00:00', 1),
(547, 5, 3, 13, 'TRIMESTRAL', 0.00, '1900-01-01 00:00:00', 1),
(548, 5, 1, 14, 'TRIMESTRAL', 0.00, '1900-01-01 00:00:00', 1),
(549, 5, 2, 14, 'TRIMESTRAL', 0.00, '1900-01-01 00:00:00', 1),
(550, 5, 3, 14, 'TRIMESTRAL', 0.00, '1900-01-01 00:00:00', 1),
(551, 5, 1, 15, 'TRIMESTRAL', 0.00, '1900-01-01 00:00:00', 1),
(552, 5, 2, 15, 'TRIMESTRAL', 0.00, '1900-01-01 00:00:00', 1),
(553, 5, 3, 15, 'TRIMESTRAL', 0.00, '1900-01-01 00:00:00', 1),
(554, 5, 1, 16, 'TRIMESTRAL', 0.00, '1900-01-01 00:00:00', 1),
(555, 5, 2, 16, 'TRIMESTRAL', 0.00, '1900-01-01 00:00:00', 1),
(556, 5, 3, 16, 'TRIMESTRAL', 0.00, '1900-01-01 00:00:00', 1),
(557, 5, 1, 28, 'TRIMESTRAL', 0.00, '1900-01-01 00:00:00', 1),
(558, 5, 2, 28, 'TRIMESTRAL', 0.00, '1900-01-01 00:00:00', 1),
(559, 5, 3, 28, 'TRIMESTRAL', 0.00, '1900-01-01 00:00:00', 1),
(560, 5, 1, 29, 'TRIMESTRAL', 0.00, '1900-01-01 00:00:00', 1),
(561, 5, 2, 29, 'TRIMESTRAL', 0.00, '1900-01-01 00:00:00', 1),
(562, 5, 3, 29, 'TRIMESTRAL', 0.00, '1900-01-01 00:00:00', 1),
(563, 5, 1, 30, 'TRIMESTRAL', 0.00, '1900-01-01 00:00:00', 1),
(564, 5, 2, 30, 'TRIMESTRAL', 0.00, '1900-01-01 00:00:00', 1),
(565, 5, 3, 30, 'TRIMESTRAL', 0.00, '1900-01-01 00:00:00', 1),
(566, 5, 1, 31, 'TRIMESTRAL', 0.00, '1900-01-01 00:00:00', 1),
(567, 5, 2, 31, 'TRIMESTRAL', 0.00, '1900-01-01 00:00:00', 1),
(568, 5, 3, 31, 'TRIMESTRAL', 0.00, '1900-01-01 00:00:00', 1),
(569, 5, 1, 32, 'TRIMESTRAL', 0.00, '1900-01-01 00:00:00', 1),
(570, 5, 2, 32, 'TRIMESTRAL', 0.00, '1900-01-01 00:00:00', 1),
(571, 5, 3, 32, 'TRIMESTRAL', 0.00, '1900-01-01 00:00:00', 1),
(572, 5, 1, 33, 'TRIMESTRAL', 0.00, '1900-01-01 00:00:00', 1),
(573, 5, 2, 33, 'TRIMESTRAL', 0.00, '1900-01-01 00:00:00', 1),
(574, 5, 3, 33, 'TRIMESTRAL', 0.00, '1900-01-01 00:00:00', 1),
(575, 5, 1, 34, 'TRIMESTRAL', 0.00, '1900-01-01 00:00:00', 1),
(576, 5, 2, 34, 'TRIMESTRAL', 0.00, '1900-01-01 00:00:00', 1),
(577, 5, 3, 34, 'TRIMESTRAL', 0.00, '1900-01-01 00:00:00', 1),
(578, 5, 1, 35, 'TRIMESTRAL', 0.00, '1900-01-01 00:00:00', 1),
(579, 5, 2, 35, 'TRIMESTRAL', 0.00, '1900-01-01 00:00:00', 1),
(580, 5, 3, 35, 'TRIMESTRAL', 0.00, '1900-01-01 00:00:00', 1),
(636, 0, 1, 13, 'TRIMESTRAL', 29510.00, NULL, 1),
(637, 0, 1, 14, 'TRIMESTRAL', 35315.00, NULL, 1),
(638, 0, 1, 15, 'TRIMESTRAL', 32630.00, NULL, 1),
(639, 0, 1, 16, 'TRIMESTRAL', 48906.00, NULL, 1),
(640, 0, 1, 1, 'TRIMESTRAL', 32223.00, NULL, 1),
(641, 0, 1, 2, 'TRIMESTRAL', 45917.00, NULL, 1),
(642, 0, 1, 3, 'TRIMESTRAL', 41370.00, NULL, 1),
(643, 0, 1, 4, 'TRIMESTRAL', 64401.00, NULL, 1),
(644, 0, 1, 5, 'TRIMESTRAL', 42968.00, NULL, 1),
(645, 0, 1, 6, 'TRIMESTRAL', 54256.00, NULL, 1),
(646, 0, 1, 7, 'TRIMESTRAL', 53014.00, NULL, 1),
(647, 0, 1, 8, 'TRIMESTRAL', 77275.00, NULL, 1),
(648, 0, 1, 9, 'TRIMESTRAL', 52444.00, NULL, 1),
(649, 0, 1, 10, 'TRIMESTRAL', 62514.00, NULL, 1),
(650, 0, 1, 11, 'TRIMESTRAL', 58831.00, NULL, 1),
(651, 0, 1, 12, 'TRIMESTRAL', 80041.00, NULL, 1),
(652, 0, 1, 28, 'TRIMESTRAL', 54081.00, NULL, 1),
(653, 0, 1, 29, 'TRIMESTRAL', 66458.00, NULL, 1),
(654, 0, 1, 30, 'TRIMESTRAL', 0.00, NULL, 1),
(655, 0, 1, 31, 'TRIMESTRAL', 0.00, NULL, 1),
(656, 0, 1, 32, 'TRIMESTRAL', 0.00, NULL, 1),
(657, 0, 1, 33, 'TRIMESTRAL', 0.00, NULL, 1),
(658, 0, 1, 34, 'TRIMESTRAL', 0.00, NULL, 1),
(659, 0, 1, 35, 'TRIMESTRAL', 0.00, NULL, 1),
(660, 0, 2, 13, 'TRIMESTRAL', 0.00, NULL, 1),
(661, 0, 2, 14, 'TRIMESTRAL', 0.00, NULL, 1),
(662, 0, 2, 15, 'TRIMESTRAL', 0.00, NULL, 1),
(663, 0, 2, 16, 'TRIMESTRAL', 0.00, NULL, 1),
(664, 0, 2, 1, 'TRIMESTRAL', 0.00, NULL, 1),
(665, 0, 2, 2, 'TRIMESTRAL', 0.00, NULL, 1),
(666, 0, 2, 3, 'TRIMESTRAL', 0.00, NULL, 1),
(667, 0, 2, 4, 'TRIMESTRAL', 0.00, NULL, 1),
(668, 0, 2, 5, 'TRIMESTRAL', 0.00, NULL, 1),
(669, 0, 2, 6, 'TRIMESTRAL', 0.00, NULL, 1),
(670, 0, 2, 7, 'TRIMESTRAL', 0.00, NULL, 1),
(671, 0, 2, 8, 'TRIMESTRAL', 104093.00, NULL, 1),
(672, 0, 2, 9, 'TRIMESTRAL', 74686.00, NULL, 1),
(673, 0, 2, 10, 'TRIMESTRAL', 85098.00, NULL, 1),
(674, 0, 2, 11, 'TRIMESTRAL', 80213.00, NULL, 1),
(675, 0, 2, 12, 'TRIMESTRAL', 111933.00, NULL, 1),
(676, 0, 2, 28, 'TRIMESTRAL', 82991.00, NULL, 1),
(677, 0, 2, 29, 'TRIMESTRAL', 97676.00, NULL, 1),
(678, 0, 2, 30, 'TRIMESTRAL', 0.00, NULL, 1),
(679, 0, 2, 31, 'TRIMESTRAL', 0.00, NULL, 1),
(680, 0, 2, 32, 'TRIMESTRAL', 0.00, NULL, 1),
(681, 0, 2, 33, 'TRIMESTRAL', 0.00, NULL, 1),
(682, 0, 2, 34, 'TRIMESTRAL', 0.00, NULL, 1),
(683, 0, 2, 35, 'TRIMESTRAL', 0.00, NULL, 1),
(684, 0, 3, 13, 'TRIMESTRAL', 153558.00, NULL, 1),
(685, 0, 3, 14, 'TRIMESTRAL', 163183.00, NULL, 1),
(686, 0, 3, 15, 'TRIMESTRAL', 149899.00, NULL, 1),
(687, 0, 3, 16, 'TRIMESTRAL', 204105.00, NULL, 1),
(688, 0, 3, 1, 'TRIMESTRAL', 146943.00, NULL, 1),
(689, 0, 3, 2, 'TRIMESTRAL', 185685.00, NULL, 1),
(690, 0, 3, 3, 'TRIMESTRAL', 168268.00, NULL, 1),
(691, 0, 3, 4, 'TRIMESTRAL', 230886.00, NULL, 1),
(692, 0, 3, 5, 'TRIMESTRAL', 171694.00, NULL, 1),
(693, 0, 3, 6, 'TRIMESTRAL', 194699.00, NULL, 1),
(694, 0, 3, 7, 'TRIMESTRAL', 175379.00, NULL, 1),
(695, 0, 3, 8, 'TRIMESTRAL', 240846.00, NULL, 1),
(696, 0, 3, 9, 'TRIMESTRAL', 181959.00, NULL, 1),
(697, 0, 3, 10, 'TRIMESTRAL', 196529.00, NULL, 1),
(698, 0, 3, 11, 'TRIMESTRAL', 189933.00, NULL, 1),
(699, 0, 3, 12, 'TRIMESTRAL', 262762.00, NULL, 1),
(700, 0, 3, 28, 'TRIMESTRAL', 185161.00, NULL, 1),
(701, 0, 3, 29, 'TRIMESTRAL', 201353.00, NULL, 1),
(702, 0, 3, 30, 'TRIMESTRAL', 0.00, NULL, 1),
(703, 0, 3, 31, 'TRIMESTRAL', 0.00, NULL, 1),
(704, 0, 3, 32, 'TRIMESTRAL', 0.00, NULL, 1),
(705, 0, 3, 33, 'TRIMESTRAL', 0.00, NULL, 1),
(706, 0, 3, 34, 'TRIMESTRAL', 0.00, NULL, 1),
(707, 0, 3, 35, 'TRIMESTRAL', 0.00, NULL, 1),
(708, 6, 1, 13, 'TRIMESTRAL', 17174.00, NULL, 1),
(709, 6, 1, 14, 'TRIMESTRAL', 21761.00, NULL, 1),
(710, 6, 1, 15, 'TRIMESTRAL', 21147.00, NULL, 1),
(711, 6, 1, 16, 'TRIMESTRAL', 33711.00, NULL, 1),
(712, 6, 1, 1, 'TRIMESTRAL', 18537.00, NULL, 1),
(713, 6, 1, 2, 'TRIMESTRAL', 30099.00, NULL, 1),
(714, 6, 1, 3, 'TRIMESTRAL', 25990.00, NULL, 1),
(715, 6, 1, 4, 'TRIMESTRAL', 45137.00, NULL, 1),
(716, 6, 1, 5, 'TRIMESTRAL', 24900.00, NULL, 1),
(717, 6, 1, 6, 'TRIMESTRAL', 34345.00, NULL, 1),
(718, 6, 1, 7, 'TRIMESTRAL', 34041.00, NULL, 1),
(719, 6, 1, 8, 'TRIMESTRAL', 54803.00, NULL, 1),
(720, 6, 1, 9, 'TRIMESTRAL', 31761.00, NULL, 1),
(721, 6, 1, 10, 'TRIMESTRAL', 40160.00, NULL, 1),
(722, 6, 1, 11, 'TRIMESTRAL', 37194.00, NULL, 1),
(723, 6, 1, 12, 'TRIMESTRAL', 56287.00, NULL, 1),
(724, 6, 1, 28, 'TRIMESTRAL', 33146.00, NULL, 1),
(725, 6, 1, 29, 'TRIMESTRAL', 44619.00, NULL, 1),
(726, 6, 1, 30, 'TRIMESTRAL', 0.00, NULL, 1),
(727, 6, 1, 31, 'TRIMESTRAL', 0.00, NULL, 1),
(728, 6, 1, 32, 'TRIMESTRAL', 0.00, NULL, 1),
(729, 6, 1, 33, 'TRIMESTRAL', 0.00, NULL, 1),
(730, 6, 1, 34, 'TRIMESTRAL', 0.00, NULL, 1),
(731, 6, 1, 35, 'TRIMESTRAL', 0.00, NULL, 1),
(732, 6, 2, 13, 'TRIMESTRAL', 0.00, NULL, 1),
(733, 6, 2, 14, 'TRIMESTRAL', 0.00, NULL, 1),
(734, 6, 2, 15, 'TRIMESTRAL', 0.00, NULL, 1),
(735, 6, 2, 16, 'TRIMESTRAL', 0.00, NULL, 1),
(736, 6, 2, 1, 'TRIMESTRAL', 0.00, NULL, 1),
(737, 6, 2, 2, 'TRIMESTRAL', 0.00, NULL, 1),
(738, 6, 2, 3, 'TRIMESTRAL', 0.00, NULL, 1),
(739, 6, 2, 4, 'TRIMESTRAL', 0.00, NULL, 1),
(740, 6, 2, 5, 'TRIMESTRAL', 0.00, NULL, 1),
(741, 6, 2, 6, 'TRIMESTRAL', 0.00, NULL, 1),
(742, 6, 2, 7, 'TRIMESTRAL', 0.00, NULL, 1),
(743, 6, 2, 8, 'TRIMESTRAL', 85866.00, NULL, 1),
(744, 6, 2, 9, 'TRIMESTRAL', 59358.00, NULL, 1),
(745, 6, 2, 10, 'TRIMESTRAL', 70888.00, NULL, 1),
(746, 6, 2, 11, 'TRIMESTRAL', 66588.00, NULL, 1),
(747, 6, 2, 12, 'TRIMESTRAL', 96920.00, NULL, 1),
(748, 6, 2, 28, 'TRIMESTRAL', 67327.00, NULL, 1),
(749, 6, 2, 29, 'TRIMESTRAL', 80583.00, NULL, 1),
(750, 6, 2, 30, 'TRIMESTRAL', 0.00, NULL, 1),
(751, 6, 2, 31, 'TRIMESTRAL', 0.00, NULL, 1),
(752, 6, 2, 32, 'TRIMESTRAL', 0.00, NULL, 1),
(753, 6, 2, 33, 'TRIMESTRAL', 0.00, NULL, 1),
(754, 6, 2, 34, 'TRIMESTRAL', 0.00, NULL, 1),
(755, 6, 2, 35, 'TRIMESTRAL', 0.00, NULL, 1),
(756, 6, 3, 13, 'TRIMESTRAL', 95992.00, NULL, 1),
(757, 6, 3, 14, 'TRIMESTRAL', 114936.00, NULL, 1),
(758, 6, 3, 15, 'TRIMESTRAL', 107196.00, NULL, 1),
(759, 6, 3, 16, 'TRIMESTRAL', 167872.00, NULL, 1),
(760, 6, 3, 1, 'TRIMESTRAL', 108052.00, NULL, 1),
(761, 6, 3, 2, 'TRIMESTRAL', 149286.00, NULL, 1),
(762, 6, 3, 3, 'TRIMESTRAL', 125177.00, NULL, 1),
(763, 6, 3, 4, 'TRIMESTRAL', 187059.00, NULL, 1),
(764, 6, 3, 5, 'TRIMESTRAL', 126819.00, NULL, 1),
(765, 6, 3, 6, 'TRIMESTRAL', 150977.00, NULL, 1),
(766, 6, 3, 7, 'TRIMESTRAL', 133239.00, NULL, 1),
(767, 6, 3, 8, 'TRIMESTRAL', 200992.00, NULL, 1),
(768, 6, 3, 9, 'TRIMESTRAL', 141120.00, NULL, 1),
(769, 6, 3, 10, 'TRIMESTRAL', 158095.00, NULL, 1),
(770, 6, 3, 11, 'TRIMESTRAL', 151565.00, NULL, 1),
(771, 6, 3, 12, 'TRIMESTRAL', 223096.00, NULL, 1),
(772, 6, 3, 28, 'TRIMESTRAL', 144691.00, NULL, 1),
(773, 6, 3, 29, 'TRIMESTRAL', 161228.00, NULL, 1),
(774, 6, 3, 30, 'TRIMESTRAL', 0.00, NULL, 1),
(775, 6, 3, 31, 'TRIMESTRAL', 0.00, NULL, 1),
(776, 6, 3, 32, 'TRIMESTRAL', 0.00, NULL, 1),
(777, 6, 3, 33, 'TRIMESTRAL', 0.00, NULL, 1),
(778, 6, 3, 34, 'TRIMESTRAL', 0.00, NULL, 1),
(779, 6, 3, 35, 'TRIMESTRAL', 0.00, NULL, 1),
(780, 7, 1, 13, 'TRIMESTRAL', 12336.00, NULL, 1),
(781, 7, 1, 14, 'TRIMESTRAL', 13554.00, NULL, 1),
(782, 7, 1, 15, 'TRIMESTRAL', 11483.00, NULL, 1),
(783, 7, 1, 16, 'TRIMESTRAL', 15195.00, NULL, 1),
(784, 7, 1, 1, 'TRIMESTRAL', 13685.00, NULL, 1),
(785, 7, 1, 2, 'TRIMESTRAL', 15819.00, NULL, 1),
(786, 7, 1, 3, 'TRIMESTRAL', 15380.00, NULL, 1),
(787, 7, 1, 4, 'TRIMESTRAL', 19264.00, NULL, 1),
(788, 7, 1, 5, 'TRIMESTRAL', 18068.00, NULL, 1),
(789, 7, 1, 6, 'TRIMESTRAL', 19911.00, NULL, 1),
(790, 7, 1, 7, 'TRIMESTRAL', 18973.00, NULL, 1),
(791, 7, 1, 8, 'TRIMESTRAL', 22472.00, NULL, 1),
(792, 7, 1, 9, 'TRIMESTRAL', 20683.00, NULL, 1),
(793, 7, 1, 10, 'TRIMESTRAL', 22354.00, NULL, 1),
(794, 7, 1, 11, 'TRIMESTRAL', 21637.00, NULL, 1),
(795, 7, 1, 12, 'TRIMESTRAL', 23754.00, NULL, 1),
(796, 7, 1, 28, 'TRIMESTRAL', 20935.00, NULL, 1),
(797, 7, 1, 29, 'TRIMESTRAL', 21839.00, NULL, 1),
(798, 7, 1, 30, 'TRIMESTRAL', 0.00, NULL, 1),
(799, 7, 1, 31, 'TRIMESTRAL', 0.00, NULL, 1),
(800, 7, 1, 32, 'TRIMESTRAL', 0.00, NULL, 1),
(801, 7, 1, 33, 'TRIMESTRAL', 0.00, NULL, 1),
(802, 7, 1, 34, 'TRIMESTRAL', 0.00, NULL, 1),
(803, 7, 1, 35, 'TRIMESTRAL', 0.00, NULL, 1),
(804, 7, 2, 13, 'TRIMESTRAL', 0.00, NULL, 1),
(805, 7, 2, 14, 'TRIMESTRAL', 0.00, NULL, 1),
(806, 7, 2, 15, 'TRIMESTRAL', 0.00, NULL, 1),
(807, 7, 2, 16, 'TRIMESTRAL', 0.00, NULL, 1),
(808, 7, 2, 1, 'TRIMESTRAL', 0.00, NULL, 1),
(809, 7, 2, 2, 'TRIMESTRAL', 0.00, NULL, 1),
(810, 7, 2, 3, 'TRIMESTRAL', 0.00, NULL, 1),
(811, 7, 2, 4, 'TRIMESTRAL', 0.00, NULL, 1),
(812, 7, 2, 5, 'TRIMESTRAL', 0.00, NULL, 1),
(813, 7, 2, 6, 'TRIMESTRAL', 0.00, NULL, 1),
(814, 7, 2, 7, 'TRIMESTRAL', 0.00, NULL, 1),
(815, 7, 2, 8, 'TRIMESTRAL', 18227.00, NULL, 1),
(816, 7, 2, 9, 'TRIMESTRAL', 15328.00, NULL, 1),
(817, 7, 2, 10, 'TRIMESTRAL', 14210.00, NULL, 1),
(818, 7, 2, 11, 'TRIMESTRAL', 13625.00, NULL, 1),
(819, 7, 2, 12, 'TRIMESTRAL', 15013.00, NULL, 1),
(820, 7, 2, 28, 'TRIMESTRAL', 15664.00, NULL, 1),
(821, 7, 2, 29, 'TRIMESTRAL', 17093.00, NULL, 1),
(822, 7, 2, 30, 'TRIMESTRAL', 0.00, NULL, 1),
(823, 7, 2, 31, 'TRIMESTRAL', 0.00, NULL, 1),
(824, 7, 2, 32, 'TRIMESTRAL', 0.00, NULL, 1),
(825, 7, 2, 33, 'TRIMESTRAL', 0.00, NULL, 1),
(826, 7, 2, 34, 'TRIMESTRAL', 0.00, NULL, 1),
(827, 7, 2, 35, 'TRIMESTRAL', 0.00, NULL, 1),
(828, 7, 3, 13, 'TRIMESTRAL', 57566.00, NULL, 1),
(829, 7, 3, 14, 'TRIMESTRAL', 48247.00, NULL, 1),
(830, 7, 3, 15, 'TRIMESTRAL', 42703.00, NULL, 1),
(831, 7, 3, 16, 'TRIMESTRAL', 36233.00, NULL, 1),
(832, 7, 3, 1, 'TRIMESTRAL', 38891.00, NULL, 1),
(833, 7, 3, 2, 'TRIMESTRAL', 36399.00, NULL, 1),
(834, 7, 3, 3, 'TRIMESTRAL', 43091.00, NULL, 1),
(835, 7, 3, 4, 'TRIMESTRAL', 43826.00, NULL, 1),
(836, 7, 3, 5, 'TRIMESTRAL', 44875.00, NULL, 1),
(837, 7, 3, 6, 'TRIMESTRAL', 43722.00, NULL, 1),
(838, 7, 3, 7, 'TRIMESTRAL', 42140.00, NULL, 1),
(839, 7, 3, 8, 'TRIMESTRAL', 39854.00, NULL, 1),
(840, 7, 3, 9, 'TRIMESTRAL', 40839.00, NULL, 1),
(841, 7, 3, 10, 'TRIMESTRAL', 38434.00, NULL, 1),
(842, 7, 3, 11, 'TRIMESTRAL', 38368.00, NULL, 1),
(843, 7, 3, 12, 'TRIMESTRAL', 38601.00, NULL, 1),
(844, 7, 3, 28, 'TRIMESTRAL', 40470.00, NULL, 1),
(845, 7, 3, 29, 'TRIMESTRAL', 40125.00, NULL, 1),
(846, 7, 3, 30, 'TRIMESTRAL', 0.00, NULL, 1),
(847, 7, 3, 31, 'TRIMESTRAL', 0.00, NULL, 1),
(848, 7, 3, 32, 'TRIMESTRAL', 0.00, NULL, 1),
(849, 7, 3, 33, 'TRIMESTRAL', 0.00, NULL, 1),
(850, 7, 3, 34, 'TRIMESTRAL', 0.00, NULL, 1),
(851, 7, 3, 35, 'TRIMESTRAL', 0.00, NULL, 1),
(852, 1, 1, 1, 'TRIMESTRAL', 32222.00, '0000-00-00 00:00:00', 2),
(853, 1, 1, 2, 'TRIMESTRAL', 45918.00, '0000-00-00 00:00:00', 2),
(854, 1, 1, 3, 'TRIMESTRAL', 41370.00, '0000-00-00 00:00:00', 2),
(855, 1, 1, 4, 'TRIMESTRAL', 64401.00, '0000-00-00 00:00:00', 2),
(856, 1, 1, 5, 'TRIMESTRAL', 42968.00, '0000-00-00 00:00:00', 2),
(857, 1, 1, 6, 'TRIMESTRAL', 54256.00, '0000-00-00 00:00:00', 2),
(858, 1, 1, 7, 'TRIMESTRAL', 53014.00, '0000-00-00 00:00:00', 2),
(859, 1, 1, 8, 'TRIMESTRAL', 77275.00, '0000-00-00 00:00:00', 2),
(860, 1, 1, 9, 'TRIMESTRAL', 52444.00, '0000-00-00 00:00:00', 2),
(861, 1, 1, 10, 'TRIMESTRAL', 62514.00, '0000-00-00 00:00:00', 2),
(862, 1, 1, 11, 'TRIMESTRAL', 58831.00, '0000-00-00 00:00:00', 2),
(863, 1, 1, 12, 'TRIMESTRAL', 80041.00, '0000-00-00 00:00:00', 2),
(864, 1, 1, 13, 'TRIMESTRAL', 29510.00, '0000-00-00 00:00:00', 2),
(865, 1, 1, 14, 'TRIMESTRAL', 35315.00, '0000-00-00 00:00:00', 2),
(866, 1, 1, 15, 'TRIMESTRAL', 32630.00, '0000-00-00 00:00:00', 2),
(867, 1, 1, 16, 'TRIMESTRAL', 48906.00, '0000-00-00 00:00:00', 2),
(868, 1, 1, 28, 'TRIMESTRAL', 54081.00, '0000-00-00 00:00:00', 2),
(869, 1, 1, 29, 'TRIMESTRAL', 66458.00, '0000-00-00 00:00:00', 2),
(870, 1, 1, 30, 'TRIMESTRAL', 0.00, '0000-00-00 00:00:00', 2),
(871, 1, 1, 31, 'TRIMESTRAL', 0.00, '0000-00-00 00:00:00', 2),
(872, 1, 1, 32, 'TRIMESTRAL', 0.00, '0000-00-00 00:00:00', 2),
(873, 1, 1, 33, 'TRIMESTRAL', 0.00, '0000-00-00 00:00:00', 2),
(874, 1, 1, 34, 'TRIMESTRAL', 0.00, '0000-00-00 00:00:00', 2),
(875, 1, 1, 35, 'TRIMESTRAL', 0.00, '0000-00-00 00:00:00', 2),
(876, 1, 2, 1, 'TRIMESTRAL', 0.00, '0000-00-00 00:00:00', 2),
(877, 1, 2, 2, 'TRIMESTRAL', 0.00, '0000-00-00 00:00:00', 2),
(878, 1, 2, 3, 'TRIMESTRAL', 0.00, '0000-00-00 00:00:00', 2),
(879, 1, 2, 4, 'TRIMESTRAL', 0.00, '0000-00-00 00:00:00', 2),
(880, 1, 2, 5, 'TRIMESTRAL', 0.00, '0000-00-00 00:00:00', 2),
(881, 1, 2, 6, 'TRIMESTRAL', 0.00, '0000-00-00 00:00:00', 2),
(882, 1, 2, 7, 'TRIMESTRAL', 0.00, '0000-00-00 00:00:00', 2),
(883, 1, 2, 8, 'TRIMESTRAL', 104093.00, '0000-00-00 00:00:00', 2),
(884, 1, 2, 9, 'TRIMESTRAL', 74686.00, '0000-00-00 00:00:00', 2),
(885, 1, 2, 10, 'TRIMESTRAL', 85098.00, '0000-00-00 00:00:00', 2),
(886, 1, 2, 11, 'TRIMESTRAL', 80213.00, '0000-00-00 00:00:00', 2),
(887, 1, 2, 12, 'TRIMESTRAL', 111933.00, '0000-00-00 00:00:00', 2),
(888, 1, 2, 13, 'TRIMESTRAL', 0.00, '0000-00-00 00:00:00', 2),
(889, 1, 2, 14, 'TRIMESTRAL', 0.00, '0000-00-00 00:00:00', 2),
(890, 1, 2, 15, 'TRIMESTRAL', 0.00, '0000-00-00 00:00:00', 2),
(891, 1, 2, 16, 'TRIMESTRAL', 0.00, '0000-00-00 00:00:00', 2),
(892, 1, 2, 28, 'TRIMESTRAL', 82991.00, '0000-00-00 00:00:00', 2),
(893, 1, 2, 29, 'TRIMESTRAL', 97676.00, '0000-00-00 00:00:00', 2),
(894, 1, 2, 30, 'TRIMESTRAL', 0.00, '0000-00-00 00:00:00', 2),
(895, 1, 2, 31, 'TRIMESTRAL', 0.00, '0000-00-00 00:00:00', 2),
(896, 1, 2, 32, 'TRIMESTRAL', 0.00, '0000-00-00 00:00:00', 2),
(897, 1, 2, 33, 'TRIMESTRAL', 0.00, '0000-00-00 00:00:00', 2),
(898, 1, 2, 34, 'TRIMESTRAL', 0.00, '0000-00-00 00:00:00', 2),
(899, 1, 2, 35, 'TRIMESTRAL', 0.00, '0000-00-00 00:00:00', 2),
(900, 1, 3, 1, 'TRIMESTRAL', 146943.00, '0000-00-00 00:00:00', 2),
(901, 1, 3, 2, 'TRIMESTRAL', 185685.00, '0000-00-00 00:00:00', 2),
(902, 1, 3, 3, 'TRIMESTRAL', 168268.00, '0000-00-00 00:00:00', 2),
(903, 1, 3, 4, 'TRIMESTRAL', 230885.00, '0000-00-00 00:00:00', 2),
(904, 1, 3, 5, 'TRIMESTRAL', 171694.00, '0000-00-00 00:00:00', 2),
(905, 1, 3, 6, 'TRIMESTRAL', 194699.00, '0000-00-00 00:00:00', 2),
(906, 1, 3, 7, 'TRIMESTRAL', 175379.00, '0000-00-00 00:00:00', 2),
(907, 1, 3, 8, 'TRIMESTRAL', 240846.00, '0000-00-00 00:00:00', 2),
(908, 1, 3, 9, 'TRIMESTRAL', 181959.00, '0000-00-00 00:00:00', 2),
(909, 1, 3, 10, 'TRIMESTRAL', 196529.00, '0000-00-00 00:00:00', 2),
(910, 1, 3, 11, 'TRIMESTRAL', 189933.00, '0000-00-00 00:00:00', 2),
(911, 1, 3, 12, 'TRIMESTRAL', 261697.00, '0000-00-00 00:00:00', 2),
(912, 1, 3, 13, 'TRIMESTRAL', 153558.00, '0000-00-00 00:00:00', 2),
(913, 1, 3, 14, 'TRIMESTRAL', 163183.00, '0000-00-00 00:00:00', 2),
(914, 1, 3, 15, 'TRIMESTRAL', 149899.00, '0000-00-00 00:00:00', 2),
(915, 1, 3, 16, 'TRIMESTRAL', 204105.00, '0000-00-00 00:00:00', 2),
(916, 1, 3, 28, 'TRIMESTRAL', 185161.00, '0000-00-00 00:00:00', 2),
(917, 1, 3, 29, 'TRIMESTRAL', 201353.00, '0000-00-00 00:00:00', 2),
(918, 1, 3, 30, 'TRIMESTRAL', 0.00, '0000-00-00 00:00:00', 2),
(919, 1, 3, 31, 'TRIMESTRAL', 0.00, '0000-00-00 00:00:00', 2),
(920, 1, 3, 32, 'TRIMESTRAL', 0.00, '0000-00-00 00:00:00', 2),
(921, 1, 3, 33, 'TRIMESTRAL', 0.00, '0000-00-00 00:00:00', 2),
(922, 1, 3, 34, 'TRIMESTRAL', 0.00, '0000-00-00 00:00:00', 2),
(923, 1, 3, 35, 'TRIMESTRAL', 0.00, '0000-00-00 00:00:00', 2),
(924, 8, 1, 1, 'TRIMESTRAL', 0.00, '1900-01-01 00:00:00', 1),
(925, 8, 2, 1, 'TRIMESTRAL', 0.00, '1900-01-01 00:00:00', 1),
(926, 8, 3, 1, 'TRIMESTRAL', 0.00, '1900-01-01 00:00:00', 1),
(927, 8, 1, 2, 'TRIMESTRAL', 0.00, '1900-01-01 00:00:00', 1),
(928, 8, 2, 2, 'TRIMESTRAL', 0.00, '1900-01-01 00:00:00', 1),
(929, 8, 3, 2, 'TRIMESTRAL', 0.00, '1900-01-01 00:00:00', 1),
(930, 8, 1, 3, 'TRIMESTRAL', 0.00, '1900-01-01 00:00:00', 1),
(931, 8, 2, 3, 'TRIMESTRAL', 0.00, '1900-01-01 00:00:00', 1),
(932, 8, 3, 3, 'TRIMESTRAL', 0.00, '1900-01-01 00:00:00', 1),
(933, 8, 1, 4, 'TRIMESTRAL', 0.00, '1900-01-01 00:00:00', 1),
(934, 8, 2, 4, 'TRIMESTRAL', 0.00, '1900-01-01 00:00:00', 1),
(935, 8, 3, 4, 'TRIMESTRAL', 0.00, '1900-01-01 00:00:00', 1),
(936, 8, 1, 5, 'TRIMESTRAL', 0.00, '1900-01-01 00:00:00', 1),
(937, 8, 2, 5, 'TRIMESTRAL', 0.00, '1900-01-01 00:00:00', 1),
(938, 8, 3, 5, 'TRIMESTRAL', 0.00, '1900-01-01 00:00:00', 1),
(939, 8, 1, 6, 'TRIMESTRAL', 0.00, '1900-01-01 00:00:00', 1),
(940, 8, 2, 6, 'TRIMESTRAL', 0.00, '1900-01-01 00:00:00', 1),
(941, 8, 3, 6, 'TRIMESTRAL', 0.00, '1900-01-01 00:00:00', 1),
(942, 8, 1, 7, 'TRIMESTRAL', 0.00, '1900-01-01 00:00:00', 1),
(943, 8, 2, 7, 'TRIMESTRAL', 0.00, '1900-01-01 00:00:00', 1),
(944, 8, 3, 7, 'TRIMESTRAL', 0.00, '1900-01-01 00:00:00', 1),
(945, 8, 1, 8, 'TRIMESTRAL', 0.00, '1900-01-01 00:00:00', 1),
(946, 8, 2, 8, 'TRIMESTRAL', 0.00, '1900-01-01 00:00:00', 1),
(947, 8, 3, 8, 'TRIMESTRAL', 0.00, '1900-01-01 00:00:00', 1),
(948, 8, 1, 9, 'TRIMESTRAL', 0.00, '1900-01-01 00:00:00', 1),
(949, 8, 2, 9, 'TRIMESTRAL', 0.00, '1900-01-01 00:00:00', 1),
(950, 8, 3, 9, 'TRIMESTRAL', 0.00, '1900-01-01 00:00:00', 1),
(951, 8, 1, 10, 'TRIMESTRAL', 0.00, '1900-01-01 00:00:00', 1),
(952, 8, 2, 10, 'TRIMESTRAL', 0.00, '1900-01-01 00:00:00', 1),
(953, 8, 3, 10, 'TRIMESTRAL', 0.00, '1900-01-01 00:00:00', 1),
(954, 8, 1, 11, 'TRIMESTRAL', 0.00, '1900-01-01 00:00:00', 1),
(955, 8, 2, 11, 'TRIMESTRAL', 0.00, '1900-01-01 00:00:00', 1),
(956, 8, 3, 11, 'TRIMESTRAL', 0.00, '1900-01-01 00:00:00', 1),
(957, 8, 1, 12, 'TRIMESTRAL', 0.00, '1900-01-01 00:00:00', 1),
(958, 8, 2, 12, 'TRIMESTRAL', 0.00, '1900-01-01 00:00:00', 1),
(959, 8, 3, 12, 'TRIMESTRAL', 0.00, '1900-01-01 00:00:00', 1),
(960, 8, 1, 13, 'TRIMESTRAL', 0.00, '1900-01-01 00:00:00', 1),
(961, 8, 2, 13, 'TRIMESTRAL', 0.00, '1900-01-01 00:00:00', 1),
(962, 8, 3, 13, 'TRIMESTRAL', 0.00, '1900-01-01 00:00:00', 1),
(963, 8, 1, 14, 'TRIMESTRAL', 0.00, '1900-01-01 00:00:00', 1),
(964, 8, 2, 14, 'TRIMESTRAL', 0.00, '1900-01-01 00:00:00', 1),
(965, 8, 3, 14, 'TRIMESTRAL', 0.00, '1900-01-01 00:00:00', 1),
(966, 8, 1, 15, 'TRIMESTRAL', 0.00, '1900-01-01 00:00:00', 1),
(967, 8, 2, 15, 'TRIMESTRAL', 0.00, '1900-01-01 00:00:00', 1),
(968, 8, 3, 15, 'TRIMESTRAL', 0.00, '1900-01-01 00:00:00', 1),
(969, 8, 1, 16, 'TRIMESTRAL', 0.00, '1900-01-01 00:00:00', 1),
(970, 8, 2, 16, 'TRIMESTRAL', 0.00, '1900-01-01 00:00:00', 1),
(971, 8, 3, 16, 'TRIMESTRAL', 0.00, '1900-01-01 00:00:00', 1),
(972, 8, 1, 28, 'TRIMESTRAL', 0.00, '1900-01-01 00:00:00', 1),
(973, 8, 2, 28, 'TRIMESTRAL', 0.00, '1900-01-01 00:00:00', 1),
(974, 8, 3, 28, 'TRIMESTRAL', 0.00, '1900-01-01 00:00:00', 1),
(975, 8, 1, 29, 'TRIMESTRAL', 0.00, '1900-01-01 00:00:00', 1),
(976, 8, 2, 29, 'TRIMESTRAL', 0.00, '1900-01-01 00:00:00', 1),
(977, 8, 3, 29, 'TRIMESTRAL', 0.00, '1900-01-01 00:00:00', 1),
(978, 8, 1, 30, 'TRIMESTRAL', 0.00, '1900-01-01 00:00:00', 1),
(979, 8, 2, 30, 'TRIMESTRAL', 0.00, '1900-01-01 00:00:00', 1),
(980, 8, 3, 30, 'TRIMESTRAL', 0.00, '1900-01-01 00:00:00', 1),
(981, 8, 1, 31, 'TRIMESTRAL', 0.00, '1900-01-01 00:00:00', 1),
(982, 8, 2, 31, 'TRIMESTRAL', 0.00, '1900-01-01 00:00:00', 1),
(983, 8, 3, 31, 'TRIMESTRAL', 0.00, '1900-01-01 00:00:00', 1),
(984, 8, 1, 32, 'TRIMESTRAL', 0.00, '1900-01-01 00:00:00', 1),
(985, 8, 2, 32, 'TRIMESTRAL', 0.00, '1900-01-01 00:00:00', 1),
(986, 8, 3, 32, 'TRIMESTRAL', 0.00, '1900-01-01 00:00:00', 1),
(987, 8, 1, 33, 'TRIMESTRAL', 0.00, '1900-01-01 00:00:00', 1),
(988, 8, 2, 33, 'TRIMESTRAL', 0.00, '1900-01-01 00:00:00', 1),
(989, 8, 3, 33, 'TRIMESTRAL', 0.00, '1900-01-01 00:00:00', 1),
(990, 8, 1, 34, 'TRIMESTRAL', 0.00, '1900-01-01 00:00:00', 1),
(991, 8, 2, 34, 'TRIMESTRAL', 0.00, '1900-01-01 00:00:00', 1),
(992, 8, 3, 34, 'TRIMESTRAL', 0.00, '1900-01-01 00:00:00', 1),
(993, 8, 1, 35, 'TRIMESTRAL', 0.00, '1900-01-01 00:00:00', 1),
(994, 8, 2, 35, 'TRIMESTRAL', 0.00, '1900-01-01 00:00:00', 1),
(995, 8, 3, 35, 'TRIMESTRAL', 0.00, '1900-01-01 00:00:00', 1),
(1051, 9, 1, 1, 'TRIMESTRAL', 0.00, '1900-01-01 00:00:00', 1),
(1052, 9, 2, 1, 'TRIMESTRAL', 0.00, '1900-01-01 00:00:00', 1),
(1053, 9, 3, 1, 'TRIMESTRAL', 0.00, '1900-01-01 00:00:00', 1),
(1054, 9, 1, 2, 'TRIMESTRAL', 0.00, '1900-01-01 00:00:00', 1),
(1055, 9, 2, 2, 'TRIMESTRAL', 0.00, '1900-01-01 00:00:00', 1),
(1056, 9, 3, 2, 'TRIMESTRAL', 0.00, '1900-01-01 00:00:00', 1),
(1057, 9, 1, 3, 'TRIMESTRAL', 0.00, '1900-01-01 00:00:00', 1),
(1058, 9, 2, 3, 'TRIMESTRAL', 0.00, '1900-01-01 00:00:00', 1),
(1059, 9, 3, 3, 'TRIMESTRAL', 0.00, '1900-01-01 00:00:00', 1),
(1060, 9, 1, 4, 'TRIMESTRAL', 0.00, '1900-01-01 00:00:00', 1),
(1061, 9, 2, 4, 'TRIMESTRAL', 0.00, '1900-01-01 00:00:00', 1),
(1062, 9, 3, 4, 'TRIMESTRAL', 0.00, '1900-01-01 00:00:00', 1),
(1063, 9, 1, 5, 'TRIMESTRAL', 0.00, '1900-01-01 00:00:00', 1),
(1064, 9, 2, 5, 'TRIMESTRAL', 0.00, '1900-01-01 00:00:00', 1),
(1065, 9, 3, 5, 'TRIMESTRAL', 0.00, '1900-01-01 00:00:00', 1),
(1066, 9, 1, 6, 'TRIMESTRAL', 0.00, '1900-01-01 00:00:00', 1),
(1067, 9, 2, 6, 'TRIMESTRAL', 0.00, '1900-01-01 00:00:00', 1),
(1068, 9, 3, 6, 'TRIMESTRAL', 0.00, '1900-01-01 00:00:00', 1),
(1069, 9, 1, 7, 'TRIMESTRAL', 0.00, '1900-01-01 00:00:00', 1),
(1070, 9, 2, 7, 'TRIMESTRAL', 0.00, '1900-01-01 00:00:00', 1),
(1071, 9, 3, 7, 'TRIMESTRAL', 0.00, '1900-01-01 00:00:00', 1),
(1072, 9, 1, 8, 'TRIMESTRAL', 0.00, '1900-01-01 00:00:00', 1),
(1073, 9, 2, 8, 'TRIMESTRAL', 0.00, '1900-01-01 00:00:00', 1),
(1074, 9, 3, 8, 'TRIMESTRAL', 0.00, '1900-01-01 00:00:00', 1),
(1075, 9, 1, 9, 'TRIMESTRAL', 0.00, '1900-01-01 00:00:00', 1),
(1076, 9, 2, 9, 'TRIMESTRAL', 0.00, '1900-01-01 00:00:00', 1),
(1077, 9, 3, 9, 'TRIMESTRAL', 0.00, '1900-01-01 00:00:00', 1),
(1078, 9, 1, 10, 'TRIMESTRAL', 0.00, '1900-01-01 00:00:00', 1),
(1079, 9, 2, 10, 'TRIMESTRAL', 0.00, '1900-01-01 00:00:00', 1),
(1080, 9, 3, 10, 'TRIMESTRAL', 0.00, '1900-01-01 00:00:00', 1),
(1081, 9, 1, 11, 'TRIMESTRAL', 0.00, '1900-01-01 00:00:00', 1),
(1082, 9, 2, 11, 'TRIMESTRAL', 0.00, '1900-01-01 00:00:00', 1),
(1083, 9, 3, 11, 'TRIMESTRAL', 0.00, '1900-01-01 00:00:00', 1),
(1084, 9, 1, 12, 'TRIMESTRAL', 0.00, '1900-01-01 00:00:00', 1),
(1085, 9, 2, 12, 'TRIMESTRAL', 0.00, '1900-01-01 00:00:00', 1),
(1086, 9, 3, 12, 'TRIMESTRAL', 0.00, '1900-01-01 00:00:00', 1),
(1087, 9, 1, 13, 'TRIMESTRAL', 0.00, '1900-01-01 00:00:00', 1),
(1088, 9, 2, 13, 'TRIMESTRAL', 0.00, '1900-01-01 00:00:00', 1),
(1089, 9, 3, 13, 'TRIMESTRAL', 0.00, '1900-01-01 00:00:00', 1),
(1090, 9, 1, 14, 'TRIMESTRAL', 0.00, '1900-01-01 00:00:00', 1),
(1091, 9, 2, 14, 'TRIMESTRAL', 0.00, '1900-01-01 00:00:00', 1),
(1092, 9, 3, 14, 'TRIMESTRAL', 0.00, '1900-01-01 00:00:00', 1),
(1093, 9, 1, 15, 'TRIMESTRAL', 0.00, '1900-01-01 00:00:00', 1),
(1094, 9, 2, 15, 'TRIMESTRAL', 0.00, '1900-01-01 00:00:00', 1),
(1095, 9, 3, 15, 'TRIMESTRAL', 0.00, '1900-01-01 00:00:00', 1),
(1096, 9, 1, 16, 'TRIMESTRAL', 0.00, '1900-01-01 00:00:00', 1),
(1097, 9, 2, 16, 'TRIMESTRAL', 0.00, '1900-01-01 00:00:00', 1),
(1098, 9, 3, 16, 'TRIMESTRAL', 0.00, '1900-01-01 00:00:00', 1),
(1099, 9, 1, 28, 'TRIMESTRAL', 0.00, '1900-01-01 00:00:00', 1),
(1100, 9, 2, 28, 'TRIMESTRAL', 0.00, '1900-01-01 00:00:00', 1),
(1101, 9, 3, 28, 'TRIMESTRAL', 0.00, '1900-01-01 00:00:00', 1),
(1102, 9, 1, 29, 'TRIMESTRAL', 0.00, '1900-01-01 00:00:00', 1),
(1103, 9, 2, 29, 'TRIMESTRAL', 0.00, '1900-01-01 00:00:00', 1),
(1104, 9, 3, 29, 'TRIMESTRAL', 0.00, '1900-01-01 00:00:00', 1),
(1105, 9, 1, 30, 'TRIMESTRAL', 0.00, '1900-01-01 00:00:00', 1),
(1106, 9, 2, 30, 'TRIMESTRAL', 0.00, '1900-01-01 00:00:00', 1),
(1107, 9, 3, 30, 'TRIMESTRAL', 0.00, '1900-01-01 00:00:00', 1),
(1108, 9, 1, 31, 'TRIMESTRAL', 0.00, '1900-01-01 00:00:00', 1),
(1109, 9, 2, 31, 'TRIMESTRAL', 0.00, '1900-01-01 00:00:00', 1),
(1110, 9, 3, 31, 'TRIMESTRAL', 0.00, '1900-01-01 00:00:00', 1),
(1111, 9, 1, 32, 'TRIMESTRAL', 0.00, '1900-01-01 00:00:00', 1),
(1112, 9, 2, 32, 'TRIMESTRAL', 0.00, '1900-01-01 00:00:00', 1),
(1113, 9, 3, 32, 'TRIMESTRAL', 0.00, '1900-01-01 00:00:00', 1),
(1114, 9, 1, 33, 'TRIMESTRAL', 0.00, '1900-01-01 00:00:00', 1),
(1115, 9, 2, 33, 'TRIMESTRAL', 0.00, '1900-01-01 00:00:00', 1),
(1116, 9, 3, 33, 'TRIMESTRAL', 0.00, '1900-01-01 00:00:00', 1),
(1117, 9, 1, 34, 'TRIMESTRAL', 0.00, '1900-01-01 00:00:00', 1),
(1118, 9, 2, 34, 'TRIMESTRAL', 0.00, '1900-01-01 00:00:00', 1),
(1119, 9, 3, 34, 'TRIMESTRAL', 0.00, '1900-01-01 00:00:00', 1),
(1120, 9, 1, 35, 'TRIMESTRAL', 0.00, '1900-01-01 00:00:00', 1),
(1121, 9, 2, 35, 'TRIMESTRAL', 0.00, '1900-01-01 00:00:00', 1),
(1122, 9, 3, 35, 'TRIMESTRAL', 0.00, '1900-01-01 00:00:00', 1),
(1178, 10, 1, 1, 'TRIMESTRAL', 0.00, '1900-01-01 00:00:00', 1),
(1179, 10, 2, 1, 'TRIMESTRAL', 0.00, '1900-01-01 00:00:00', 1),
(1180, 10, 3, 1, 'TRIMESTRAL', 0.00, '1900-01-01 00:00:00', 1),
(1181, 10, 1, 2, 'TRIMESTRAL', 0.00, '1900-01-01 00:00:00', 1),
(1182, 10, 2, 2, 'TRIMESTRAL', 0.00, '1900-01-01 00:00:00', 1),
(1183, 10, 3, 2, 'TRIMESTRAL', 0.00, '1900-01-01 00:00:00', 1),
(1184, 10, 1, 3, 'TRIMESTRAL', 0.00, '1900-01-01 00:00:00', 1),
(1185, 10, 2, 3, 'TRIMESTRAL', 0.00, '1900-01-01 00:00:00', 1),
(1186, 10, 3, 3, 'TRIMESTRAL', 0.00, '1900-01-01 00:00:00', 1),
(1187, 10, 1, 4, 'TRIMESTRAL', 0.00, '1900-01-01 00:00:00', 1),
(1188, 10, 2, 4, 'TRIMESTRAL', 0.00, '1900-01-01 00:00:00', 1),
(1189, 10, 3, 4, 'TRIMESTRAL', 0.00, '1900-01-01 00:00:00', 1),
(1190, 10, 1, 5, 'TRIMESTRAL', 0.00, '1900-01-01 00:00:00', 1),
(1191, 10, 2, 5, 'TRIMESTRAL', 0.00, '1900-01-01 00:00:00', 1),
(1192, 10, 3, 5, 'TRIMESTRAL', 0.00, '1900-01-01 00:00:00', 1),
(1193, 10, 1, 6, 'TRIMESTRAL', 0.00, '1900-01-01 00:00:00', 1),
(1194, 10, 2, 6, 'TRIMESTRAL', 0.00, '1900-01-01 00:00:00', 1),
(1195, 10, 3, 6, 'TRIMESTRAL', 0.00, '1900-01-01 00:00:00', 1),
(1196, 10, 1, 7, 'TRIMESTRAL', 0.00, '1900-01-01 00:00:00', 1),
(1197, 10, 2, 7, 'TRIMESTRAL', 0.00, '1900-01-01 00:00:00', 1),
(1198, 10, 3, 7, 'TRIMESTRAL', 0.00, '1900-01-01 00:00:00', 1),
(1199, 10, 1, 8, 'TRIMESTRAL', 0.00, '1900-01-01 00:00:00', 1),
(1200, 10, 2, 8, 'TRIMESTRAL', 0.00, '1900-01-01 00:00:00', 1),
(1201, 10, 3, 8, 'TRIMESTRAL', 0.00, '1900-01-01 00:00:00', 1),
(1202, 10, 1, 9, 'TRIMESTRAL', 0.00, '1900-01-01 00:00:00', 1),
(1203, 10, 2, 9, 'TRIMESTRAL', 0.00, '1900-01-01 00:00:00', 1),
(1204, 10, 3, 9, 'TRIMESTRAL', 0.00, '1900-01-01 00:00:00', 1),
(1205, 10, 1, 10, 'TRIMESTRAL', 0.00, '1900-01-01 00:00:00', 1),
(1206, 10, 2, 10, 'TRIMESTRAL', 0.00, '1900-01-01 00:00:00', 1),
(1207, 10, 3, 10, 'TRIMESTRAL', 0.00, '1900-01-01 00:00:00', 1),
(1208, 10, 1, 11, 'TRIMESTRAL', 0.00, '1900-01-01 00:00:00', 1),
(1209, 10, 2, 11, 'TRIMESTRAL', 0.00, '1900-01-01 00:00:00', 1),
(1210, 10, 3, 11, 'TRIMESTRAL', 0.00, '1900-01-01 00:00:00', 1),
(1211, 10, 1, 12, 'TRIMESTRAL', 0.00, '1900-01-01 00:00:00', 1),
(1212, 10, 2, 12, 'TRIMESTRAL', 0.00, '1900-01-01 00:00:00', 1),
(1213, 10, 3, 12, 'TRIMESTRAL', 0.00, '1900-01-01 00:00:00', 1),
(1214, 10, 1, 13, 'TRIMESTRAL', 0.00, '1900-01-01 00:00:00', 1),
(1215, 10, 2, 13, 'TRIMESTRAL', 0.00, '1900-01-01 00:00:00', 1),
(1216, 10, 3, 13, 'TRIMESTRAL', 0.00, '1900-01-01 00:00:00', 1),
(1217, 10, 1, 14, 'TRIMESTRAL', 0.00, '1900-01-01 00:00:00', 1),
(1218, 10, 2, 14, 'TRIMESTRAL', 0.00, '1900-01-01 00:00:00', 1),
(1219, 10, 3, 14, 'TRIMESTRAL', 0.00, '1900-01-01 00:00:00', 1),
(1220, 10, 1, 15, 'TRIMESTRAL', 0.00, '1900-01-01 00:00:00', 1),
(1221, 10, 2, 15, 'TRIMESTRAL', 0.00, '1900-01-01 00:00:00', 1),
(1222, 10, 3, 15, 'TRIMESTRAL', 0.00, '1900-01-01 00:00:00', 1),
(1223, 10, 1, 16, 'TRIMESTRAL', 0.00, '1900-01-01 00:00:00', 1),
(1224, 10, 2, 16, 'TRIMESTRAL', 0.00, '1900-01-01 00:00:00', 1),
(1225, 10, 3, 16, 'TRIMESTRAL', 0.00, '1900-01-01 00:00:00', 1),
(1226, 10, 1, 28, 'TRIMESTRAL', 0.00, '1900-01-01 00:00:00', 1),
(1227, 10, 2, 28, 'TRIMESTRAL', 0.00, '1900-01-01 00:00:00', 1),
(1228, 10, 3, 28, 'TRIMESTRAL', 0.00, '1900-01-01 00:00:00', 1),
(1229, 10, 1, 29, 'TRIMESTRAL', 0.00, '1900-01-01 00:00:00', 1),
(1230, 10, 2, 29, 'TRIMESTRAL', 0.00, '1900-01-01 00:00:00', 1),
(1231, 10, 3, 29, 'TRIMESTRAL', 0.00, '1900-01-01 00:00:00', 1),
(1232, 10, 1, 30, 'TRIMESTRAL', 0.00, '1900-01-01 00:00:00', 1),
(1233, 10, 2, 30, 'TRIMESTRAL', 0.00, '1900-01-01 00:00:00', 1),
(1234, 10, 3, 30, 'TRIMESTRAL', 0.00, '1900-01-01 00:00:00', 1),
(1235, 10, 1, 31, 'TRIMESTRAL', 0.00, '1900-01-01 00:00:00', 1),
(1236, 10, 2, 31, 'TRIMESTRAL', 0.00, '1900-01-01 00:00:00', 1),
(1237, 10, 3, 31, 'TRIMESTRAL', 0.00, '1900-01-01 00:00:00', 1),
(1238, 10, 1, 32, 'TRIMESTRAL', 0.00, '1900-01-01 00:00:00', 1),
(1239, 10, 2, 32, 'TRIMESTRAL', 0.00, '1900-01-01 00:00:00', 1),
(1240, 10, 3, 32, 'TRIMESTRAL', 0.00, '1900-01-01 00:00:00', 1),
(1241, 10, 1, 33, 'TRIMESTRAL', 0.00, '1900-01-01 00:00:00', 1),
(1242, 10, 2, 33, 'TRIMESTRAL', 0.00, '1900-01-01 00:00:00', 1),
(1243, 10, 3, 33, 'TRIMESTRAL', 0.00, '1900-01-01 00:00:00', 1),
(1244, 10, 1, 34, 'TRIMESTRAL', 0.00, '1900-01-01 00:00:00', 1),
(1245, 10, 2, 34, 'TRIMESTRAL', 0.00, '1900-01-01 00:00:00', 1),
(1246, 10, 3, 34, 'TRIMESTRAL', 0.00, '1900-01-01 00:00:00', 1),
(1247, 10, 1, 35, 'TRIMESTRAL', 0.00, '1900-01-01 00:00:00', 1),
(1248, 10, 2, 35, 'TRIMESTRAL', 0.00, '1900-01-01 00:00:00', 1),
(1249, 10, 3, 35, 'TRIMESTRAL', 0.00, '1900-01-01 00:00:00', 1),
(1305, 11, 2, 13, 'TRIMESTRAL', 0.00, NULL, 1),
(1306, 11, 2, 14, 'TRIMESTRAL', 0.00, NULL, 1),
(1307, 11, 2, 15, 'TRIMESTRAL', 0.00, NULL, 1),
(1308, 11, 2, 16, 'TRIMESTRAL', 0.00, NULL, 1),
(1309, 11, 2, 1, 'TRIMESTRAL', 0.00, NULL, 1),
(1310, 11, 2, 2, 'TRIMESTRAL', 0.00, NULL, 1);
INSERT INTO `valores` (`ID_VALOR`, `ID_TAG_AGF`, `ID_EMPRESA`, `ID_PERIODO`, `tipo`, `VALOR`, `DT_MODIFICACION`, `origen`) VALUES
(1311, 11, 2, 3, 'TRIMESTRAL', 0.00, NULL, 1),
(1312, 11, 2, 4, 'TRIMESTRAL', 0.00, NULL, 1),
(1313, 11, 2, 5, 'TRIMESTRAL', 0.00, NULL, 1),
(1314, 11, 2, 6, 'TRIMESTRAL', 0.00, NULL, 1),
(1315, 11, 2, 7, 'TRIMESTRAL', 0.00, NULL, 1),
(1316, 11, 2, 8, 'TRIMESTRAL', 118015.00, NULL, 1),
(1317, 11, 2, 9, 'TRIMESTRAL', 98889.00, NULL, 1),
(1318, 11, 2, 10, 'TRIMESTRAL', 94381.00, NULL, 1),
(1319, 11, 2, 11, 'TRIMESTRAL', 87281.00, NULL, 1),
(1320, 11, 2, 12, 'TRIMESTRAL', 102229.00, NULL, 1),
(1321, 11, 2, 28, 'TRIMESTRAL', 100669.00, NULL, 1),
(1322, 11, 2, 29, 'TRIMESTRAL', 110318.00, NULL, 1),
(1323, 11, 2, 30, 'TRIMESTRAL', 0.00, NULL, 1),
(1324, 11, 2, 31, 'TRIMESTRAL', 0.00, NULL, 1),
(1325, 11, 2, 32, 'TRIMESTRAL', 0.00, NULL, 1),
(1326, 11, 2, 33, 'TRIMESTRAL', 0.00, NULL, 1),
(1327, 11, 2, 34, 'TRIMESTRAL', 0.00, NULL, 1),
(1328, 11, 2, 35, 'TRIMESTRAL', 0.00, NULL, 1),
(1329, 11, 1, 13, 'TRIMESTRAL', 0.00, NULL, 1),
(1330, 11, 1, 14, 'TRIMESTRAL', 0.00, NULL, 1),
(1331, 11, 1, 15, 'TRIMESTRAL', 0.00, NULL, 1),
(1332, 11, 1, 16, 'TRIMESTRAL', 0.00, NULL, 1),
(1333, 11, 1, 1, 'TRIMESTRAL', 0.00, NULL, 1),
(1334, 11, 1, 2, 'TRIMESTRAL', 0.00, NULL, 1),
(1335, 11, 1, 3, 'TRIMESTRAL', 0.00, NULL, 1),
(1336, 11, 1, 4, 'TRIMESTRAL', 111358.00, NULL, 1),
(1337, 11, 1, 5, 'TRIMESTRAL', 0.00, NULL, 1),
(1338, 11, 1, 6, 'TRIMESTRAL', 0.00, NULL, 1),
(1339, 11, 1, 7, 'TRIMESTRAL', 0.00, NULL, 1),
(1340, 11, 1, 8, 'TRIMESTRAL', 131351.00, NULL, 1),
(1341, 11, 1, 9, 'TRIMESTRAL', 123438.00, NULL, 1),
(1342, 11, 1, 10, 'TRIMESTRAL', 124058.00, NULL, 1),
(1343, 11, 1, 11, 'TRIMESTRAL', 121007.00, NULL, 1),
(1344, 11, 1, 12, 'TRIMESTRAL', 131726.00, NULL, 1),
(1345, 11, 1, 28, 'TRIMESTRAL', 120447.00, NULL, 1),
(1346, 11, 1, 29, 'TRIMESTRAL', 118918.00, NULL, 1),
(1347, 11, 1, 30, 'TRIMESTRAL', 0.00, NULL, 1),
(1348, 11, 1, 31, 'TRIMESTRAL', 0.00, NULL, 1),
(1349, 11, 1, 32, 'TRIMESTRAL', 0.00, NULL, 1),
(1350, 11, 1, 33, 'TRIMESTRAL', 0.00, NULL, 1),
(1351, 11, 1, 34, 'TRIMESTRAL', 0.00, NULL, 1),
(1352, 11, 1, 35, 'TRIMESTRAL', 0.00, NULL, 1),
(1353, 11, 3, 13, 'TRIMESTRAL', 0.00, NULL, 1),
(1354, 11, 3, 14, 'TRIMESTRAL', 0.00, NULL, 1),
(1355, 11, 3, 15, 'TRIMESTRAL', 0.00, NULL, 1),
(1356, 11, 3, 16, 'TRIMESTRAL', 0.00, NULL, 1),
(1357, 11, 3, 1, 'TRIMESTRAL', 0.00, NULL, 1),
(1358, 11, 3, 2, 'TRIMESTRAL', 0.00, NULL, 1),
(1359, 11, 3, 3, 'TRIMESTRAL', 0.00, NULL, 1),
(1360, 11, 3, 4, 'TRIMESTRAL', 392000.00, NULL, 1),
(1361, 11, 3, 5, 'TRIMESTRAL', 0.00, NULL, 1),
(1362, 11, 3, 6, 'TRIMESTRAL', 0.00, NULL, 1),
(1363, 11, 3, 7, 'TRIMESTRAL', 0.00, NULL, 1),
(1364, 11, 3, 8, 'TRIMESTRAL', 385558.00, NULL, 1),
(1365, 11, 3, 9, 'TRIMESTRAL', 361356.00, NULL, 1),
(1366, 11, 3, 10, 'TRIMESTRAL', 353940.00, NULL, 1),
(1367, 11, 3, 11, 'TRIMESTRAL', 355968.00, NULL, 1),
(1368, 11, 3, 12, 'TRIMESTRAL', 391829.00, NULL, 1),
(1369, 11, 3, 28, 'TRIMESTRAL', 372069.00, NULL, 1),
(1370, 11, 3, 29, 'TRIMESTRAL', 375521.00, NULL, 1),
(1371, 11, 3, 30, 'TRIMESTRAL', 0.00, NULL, 1),
(1372, 11, 3, 31, 'TRIMESTRAL', 0.00, NULL, 1),
(1373, 11, 3, 32, 'TRIMESTRAL', 0.00, NULL, 1),
(1374, 11, 3, 33, 'TRIMESTRAL', 0.00, NULL, 1),
(1375, 11, 3, 34, 'TRIMESTRAL', 0.00, NULL, 1),
(1376, 11, 3, 35, 'TRIMESTRAL', 0.00, NULL, 1),
(1377, 12, 2, 13, 'TRIMESTRAL', 0.00, NULL, 1),
(1378, 12, 2, 14, 'TRIMESTRAL', 0.00, NULL, 1),
(1379, 12, 2, 15, 'TRIMESTRAL', 0.00, NULL, 1),
(1380, 12, 2, 16, 'TRIMESTRAL', 0.00, NULL, 1),
(1381, 12, 2, 1, 'TRIMESTRAL', 0.00, NULL, 1),
(1382, 12, 2, 2, 'TRIMESTRAL', 0.00, NULL, 1),
(1383, 12, 2, 3, 'TRIMESTRAL', 0.00, NULL, 1),
(1384, 12, 2, 4, 'TRIMESTRAL', 0.00, NULL, 1),
(1385, 12, 2, 5, 'TRIMESTRAL', 0.00, NULL, 1),
(1386, 12, 2, 6, 'TRIMESTRAL', 0.00, NULL, 1),
(1387, 12, 2, 7, 'TRIMESTRAL', 0.00, NULL, 1),
(1388, 12, 2, 8, 'TRIMESTRAL', 75527.00, NULL, 1),
(1389, 12, 2, 9, 'TRIMESTRAL', 68174.00, NULL, 1),
(1390, 12, 2, 10, 'TRIMESTRAL', 70887.00, NULL, 1),
(1391, 12, 2, 11, 'TRIMESTRAL', 69197.00, NULL, 1),
(1392, 12, 2, 12, 'TRIMESTRAL', 84974.00, NULL, 1),
(1393, 12, 2, 28, 'TRIMESTRAL', 84401.00, NULL, 1),
(1394, 12, 2, 29, 'TRIMESTRAL', 94113.00, NULL, 1),
(1395, 12, 2, 30, 'TRIMESTRAL', 0.00, NULL, 1),
(1396, 12, 2, 31, 'TRIMESTRAL', 0.00, NULL, 1),
(1397, 12, 2, 32, 'TRIMESTRAL', 0.00, NULL, 1),
(1398, 12, 2, 33, 'TRIMESTRAL', 0.00, NULL, 1),
(1399, 12, 2, 34, 'TRIMESTRAL', 0.00, NULL, 1),
(1400, 12, 2, 35, 'TRIMESTRAL', 0.00, NULL, 1),
(1401, 12, 1, 13, 'TRIMESTRAL', 0.00, NULL, 1),
(1402, 12, 1, 14, 'TRIMESTRAL', 0.00, NULL, 1),
(1403, 12, 1, 15, 'TRIMESTRAL', 0.00, NULL, 1),
(1404, 12, 1, 16, 'TRIMESTRAL', 0.00, NULL, 1),
(1405, 12, 1, 1, 'TRIMESTRAL', 0.00, NULL, 1),
(1406, 12, 1, 2, 'TRIMESTRAL', 0.00, NULL, 1),
(1407, 12, 1, 3, 'TRIMESTRAL', 0.00, NULL, 1),
(1408, 12, 1, 4, 'TRIMESTRAL', 91386.00, NULL, 1),
(1409, 12, 1, 5, 'TRIMESTRAL', 0.00, NULL, 1),
(1410, 12, 1, 6, 'TRIMESTRAL', 0.00, NULL, 1),
(1411, 12, 1, 7, 'TRIMESTRAL', 0.00, NULL, 1),
(1412, 12, 1, 8, 'TRIMESTRAL', 109909.00, NULL, 1),
(1413, 12, 1, 9, 'TRIMESTRAL', 100284.00, NULL, 1),
(1414, 12, 1, 10, 'TRIMESTRAL', 97672.00, NULL, 1),
(1415, 12, 1, 11, 'TRIMESTRAL', 91510.00, NULL, 1),
(1416, 12, 1, 12, 'TRIMESTRAL', 102916.00, NULL, 1),
(1417, 12, 1, 28, 'TRIMESTRAL', 92589.00, NULL, 1),
(1418, 12, 1, 29, 'TRIMESTRAL', 91913.00, NULL, 1),
(1419, 12, 1, 30, 'TRIMESTRAL', 0.00, NULL, 1),
(1420, 12, 1, 31, 'TRIMESTRAL', 0.00, NULL, 1),
(1421, 12, 1, 32, 'TRIMESTRAL', 0.00, NULL, 1),
(1422, 12, 1, 33, 'TRIMESTRAL', 0.00, NULL, 1),
(1423, 12, 1, 34, 'TRIMESTRAL', 0.00, NULL, 1),
(1424, 12, 1, 35, 'TRIMESTRAL', 0.00, NULL, 1),
(1425, 12, 3, 13, 'TRIMESTRAL', 0.00, NULL, 1),
(1426, 12, 3, 14, 'TRIMESTRAL', 0.00, NULL, 1),
(1427, 12, 3, 15, 'TRIMESTRAL', 0.00, NULL, 1),
(1428, 12, 3, 16, 'TRIMESTRAL', 0.00, NULL, 1),
(1429, 12, 3, 1, 'TRIMESTRAL', 0.00, NULL, 1),
(1430, 12, 3, 2, 'TRIMESTRAL', 0.00, NULL, 1),
(1431, 12, 3, 3, 'TRIMESTRAL', 0.00, NULL, 1),
(1432, 12, 3, 4, 'TRIMESTRAL', 326188.00, NULL, 1),
(1433, 12, 3, 5, 'TRIMESTRAL', 0.00, NULL, 1),
(1434, 12, 3, 6, 'TRIMESTRAL', 0.00, NULL, 1),
(1435, 12, 3, 7, 'TRIMESTRAL', 0.00, NULL, 1),
(1436, 12, 3, 8, 'TRIMESTRAL', 333542.00, NULL, 1),
(1437, 12, 3, 9, 'TRIMESTRAL', 314746.00, NULL, 1),
(1438, 12, 3, 10, 'TRIMESTRAL', 308281.00, NULL, 1),
(1439, 12, 3, 11, 'TRIMESTRAL', 312884.00, NULL, 1),
(1440, 12, 3, 12, 'TRIMESTRAL', 350324.00, NULL, 1),
(1441, 12, 3, 28, 'TRIMESTRAL', 332274.00, NULL, 1),
(1442, 12, 3, 29, 'TRIMESTRAL', 337101.00, NULL, 1),
(1443, 12, 3, 30, 'TRIMESTRAL', 0.00, NULL, 1),
(1444, 12, 3, 31, 'TRIMESTRAL', 0.00, NULL, 1),
(1445, 12, 3, 32, 'TRIMESTRAL', 0.00, NULL, 1),
(1446, 12, 3, 33, 'TRIMESTRAL', 0.00, NULL, 1),
(1447, 12, 3, 34, 'TRIMESTRAL', 0.00, NULL, 1),
(1448, 12, 3, 35, 'TRIMESTRAL', 0.00, NULL, 1),
(1449, 13, 2, 13, 'TRIMESTRAL', 0.00, NULL, 1),
(1450, 13, 2, 14, 'TRIMESTRAL', 0.00, NULL, 1),
(1451, 13, 2, 15, 'TRIMESTRAL', 0.00, NULL, 1),
(1452, 13, 2, 16, 'TRIMESTRAL', 0.00, NULL, 1),
(1453, 13, 2, 1, 'TRIMESTRAL', 0.00, NULL, 1),
(1454, 13, 2, 2, 'TRIMESTRAL', 0.00, NULL, 1),
(1455, 13, 2, 3, 'TRIMESTRAL', 0.00, NULL, 1),
(1456, 13, 2, 4, 'TRIMESTRAL', 0.00, NULL, 1),
(1457, 13, 2, 5, 'TRIMESTRAL', 0.00, NULL, 1),
(1458, 13, 2, 6, 'TRIMESTRAL', 0.00, NULL, 1),
(1459, 13, 2, 7, 'TRIMESTRAL', 0.00, NULL, 1),
(1460, 13, 2, 8, 'TRIMESTRAL', 42487.00, NULL, 1),
(1461, 13, 2, 9, 'TRIMESTRAL', 30715.00, NULL, 1),
(1462, 13, 2, 10, 'TRIMESTRAL', 23494.00, NULL, 1),
(1463, 13, 2, 11, 'TRIMESTRAL', 18085.00, NULL, 1),
(1464, 13, 2, 12, 'TRIMESTRAL', 17255.00, NULL, 1),
(1465, 13, 2, 28, 'TRIMESTRAL', 16268.00, NULL, 1),
(1466, 13, 2, 29, 'TRIMESTRAL', 16204.00, NULL, 1),
(1467, 13, 2, 30, 'TRIMESTRAL', 0.00, NULL, 1),
(1468, 13, 2, 31, 'TRIMESTRAL', 0.00, NULL, 1),
(1469, 13, 2, 32, 'TRIMESTRAL', 0.00, NULL, 1),
(1470, 13, 2, 33, 'TRIMESTRAL', 0.00, NULL, 1),
(1471, 13, 2, 34, 'TRIMESTRAL', 0.00, NULL, 1),
(1472, 13, 2, 35, 'TRIMESTRAL', 0.00, NULL, 1),
(1473, 13, 1, 13, 'TRIMESTRAL', 0.00, NULL, 1),
(1474, 13, 1, 14, 'TRIMESTRAL', 0.00, NULL, 1),
(1475, 13, 1, 15, 'TRIMESTRAL', 0.00, NULL, 1),
(1476, 13, 1, 16, 'TRIMESTRAL', 0.00, NULL, 1),
(1477, 13, 1, 1, 'TRIMESTRAL', 0.00, NULL, 1),
(1478, 13, 1, 2, 'TRIMESTRAL', 0.00, NULL, 1),
(1479, 13, 1, 3, 'TRIMESTRAL', 0.00, NULL, 1),
(1480, 13, 1, 4, 'TRIMESTRAL', 19973.00, NULL, 1),
(1481, 13, 1, 5, 'TRIMESTRAL', 0.00, NULL, 1),
(1482, 13, 1, 6, 'TRIMESTRAL', 0.00, NULL, 1),
(1483, 13, 1, 7, 'TRIMESTRAL', 0.00, NULL, 1),
(1484, 13, 1, 8, 'TRIMESTRAL', 21442.00, NULL, 1),
(1485, 13, 1, 9, 'TRIMESTRAL', 23154.00, NULL, 1),
(1486, 13, 1, 10, 'TRIMESTRAL', 26387.00, NULL, 1),
(1487, 13, 1, 11, 'TRIMESTRAL', 29497.00, NULL, 1),
(1488, 13, 1, 12, 'TRIMESTRAL', 28810.00, NULL, 1),
(1489, 13, 1, 28, 'TRIMESTRAL', 27858.00, NULL, 1),
(1490, 13, 1, 29, 'TRIMESTRAL', 27005.00, NULL, 1),
(1491, 13, 1, 30, 'TRIMESTRAL', 0.00, NULL, 1),
(1492, 13, 1, 31, 'TRIMESTRAL', 0.00, NULL, 1),
(1493, 13, 1, 32, 'TRIMESTRAL', 0.00, NULL, 1),
(1494, 13, 1, 33, 'TRIMESTRAL', 0.00, NULL, 1),
(1495, 13, 1, 34, 'TRIMESTRAL', 0.00, NULL, 1),
(1496, 13, 1, 35, 'TRIMESTRAL', 0.00, NULL, 1),
(1497, 13, 3, 13, 'TRIMESTRAL', 0.00, NULL, 1),
(1498, 13, 3, 14, 'TRIMESTRAL', 0.00, NULL, 1),
(1499, 13, 3, 15, 'TRIMESTRAL', 0.00, NULL, 1),
(1500, 13, 3, 16, 'TRIMESTRAL', 0.00, NULL, 1),
(1501, 13, 3, 1, 'TRIMESTRAL', 0.00, NULL, 1),
(1502, 13, 3, 2, 'TRIMESTRAL', 0.00, NULL, 1),
(1503, 13, 3, 3, 'TRIMESTRAL', 0.00, NULL, 1),
(1504, 13, 3, 4, 'TRIMESTRAL', 65812.00, NULL, 1),
(1505, 13, 3, 5, 'TRIMESTRAL', 0.00, NULL, 1),
(1506, 13, 3, 6, 'TRIMESTRAL', 0.00, NULL, 1),
(1507, 13, 3, 7, 'TRIMESTRAL', 0.00, NULL, 1),
(1508, 13, 3, 8, 'TRIMESTRAL', 52016.00, NULL, 1),
(1509, 13, 3, 9, 'TRIMESTRAL', 46610.00, NULL, 1),
(1510, 13, 3, 10, 'TRIMESTRAL', 45659.00, NULL, 1),
(1511, 13, 3, 11, 'TRIMESTRAL', 43084.00, NULL, 1),
(1512, 13, 3, 12, 'TRIMESTRAL', 41504.00, NULL, 1),
(1513, 13, 3, 28, 'TRIMESTRAL', 39795.00, NULL, 1),
(1514, 13, 3, 29, 'TRIMESTRAL', 38420.00, NULL, 1),
(1515, 13, 3, 30, 'TRIMESTRAL', 0.00, NULL, 1),
(1516, 13, 3, 31, 'TRIMESTRAL', 0.00, NULL, 1),
(1517, 13, 3, 32, 'TRIMESTRAL', 0.00, NULL, 1),
(1518, 13, 3, 33, 'TRIMESTRAL', 0.00, NULL, 1),
(1519, 13, 3, 34, 'TRIMESTRAL', 0.00, NULL, 1),
(1520, 13, 3, 35, 'TRIMESTRAL', 0.00, NULL, 1),
(1521, 14, 1, 1, 'TRIMESTRAL', 0.00, '1900-01-01 00:00:00', 1),
(1522, 14, 2, 1, 'TRIMESTRAL', 0.00, '1900-01-01 00:00:00', 1),
(1523, 14, 3, 1, 'TRIMESTRAL', 0.00, '1900-01-01 00:00:00', 1),
(1524, 14, 1, 2, 'TRIMESTRAL', 0.00, '1900-01-01 00:00:00', 1),
(1525, 14, 2, 2, 'TRIMESTRAL', 0.00, '1900-01-01 00:00:00', 1),
(1526, 14, 3, 2, 'TRIMESTRAL', 0.00, '1900-01-01 00:00:00', 1),
(1527, 14, 1, 3, 'TRIMESTRAL', 0.00, '1900-01-01 00:00:00', 1),
(1528, 14, 2, 3, 'TRIMESTRAL', 0.00, '1900-01-01 00:00:00', 1),
(1529, 14, 3, 3, 'TRIMESTRAL', 0.00, '1900-01-01 00:00:00', 1),
(1530, 14, 1, 4, 'TRIMESTRAL', 0.00, '1900-01-01 00:00:00', 1),
(1531, 14, 2, 4, 'TRIMESTRAL', 0.00, '1900-01-01 00:00:00', 1),
(1532, 14, 3, 4, 'TRIMESTRAL', 0.00, '1900-01-01 00:00:00', 1),
(1533, 14, 1, 5, 'TRIMESTRAL', 0.00, '1900-01-01 00:00:00', 1),
(1534, 14, 2, 5, 'TRIMESTRAL', 0.00, '1900-01-01 00:00:00', 1),
(1535, 14, 3, 5, 'TRIMESTRAL', 0.00, '1900-01-01 00:00:00', 1),
(1536, 14, 1, 6, 'TRIMESTRAL', 0.00, '1900-01-01 00:00:00', 1),
(1537, 14, 2, 6, 'TRIMESTRAL', 0.00, '1900-01-01 00:00:00', 1),
(1538, 14, 3, 6, 'TRIMESTRAL', 0.00, '1900-01-01 00:00:00', 1),
(1539, 14, 1, 7, 'TRIMESTRAL', 0.00, '1900-01-01 00:00:00', 1),
(1540, 14, 2, 7, 'TRIMESTRAL', 0.00, '1900-01-01 00:00:00', 1),
(1541, 14, 3, 7, 'TRIMESTRAL', 0.00, '1900-01-01 00:00:00', 1),
(1542, 14, 1, 8, 'TRIMESTRAL', 0.00, '1900-01-01 00:00:00', 1),
(1543, 14, 2, 8, 'TRIMESTRAL', 0.00, '1900-01-01 00:00:00', 1),
(1544, 14, 3, 8, 'TRIMESTRAL', 0.00, '1900-01-01 00:00:00', 1),
(1545, 14, 1, 9, 'TRIMESTRAL', 0.00, '1900-01-01 00:00:00', 1),
(1546, 14, 2, 9, 'TRIMESTRAL', 0.00, '1900-01-01 00:00:00', 1),
(1547, 14, 3, 9, 'TRIMESTRAL', 0.00, '1900-01-01 00:00:00', 1),
(1548, 14, 1, 10, 'TRIMESTRAL', 0.00, '1900-01-01 00:00:00', 1),
(1549, 14, 2, 10, 'TRIMESTRAL', 0.00, '1900-01-01 00:00:00', 1),
(1550, 14, 3, 10, 'TRIMESTRAL', 0.00, '1900-01-01 00:00:00', 1),
(1551, 14, 1, 11, 'TRIMESTRAL', 0.00, '1900-01-01 00:00:00', 1),
(1552, 14, 2, 11, 'TRIMESTRAL', 0.00, '1900-01-01 00:00:00', 1),
(1553, 14, 3, 11, 'TRIMESTRAL', 0.00, '1900-01-01 00:00:00', 1),
(1554, 14, 1, 12, 'TRIMESTRAL', 0.00, '1900-01-01 00:00:00', 1),
(1555, 14, 2, 12, 'TRIMESTRAL', 0.00, '1900-01-01 00:00:00', 1),
(1556, 14, 3, 12, 'TRIMESTRAL', 0.00, '1900-01-01 00:00:00', 1),
(1557, 14, 1, 13, 'TRIMESTRAL', 0.00, '1900-01-01 00:00:00', 1),
(1558, 14, 2, 13, 'TRIMESTRAL', 0.00, '1900-01-01 00:00:00', 1),
(1559, 14, 3, 13, 'TRIMESTRAL', 0.00, '1900-01-01 00:00:00', 1),
(1560, 14, 1, 14, 'TRIMESTRAL', 0.00, '1900-01-01 00:00:00', 1),
(1561, 14, 2, 14, 'TRIMESTRAL', 0.00, '1900-01-01 00:00:00', 1),
(1562, 14, 3, 14, 'TRIMESTRAL', 0.00, '1900-01-01 00:00:00', 1),
(1563, 14, 1, 15, 'TRIMESTRAL', 0.00, '1900-01-01 00:00:00', 1),
(1564, 14, 2, 15, 'TRIMESTRAL', 0.00, '1900-01-01 00:00:00', 1),
(1565, 14, 3, 15, 'TRIMESTRAL', 0.00, '1900-01-01 00:00:00', 1),
(1566, 14, 1, 16, 'TRIMESTRAL', 0.00, '1900-01-01 00:00:00', 1),
(1567, 14, 2, 16, 'TRIMESTRAL', 0.00, '1900-01-01 00:00:00', 1),
(1568, 14, 3, 16, 'TRIMESTRAL', 0.00, '1900-01-01 00:00:00', 1),
(1569, 14, 1, 28, 'TRIMESTRAL', 0.00, '1900-01-01 00:00:00', 1),
(1570, 14, 2, 28, 'TRIMESTRAL', 0.00, '1900-01-01 00:00:00', 1),
(1571, 14, 3, 28, 'TRIMESTRAL', 0.00, '1900-01-01 00:00:00', 1),
(1572, 14, 1, 29, 'TRIMESTRAL', 0.00, '1900-01-01 00:00:00', 1),
(1573, 14, 2, 29, 'TRIMESTRAL', 0.00, '1900-01-01 00:00:00', 1),
(1574, 14, 3, 29, 'TRIMESTRAL', 0.00, '1900-01-01 00:00:00', 1),
(1575, 14, 1, 30, 'TRIMESTRAL', 0.00, '1900-01-01 00:00:00', 1),
(1576, 14, 2, 30, 'TRIMESTRAL', 0.00, '1900-01-01 00:00:00', 1),
(1577, 14, 3, 30, 'TRIMESTRAL', 0.00, '1900-01-01 00:00:00', 1),
(1578, 14, 1, 31, 'TRIMESTRAL', 0.00, '1900-01-01 00:00:00', 1),
(1579, 14, 2, 31, 'TRIMESTRAL', 0.00, '1900-01-01 00:00:00', 1),
(1580, 14, 3, 31, 'TRIMESTRAL', 0.00, '1900-01-01 00:00:00', 1),
(1581, 14, 1, 32, 'TRIMESTRAL', 0.00, '1900-01-01 00:00:00', 1),
(1582, 14, 2, 32, 'TRIMESTRAL', 0.00, '1900-01-01 00:00:00', 1),
(1583, 14, 3, 32, 'TRIMESTRAL', 0.00, '1900-01-01 00:00:00', 1),
(1584, 14, 1, 33, 'TRIMESTRAL', 0.00, '1900-01-01 00:00:00', 1),
(1585, 14, 2, 33, 'TRIMESTRAL', 0.00, '1900-01-01 00:00:00', 1),
(1586, 14, 3, 33, 'TRIMESTRAL', 0.00, '1900-01-01 00:00:00', 1),
(1587, 14, 1, 34, 'TRIMESTRAL', 0.00, '1900-01-01 00:00:00', 1),
(1588, 14, 2, 34, 'TRIMESTRAL', 0.00, '1900-01-01 00:00:00', 1),
(1589, 14, 3, 34, 'TRIMESTRAL', 0.00, '1900-01-01 00:00:00', 1),
(1590, 14, 1, 35, 'TRIMESTRAL', 0.00, '1900-01-01 00:00:00', 1),
(1591, 14, 2, 35, 'TRIMESTRAL', 0.00, '1900-01-01 00:00:00', 1),
(1592, 14, 3, 35, 'TRIMESTRAL', 0.00, '1900-01-01 00:00:00', 1),
(1648, 7, 1, 1, 'TRIMESTRAL', 18537.00, '0000-00-00 00:00:00', 2),
(1649, 7, 1, 2, 'TRIMESTRAL', 30099.00, '0000-00-00 00:00:00', 2),
(1650, 7, 1, 3, 'TRIMESTRAL', 25990.00, '0000-00-00 00:00:00', 2),
(1651, 7, 1, 4, 'TRIMESTRAL', 45137.00, '0000-00-00 00:00:00', 2),
(1652, 7, 1, 5, 'TRIMESTRAL', 24900.00, '0000-00-00 00:00:00', 2),
(1653, 7, 1, 6, 'TRIMESTRAL', 34345.00, '0000-00-00 00:00:00', 2),
(1654, 7, 1, 7, 'TRIMESTRAL', 34041.00, '0000-00-00 00:00:00', 2),
(1655, 7, 1, 8, 'TRIMESTRAL', 54803.00, '0000-00-00 00:00:00', 2),
(1656, 7, 1, 9, 'TRIMESTRAL', 31761.00, '0000-00-00 00:00:00', 2),
(1657, 7, 1, 10, 'TRIMESTRAL', 40160.00, '0000-00-00 00:00:00', 2),
(1658, 7, 1, 11, 'TRIMESTRAL', 37194.00, '0000-00-00 00:00:00', 2),
(1659, 7, 1, 12, 'TRIMESTRAL', 56287.00, '0000-00-00 00:00:00', 2),
(1660, 7, 1, 13, 'TRIMESTRAL', 17174.00, '0000-00-00 00:00:00', 2),
(1661, 7, 1, 14, 'TRIMESTRAL', 21761.00, '0000-00-00 00:00:00', 2),
(1662, 7, 1, 15, 'TRIMESTRAL', 21147.00, '0000-00-00 00:00:00', 2),
(1663, 7, 1, 16, 'TRIMESTRAL', 33711.00, '0000-00-00 00:00:00', 2),
(1664, 7, 1, 28, 'TRIMESTRAL', 33146.00, '0000-00-00 00:00:00', 2),
(1665, 7, 1, 29, 'TRIMESTRAL', 44619.00, '0000-00-00 00:00:00', 2),
(1666, 7, 1, 30, 'TRIMESTRAL', 0.00, '0000-00-00 00:00:00', 2),
(1667, 7, 1, 31, 'TRIMESTRAL', 0.00, '0000-00-00 00:00:00', 2),
(1668, 7, 1, 32, 'TRIMESTRAL', 0.00, '0000-00-00 00:00:00', 2),
(1669, 7, 1, 33, 'TRIMESTRAL', 0.00, '0000-00-00 00:00:00', 2),
(1670, 7, 1, 34, 'TRIMESTRAL', 0.00, '0000-00-00 00:00:00', 2),
(1671, 7, 1, 35, 'TRIMESTRAL', 0.00, '0000-00-00 00:00:00', 2),
(1672, 7, 2, 1, 'TRIMESTRAL', 0.00, '0000-00-00 00:00:00', 2),
(1673, 7, 2, 2, 'TRIMESTRAL', 0.00, '0000-00-00 00:00:00', 2),
(1674, 7, 2, 3, 'TRIMESTRAL', 0.00, '0000-00-00 00:00:00', 2),
(1675, 7, 2, 4, 'TRIMESTRAL', 0.00, '0000-00-00 00:00:00', 2),
(1676, 7, 2, 5, 'TRIMESTRAL', 0.00, '0000-00-00 00:00:00', 2),
(1677, 7, 2, 6, 'TRIMESTRAL', 0.00, '0000-00-00 00:00:00', 2),
(1678, 7, 2, 7, 'TRIMESTRAL', 0.00, '0000-00-00 00:00:00', 2),
(1679, 7, 2, 8, 'TRIMESTRAL', 85866.00, '0000-00-00 00:00:00', 2),
(1680, 7, 2, 9, 'TRIMESTRAL', 59358.00, '0000-00-00 00:00:00', 2),
(1681, 7, 2, 10, 'TRIMESTRAL', 70888.00, '0000-00-00 00:00:00', 2),
(1682, 7, 2, 11, 'TRIMESTRAL', 66588.00, '0000-00-00 00:00:00', 2),
(1683, 7, 2, 12, 'TRIMESTRAL', 96920.00, '0000-00-00 00:00:00', 2),
(1684, 7, 2, 13, 'TRIMESTRAL', 0.00, '0000-00-00 00:00:00', 2),
(1685, 7, 2, 14, 'TRIMESTRAL', 0.00, '0000-00-00 00:00:00', 2),
(1686, 7, 2, 15, 'TRIMESTRAL', 0.00, '0000-00-00 00:00:00', 2),
(1687, 7, 2, 16, 'TRIMESTRAL', 0.00, '0000-00-00 00:00:00', 2),
(1688, 7, 2, 28, 'TRIMESTRAL', 67327.00, '0000-00-00 00:00:00', 2),
(1689, 7, 2, 29, 'TRIMESTRAL', 80583.00, '0000-00-00 00:00:00', 2),
(1690, 7, 2, 30, 'TRIMESTRAL', 0.00, '0000-00-00 00:00:00', 2),
(1691, 7, 2, 31, 'TRIMESTRAL', 0.00, '0000-00-00 00:00:00', 2),
(1692, 7, 2, 32, 'TRIMESTRAL', 0.00, '0000-00-00 00:00:00', 2),
(1693, 7, 2, 33, 'TRIMESTRAL', 0.00, '0000-00-00 00:00:00', 2),
(1694, 7, 2, 34, 'TRIMESTRAL', 0.00, '0000-00-00 00:00:00', 2),
(1695, 7, 2, 35, 'TRIMESTRAL', 0.00, '0000-00-00 00:00:00', 2),
(1696, 7, 3, 1, 'TRIMESTRAL', 108052.00, '0000-00-00 00:00:00', 2),
(1697, 7, 3, 2, 'TRIMESTRAL', 149286.00, '0000-00-00 00:00:00', 2),
(1698, 7, 3, 3, 'TRIMESTRAL', 125177.00, '0000-00-00 00:00:00', 2),
(1699, 7, 3, 4, 'TRIMESTRAL', 187059.00, '0000-00-00 00:00:00', 2),
(1700, 7, 3, 5, 'TRIMESTRAL', 126819.00, '0000-00-00 00:00:00', 2),
(1701, 7, 3, 6, 'TRIMESTRAL', 150977.00, '0000-00-00 00:00:00', 2),
(1702, 7, 3, 7, 'TRIMESTRAL', 133239.00, '0000-00-00 00:00:00', 2),
(1703, 7, 3, 8, 'TRIMESTRAL', 200992.00, '0000-00-00 00:00:00', 2),
(1704, 7, 3, 9, 'TRIMESTRAL', 141120.00, '0000-00-00 00:00:00', 2),
(1705, 7, 3, 10, 'TRIMESTRAL', 158095.00, '0000-00-00 00:00:00', 2),
(1706, 7, 3, 11, 'TRIMESTRAL', 151565.00, '0000-00-00 00:00:00', 2),
(1707, 7, 3, 12, 'TRIMESTRAL', 223096.00, '0000-00-00 00:00:00', 2),
(1708, 7, 3, 13, 'TRIMESTRAL', 95992.00, '0000-00-00 00:00:00', 2),
(1709, 7, 3, 14, 'TRIMESTRAL', 114936.00, '0000-00-00 00:00:00', 2),
(1710, 7, 3, 15, 'TRIMESTRAL', 107196.00, '0000-00-00 00:00:00', 2),
(1711, 7, 3, 16, 'TRIMESTRAL', 167872.00, '0000-00-00 00:00:00', 2),
(1712, 7, 3, 28, 'TRIMESTRAL', 144691.00, '0000-00-00 00:00:00', 2),
(1713, 7, 3, 29, 'TRIMESTRAL', 161228.00, '0000-00-00 00:00:00', 2),
(1714, 7, 3, 30, 'TRIMESTRAL', 0.00, '0000-00-00 00:00:00', 2),
(1715, 7, 3, 31, 'TRIMESTRAL', 0.00, '0000-00-00 00:00:00', 2),
(1716, 7, 3, 32, 'TRIMESTRAL', 0.00, '0000-00-00 00:00:00', 2),
(1717, 7, 3, 33, 'TRIMESTRAL', 0.00, '0000-00-00 00:00:00', 2),
(1718, 7, 3, 34, 'TRIMESTRAL', 0.00, '0000-00-00 00:00:00', 2),
(1719, 7, 3, 35, 'TRIMESTRAL', 0.00, '0000-00-00 00:00:00', 2),
(1720, 8, 1, 1, 'TRIMESTRAL', 0.00, '0000-00-00 00:00:00', 2),
(1721, 8, 1, 2, 'TRIMESTRAL', 0.00, '0000-00-00 00:00:00', 2),
(1722, 8, 1, 3, 'TRIMESTRAL', 0.00, '0000-00-00 00:00:00', 2),
(1723, 8, 1, 4, 'TRIMESTRAL', 0.00, '0000-00-00 00:00:00', 2),
(1724, 8, 1, 5, 'TRIMESTRAL', 0.00, '0000-00-00 00:00:00', 2),
(1725, 8, 1, 6, 'TRIMESTRAL', 0.00, '0000-00-00 00:00:00', 2),
(1726, 8, 1, 7, 'TRIMESTRAL', 0.00, '0000-00-00 00:00:00', 2),
(1727, 8, 1, 8, 'TRIMESTRAL', 0.00, '0000-00-00 00:00:00', 2),
(1728, 8, 1, 9, 'TRIMESTRAL', 0.00, '0000-00-00 00:00:00', 2),
(1729, 8, 1, 10, 'TRIMESTRAL', 0.00, '0000-00-00 00:00:00', 2),
(1730, 8, 1, 11, 'TRIMESTRAL', 0.00, '0000-00-00 00:00:00', 2),
(1731, 8, 1, 12, 'TRIMESTRAL', 0.00, '0000-00-00 00:00:00', 2),
(1732, 8, 1, 13, 'TRIMESTRAL', 0.00, '0000-00-00 00:00:00', 2),
(1733, 8, 1, 14, 'TRIMESTRAL', 0.00, '0000-00-00 00:00:00', 2),
(1734, 8, 1, 15, 'TRIMESTRAL', 0.00, '0000-00-00 00:00:00', 2),
(1735, 8, 1, 16, 'TRIMESTRAL', 0.00, '0000-00-00 00:00:00', 2),
(1736, 8, 1, 28, 'TRIMESTRAL', 0.00, '0000-00-00 00:00:00', 2),
(1737, 8, 1, 29, 'TRIMESTRAL', 0.00, '0000-00-00 00:00:00', 2),
(1738, 8, 1, 30, 'TRIMESTRAL', 0.00, '0000-00-00 00:00:00', 2),
(1739, 8, 1, 31, 'TRIMESTRAL', 0.00, '0000-00-00 00:00:00', 2),
(1740, 8, 1, 32, 'TRIMESTRAL', 0.00, '0000-00-00 00:00:00', 2),
(1741, 8, 1, 33, 'TRIMESTRAL', 0.00, '0000-00-00 00:00:00', 2),
(1742, 8, 1, 34, 'TRIMESTRAL', 0.00, '0000-00-00 00:00:00', 2),
(1743, 8, 1, 35, 'TRIMESTRAL', 0.00, '0000-00-00 00:00:00', 2),
(1744, 8, 2, 1, 'TRIMESTRAL', 0.00, '0000-00-00 00:00:00', 2),
(1745, 8, 2, 2, 'TRIMESTRAL', 0.00, '0000-00-00 00:00:00', 2),
(1746, 8, 2, 3, 'TRIMESTRAL', 0.00, '0000-00-00 00:00:00', 2),
(1747, 8, 2, 4, 'TRIMESTRAL', 0.00, '0000-00-00 00:00:00', 2),
(1748, 8, 2, 5, 'TRIMESTRAL', 0.00, '0000-00-00 00:00:00', 2),
(1749, 8, 2, 6, 'TRIMESTRAL', 0.00, '0000-00-00 00:00:00', 2),
(1750, 8, 2, 7, 'TRIMESTRAL', 0.00, '0000-00-00 00:00:00', 2),
(1751, 8, 2, 8, 'TRIMESTRAL', 0.00, '0000-00-00 00:00:00', 2),
(1752, 8, 2, 9, 'TRIMESTRAL', 0.00, '0000-00-00 00:00:00', 2),
(1753, 8, 2, 10, 'TRIMESTRAL', 0.00, '0000-00-00 00:00:00', 2),
(1754, 8, 2, 11, 'TRIMESTRAL', 0.00, '0000-00-00 00:00:00', 2),
(1755, 8, 2, 12, 'TRIMESTRAL', 0.00, '0000-00-00 00:00:00', 2),
(1756, 8, 2, 13, 'TRIMESTRAL', 0.00, '0000-00-00 00:00:00', 2),
(1757, 8, 2, 14, 'TRIMESTRAL', 0.00, '0000-00-00 00:00:00', 2),
(1758, 8, 2, 15, 'TRIMESTRAL', 0.00, '0000-00-00 00:00:00', 2),
(1759, 8, 2, 16, 'TRIMESTRAL', 0.00, '0000-00-00 00:00:00', 2),
(1760, 8, 2, 28, 'TRIMESTRAL', 0.00, '0000-00-00 00:00:00', 2),
(1761, 8, 2, 29, 'TRIMESTRAL', 0.00, '0000-00-00 00:00:00', 2),
(1762, 8, 2, 30, 'TRIMESTRAL', 0.00, '0000-00-00 00:00:00', 2),
(1763, 8, 2, 31, 'TRIMESTRAL', 0.00, '0000-00-00 00:00:00', 2),
(1764, 8, 2, 32, 'TRIMESTRAL', 0.00, '0000-00-00 00:00:00', 2),
(1765, 8, 2, 33, 'TRIMESTRAL', 0.00, '0000-00-00 00:00:00', 2),
(1766, 8, 2, 34, 'TRIMESTRAL', 0.00, '0000-00-00 00:00:00', 2),
(1767, 8, 2, 35, 'TRIMESTRAL', 0.00, '0000-00-00 00:00:00', 2),
(1768, 8, 3, 1, 'TRIMESTRAL', 0.00, '0000-00-00 00:00:00', 2),
(1769, 8, 3, 2, 'TRIMESTRAL', 0.00, '0000-00-00 00:00:00', 2),
(1770, 8, 3, 3, 'TRIMESTRAL', 0.00, '0000-00-00 00:00:00', 2),
(1771, 8, 3, 4, 'TRIMESTRAL', 0.00, '0000-00-00 00:00:00', 2),
(1772, 8, 3, 5, 'TRIMESTRAL', 0.00, '0000-00-00 00:00:00', 2),
(1773, 8, 3, 6, 'TRIMESTRAL', 0.00, '0000-00-00 00:00:00', 2),
(1774, 8, 3, 7, 'TRIMESTRAL', 0.00, '0000-00-00 00:00:00', 2),
(1775, 8, 3, 8, 'TRIMESTRAL', 0.00, '0000-00-00 00:00:00', 2),
(1776, 8, 3, 9, 'TRIMESTRAL', 0.00, '0000-00-00 00:00:00', 2),
(1777, 8, 3, 10, 'TRIMESTRAL', 0.00, '0000-00-00 00:00:00', 2),
(1778, 8, 3, 11, 'TRIMESTRAL', 0.00, '0000-00-00 00:00:00', 2),
(1779, 8, 3, 12, 'TRIMESTRAL', 0.00, '0000-00-00 00:00:00', 2),
(1780, 8, 3, 13, 'TRIMESTRAL', 0.00, '0000-00-00 00:00:00', 2),
(1781, 8, 3, 14, 'TRIMESTRAL', 0.00, '0000-00-00 00:00:00', 2),
(1782, 8, 3, 15, 'TRIMESTRAL', 0.00, '0000-00-00 00:00:00', 2),
(1783, 8, 3, 16, 'TRIMESTRAL', 0.00, '0000-00-00 00:00:00', 2),
(1784, 8, 3, 28, 'TRIMESTRAL', 0.00, '0000-00-00 00:00:00', 2),
(1785, 8, 3, 29, 'TRIMESTRAL', 0.00, '0000-00-00 00:00:00', 2),
(1786, 8, 3, 30, 'TRIMESTRAL', 0.00, '0000-00-00 00:00:00', 2),
(1787, 8, 3, 31, 'TRIMESTRAL', 0.00, '0000-00-00 00:00:00', 2),
(1788, 8, 3, 32, 'TRIMESTRAL', 0.00, '0000-00-00 00:00:00', 2),
(1789, 8, 3, 33, 'TRIMESTRAL', 0.00, '0000-00-00 00:00:00', 2),
(1790, 8, 3, 34, 'TRIMESTRAL', 0.00, '0000-00-00 00:00:00', 2),
(1791, 8, 3, 35, 'TRIMESTRAL', 0.00, '0000-00-00 00:00:00', 2),
(1792, 9, 1, 1, 'TRIMESTRAL', 0.00, '0000-00-00 00:00:00', 2),
(1793, 9, 1, 2, 'TRIMESTRAL', 0.00, '0000-00-00 00:00:00', 2),
(1794, 9, 1, 3, 'TRIMESTRAL', 0.00, '0000-00-00 00:00:00', 2),
(1795, 9, 1, 4, 'TRIMESTRAL', 0.00, '0000-00-00 00:00:00', 2),
(1796, 9, 1, 5, 'TRIMESTRAL', 0.00, '0000-00-00 00:00:00', 2),
(1797, 9, 1, 6, 'TRIMESTRAL', 0.00, '0000-00-00 00:00:00', 2),
(1798, 9, 1, 7, 'TRIMESTRAL', 0.00, '0000-00-00 00:00:00', 2),
(1799, 9, 1, 8, 'TRIMESTRAL', 0.00, '0000-00-00 00:00:00', 2),
(1800, 9, 1, 9, 'TRIMESTRAL', 0.00, '0000-00-00 00:00:00', 2),
(1801, 9, 1, 10, 'TRIMESTRAL', 0.00, '0000-00-00 00:00:00', 2),
(1802, 9, 1, 11, 'TRIMESTRAL', 0.00, '0000-00-00 00:00:00', 2),
(1803, 9, 1, 12, 'TRIMESTRAL', 0.00, '0000-00-00 00:00:00', 2),
(1804, 9, 1, 13, 'TRIMESTRAL', 0.00, '0000-00-00 00:00:00', 2),
(1805, 9, 1, 14, 'TRIMESTRAL', 0.00, '0000-00-00 00:00:00', 2),
(1806, 9, 1, 15, 'TRIMESTRAL', 0.00, '0000-00-00 00:00:00', 2),
(1807, 9, 1, 16, 'TRIMESTRAL', 0.00, '0000-00-00 00:00:00', 2),
(1808, 9, 1, 28, 'TRIMESTRAL', 0.00, '0000-00-00 00:00:00', 2),
(1809, 9, 1, 29, 'TRIMESTRAL', 0.00, '0000-00-00 00:00:00', 2),
(1810, 9, 1, 30, 'TRIMESTRAL', 0.00, '0000-00-00 00:00:00', 2),
(1811, 9, 1, 31, 'TRIMESTRAL', 0.00, '0000-00-00 00:00:00', 2),
(1812, 9, 1, 32, 'TRIMESTRAL', 0.00, '0000-00-00 00:00:00', 2),
(1813, 9, 1, 33, 'TRIMESTRAL', 0.00, '0000-00-00 00:00:00', 2),
(1814, 9, 1, 34, 'TRIMESTRAL', 0.00, '0000-00-00 00:00:00', 2),
(1815, 9, 1, 35, 'TRIMESTRAL', 0.00, '0000-00-00 00:00:00', 2),
(1816, 9, 2, 1, 'TRIMESTRAL', 0.00, '0000-00-00 00:00:00', 2),
(1817, 9, 2, 2, 'TRIMESTRAL', 0.00, '0000-00-00 00:00:00', 2),
(1818, 9, 2, 3, 'TRIMESTRAL', 0.00, '0000-00-00 00:00:00', 2),
(1819, 9, 2, 4, 'TRIMESTRAL', 0.00, '0000-00-00 00:00:00', 2),
(1820, 9, 2, 5, 'TRIMESTRAL', 0.00, '0000-00-00 00:00:00', 2),
(1821, 9, 2, 6, 'TRIMESTRAL', 0.00, '0000-00-00 00:00:00', 2),
(1822, 9, 2, 7, 'TRIMESTRAL', 0.00, '0000-00-00 00:00:00', 2),
(1823, 9, 2, 8, 'TRIMESTRAL', 0.00, '0000-00-00 00:00:00', 2),
(1824, 9, 2, 9, 'TRIMESTRAL', 0.00, '0000-00-00 00:00:00', 2),
(1825, 9, 2, 10, 'TRIMESTRAL', 0.00, '0000-00-00 00:00:00', 2),
(1826, 9, 2, 11, 'TRIMESTRAL', 0.00, '0000-00-00 00:00:00', 2),
(1827, 9, 2, 12, 'TRIMESTRAL', 0.00, '0000-00-00 00:00:00', 2),
(1828, 9, 2, 13, 'TRIMESTRAL', 0.00, '0000-00-00 00:00:00', 2),
(1829, 9, 2, 14, 'TRIMESTRAL', 0.00, '0000-00-00 00:00:00', 2),
(1830, 9, 2, 15, 'TRIMESTRAL', 0.00, '0000-00-00 00:00:00', 2),
(1831, 9, 2, 16, 'TRIMESTRAL', 0.00, '0000-00-00 00:00:00', 2),
(1832, 9, 2, 28, 'TRIMESTRAL', 0.00, '0000-00-00 00:00:00', 2),
(1833, 9, 2, 29, 'TRIMESTRAL', 0.00, '0000-00-00 00:00:00', 2),
(1834, 9, 2, 30, 'TRIMESTRAL', 0.00, '0000-00-00 00:00:00', 2),
(1835, 9, 2, 31, 'TRIMESTRAL', 0.00, '0000-00-00 00:00:00', 2),
(1836, 9, 2, 32, 'TRIMESTRAL', 0.00, '0000-00-00 00:00:00', 2),
(1837, 9, 2, 33, 'TRIMESTRAL', 0.00, '0000-00-00 00:00:00', 2),
(1838, 9, 2, 34, 'TRIMESTRAL', 0.00, '0000-00-00 00:00:00', 2),
(1839, 9, 2, 35, 'TRIMESTRAL', 0.00, '0000-00-00 00:00:00', 2),
(1840, 9, 3, 1, 'TRIMESTRAL', 0.00, '0000-00-00 00:00:00', 2),
(1841, 9, 3, 2, 'TRIMESTRAL', 0.00, '0000-00-00 00:00:00', 2),
(1842, 9, 3, 3, 'TRIMESTRAL', 0.00, '0000-00-00 00:00:00', 2),
(1843, 9, 3, 4, 'TRIMESTRAL', 0.00, '0000-00-00 00:00:00', 2),
(1844, 9, 3, 5, 'TRIMESTRAL', 0.00, '0000-00-00 00:00:00', 2),
(1845, 9, 3, 6, 'TRIMESTRAL', 0.00, '0000-00-00 00:00:00', 2),
(1846, 9, 3, 7, 'TRIMESTRAL', 0.00, '0000-00-00 00:00:00', 2),
(1847, 9, 3, 8, 'TRIMESTRAL', 0.00, '0000-00-00 00:00:00', 2),
(1848, 9, 3, 9, 'TRIMESTRAL', 0.00, '0000-00-00 00:00:00', 2),
(1849, 9, 3, 10, 'TRIMESTRAL', 0.00, '0000-00-00 00:00:00', 2),
(1850, 9, 3, 11, 'TRIMESTRAL', 0.00, '0000-00-00 00:00:00', 2),
(1851, 9, 3, 12, 'TRIMESTRAL', 0.00, '0000-00-00 00:00:00', 2),
(1852, 9, 3, 13, 'TRIMESTRAL', 0.00, '0000-00-00 00:00:00', 2),
(1853, 9, 3, 14, 'TRIMESTRAL', 0.00, '0000-00-00 00:00:00', 2),
(1854, 9, 3, 15, 'TRIMESTRAL', 0.00, '0000-00-00 00:00:00', 2),
(1855, 9, 3, 16, 'TRIMESTRAL', 0.00, '0000-00-00 00:00:00', 2),
(1856, 9, 3, 28, 'TRIMESTRAL', 0.00, '0000-00-00 00:00:00', 2),
(1857, 9, 3, 29, 'TRIMESTRAL', 0.00, '0000-00-00 00:00:00', 2),
(1858, 9, 3, 30, 'TRIMESTRAL', 0.00, '0000-00-00 00:00:00', 2),
(1859, 9, 3, 31, 'TRIMESTRAL', 0.00, '0000-00-00 00:00:00', 2),
(1860, 9, 3, 32, 'TRIMESTRAL', 0.00, '0000-00-00 00:00:00', 2),
(1861, 9, 3, 33, 'TRIMESTRAL', 0.00, '0000-00-00 00:00:00', 2),
(1862, 9, 3, 34, 'TRIMESTRAL', 0.00, '0000-00-00 00:00:00', 2),
(1863, 9, 3, 35, 'TRIMESTRAL', 0.00, '0000-00-00 00:00:00', 2),
(1864, 10, 1, 1, 'TRIMESTRAL', 0.00, '0000-00-00 00:00:00', 2),
(1865, 10, 1, 2, 'TRIMESTRAL', 0.00, '0000-00-00 00:00:00', 2),
(1866, 10, 1, 3, 'TRIMESTRAL', 0.00, '0000-00-00 00:00:00', 2),
(1867, 10, 1, 4, 'TRIMESTRAL', 0.00, '0000-00-00 00:00:00', 2),
(1868, 10, 1, 5, 'TRIMESTRAL', 0.00, '0000-00-00 00:00:00', 2),
(1869, 10, 1, 6, 'TRIMESTRAL', 0.00, '0000-00-00 00:00:00', 2),
(1870, 10, 1, 7, 'TRIMESTRAL', 0.00, '0000-00-00 00:00:00', 2),
(1871, 10, 1, 8, 'TRIMESTRAL', 0.00, '0000-00-00 00:00:00', 2),
(1872, 10, 1, 9, 'TRIMESTRAL', 0.00, '0000-00-00 00:00:00', 2),
(1873, 10, 1, 10, 'TRIMESTRAL', 0.00, '0000-00-00 00:00:00', 2),
(1874, 10, 1, 11, 'TRIMESTRAL', 0.00, '0000-00-00 00:00:00', 2),
(1875, 10, 1, 12, 'TRIMESTRAL', 0.00, '0000-00-00 00:00:00', 2),
(1876, 10, 1, 13, 'TRIMESTRAL', 0.00, '0000-00-00 00:00:00', 2),
(1877, 10, 1, 14, 'TRIMESTRAL', 0.00, '0000-00-00 00:00:00', 2),
(1878, 10, 1, 15, 'TRIMESTRAL', 0.00, '0000-00-00 00:00:00', 2),
(1879, 10, 1, 16, 'TRIMESTRAL', 0.00, '0000-00-00 00:00:00', 2),
(1880, 10, 1, 28, 'TRIMESTRAL', 0.00, '0000-00-00 00:00:00', 2),
(1881, 10, 1, 29, 'TRIMESTRAL', 0.00, '0000-00-00 00:00:00', 2),
(1882, 10, 1, 30, 'TRIMESTRAL', 0.00, '0000-00-00 00:00:00', 2),
(1883, 10, 1, 31, 'TRIMESTRAL', 0.00, '0000-00-00 00:00:00', 2),
(1884, 10, 1, 32, 'TRIMESTRAL', 0.00, '0000-00-00 00:00:00', 2),
(1885, 10, 1, 33, 'TRIMESTRAL', 0.00, '0000-00-00 00:00:00', 2),
(1886, 10, 1, 34, 'TRIMESTRAL', 0.00, '0000-00-00 00:00:00', 2),
(1887, 10, 1, 35, 'TRIMESTRAL', 0.00, '0000-00-00 00:00:00', 2),
(1888, 10, 2, 1, 'TRIMESTRAL', 0.00, '0000-00-00 00:00:00', 2),
(1889, 10, 2, 2, 'TRIMESTRAL', 0.00, '0000-00-00 00:00:00', 2),
(1890, 10, 2, 3, 'TRIMESTRAL', 0.00, '0000-00-00 00:00:00', 2),
(1891, 10, 2, 4, 'TRIMESTRAL', 0.00, '0000-00-00 00:00:00', 2),
(1892, 10, 2, 5, 'TRIMESTRAL', 0.00, '0000-00-00 00:00:00', 2),
(1893, 10, 2, 6, 'TRIMESTRAL', 0.00, '0000-00-00 00:00:00', 2),
(1894, 10, 2, 7, 'TRIMESTRAL', 0.00, '0000-00-00 00:00:00', 2),
(1895, 10, 2, 8, 'TRIMESTRAL', 0.00, '0000-00-00 00:00:00', 2),
(1896, 10, 2, 9, 'TRIMESTRAL', 0.00, '0000-00-00 00:00:00', 2),
(1897, 10, 2, 10, 'TRIMESTRAL', 0.00, '0000-00-00 00:00:00', 2),
(1898, 10, 2, 11, 'TRIMESTRAL', 0.00, '0000-00-00 00:00:00', 2),
(1899, 10, 2, 12, 'TRIMESTRAL', 0.00, '0000-00-00 00:00:00', 2),
(1900, 10, 2, 13, 'TRIMESTRAL', 0.00, '0000-00-00 00:00:00', 2),
(1901, 10, 2, 14, 'TRIMESTRAL', 0.00, '0000-00-00 00:00:00', 2),
(1902, 10, 2, 15, 'TRIMESTRAL', 0.00, '0000-00-00 00:00:00', 2),
(1903, 10, 2, 16, 'TRIMESTRAL', 0.00, '0000-00-00 00:00:00', 2),
(1904, 10, 2, 28, 'TRIMESTRAL', 0.00, '0000-00-00 00:00:00', 2),
(1905, 10, 2, 29, 'TRIMESTRAL', 0.00, '0000-00-00 00:00:00', 2),
(1906, 10, 2, 30, 'TRIMESTRAL', 0.00, '0000-00-00 00:00:00', 2),
(1907, 10, 2, 31, 'TRIMESTRAL', 0.00, '0000-00-00 00:00:00', 2),
(1908, 10, 2, 32, 'TRIMESTRAL', 0.00, '0000-00-00 00:00:00', 2),
(1909, 10, 2, 33, 'TRIMESTRAL', 0.00, '0000-00-00 00:00:00', 2),
(1910, 10, 2, 34, 'TRIMESTRAL', 0.00, '0000-00-00 00:00:00', 2),
(1911, 10, 2, 35, 'TRIMESTRAL', 0.00, '0000-00-00 00:00:00', 2),
(1912, 10, 3, 1, 'TRIMESTRAL', 0.00, '0000-00-00 00:00:00', 2),
(1913, 10, 3, 2, 'TRIMESTRAL', 0.00, '0000-00-00 00:00:00', 2),
(1914, 10, 3, 3, 'TRIMESTRAL', 0.00, '0000-00-00 00:00:00', 2),
(1915, 10, 3, 4, 'TRIMESTRAL', 0.00, '0000-00-00 00:00:00', 2),
(1916, 10, 3, 5, 'TRIMESTRAL', 0.00, '0000-00-00 00:00:00', 2),
(1917, 10, 3, 6, 'TRIMESTRAL', 0.00, '0000-00-00 00:00:00', 2),
(1918, 10, 3, 7, 'TRIMESTRAL', 0.00, '0000-00-00 00:00:00', 2),
(1919, 10, 3, 8, 'TRIMESTRAL', 0.00, '0000-00-00 00:00:00', 2),
(1920, 10, 3, 9, 'TRIMESTRAL', 0.00, '0000-00-00 00:00:00', 2),
(1921, 10, 3, 10, 'TRIMESTRAL', 0.00, '0000-00-00 00:00:00', 2),
(1922, 10, 3, 11, 'TRIMESTRAL', 0.00, '0000-00-00 00:00:00', 2),
(1923, 10, 3, 12, 'TRIMESTRAL', 0.00, '0000-00-00 00:00:00', 2),
(1924, 10, 3, 13, 'TRIMESTRAL', 0.00, '0000-00-00 00:00:00', 2),
(1925, 10, 3, 14, 'TRIMESTRAL', 0.00, '0000-00-00 00:00:00', 2),
(1926, 10, 3, 15, 'TRIMESTRAL', 0.00, '0000-00-00 00:00:00', 2),
(1927, 10, 3, 16, 'TRIMESTRAL', 0.00, '0000-00-00 00:00:00', 2),
(1928, 10, 3, 28, 'TRIMESTRAL', 0.00, '0000-00-00 00:00:00', 2),
(1929, 10, 3, 29, 'TRIMESTRAL', 0.00, '0000-00-00 00:00:00', 2),
(1930, 10, 3, 30, 'TRIMESTRAL', 0.00, '0000-00-00 00:00:00', 2),
(1931, 10, 3, 31, 'TRIMESTRAL', 0.00, '0000-00-00 00:00:00', 2),
(1932, 10, 3, 32, 'TRIMESTRAL', 0.00, '0000-00-00 00:00:00', 2),
(1933, 10, 3, 33, 'TRIMESTRAL', 0.00, '0000-00-00 00:00:00', 2),
(1934, 10, 3, 34, 'TRIMESTRAL', 0.00, '0000-00-00 00:00:00', 2),
(1935, 10, 3, 35, 'TRIMESTRAL', 0.00, '0000-00-00 00:00:00', 2),
(1936, 11, 1, 1, 'TRIMESTRAL', 0.00, '0000-00-00 00:00:00', 2),
(1937, 11, 1, 2, 'TRIMESTRAL', 0.00, '0000-00-00 00:00:00', 2),
(1938, 11, 1, 3, 'TRIMESTRAL', 0.00, '0000-00-00 00:00:00', 2),
(1939, 11, 1, 4, 'TRIMESTRAL', 0.00, '0000-00-00 00:00:00', 2),
(1940, 11, 1, 5, 'TRIMESTRAL', 0.00, '0000-00-00 00:00:00', 2),
(1941, 11, 1, 6, 'TRIMESTRAL', 0.00, '0000-00-00 00:00:00', 2),
(1942, 11, 1, 7, 'TRIMESTRAL', 0.00, '0000-00-00 00:00:00', 2),
(1943, 11, 1, 8, 'TRIMESTRAL', 0.00, '0000-00-00 00:00:00', 2),
(1944, 11, 1, 9, 'TRIMESTRAL', 0.00, '0000-00-00 00:00:00', 2),
(1945, 11, 1, 10, 'TRIMESTRAL', 0.00, '0000-00-00 00:00:00', 2),
(1946, 11, 1, 11, 'TRIMESTRAL', 0.00, '0000-00-00 00:00:00', 2),
(1947, 11, 1, 12, 'TRIMESTRAL', 0.00, '0000-00-00 00:00:00', 2),
(1948, 11, 1, 13, 'TRIMESTRAL', 0.00, '0000-00-00 00:00:00', 2),
(1949, 11, 1, 14, 'TRIMESTRAL', 0.00, '0000-00-00 00:00:00', 2),
(1950, 11, 1, 15, 'TRIMESTRAL', 0.00, '0000-00-00 00:00:00', 2),
(1951, 11, 1, 16, 'TRIMESTRAL', 0.00, '0000-00-00 00:00:00', 2),
(1952, 11, 1, 28, 'TRIMESTRAL', 0.00, '0000-00-00 00:00:00', 2),
(1953, 11, 1, 29, 'TRIMESTRAL', 0.00, '0000-00-00 00:00:00', 2),
(1954, 11, 1, 30, 'TRIMESTRAL', 0.00, '0000-00-00 00:00:00', 2),
(1955, 11, 1, 31, 'TRIMESTRAL', 0.00, '0000-00-00 00:00:00', 2),
(1956, 11, 1, 32, 'TRIMESTRAL', 0.00, '0000-00-00 00:00:00', 2),
(1957, 11, 1, 33, 'TRIMESTRAL', 0.00, '0000-00-00 00:00:00', 2),
(1958, 11, 1, 34, 'TRIMESTRAL', 0.00, '0000-00-00 00:00:00', 2),
(1959, 11, 1, 35, 'TRIMESTRAL', 0.00, '0000-00-00 00:00:00', 2),
(1960, 11, 2, 1, 'TRIMESTRAL', 0.00, '0000-00-00 00:00:00', 2),
(1961, 11, 2, 2, 'TRIMESTRAL', 0.00, '0000-00-00 00:00:00', 2),
(1962, 11, 2, 3, 'TRIMESTRAL', 0.00, '0000-00-00 00:00:00', 2),
(1963, 11, 2, 4, 'TRIMESTRAL', 0.00, '0000-00-00 00:00:00', 2),
(1964, 11, 2, 5, 'TRIMESTRAL', 0.00, '0000-00-00 00:00:00', 2),
(1965, 11, 2, 6, 'TRIMESTRAL', 0.00, '0000-00-00 00:00:00', 2),
(1966, 11, 2, 7, 'TRIMESTRAL', 0.00, '0000-00-00 00:00:00', 2),
(1967, 11, 2, 8, 'TRIMESTRAL', 0.00, '0000-00-00 00:00:00', 2),
(1968, 11, 2, 9, 'TRIMESTRAL', 0.00, '0000-00-00 00:00:00', 2),
(1969, 11, 2, 10, 'TRIMESTRAL', 0.00, '0000-00-00 00:00:00', 2),
(1970, 11, 2, 11, 'TRIMESTRAL', 0.00, '0000-00-00 00:00:00', 2),
(1971, 11, 2, 12, 'TRIMESTRAL', 0.00, '0000-00-00 00:00:00', 2),
(1972, 11, 2, 13, 'TRIMESTRAL', 0.00, '0000-00-00 00:00:00', 2),
(1973, 11, 2, 14, 'TRIMESTRAL', 0.00, '0000-00-00 00:00:00', 2),
(1974, 11, 2, 15, 'TRIMESTRAL', 0.00, '0000-00-00 00:00:00', 2),
(1975, 11, 2, 16, 'TRIMESTRAL', 0.00, '0000-00-00 00:00:00', 2),
(1976, 11, 2, 28, 'TRIMESTRAL', 0.00, '0000-00-00 00:00:00', 2),
(1977, 11, 2, 29, 'TRIMESTRAL', 0.00, '0000-00-00 00:00:00', 2),
(1978, 11, 2, 30, 'TRIMESTRAL', 0.00, '0000-00-00 00:00:00', 2),
(1979, 11, 2, 31, 'TRIMESTRAL', 0.00, '0000-00-00 00:00:00', 2),
(1980, 11, 2, 32, 'TRIMESTRAL', 0.00, '0000-00-00 00:00:00', 2),
(1981, 11, 2, 33, 'TRIMESTRAL', 0.00, '0000-00-00 00:00:00', 2),
(1982, 11, 2, 34, 'TRIMESTRAL', 0.00, '0000-00-00 00:00:00', 2),
(1983, 11, 2, 35, 'TRIMESTRAL', 0.00, '0000-00-00 00:00:00', 2),
(1984, 11, 3, 1, 'TRIMESTRAL', 0.00, '0000-00-00 00:00:00', 2),
(1985, 11, 3, 2, 'TRIMESTRAL', 0.00, '0000-00-00 00:00:00', 2),
(1986, 11, 3, 3, 'TRIMESTRAL', 0.00, '0000-00-00 00:00:00', 2),
(1987, 11, 3, 4, 'TRIMESTRAL', 0.00, '0000-00-00 00:00:00', 2),
(1988, 11, 3, 5, 'TRIMESTRAL', 0.00, '0000-00-00 00:00:00', 2),
(1989, 11, 3, 6, 'TRIMESTRAL', 0.00, '0000-00-00 00:00:00', 2),
(1990, 11, 3, 7, 'TRIMESTRAL', 0.00, '0000-00-00 00:00:00', 2),
(1991, 11, 3, 8, 'TRIMESTRAL', 0.00, '0000-00-00 00:00:00', 2),
(1992, 11, 3, 9, 'TRIMESTRAL', 0.00, '0000-00-00 00:00:00', 2),
(1993, 11, 3, 10, 'TRIMESTRAL', 0.00, '0000-00-00 00:00:00', 2),
(1994, 11, 3, 11, 'TRIMESTRAL', 0.00, '0000-00-00 00:00:00', 2),
(1995, 11, 3, 12, 'TRIMESTRAL', 0.00, '0000-00-00 00:00:00', 2),
(1996, 11, 3, 13, 'TRIMESTRAL', 0.00, '0000-00-00 00:00:00', 2),
(1997, 11, 3, 14, 'TRIMESTRAL', 0.00, '0000-00-00 00:00:00', 2),
(1998, 11, 3, 15, 'TRIMESTRAL', 0.00, '0000-00-00 00:00:00', 2),
(1999, 11, 3, 16, 'TRIMESTRAL', 0.00, '0000-00-00 00:00:00', 2),
(2000, 11, 3, 28, 'TRIMESTRAL', 0.00, '0000-00-00 00:00:00', 2),
(2001, 11, 3, 29, 'TRIMESTRAL', 0.00, '0000-00-00 00:00:00', 2),
(2002, 11, 3, 30, 'TRIMESTRAL', 0.00, '0000-00-00 00:00:00', 2),
(2003, 11, 3, 31, 'TRIMESTRAL', 0.00, '0000-00-00 00:00:00', 2),
(2004, 11, 3, 32, 'TRIMESTRAL', 0.00, '0000-00-00 00:00:00', 2),
(2005, 11, 3, 33, 'TRIMESTRAL', 0.00, '0000-00-00 00:00:00', 2),
(2006, 11, 3, 34, 'TRIMESTRAL', 0.00, '0000-00-00 00:00:00', 2),
(2007, 11, 3, 35, 'TRIMESTRAL', 0.00, '0000-00-00 00:00:00', 2),
(2008, 12, 1, 1, 'TRIMESTRAL', 0.00, '0000-00-00 00:00:00', 2),
(2009, 12, 1, 2, 'TRIMESTRAL', 0.00, '0000-00-00 00:00:00', 2),
(2010, 12, 1, 3, 'TRIMESTRAL', 0.00, '0000-00-00 00:00:00', 2),
(2011, 12, 1, 4, 'TRIMESTRAL', 0.00, '0000-00-00 00:00:00', 2),
(2012, 12, 1, 5, 'TRIMESTRAL', 0.00, '0000-00-00 00:00:00', 2),
(2013, 12, 1, 6, 'TRIMESTRAL', 0.00, '0000-00-00 00:00:00', 2),
(2014, 12, 1, 7, 'TRIMESTRAL', 0.00, '0000-00-00 00:00:00', 2),
(2015, 12, 1, 8, 'TRIMESTRAL', 0.00, '0000-00-00 00:00:00', 2),
(2016, 12, 1, 9, 'TRIMESTRAL', 0.00, '0000-00-00 00:00:00', 2),
(2017, 12, 1, 10, 'TRIMESTRAL', 0.00, '0000-00-00 00:00:00', 2),
(2018, 12, 1, 11, 'TRIMESTRAL', 0.00, '0000-00-00 00:00:00', 2),
(2019, 12, 1, 12, 'TRIMESTRAL', 0.00, '0000-00-00 00:00:00', 2),
(2020, 12, 1, 13, 'TRIMESTRAL', 0.00, '0000-00-00 00:00:00', 2),
(2021, 12, 1, 14, 'TRIMESTRAL', 0.00, '0000-00-00 00:00:00', 2),
(2022, 12, 1, 15, 'TRIMESTRAL', 0.00, '0000-00-00 00:00:00', 2),
(2023, 12, 1, 16, 'TRIMESTRAL', 0.00, '0000-00-00 00:00:00', 2),
(2024, 12, 1, 28, 'TRIMESTRAL', 0.00, '0000-00-00 00:00:00', 2),
(2025, 12, 1, 29, 'TRIMESTRAL', 0.00, '0000-00-00 00:00:00', 2),
(2026, 12, 1, 30, 'TRIMESTRAL', 0.00, '0000-00-00 00:00:00', 2),
(2027, 12, 1, 31, 'TRIMESTRAL', 0.00, '0000-00-00 00:00:00', 2),
(2028, 12, 1, 32, 'TRIMESTRAL', 0.00, '0000-00-00 00:00:00', 2),
(2029, 12, 1, 33, 'TRIMESTRAL', 0.00, '0000-00-00 00:00:00', 2),
(2030, 12, 1, 34, 'TRIMESTRAL', 0.00, '0000-00-00 00:00:00', 2),
(2031, 12, 1, 35, 'TRIMESTRAL', 0.00, '0000-00-00 00:00:00', 2),
(2032, 12, 2, 1, 'TRIMESTRAL', 0.00, '0000-00-00 00:00:00', 2),
(2033, 12, 2, 2, 'TRIMESTRAL', 0.00, '0000-00-00 00:00:00', 2),
(2034, 12, 2, 3, 'TRIMESTRAL', 0.00, '0000-00-00 00:00:00', 2),
(2035, 12, 2, 4, 'TRIMESTRAL', 0.00, '0000-00-00 00:00:00', 2),
(2036, 12, 2, 5, 'TRIMESTRAL', 0.00, '0000-00-00 00:00:00', 2),
(2037, 12, 2, 6, 'TRIMESTRAL', 0.00, '0000-00-00 00:00:00', 2),
(2038, 12, 2, 7, 'TRIMESTRAL', 0.00, '0000-00-00 00:00:00', 2),
(2039, 12, 2, 8, 'TRIMESTRAL', 0.00, '0000-00-00 00:00:00', 2),
(2040, 12, 2, 9, 'TRIMESTRAL', 0.00, '0000-00-00 00:00:00', 2),
(2041, 12, 2, 10, 'TRIMESTRAL', 0.00, '0000-00-00 00:00:00', 2),
(2042, 12, 2, 11, 'TRIMESTRAL', 0.00, '0000-00-00 00:00:00', 2),
(2043, 12, 2, 12, 'TRIMESTRAL', 0.00, '0000-00-00 00:00:00', 2),
(2044, 12, 2, 13, 'TRIMESTRAL', 0.00, '0000-00-00 00:00:00', 2),
(2045, 12, 2, 14, 'TRIMESTRAL', 0.00, '0000-00-00 00:00:00', 2),
(2046, 12, 2, 15, 'TRIMESTRAL', 0.00, '0000-00-00 00:00:00', 2),
(2047, 12, 2, 16, 'TRIMESTRAL', 0.00, '0000-00-00 00:00:00', 2),
(2048, 12, 2, 28, 'TRIMESTRAL', 0.00, '0000-00-00 00:00:00', 2),
(2049, 12, 2, 29, 'TRIMESTRAL', 0.00, '0000-00-00 00:00:00', 2),
(2050, 12, 2, 30, 'TRIMESTRAL', 0.00, '0000-00-00 00:00:00', 2),
(2051, 12, 2, 31, 'TRIMESTRAL', 0.00, '0000-00-00 00:00:00', 2),
(2052, 12, 2, 32, 'TRIMESTRAL', 0.00, '0000-00-00 00:00:00', 2),
(2053, 12, 2, 33, 'TRIMESTRAL', 0.00, '0000-00-00 00:00:00', 2),
(2054, 12, 2, 34, 'TRIMESTRAL', 0.00, '0000-00-00 00:00:00', 2),
(2055, 12, 2, 35, 'TRIMESTRAL', 0.00, '0000-00-00 00:00:00', 2),
(2056, 12, 3, 1, 'TRIMESTRAL', 0.00, '0000-00-00 00:00:00', 2),
(2057, 12, 3, 2, 'TRIMESTRAL', 0.00, '0000-00-00 00:00:00', 2),
(2058, 12, 3, 3, 'TRIMESTRAL', 0.00, '0000-00-00 00:00:00', 2),
(2059, 12, 3, 4, 'TRIMESTRAL', 0.00, '0000-00-00 00:00:00', 2),
(2060, 12, 3, 5, 'TRIMESTRAL', 0.00, '0000-00-00 00:00:00', 2),
(2061, 12, 3, 6, 'TRIMESTRAL', 0.00, '0000-00-00 00:00:00', 2),
(2062, 12, 3, 7, 'TRIMESTRAL', 0.00, '0000-00-00 00:00:00', 2),
(2063, 12, 3, 8, 'TRIMESTRAL', 0.00, '0000-00-00 00:00:00', 2),
(2064, 12, 3, 9, 'TRIMESTRAL', 0.00, '0000-00-00 00:00:00', 2),
(2065, 12, 3, 10, 'TRIMESTRAL', 0.00, '0000-00-00 00:00:00', 2),
(2066, 12, 3, 11, 'TRIMESTRAL', 0.00, '0000-00-00 00:00:00', 2),
(2067, 12, 3, 12, 'TRIMESTRAL', 0.00, '0000-00-00 00:00:00', 2),
(2068, 12, 3, 13, 'TRIMESTRAL', 0.00, '0000-00-00 00:00:00', 2),
(2069, 12, 3, 14, 'TRIMESTRAL', 0.00, '0000-00-00 00:00:00', 2),
(2070, 12, 3, 15, 'TRIMESTRAL', 0.00, '0000-00-00 00:00:00', 2),
(2071, 12, 3, 16, 'TRIMESTRAL', 0.00, '0000-00-00 00:00:00', 2),
(2072, 12, 3, 28, 'TRIMESTRAL', 0.00, '0000-00-00 00:00:00', 2),
(2073, 12, 3, 29, 'TRIMESTRAL', 0.00, '0000-00-00 00:00:00', 2),
(2074, 12, 3, 30, 'TRIMESTRAL', 0.00, '0000-00-00 00:00:00', 2),
(2075, 12, 3, 31, 'TRIMESTRAL', 0.00, '0000-00-00 00:00:00', 2),
(2076, 12, 3, 32, 'TRIMESTRAL', 0.00, '0000-00-00 00:00:00', 2),
(2077, 12, 3, 33, 'TRIMESTRAL', 0.00, '0000-00-00 00:00:00', 2),
(2078, 12, 3, 34, 'TRIMESTRAL', 0.00, '0000-00-00 00:00:00', 2),
(2079, 12, 3, 35, 'TRIMESTRAL', 0.00, '0000-00-00 00:00:00', 2),
(2080, 13, 1, 1, 'TRIMESTRAL', 0.00, '0000-00-00 00:00:00', 2),
(2081, 13, 1, 2, 'TRIMESTRAL', 0.00, '0000-00-00 00:00:00', 2),
(2082, 13, 1, 3, 'TRIMESTRAL', 0.00, '0000-00-00 00:00:00', 2),
(2083, 13, 1, 4, 'TRIMESTRAL', 0.00, '0000-00-00 00:00:00', 2),
(2084, 13, 1, 5, 'TRIMESTRAL', 0.00, '0000-00-00 00:00:00', 2),
(2085, 13, 1, 6, 'TRIMESTRAL', 0.00, '0000-00-00 00:00:00', 2),
(2086, 13, 1, 7, 'TRIMESTRAL', 0.00, '0000-00-00 00:00:00', 2),
(2087, 13, 1, 8, 'TRIMESTRAL', 0.00, '0000-00-00 00:00:00', 2),
(2088, 13, 1, 9, 'TRIMESTRAL', 0.00, '0000-00-00 00:00:00', 2),
(2089, 13, 1, 10, 'TRIMESTRAL', 0.00, '0000-00-00 00:00:00', 2),
(2090, 13, 1, 11, 'TRIMESTRAL', 0.00, '0000-00-00 00:00:00', 2),
(2091, 13, 1, 12, 'TRIMESTRAL', 0.00, '0000-00-00 00:00:00', 2),
(2092, 13, 1, 13, 'TRIMESTRAL', 0.00, '0000-00-00 00:00:00', 2),
(2093, 13, 1, 14, 'TRIMESTRAL', 0.00, '0000-00-00 00:00:00', 2),
(2094, 13, 1, 15, 'TRIMESTRAL', 0.00, '0000-00-00 00:00:00', 2),
(2095, 13, 1, 16, 'TRIMESTRAL', 0.00, '0000-00-00 00:00:00', 2),
(2096, 13, 1, 28, 'TRIMESTRAL', 0.00, '0000-00-00 00:00:00', 2),
(2097, 13, 1, 29, 'TRIMESTRAL', 0.00, '0000-00-00 00:00:00', 2),
(2098, 13, 1, 30, 'TRIMESTRAL', 0.00, '0000-00-00 00:00:00', 2),
(2099, 13, 1, 31, 'TRIMESTRAL', 0.00, '0000-00-00 00:00:00', 2),
(2100, 13, 1, 32, 'TRIMESTRAL', 0.00, '0000-00-00 00:00:00', 2),
(2101, 13, 1, 33, 'TRIMESTRAL', 0.00, '0000-00-00 00:00:00', 2),
(2102, 13, 1, 34, 'TRIMESTRAL', 0.00, '0000-00-00 00:00:00', 2),
(2103, 13, 1, 35, 'TRIMESTRAL', 0.00, '0000-00-00 00:00:00', 2),
(2104, 13, 2, 1, 'TRIMESTRAL', 0.00, '0000-00-00 00:00:00', 2),
(2105, 13, 2, 2, 'TRIMESTRAL', 0.00, '0000-00-00 00:00:00', 2),
(2106, 13, 2, 3, 'TRIMESTRAL', 0.00, '0000-00-00 00:00:00', 2),
(2107, 13, 2, 4, 'TRIMESTRAL', 0.00, '0000-00-00 00:00:00', 2),
(2108, 13, 2, 5, 'TRIMESTRAL', 0.00, '0000-00-00 00:00:00', 2),
(2109, 13, 2, 6, 'TRIMESTRAL', 0.00, '0000-00-00 00:00:00', 2),
(2110, 13, 2, 7, 'TRIMESTRAL', 0.00, '0000-00-00 00:00:00', 2),
(2111, 13, 2, 8, 'TRIMESTRAL', 0.00, '0000-00-00 00:00:00', 2),
(2112, 13, 2, 9, 'TRIMESTRAL', 0.00, '0000-00-00 00:00:00', 2),
(2113, 13, 2, 10, 'TRIMESTRAL', 0.00, '0000-00-00 00:00:00', 2),
(2114, 13, 2, 11, 'TRIMESTRAL', 0.00, '0000-00-00 00:00:00', 2),
(2115, 13, 2, 12, 'TRIMESTRAL', 0.00, '0000-00-00 00:00:00', 2),
(2116, 13, 2, 13, 'TRIMESTRAL', 0.00, '0000-00-00 00:00:00', 2),
(2117, 13, 2, 14, 'TRIMESTRAL', 0.00, '0000-00-00 00:00:00', 2),
(2118, 13, 2, 15, 'TRIMESTRAL', 0.00, '0000-00-00 00:00:00', 2),
(2119, 13, 2, 16, 'TRIMESTRAL', 0.00, '0000-00-00 00:00:00', 2),
(2120, 13, 2, 28, 'TRIMESTRAL', 0.00, '0000-00-00 00:00:00', 2),
(2121, 13, 2, 29, 'TRIMESTRAL', 0.00, '0000-00-00 00:00:00', 2),
(2122, 13, 2, 30, 'TRIMESTRAL', 0.00, '0000-00-00 00:00:00', 2),
(2123, 13, 2, 31, 'TRIMESTRAL', 0.00, '0000-00-00 00:00:00', 2),
(2124, 13, 2, 32, 'TRIMESTRAL', 0.00, '0000-00-00 00:00:00', 2),
(2125, 13, 2, 33, 'TRIMESTRAL', 0.00, '0000-00-00 00:00:00', 2),
(2126, 13, 2, 34, 'TRIMESTRAL', 0.00, '0000-00-00 00:00:00', 2),
(2127, 13, 2, 35, 'TRIMESTRAL', 0.00, '0000-00-00 00:00:00', 2),
(2128, 13, 3, 1, 'TRIMESTRAL', 0.00, '0000-00-00 00:00:00', 2),
(2129, 13, 3, 2, 'TRIMESTRAL', 0.00, '0000-00-00 00:00:00', 2),
(2130, 13, 3, 3, 'TRIMESTRAL', 0.00, '0000-00-00 00:00:00', 2),
(2131, 13, 3, 4, 'TRIMESTRAL', 0.00, '0000-00-00 00:00:00', 2),
(2132, 13, 3, 5, 'TRIMESTRAL', 0.00, '0000-00-00 00:00:00', 2),
(2133, 13, 3, 6, 'TRIMESTRAL', 0.00, '0000-00-00 00:00:00', 2),
(2134, 13, 3, 7, 'TRIMESTRAL', 0.00, '0000-00-00 00:00:00', 2),
(2135, 13, 3, 8, 'TRIMESTRAL', 0.00, '0000-00-00 00:00:00', 2),
(2136, 13, 3, 9, 'TRIMESTRAL', 0.00, '0000-00-00 00:00:00', 2),
(2137, 13, 3, 10, 'TRIMESTRAL', 0.00, '0000-00-00 00:00:00', 2),
(2138, 13, 3, 11, 'TRIMESTRAL', 0.00, '0000-00-00 00:00:00', 2),
(2139, 13, 3, 12, 'TRIMESTRAL', 0.00, '0000-00-00 00:00:00', 2),
(2140, 13, 3, 13, 'TRIMESTRAL', 0.00, '0000-00-00 00:00:00', 2),
(2141, 13, 3, 14, 'TRIMESTRAL', 0.00, '0000-00-00 00:00:00', 2),
(2142, 13, 3, 15, 'TRIMESTRAL', 0.00, '0000-00-00 00:00:00', 2),
(2143, 13, 3, 16, 'TRIMESTRAL', 0.00, '0000-00-00 00:00:00', 2),
(2144, 13, 3, 28, 'TRIMESTRAL', 0.00, '0000-00-00 00:00:00', 2),
(2145, 13, 3, 29, 'TRIMESTRAL', 0.00, '0000-00-00 00:00:00', 2),
(2146, 13, 3, 30, 'TRIMESTRAL', 0.00, '0000-00-00 00:00:00', 2),
(2147, 13, 3, 31, 'TRIMESTRAL', 0.00, '0000-00-00 00:00:00', 2),
(2148, 13, 3, 32, 'TRIMESTRAL', 0.00, '0000-00-00 00:00:00', 2),
(2149, 13, 3, 33, 'TRIMESTRAL', 0.00, '0000-00-00 00:00:00', 2),
(2150, 13, 3, 34, 'TRIMESTRAL', 0.00, '0000-00-00 00:00:00', 2),
(2151, 13, 3, 35, 'TRIMESTRAL', 0.00, '0000-00-00 00:00:00', 2),
(2152, 14, 1, 1, 'TRIMESTRAL', 0.00, '0000-00-00 00:00:00', 2),
(2153, 14, 1, 2, 'TRIMESTRAL', 0.00, '0000-00-00 00:00:00', 2),
(2154, 14, 1, 3, 'TRIMESTRAL', 0.00, '0000-00-00 00:00:00', 2),
(2155, 14, 1, 4, 'TRIMESTRAL', 0.00, '0000-00-00 00:00:00', 2),
(2156, 14, 1, 5, 'TRIMESTRAL', 0.00, '0000-00-00 00:00:00', 2),
(2157, 14, 1, 6, 'TRIMESTRAL', 0.00, '0000-00-00 00:00:00', 2),
(2158, 14, 1, 7, 'TRIMESTRAL', 0.00, '0000-00-00 00:00:00', 2),
(2159, 14, 1, 8, 'TRIMESTRAL', 0.00, '0000-00-00 00:00:00', 2),
(2160, 14, 1, 9, 'TRIMESTRAL', 0.00, '0000-00-00 00:00:00', 2),
(2161, 14, 1, 10, 'TRIMESTRAL', 0.00, '0000-00-00 00:00:00', 2),
(2162, 14, 1, 11, 'TRIMESTRAL', 0.00, '0000-00-00 00:00:00', 2),
(2163, 14, 1, 12, 'TRIMESTRAL', 0.00, '0000-00-00 00:00:00', 2),
(2164, 14, 1, 13, 'TRIMESTRAL', 0.00, '0000-00-00 00:00:00', 2),
(2165, 14, 1, 14, 'TRIMESTRAL', 0.00, '0000-00-00 00:00:00', 2),
(2166, 14, 1, 15, 'TRIMESTRAL', 0.00, '0000-00-00 00:00:00', 2),
(2167, 14, 1, 16, 'TRIMESTRAL', 0.00, '0000-00-00 00:00:00', 2),
(2168, 14, 1, 28, 'TRIMESTRAL', 0.00, '0000-00-00 00:00:00', 2),
(2169, 14, 1, 29, 'TRIMESTRAL', 0.00, '0000-00-00 00:00:00', 2),
(2170, 14, 1, 30, 'TRIMESTRAL', 0.00, '0000-00-00 00:00:00', 2),
(2171, 14, 1, 31, 'TRIMESTRAL', 0.00, '0000-00-00 00:00:00', 2),
(2172, 14, 1, 32, 'TRIMESTRAL', 0.00, '0000-00-00 00:00:00', 2),
(2173, 14, 1, 33, 'TRIMESTRAL', 0.00, '0000-00-00 00:00:00', 2),
(2174, 14, 1, 34, 'TRIMESTRAL', 0.00, '0000-00-00 00:00:00', 2),
(2175, 14, 1, 35, 'TRIMESTRAL', 0.00, '0000-00-00 00:00:00', 2),
(2176, 14, 2, 1, 'TRIMESTRAL', 0.00, '0000-00-00 00:00:00', 2),
(2177, 14, 2, 2, 'TRIMESTRAL', 0.00, '0000-00-00 00:00:00', 2),
(2178, 14, 2, 3, 'TRIMESTRAL', 0.00, '0000-00-00 00:00:00', 2),
(2179, 14, 2, 4, 'TRIMESTRAL', 0.00, '0000-00-00 00:00:00', 2),
(2180, 14, 2, 5, 'TRIMESTRAL', 0.00, '0000-00-00 00:00:00', 2),
(2181, 14, 2, 6, 'TRIMESTRAL', 0.00, '0000-00-00 00:00:00', 2),
(2182, 14, 2, 7, 'TRIMESTRAL', 0.00, '0000-00-00 00:00:00', 2),
(2183, 14, 2, 8, 'TRIMESTRAL', 0.00, '0000-00-00 00:00:00', 2),
(2184, 14, 2, 9, 'TRIMESTRAL', 0.00, '0000-00-00 00:00:00', 2),
(2185, 14, 2, 10, 'TRIMESTRAL', 0.00, '0000-00-00 00:00:00', 2),
(2186, 14, 2, 11, 'TRIMESTRAL', 0.00, '0000-00-00 00:00:00', 2),
(2187, 14, 2, 12, 'TRIMESTRAL', 0.00, '0000-00-00 00:00:00', 2),
(2188, 14, 2, 13, 'TRIMESTRAL', 0.00, '0000-00-00 00:00:00', 2),
(2189, 14, 2, 14, 'TRIMESTRAL', 0.00, '0000-00-00 00:00:00', 2),
(2190, 14, 2, 15, 'TRIMESTRAL', 0.00, '0000-00-00 00:00:00', 2),
(2191, 14, 2, 16, 'TRIMESTRAL', 0.00, '0000-00-00 00:00:00', 2),
(2192, 14, 2, 28, 'TRIMESTRAL', 0.00, '0000-00-00 00:00:00', 2),
(2193, 14, 2, 29, 'TRIMESTRAL', 0.00, '0000-00-00 00:00:00', 2),
(2194, 14, 2, 30, 'TRIMESTRAL', 0.00, '0000-00-00 00:00:00', 2),
(2195, 14, 2, 31, 'TRIMESTRAL', 0.00, '0000-00-00 00:00:00', 2),
(2196, 14, 2, 32, 'TRIMESTRAL', 0.00, '0000-00-00 00:00:00', 2),
(2197, 14, 2, 33, 'TRIMESTRAL', 0.00, '0000-00-00 00:00:00', 2),
(2198, 14, 2, 34, 'TRIMESTRAL', 0.00, '0000-00-00 00:00:00', 2),
(2199, 14, 2, 35, 'TRIMESTRAL', 0.00, '0000-00-00 00:00:00', 2),
(2200, 14, 3, 1, 'TRIMESTRAL', 0.00, '0000-00-00 00:00:00', 2),
(2201, 14, 3, 2, 'TRIMESTRAL', 0.00, '0000-00-00 00:00:00', 2),
(2202, 14, 3, 3, 'TRIMESTRAL', 0.00, '0000-00-00 00:00:00', 2),
(2203, 14, 3, 4, 'TRIMESTRAL', 0.00, '0000-00-00 00:00:00', 2),
(2204, 14, 3, 5, 'TRIMESTRAL', 0.00, '0000-00-00 00:00:00', 2),
(2205, 14, 3, 6, 'TRIMESTRAL', 0.00, '0000-00-00 00:00:00', 2),
(2206, 14, 3, 7, 'TRIMESTRAL', 0.00, '0000-00-00 00:00:00', 2),
(2207, 14, 3, 8, 'TRIMESTRAL', 0.00, '0000-00-00 00:00:00', 2),
(2208, 14, 3, 9, 'TRIMESTRAL', 0.00, '0000-00-00 00:00:00', 2),
(2209, 14, 3, 10, 'TRIMESTRAL', 0.00, '0000-00-00 00:00:00', 2),
(2210, 14, 3, 11, 'TRIMESTRAL', 0.00, '0000-00-00 00:00:00', 2),
(2211, 14, 3, 12, 'TRIMESTRAL', 0.00, '0000-00-00 00:00:00', 2),
(2212, 14, 3, 13, 'TRIMESTRAL', 0.00, '0000-00-00 00:00:00', 2),
(2213, 14, 3, 14, 'TRIMESTRAL', 0.00, '0000-00-00 00:00:00', 2);
INSERT INTO `valores` (`ID_VALOR`, `ID_TAG_AGF`, `ID_EMPRESA`, `ID_PERIODO`, `tipo`, `VALOR`, `DT_MODIFICACION`, `origen`) VALUES
(2214, 14, 3, 15, 'TRIMESTRAL', 0.00, '0000-00-00 00:00:00', 2),
(2215, 14, 3, 16, 'TRIMESTRAL', 0.00, '0000-00-00 00:00:00', 2),
(2216, 14, 3, 28, 'TRIMESTRAL', 0.00, '0000-00-00 00:00:00', 2),
(2217, 14, 3, 29, 'TRIMESTRAL', 0.00, '0000-00-00 00:00:00', 2),
(2218, 14, 3, 30, 'TRIMESTRAL', 0.00, '0000-00-00 00:00:00', 2),
(2219, 14, 3, 31, 'TRIMESTRAL', 0.00, '0000-00-00 00:00:00', 2),
(2220, 14, 3, 32, 'TRIMESTRAL', 0.00, '0000-00-00 00:00:00', 2),
(2221, 14, 3, 33, 'TRIMESTRAL', 0.00, '0000-00-00 00:00:00', 2),
(2222, 14, 3, 34, 'TRIMESTRAL', 0.00, '0000-00-00 00:00:00', 2),
(2223, 14, 3, 35, 'TRIMESTRAL', 0.00, '0000-00-00 00:00:00', 2),
(2224, 15, 1, 1, 'TRIMESTRAL', 0.00, '0000-00-00 00:00:00', 2),
(2225, 15, 1, 2, 'TRIMESTRAL', 0.00, '0000-00-00 00:00:00', 2),
(2226, 15, 1, 3, 'TRIMESTRAL', 0.00, '0000-00-00 00:00:00', 2),
(2227, 15, 1, 4, 'TRIMESTRAL', 0.00, '0000-00-00 00:00:00', 2),
(2228, 15, 1, 5, 'TRIMESTRAL', 0.00, '0000-00-00 00:00:00', 2),
(2229, 15, 1, 6, 'TRIMESTRAL', 0.00, '0000-00-00 00:00:00', 2),
(2230, 15, 1, 7, 'TRIMESTRAL', 0.00, '0000-00-00 00:00:00', 2),
(2231, 15, 1, 8, 'TRIMESTRAL', 0.00, '0000-00-00 00:00:00', 2),
(2232, 15, 1, 9, 'TRIMESTRAL', 0.00, '0000-00-00 00:00:00', 2),
(2233, 15, 1, 10, 'TRIMESTRAL', 0.00, '0000-00-00 00:00:00', 2),
(2234, 15, 1, 11, 'TRIMESTRAL', 0.00, '0000-00-00 00:00:00', 2),
(2235, 15, 1, 12, 'TRIMESTRAL', 0.00, '0000-00-00 00:00:00', 2),
(2236, 15, 1, 13, 'TRIMESTRAL', 0.00, '0000-00-00 00:00:00', 2),
(2237, 15, 1, 14, 'TRIMESTRAL', 0.00, '0000-00-00 00:00:00', 2),
(2238, 15, 1, 15, 'TRIMESTRAL', 0.00, '0000-00-00 00:00:00', 2),
(2239, 15, 1, 16, 'TRIMESTRAL', 0.00, '0000-00-00 00:00:00', 2),
(2240, 15, 1, 28, 'TRIMESTRAL', 0.00, '0000-00-00 00:00:00', 2),
(2241, 15, 1, 29, 'TRIMESTRAL', 0.00, '0000-00-00 00:00:00', 2),
(2242, 15, 1, 30, 'TRIMESTRAL', 0.00, '0000-00-00 00:00:00', 2),
(2243, 15, 1, 31, 'TRIMESTRAL', 0.00, '0000-00-00 00:00:00', 2),
(2244, 15, 1, 32, 'TRIMESTRAL', 0.00, '0000-00-00 00:00:00', 2),
(2245, 15, 1, 33, 'TRIMESTRAL', 0.00, '0000-00-00 00:00:00', 2),
(2246, 15, 1, 34, 'TRIMESTRAL', 0.00, '0000-00-00 00:00:00', 2),
(2247, 15, 1, 35, 'TRIMESTRAL', 0.00, '0000-00-00 00:00:00', 2),
(2248, 15, 2, 1, 'TRIMESTRAL', 0.00, '0000-00-00 00:00:00', 2),
(2249, 15, 2, 2, 'TRIMESTRAL', 0.00, '0000-00-00 00:00:00', 2),
(2250, 15, 2, 3, 'TRIMESTRAL', 0.00, '0000-00-00 00:00:00', 2),
(2251, 15, 2, 4, 'TRIMESTRAL', 0.00, '0000-00-00 00:00:00', 2),
(2252, 15, 2, 5, 'TRIMESTRAL', 0.00, '0000-00-00 00:00:00', 2),
(2253, 15, 2, 6, 'TRIMESTRAL', 0.00, '0000-00-00 00:00:00', 2),
(2254, 15, 2, 7, 'TRIMESTRAL', 0.00, '0000-00-00 00:00:00', 2),
(2255, 15, 2, 8, 'TRIMESTRAL', 0.00, '0000-00-00 00:00:00', 2),
(2256, 15, 2, 9, 'TRIMESTRAL', 0.00, '0000-00-00 00:00:00', 2),
(2257, 15, 2, 10, 'TRIMESTRAL', 0.00, '0000-00-00 00:00:00', 2),
(2258, 15, 2, 11, 'TRIMESTRAL', 0.00, '0000-00-00 00:00:00', 2),
(2259, 15, 2, 12, 'TRIMESTRAL', 0.00, '0000-00-00 00:00:00', 2),
(2260, 15, 2, 13, 'TRIMESTRAL', 0.00, '0000-00-00 00:00:00', 2),
(2261, 15, 2, 14, 'TRIMESTRAL', 0.00, '0000-00-00 00:00:00', 2),
(2262, 15, 2, 15, 'TRIMESTRAL', 0.00, '0000-00-00 00:00:00', 2),
(2263, 15, 2, 16, 'TRIMESTRAL', 0.00, '0000-00-00 00:00:00', 2),
(2264, 15, 2, 28, 'TRIMESTRAL', 0.00, '0000-00-00 00:00:00', 2),
(2265, 15, 2, 29, 'TRIMESTRAL', 0.00, '0000-00-00 00:00:00', 2),
(2266, 15, 2, 30, 'TRIMESTRAL', 0.00, '0000-00-00 00:00:00', 2),
(2267, 15, 2, 31, 'TRIMESTRAL', 0.00, '0000-00-00 00:00:00', 2),
(2268, 15, 2, 32, 'TRIMESTRAL', 0.00, '0000-00-00 00:00:00', 2),
(2269, 15, 2, 33, 'TRIMESTRAL', 0.00, '0000-00-00 00:00:00', 2),
(2270, 15, 2, 34, 'TRIMESTRAL', 0.00, '0000-00-00 00:00:00', 2),
(2271, 15, 2, 35, 'TRIMESTRAL', 0.00, '0000-00-00 00:00:00', 2),
(2272, 15, 3, 1, 'TRIMESTRAL', 0.00, '0000-00-00 00:00:00', 2),
(2273, 15, 3, 2, 'TRIMESTRAL', 0.00, '0000-00-00 00:00:00', 2),
(2274, 15, 3, 3, 'TRIMESTRAL', 0.00, '0000-00-00 00:00:00', 2),
(2275, 15, 3, 4, 'TRIMESTRAL', 0.00, '0000-00-00 00:00:00', 2),
(2276, 15, 3, 5, 'TRIMESTRAL', 0.00, '0000-00-00 00:00:00', 2),
(2277, 15, 3, 6, 'TRIMESTRAL', 0.00, '0000-00-00 00:00:00', 2),
(2278, 15, 3, 7, 'TRIMESTRAL', 0.00, '0000-00-00 00:00:00', 2),
(2279, 15, 3, 8, 'TRIMESTRAL', 0.00, '0000-00-00 00:00:00', 2),
(2280, 15, 3, 9, 'TRIMESTRAL', 0.00, '0000-00-00 00:00:00', 2),
(2281, 15, 3, 10, 'TRIMESTRAL', 0.00, '0000-00-00 00:00:00', 2),
(2282, 15, 3, 11, 'TRIMESTRAL', 0.00, '0000-00-00 00:00:00', 2),
(2283, 15, 3, 12, 'TRIMESTRAL', 0.00, '0000-00-00 00:00:00', 2),
(2284, 15, 3, 13, 'TRIMESTRAL', 0.00, '0000-00-00 00:00:00', 2),
(2285, 15, 3, 14, 'TRIMESTRAL', 0.00, '0000-00-00 00:00:00', 2),
(2286, 15, 3, 15, 'TRIMESTRAL', 0.00, '0000-00-00 00:00:00', 2),
(2287, 15, 3, 16, 'TRIMESTRAL', 0.00, '0000-00-00 00:00:00', 2),
(2288, 15, 3, 28, 'TRIMESTRAL', 0.00, '0000-00-00 00:00:00', 2),
(2289, 15, 3, 29, 'TRIMESTRAL', 0.00, '0000-00-00 00:00:00', 2),
(2290, 15, 3, 30, 'TRIMESTRAL', 0.00, '0000-00-00 00:00:00', 2),
(2291, 15, 3, 31, 'TRIMESTRAL', 0.00, '0000-00-00 00:00:00', 2),
(2292, 15, 3, 32, 'TRIMESTRAL', 0.00, '0000-00-00 00:00:00', 2),
(2293, 15, 3, 33, 'TRIMESTRAL', 0.00, '0000-00-00 00:00:00', 2),
(2294, 15, 3, 34, 'TRIMESTRAL', 0.00, '0000-00-00 00:00:00', 2),
(2295, 15, 3, 35, 'TRIMESTRAL', 0.00, '0000-00-00 00:00:00', 2),
(2296, 16, 1, 1, 'TRIMESTRAL', 0.00, '0000-00-00 00:00:00', 2),
(2297, 16, 1, 2, 'TRIMESTRAL', 0.00, '0000-00-00 00:00:00', 2),
(2298, 16, 1, 3, 'TRIMESTRAL', 0.00, '0000-00-00 00:00:00', 2),
(2299, 16, 1, 4, 'TRIMESTRAL', 0.00, '0000-00-00 00:00:00', 2),
(2300, 16, 1, 5, 'TRIMESTRAL', 0.00, '0000-00-00 00:00:00', 2),
(2301, 16, 1, 6, 'TRIMESTRAL', 0.00, '0000-00-00 00:00:00', 2),
(2302, 16, 1, 7, 'TRIMESTRAL', 0.00, '0000-00-00 00:00:00', 2),
(2303, 16, 1, 8, 'TRIMESTRAL', 0.00, '0000-00-00 00:00:00', 2),
(2304, 16, 1, 9, 'TRIMESTRAL', 0.00, '0000-00-00 00:00:00', 2),
(2305, 16, 1, 10, 'TRIMESTRAL', 0.00, '0000-00-00 00:00:00', 2),
(2306, 16, 1, 11, 'TRIMESTRAL', 0.00, '0000-00-00 00:00:00', 2),
(2307, 16, 1, 12, 'TRIMESTRAL', 0.00, '0000-00-00 00:00:00', 2),
(2308, 16, 1, 13, 'TRIMESTRAL', 0.00, '0000-00-00 00:00:00', 2),
(2309, 16, 1, 14, 'TRIMESTRAL', 0.00, '0000-00-00 00:00:00', 2),
(2310, 16, 1, 15, 'TRIMESTRAL', 0.00, '0000-00-00 00:00:00', 2),
(2311, 16, 1, 16, 'TRIMESTRAL', 0.00, '0000-00-00 00:00:00', 2),
(2312, 16, 1, 28, 'TRIMESTRAL', 0.00, '0000-00-00 00:00:00', 2),
(2313, 16, 1, 29, 'TRIMESTRAL', 0.00, '0000-00-00 00:00:00', 2),
(2314, 16, 1, 30, 'TRIMESTRAL', 0.00, '0000-00-00 00:00:00', 2),
(2315, 16, 1, 31, 'TRIMESTRAL', 0.00, '0000-00-00 00:00:00', 2),
(2316, 16, 1, 32, 'TRIMESTRAL', 0.00, '0000-00-00 00:00:00', 2),
(2317, 16, 1, 33, 'TRIMESTRAL', 0.00, '0000-00-00 00:00:00', 2),
(2318, 16, 1, 34, 'TRIMESTRAL', 0.00, '0000-00-00 00:00:00', 2),
(2319, 16, 1, 35, 'TRIMESTRAL', 0.00, '0000-00-00 00:00:00', 2),
(2320, 16, 2, 1, 'TRIMESTRAL', 0.00, '0000-00-00 00:00:00', 2),
(2321, 16, 2, 2, 'TRIMESTRAL', 0.00, '0000-00-00 00:00:00', 2),
(2322, 16, 2, 3, 'TRIMESTRAL', 0.00, '0000-00-00 00:00:00', 2),
(2323, 16, 2, 4, 'TRIMESTRAL', 0.00, '0000-00-00 00:00:00', 2),
(2324, 16, 2, 5, 'TRIMESTRAL', 0.00, '0000-00-00 00:00:00', 2),
(2325, 16, 2, 6, 'TRIMESTRAL', 0.00, '0000-00-00 00:00:00', 2),
(2326, 16, 2, 7, 'TRIMESTRAL', 0.00, '0000-00-00 00:00:00', 2),
(2327, 16, 2, 8, 'TRIMESTRAL', 0.00, '0000-00-00 00:00:00', 2),
(2328, 16, 2, 9, 'TRIMESTRAL', 0.00, '0000-00-00 00:00:00', 2),
(2329, 16, 2, 10, 'TRIMESTRAL', 0.00, '0000-00-00 00:00:00', 2),
(2330, 16, 2, 11, 'TRIMESTRAL', 0.00, '0000-00-00 00:00:00', 2),
(2331, 16, 2, 12, 'TRIMESTRAL', 0.00, '0000-00-00 00:00:00', 2),
(2332, 16, 2, 13, 'TRIMESTRAL', 0.00, '0000-00-00 00:00:00', 2),
(2333, 16, 2, 14, 'TRIMESTRAL', 0.00, '0000-00-00 00:00:00', 2),
(2334, 16, 2, 15, 'TRIMESTRAL', 0.00, '0000-00-00 00:00:00', 2),
(2335, 16, 2, 16, 'TRIMESTRAL', 0.00, '0000-00-00 00:00:00', 2),
(2336, 16, 2, 28, 'TRIMESTRAL', 0.00, '0000-00-00 00:00:00', 2),
(2337, 16, 2, 29, 'TRIMESTRAL', 0.00, '0000-00-00 00:00:00', 2),
(2338, 16, 2, 30, 'TRIMESTRAL', 0.00, '0000-00-00 00:00:00', 2),
(2339, 16, 2, 31, 'TRIMESTRAL', 0.00, '0000-00-00 00:00:00', 2),
(2340, 16, 2, 32, 'TRIMESTRAL', 0.00, '0000-00-00 00:00:00', 2),
(2341, 16, 2, 33, 'TRIMESTRAL', 0.00, '0000-00-00 00:00:00', 2),
(2342, 16, 2, 34, 'TRIMESTRAL', 0.00, '0000-00-00 00:00:00', 2),
(2343, 16, 2, 35, 'TRIMESTRAL', 0.00, '0000-00-00 00:00:00', 2),
(2344, 16, 3, 1, 'TRIMESTRAL', 0.00, '0000-00-00 00:00:00', 2),
(2345, 16, 3, 2, 'TRIMESTRAL', 0.00, '0000-00-00 00:00:00', 2),
(2346, 16, 3, 3, 'TRIMESTRAL', 0.00, '0000-00-00 00:00:00', 2),
(2347, 16, 3, 4, 'TRIMESTRAL', 0.00, '0000-00-00 00:00:00', 2),
(2348, 16, 3, 5, 'TRIMESTRAL', 0.00, '0000-00-00 00:00:00', 2),
(2349, 16, 3, 6, 'TRIMESTRAL', 0.00, '0000-00-00 00:00:00', 2),
(2350, 16, 3, 7, 'TRIMESTRAL', 0.00, '0000-00-00 00:00:00', 2),
(2351, 16, 3, 8, 'TRIMESTRAL', 0.00, '0000-00-00 00:00:00', 2),
(2352, 16, 3, 9, 'TRIMESTRAL', 0.00, '0000-00-00 00:00:00', 2),
(2353, 16, 3, 10, 'TRIMESTRAL', 0.00, '0000-00-00 00:00:00', 2),
(2354, 16, 3, 11, 'TRIMESTRAL', 0.00, '0000-00-00 00:00:00', 2),
(2355, 16, 3, 12, 'TRIMESTRAL', 0.00, '0000-00-00 00:00:00', 2),
(2356, 16, 3, 13, 'TRIMESTRAL', 0.00, '0000-00-00 00:00:00', 2),
(2357, 16, 3, 14, 'TRIMESTRAL', 0.00, '0000-00-00 00:00:00', 2),
(2358, 16, 3, 15, 'TRIMESTRAL', 0.00, '0000-00-00 00:00:00', 2),
(2359, 16, 3, 16, 'TRIMESTRAL', 0.00, '0000-00-00 00:00:00', 2),
(2360, 16, 3, 28, 'TRIMESTRAL', 0.00, '0000-00-00 00:00:00', 2),
(2361, 16, 3, 29, 'TRIMESTRAL', 0.00, '0000-00-00 00:00:00', 2),
(2362, 16, 3, 30, 'TRIMESTRAL', 0.00, '0000-00-00 00:00:00', 2),
(2363, 16, 3, 31, 'TRIMESTRAL', 0.00, '0000-00-00 00:00:00', 2),
(2364, 16, 3, 32, 'TRIMESTRAL', 0.00, '0000-00-00 00:00:00', 2),
(2365, 16, 3, 33, 'TRIMESTRAL', 0.00, '0000-00-00 00:00:00', 2),
(2366, 16, 3, 34, 'TRIMESTRAL', 0.00, '0000-00-00 00:00:00', 2),
(2367, 16, 3, 35, 'TRIMESTRAL', 0.00, '0000-00-00 00:00:00', 2),
(2368, 17, 1, 1, 'TRIMESTRAL', 0.00, '0000-00-00 00:00:00', 2),
(2369, 17, 1, 2, 'TRIMESTRAL', 0.00, '0000-00-00 00:00:00', 2),
(2370, 17, 1, 3, 'TRIMESTRAL', 0.00, '0000-00-00 00:00:00', 2),
(2371, 17, 1, 4, 'TRIMESTRAL', 0.00, '0000-00-00 00:00:00', 2),
(2372, 17, 1, 5, 'TRIMESTRAL', 0.00, '0000-00-00 00:00:00', 2),
(2373, 17, 1, 6, 'TRIMESTRAL', 0.00, '0000-00-00 00:00:00', 2),
(2374, 17, 1, 7, 'TRIMESTRAL', 0.00, '0000-00-00 00:00:00', 2),
(2375, 17, 1, 8, 'TRIMESTRAL', 0.00, '0000-00-00 00:00:00', 2),
(2376, 17, 1, 9, 'TRIMESTRAL', 0.00, '0000-00-00 00:00:00', 2),
(2377, 17, 1, 10, 'TRIMESTRAL', 0.00, '0000-00-00 00:00:00', 2),
(2378, 17, 1, 11, 'TRIMESTRAL', 0.00, '0000-00-00 00:00:00', 2),
(2379, 17, 1, 12, 'TRIMESTRAL', 0.00, '0000-00-00 00:00:00', 2),
(2380, 17, 1, 13, 'TRIMESTRAL', 0.00, '0000-00-00 00:00:00', 2),
(2381, 17, 1, 14, 'TRIMESTRAL', 0.00, '0000-00-00 00:00:00', 2),
(2382, 17, 1, 15, 'TRIMESTRAL', 0.00, '0000-00-00 00:00:00', 2),
(2383, 17, 1, 16, 'TRIMESTRAL', 0.00, '0000-00-00 00:00:00', 2),
(2384, 17, 1, 28, 'TRIMESTRAL', 0.00, '0000-00-00 00:00:00', 2),
(2385, 17, 1, 29, 'TRIMESTRAL', 0.00, '0000-00-00 00:00:00', 2),
(2386, 17, 1, 30, 'TRIMESTRAL', 0.00, '0000-00-00 00:00:00', 2),
(2387, 17, 1, 31, 'TRIMESTRAL', 0.00, '0000-00-00 00:00:00', 2),
(2388, 17, 1, 32, 'TRIMESTRAL', 0.00, '0000-00-00 00:00:00', 2),
(2389, 17, 1, 33, 'TRIMESTRAL', 0.00, '0000-00-00 00:00:00', 2),
(2390, 17, 1, 34, 'TRIMESTRAL', 0.00, '0000-00-00 00:00:00', 2),
(2391, 17, 2, 1, 'TRIMESTRAL', 0.00, '0000-00-00 00:00:00', 2),
(2392, 17, 2, 2, 'TRIMESTRAL', 0.00, '0000-00-00 00:00:00', 2),
(2393, 17, 2, 3, 'TRIMESTRAL', 0.00, '0000-00-00 00:00:00', 2),
(2394, 17, 2, 4, 'TRIMESTRAL', 0.00, '0000-00-00 00:00:00', 2),
(2395, 17, 2, 5, 'TRIMESTRAL', 0.00, '0000-00-00 00:00:00', 2),
(2396, 17, 2, 6, 'TRIMESTRAL', 0.00, '0000-00-00 00:00:00', 2),
(2397, 17, 2, 7, 'TRIMESTRAL', 0.00, '0000-00-00 00:00:00', 2),
(2398, 17, 2, 8, 'TRIMESTRAL', 0.00, '0000-00-00 00:00:00', 2),
(2399, 17, 2, 9, 'TRIMESTRAL', 0.00, '0000-00-00 00:00:00', 2),
(2400, 17, 2, 10, 'TRIMESTRAL', 0.00, '0000-00-00 00:00:00', 2),
(2401, 17, 2, 11, 'TRIMESTRAL', 0.00, '0000-00-00 00:00:00', 2),
(2402, 17, 2, 12, 'TRIMESTRAL', 0.00, '0000-00-00 00:00:00', 2),
(2403, 17, 2, 13, 'TRIMESTRAL', 0.00, '0000-00-00 00:00:00', 2),
(2404, 17, 2, 14, 'TRIMESTRAL', 0.00, '0000-00-00 00:00:00', 2),
(2405, 17, 2, 15, 'TRIMESTRAL', 0.00, '0000-00-00 00:00:00', 2),
(2406, 17, 2, 16, 'TRIMESTRAL', 0.00, '0000-00-00 00:00:00', 2),
(2407, 17, 2, 28, 'TRIMESTRAL', 0.00, '0000-00-00 00:00:00', 2),
(2408, 17, 2, 29, 'TRIMESTRAL', 0.00, '0000-00-00 00:00:00', 2),
(2409, 17, 2, 30, 'TRIMESTRAL', 0.00, '0000-00-00 00:00:00', 2),
(2410, 17, 2, 31, 'TRIMESTRAL', 0.00, '0000-00-00 00:00:00', 2),
(2411, 17, 2, 32, 'TRIMESTRAL', 0.00, '0000-00-00 00:00:00', 2),
(2412, 17, 2, 33, 'TRIMESTRAL', 0.00, '0000-00-00 00:00:00', 2),
(2413, 17, 2, 34, 'TRIMESTRAL', 0.00, '0000-00-00 00:00:00', 2),
(2414, 17, 3, 1, 'TRIMESTRAL', 0.00, '0000-00-00 00:00:00', 2),
(2415, 17, 3, 2, 'TRIMESTRAL', 0.00, '0000-00-00 00:00:00', 2),
(2416, 17, 3, 3, 'TRIMESTRAL', 0.00, '0000-00-00 00:00:00', 2),
(2417, 17, 3, 4, 'TRIMESTRAL', 0.00, '0000-00-00 00:00:00', 2),
(2418, 17, 3, 5, 'TRIMESTRAL', 0.00, '0000-00-00 00:00:00', 2),
(2419, 17, 3, 6, 'TRIMESTRAL', 0.00, '0000-00-00 00:00:00', 2),
(2420, 17, 3, 7, 'TRIMESTRAL', 0.00, '0000-00-00 00:00:00', 2),
(2421, 17, 3, 8, 'TRIMESTRAL', 0.00, '0000-00-00 00:00:00', 2),
(2422, 17, 3, 9, 'TRIMESTRAL', 0.00, '0000-00-00 00:00:00', 2),
(2423, 17, 3, 10, 'TRIMESTRAL', 0.00, '0000-00-00 00:00:00', 2),
(2424, 17, 3, 11, 'TRIMESTRAL', 0.00, '0000-00-00 00:00:00', 2),
(2425, 17, 3, 12, 'TRIMESTRAL', 0.00, '0000-00-00 00:00:00', 2),
(2426, 17, 3, 13, 'TRIMESTRAL', 0.00, '0000-00-00 00:00:00', 2),
(2427, 17, 3, 14, 'TRIMESTRAL', 0.00, '0000-00-00 00:00:00', 2),
(2428, 17, 3, 15, 'TRIMESTRAL', 0.00, '0000-00-00 00:00:00', 2),
(2429, 17, 3, 16, 'TRIMESTRAL', 0.00, '0000-00-00 00:00:00', 2),
(2430, 17, 3, 28, 'TRIMESTRAL', 0.00, '0000-00-00 00:00:00', 2),
(2431, 17, 3, 29, 'TRIMESTRAL', 0.00, '0000-00-00 00:00:00', 2),
(2432, 17, 3, 30, 'TRIMESTRAL', 0.00, '0000-00-00 00:00:00', 2),
(2433, 17, 3, 31, 'TRIMESTRAL', 0.00, '0000-00-00 00:00:00', 2),
(2434, 17, 3, 32, 'TRIMESTRAL', 0.00, '0000-00-00 00:00:00', 2),
(2435, 17, 3, 33, 'TRIMESTRAL', 0.00, '0000-00-00 00:00:00', 2),
(2436, 17, 3, 34, 'TRIMESTRAL', 0.00, '0000-00-00 00:00:00', 2),
(2437, 17, 1, 35, 'TRIMESTRAL', 0.00, '0000-00-00 00:00:00', 2),
(2438, 17, 2, 35, 'TRIMESTRAL', 0.00, '0000-00-00 00:00:00', 2),
(2439, 17, 3, 35, 'TRIMESTRAL', 0.00, '0000-00-00 00:00:00', 2),
(2440, 18, 1, 1, 'TRIMESTRAL', 0.00, '0000-00-00 00:00:00', 2),
(2441, 18, 1, 2, 'TRIMESTRAL', 0.00, '0000-00-00 00:00:00', 2),
(2442, 18, 1, 3, 'TRIMESTRAL', 0.00, '0000-00-00 00:00:00', 2),
(2443, 18, 1, 4, 'TRIMESTRAL', 0.00, '0000-00-00 00:00:00', 2),
(2444, 18, 1, 5, 'TRIMESTRAL', 0.00, '0000-00-00 00:00:00', 2),
(2445, 18, 1, 6, 'TRIMESTRAL', 0.00, '0000-00-00 00:00:00', 2),
(2446, 18, 1, 7, 'TRIMESTRAL', 0.00, '0000-00-00 00:00:00', 2),
(2447, 18, 1, 8, 'TRIMESTRAL', 0.00, '0000-00-00 00:00:00', 2),
(2448, 18, 1, 9, 'TRIMESTRAL', 0.00, '0000-00-00 00:00:00', 2),
(2449, 18, 1, 10, 'TRIMESTRAL', 0.00, '0000-00-00 00:00:00', 2),
(2450, 18, 1, 11, 'TRIMESTRAL', 0.00, '0000-00-00 00:00:00', 2),
(2451, 18, 1, 12, 'TRIMESTRAL', 0.00, '0000-00-00 00:00:00', 2),
(2452, 18, 1, 13, 'TRIMESTRAL', 0.00, '0000-00-00 00:00:00', 2),
(2453, 18, 1, 14, 'TRIMESTRAL', 0.00, '0000-00-00 00:00:00', 2),
(2454, 18, 1, 15, 'TRIMESTRAL', 0.00, '0000-00-00 00:00:00', 2),
(2455, 18, 1, 16, 'TRIMESTRAL', 0.00, '0000-00-00 00:00:00', 2),
(2456, 18, 1, 28, 'TRIMESTRAL', 0.00, '0000-00-00 00:00:00', 2),
(2457, 18, 1, 29, 'TRIMESTRAL', 0.00, '0000-00-00 00:00:00', 2),
(2458, 18, 1, 30, 'TRIMESTRAL', 0.00, '0000-00-00 00:00:00', 2),
(2459, 18, 1, 31, 'TRIMESTRAL', 0.00, '0000-00-00 00:00:00', 2),
(2460, 18, 1, 32, 'TRIMESTRAL', 0.00, '0000-00-00 00:00:00', 2),
(2461, 18, 1, 33, 'TRIMESTRAL', 0.00, '0000-00-00 00:00:00', 2),
(2462, 18, 2, 1, 'TRIMESTRAL', 0.00, '0000-00-00 00:00:00', 2),
(2463, 18, 2, 2, 'TRIMESTRAL', 0.00, '0000-00-00 00:00:00', 2),
(2464, 18, 2, 3, 'TRIMESTRAL', 0.00, '0000-00-00 00:00:00', 2),
(2465, 18, 2, 4, 'TRIMESTRAL', 0.00, '0000-00-00 00:00:00', 2),
(2466, 18, 2, 5, 'TRIMESTRAL', 0.00, '0000-00-00 00:00:00', 2),
(2467, 18, 2, 6, 'TRIMESTRAL', 0.00, '0000-00-00 00:00:00', 2),
(2468, 18, 2, 7, 'TRIMESTRAL', 0.00, '0000-00-00 00:00:00', 2),
(2469, 18, 2, 8, 'TRIMESTRAL', 0.00, '0000-00-00 00:00:00', 2),
(2470, 18, 2, 9, 'TRIMESTRAL', 0.00, '0000-00-00 00:00:00', 2),
(2471, 18, 2, 10, 'TRIMESTRAL', 0.00, '0000-00-00 00:00:00', 2),
(2472, 18, 2, 11, 'TRIMESTRAL', 0.00, '0000-00-00 00:00:00', 2),
(2473, 18, 2, 12, 'TRIMESTRAL', 0.00, '0000-00-00 00:00:00', 2),
(2474, 18, 2, 13, 'TRIMESTRAL', 0.00, '0000-00-00 00:00:00', 2),
(2475, 18, 2, 14, 'TRIMESTRAL', 0.00, '0000-00-00 00:00:00', 2),
(2476, 18, 2, 15, 'TRIMESTRAL', 0.00, '0000-00-00 00:00:00', 2),
(2477, 18, 2, 16, 'TRIMESTRAL', 0.00, '0000-00-00 00:00:00', 2),
(2478, 18, 2, 28, 'TRIMESTRAL', 0.00, '0000-00-00 00:00:00', 2),
(2479, 18, 2, 29, 'TRIMESTRAL', 0.00, '0000-00-00 00:00:00', 2),
(2480, 18, 2, 30, 'TRIMESTRAL', 0.00, '0000-00-00 00:00:00', 2),
(2481, 18, 2, 31, 'TRIMESTRAL', 0.00, '0000-00-00 00:00:00', 2),
(2482, 18, 2, 32, 'TRIMESTRAL', 0.00, '0000-00-00 00:00:00', 2),
(2483, 18, 2, 33, 'TRIMESTRAL', 0.00, '0000-00-00 00:00:00', 2),
(2484, 18, 3, 1, 'TRIMESTRAL', 0.00, '0000-00-00 00:00:00', 2),
(2485, 18, 3, 2, 'TRIMESTRAL', 0.00, '0000-00-00 00:00:00', 2),
(2486, 18, 3, 3, 'TRIMESTRAL', 0.00, '0000-00-00 00:00:00', 2),
(2487, 18, 3, 4, 'TRIMESTRAL', 0.00, '0000-00-00 00:00:00', 2),
(2488, 18, 3, 5, 'TRIMESTRAL', 0.00, '0000-00-00 00:00:00', 2),
(2489, 18, 3, 6, 'TRIMESTRAL', 0.00, '0000-00-00 00:00:00', 2),
(2490, 18, 3, 7, 'TRIMESTRAL', 0.00, '0000-00-00 00:00:00', 2),
(2491, 18, 3, 8, 'TRIMESTRAL', 0.00, '0000-00-00 00:00:00', 2),
(2492, 18, 3, 9, 'TRIMESTRAL', 0.00, '0000-00-00 00:00:00', 2),
(2493, 18, 3, 10, 'TRIMESTRAL', 0.00, '0000-00-00 00:00:00', 2),
(2494, 18, 3, 11, 'TRIMESTRAL', 0.00, '0000-00-00 00:00:00', 2),
(2495, 18, 3, 12, 'TRIMESTRAL', 0.00, '0000-00-00 00:00:00', 2),
(2496, 18, 3, 13, 'TRIMESTRAL', 0.00, '0000-00-00 00:00:00', 2),
(2497, 18, 3, 14, 'TRIMESTRAL', 0.00, '0000-00-00 00:00:00', 2),
(2498, 18, 3, 15, 'TRIMESTRAL', 0.00, '0000-00-00 00:00:00', 2),
(2499, 18, 3, 16, 'TRIMESTRAL', 0.00, '0000-00-00 00:00:00', 2),
(2500, 18, 3, 28, 'TRIMESTRAL', 0.00, '0000-00-00 00:00:00', 2),
(2501, 18, 3, 29, 'TRIMESTRAL', 0.00, '0000-00-00 00:00:00', 2),
(2502, 18, 3, 30, 'TRIMESTRAL', 0.00, '0000-00-00 00:00:00', 2),
(2503, 18, 3, 31, 'TRIMESTRAL', 0.00, '0000-00-00 00:00:00', 2),
(2504, 18, 3, 32, 'TRIMESTRAL', 0.00, '0000-00-00 00:00:00', 2),
(2505, 18, 3, 33, 'TRIMESTRAL', 0.00, '0000-00-00 00:00:00', 2),
(2506, 18, 1, 34, 'TRIMESTRAL', 0.00, '0000-00-00 00:00:00', 2),
(2507, 18, 1, 35, 'TRIMESTRAL', 0.00, '0000-00-00 00:00:00', 2),
(2508, 18, 2, 34, 'TRIMESTRAL', 0.00, '0000-00-00 00:00:00', 2),
(2509, 18, 2, 35, 'TRIMESTRAL', 0.00, '0000-00-00 00:00:00', 2),
(2510, 18, 3, 34, 'TRIMESTRAL', 0.00, '0000-00-00 00:00:00', 2),
(2511, 18, 3, 35, 'TRIMESTRAL', 0.00, '0000-00-00 00:00:00', 2),
(2512, 19, 1, 1, 'TRIMESTRAL', 0.00, '0000-00-00 00:00:00', 2),
(2513, 19, 1, 2, 'TRIMESTRAL', 0.00, '0000-00-00 00:00:00', 2),
(2514, 19, 1, 3, 'TRIMESTRAL', 0.00, '0000-00-00 00:00:00', 2),
(2515, 19, 1, 4, 'TRIMESTRAL', 0.00, '0000-00-00 00:00:00', 2),
(2516, 19, 1, 5, 'TRIMESTRAL', 0.00, '0000-00-00 00:00:00', 2),
(2517, 19, 1, 6, 'TRIMESTRAL', 0.00, '0000-00-00 00:00:00', 2),
(2518, 19, 1, 7, 'TRIMESTRAL', 0.00, '0000-00-00 00:00:00', 2),
(2519, 19, 1, 8, 'TRIMESTRAL', 0.00, '0000-00-00 00:00:00', 2),
(2520, 19, 1, 9, 'TRIMESTRAL', 0.00, '0000-00-00 00:00:00', 2),
(2521, 19, 1, 10, 'TRIMESTRAL', 0.00, '0000-00-00 00:00:00', 2),
(2522, 19, 1, 11, 'TRIMESTRAL', 0.00, '0000-00-00 00:00:00', 2),
(2523, 19, 1, 12, 'TRIMESTRAL', 0.00, '0000-00-00 00:00:00', 2),
(2524, 19, 1, 13, 'TRIMESTRAL', 0.00, '0000-00-00 00:00:00', 2),
(2525, 19, 1, 14, 'TRIMESTRAL', 0.00, '0000-00-00 00:00:00', 2),
(2526, 19, 1, 15, 'TRIMESTRAL', 0.00, '0000-00-00 00:00:00', 2),
(2527, 19, 1, 16, 'TRIMESTRAL', 0.00, '0000-00-00 00:00:00', 2),
(2528, 19, 1, 28, 'TRIMESTRAL', 0.00, '0000-00-00 00:00:00', 2),
(2529, 19, 1, 29, 'TRIMESTRAL', 0.00, '0000-00-00 00:00:00', 2),
(2530, 19, 1, 30, 'TRIMESTRAL', 0.00, '0000-00-00 00:00:00', 2),
(2531, 19, 1, 31, 'TRIMESTRAL', 0.00, '0000-00-00 00:00:00', 2),
(2532, 19, 1, 32, 'TRIMESTRAL', 0.00, '0000-00-00 00:00:00', 2),
(2533, 19, 2, 1, 'TRIMESTRAL', 0.00, '0000-00-00 00:00:00', 2),
(2534, 19, 2, 2, 'TRIMESTRAL', 0.00, '0000-00-00 00:00:00', 2),
(2535, 19, 2, 3, 'TRIMESTRAL', 0.00, '0000-00-00 00:00:00', 2),
(2536, 19, 2, 4, 'TRIMESTRAL', 0.00, '0000-00-00 00:00:00', 2),
(2537, 19, 2, 5, 'TRIMESTRAL', 0.00, '0000-00-00 00:00:00', 2),
(2538, 19, 2, 6, 'TRIMESTRAL', 0.00, '0000-00-00 00:00:00', 2),
(2539, 19, 2, 7, 'TRIMESTRAL', 0.00, '0000-00-00 00:00:00', 2),
(2540, 19, 2, 8, 'TRIMESTRAL', 0.00, '0000-00-00 00:00:00', 2),
(2541, 19, 2, 9, 'TRIMESTRAL', 0.00, '0000-00-00 00:00:00', 2),
(2542, 19, 2, 10, 'TRIMESTRAL', 0.00, '0000-00-00 00:00:00', 2),
(2543, 19, 2, 11, 'TRIMESTRAL', 0.00, '0000-00-00 00:00:00', 2),
(2544, 19, 2, 12, 'TRIMESTRAL', 0.00, '0000-00-00 00:00:00', 2),
(2545, 19, 2, 13, 'TRIMESTRAL', 0.00, '0000-00-00 00:00:00', 2),
(2546, 19, 2, 14, 'TRIMESTRAL', 0.00, '0000-00-00 00:00:00', 2),
(2547, 19, 2, 15, 'TRIMESTRAL', 0.00, '0000-00-00 00:00:00', 2),
(2548, 19, 2, 16, 'TRIMESTRAL', 0.00, '0000-00-00 00:00:00', 2),
(2549, 19, 2, 28, 'TRIMESTRAL', 0.00, '0000-00-00 00:00:00', 2),
(2550, 19, 2, 29, 'TRIMESTRAL', 0.00, '0000-00-00 00:00:00', 2),
(2551, 19, 2, 30, 'TRIMESTRAL', 0.00, '0000-00-00 00:00:00', 2),
(2552, 19, 2, 31, 'TRIMESTRAL', 0.00, '0000-00-00 00:00:00', 2),
(2553, 19, 2, 32, 'TRIMESTRAL', 0.00, '0000-00-00 00:00:00', 2),
(2554, 19, 3, 1, 'TRIMESTRAL', 0.00, '0000-00-00 00:00:00', 2),
(2555, 19, 3, 2, 'TRIMESTRAL', 0.00, '0000-00-00 00:00:00', 2),
(2556, 19, 3, 3, 'TRIMESTRAL', 0.00, '0000-00-00 00:00:00', 2),
(2557, 19, 3, 4, 'TRIMESTRAL', 0.00, '0000-00-00 00:00:00', 2),
(2558, 19, 3, 5, 'TRIMESTRAL', 0.00, '0000-00-00 00:00:00', 2),
(2559, 19, 3, 6, 'TRIMESTRAL', 0.00, '0000-00-00 00:00:00', 2),
(2560, 19, 3, 7, 'TRIMESTRAL', 0.00, '0000-00-00 00:00:00', 2),
(2561, 19, 3, 8, 'TRIMESTRAL', 0.00, '0000-00-00 00:00:00', 2),
(2562, 19, 3, 9, 'TRIMESTRAL', 0.00, '0000-00-00 00:00:00', 2),
(2563, 19, 3, 10, 'TRIMESTRAL', 0.00, '0000-00-00 00:00:00', 2),
(2564, 19, 3, 11, 'TRIMESTRAL', 0.00, '0000-00-00 00:00:00', 2),
(2565, 19, 3, 12, 'TRIMESTRAL', 0.00, '0000-00-00 00:00:00', 2),
(2566, 19, 3, 13, 'TRIMESTRAL', 0.00, '0000-00-00 00:00:00', 2),
(2567, 19, 3, 14, 'TRIMESTRAL', 0.00, '0000-00-00 00:00:00', 2),
(2568, 19, 3, 15, 'TRIMESTRAL', 0.00, '0000-00-00 00:00:00', 2),
(2569, 19, 3, 16, 'TRIMESTRAL', 0.00, '0000-00-00 00:00:00', 2),
(2570, 19, 3, 28, 'TRIMESTRAL', 0.00, '0000-00-00 00:00:00', 2),
(2571, 19, 3, 29, 'TRIMESTRAL', 0.00, '0000-00-00 00:00:00', 2),
(2572, 19, 3, 30, 'TRIMESTRAL', 0.00, '0000-00-00 00:00:00', 2),
(2573, 19, 3, 31, 'TRIMESTRAL', 0.00, '0000-00-00 00:00:00', 2),
(2574, 19, 3, 32, 'TRIMESTRAL', 0.00, '0000-00-00 00:00:00', 2),
(2575, 19, 1, 33, 'TRIMESTRAL', 0.00, '0000-00-00 00:00:00', 2),
(2576, 19, 1, 34, 'TRIMESTRAL', 0.00, '0000-00-00 00:00:00', 2),
(2577, 19, 1, 35, 'TRIMESTRAL', 0.00, '0000-00-00 00:00:00', 2),
(2578, 19, 2, 33, 'TRIMESTRAL', 0.00, '0000-00-00 00:00:00', 2),
(2579, 19, 2, 34, 'TRIMESTRAL', 0.00, '0000-00-00 00:00:00', 2),
(2580, 19, 2, 35, 'TRIMESTRAL', 0.00, '0000-00-00 00:00:00', 2),
(2581, 19, 3, 33, 'TRIMESTRAL', 0.00, '0000-00-00 00:00:00', 2),
(2582, 19, 3, 34, 'TRIMESTRAL', 0.00, '0000-00-00 00:00:00', 2),
(2583, 19, 3, 35, 'TRIMESTRAL', 0.00, '0000-00-00 00:00:00', 2),
(2584, 20, 1, 1, 'TRIMESTRAL', 0.00, '0000-00-00 00:00:00', 2),
(2585, 20, 1, 2, 'TRIMESTRAL', 0.00, '0000-00-00 00:00:00', 2),
(2586, 20, 1, 3, 'TRIMESTRAL', 0.00, '0000-00-00 00:00:00', 2),
(2587, 20, 1, 4, 'TRIMESTRAL', 0.00, '0000-00-00 00:00:00', 2),
(2588, 20, 1, 5, 'TRIMESTRAL', 0.00, '0000-00-00 00:00:00', 2),
(2589, 20, 1, 6, 'TRIMESTRAL', 0.00, '0000-00-00 00:00:00', 2),
(2590, 20, 1, 7, 'TRIMESTRAL', 0.00, '0000-00-00 00:00:00', 2),
(2591, 20, 1, 8, 'TRIMESTRAL', 0.00, '0000-00-00 00:00:00', 2),
(2592, 20, 1, 9, 'TRIMESTRAL', 0.00, '0000-00-00 00:00:00', 2),
(2593, 20, 1, 10, 'TRIMESTRAL', 0.00, '0000-00-00 00:00:00', 2),
(2594, 20, 1, 11, 'TRIMESTRAL', 0.00, '0000-00-00 00:00:00', 2),
(2595, 20, 1, 12, 'TRIMESTRAL', 0.00, '0000-00-00 00:00:00', 2),
(2596, 20, 1, 13, 'TRIMESTRAL', 0.00, '0000-00-00 00:00:00', 2),
(2597, 20, 1, 14, 'TRIMESTRAL', 0.00, '0000-00-00 00:00:00', 2),
(2598, 20, 1, 15, 'TRIMESTRAL', 0.00, '0000-00-00 00:00:00', 2),
(2599, 20, 1, 16, 'TRIMESTRAL', 0.00, '0000-00-00 00:00:00', 2),
(2600, 20, 1, 28, 'TRIMESTRAL', 0.00, '0000-00-00 00:00:00', 2),
(2601, 20, 1, 29, 'TRIMESTRAL', 0.00, '0000-00-00 00:00:00', 2),
(2602, 20, 1, 30, 'TRIMESTRAL', 0.00, '0000-00-00 00:00:00', 2),
(2603, 20, 1, 31, 'TRIMESTRAL', 0.00, '0000-00-00 00:00:00', 2),
(2604, 20, 1, 32, 'TRIMESTRAL', 0.00, '0000-00-00 00:00:00', 2),
(2605, 20, 2, 1, 'TRIMESTRAL', 0.00, '0000-00-00 00:00:00', 2),
(2606, 20, 2, 2, 'TRIMESTRAL', 0.00, '0000-00-00 00:00:00', 2),
(2607, 20, 2, 3, 'TRIMESTRAL', 0.00, '0000-00-00 00:00:00', 2),
(2608, 20, 2, 4, 'TRIMESTRAL', 0.00, '0000-00-00 00:00:00', 2),
(2609, 20, 2, 5, 'TRIMESTRAL', 0.00, '0000-00-00 00:00:00', 2),
(2610, 20, 2, 6, 'TRIMESTRAL', 0.00, '0000-00-00 00:00:00', 2),
(2611, 20, 2, 7, 'TRIMESTRAL', 0.00, '0000-00-00 00:00:00', 2),
(2612, 20, 2, 8, 'TRIMESTRAL', 0.00, '0000-00-00 00:00:00', 2),
(2613, 20, 2, 9, 'TRIMESTRAL', 0.00, '0000-00-00 00:00:00', 2),
(2614, 20, 2, 10, 'TRIMESTRAL', 0.00, '0000-00-00 00:00:00', 2),
(2615, 20, 2, 11, 'TRIMESTRAL', 0.00, '0000-00-00 00:00:00', 2),
(2616, 20, 2, 12, 'TRIMESTRAL', 0.00, '0000-00-00 00:00:00', 2),
(2617, 20, 2, 13, 'TRIMESTRAL', 0.00, '0000-00-00 00:00:00', 2),
(2618, 20, 2, 14, 'TRIMESTRAL', 0.00, '0000-00-00 00:00:00', 2),
(2619, 20, 2, 15, 'TRIMESTRAL', 0.00, '0000-00-00 00:00:00', 2),
(2620, 20, 2, 16, 'TRIMESTRAL', 0.00, '0000-00-00 00:00:00', 2),
(2621, 20, 2, 28, 'TRIMESTRAL', 0.00, '0000-00-00 00:00:00', 2),
(2622, 20, 2, 29, 'TRIMESTRAL', 0.00, '0000-00-00 00:00:00', 2),
(2623, 20, 2, 30, 'TRIMESTRAL', 0.00, '0000-00-00 00:00:00', 2),
(2624, 20, 2, 31, 'TRIMESTRAL', 0.00, '0000-00-00 00:00:00', 2),
(2625, 20, 2, 32, 'TRIMESTRAL', 0.00, '0000-00-00 00:00:00', 2),
(2626, 20, 3, 1, 'TRIMESTRAL', 0.00, '0000-00-00 00:00:00', 2),
(2627, 20, 3, 2, 'TRIMESTRAL', 0.00, '0000-00-00 00:00:00', 2),
(2628, 20, 3, 3, 'TRIMESTRAL', 0.00, '0000-00-00 00:00:00', 2),
(2629, 20, 3, 4, 'TRIMESTRAL', 0.00, '0000-00-00 00:00:00', 2),
(2630, 20, 3, 5, 'TRIMESTRAL', 0.00, '0000-00-00 00:00:00', 2),
(2631, 20, 3, 6, 'TRIMESTRAL', 0.00, '0000-00-00 00:00:00', 2),
(2632, 20, 3, 7, 'TRIMESTRAL', 0.00, '0000-00-00 00:00:00', 2),
(2633, 20, 3, 8, 'TRIMESTRAL', 0.00, '0000-00-00 00:00:00', 2),
(2634, 20, 3, 9, 'TRIMESTRAL', 0.00, '0000-00-00 00:00:00', 2),
(2635, 20, 3, 10, 'TRIMESTRAL', 0.00, '0000-00-00 00:00:00', 2),
(2636, 20, 3, 11, 'TRIMESTRAL', 0.00, '0000-00-00 00:00:00', 2),
(2637, 20, 3, 12, 'TRIMESTRAL', 0.00, '0000-00-00 00:00:00', 2),
(2638, 20, 3, 13, 'TRIMESTRAL', 0.00, '0000-00-00 00:00:00', 2),
(2639, 20, 3, 14, 'TRIMESTRAL', 0.00, '0000-00-00 00:00:00', 2),
(2640, 20, 3, 15, 'TRIMESTRAL', 0.00, '0000-00-00 00:00:00', 2),
(2641, 20, 3, 16, 'TRIMESTRAL', 0.00, '0000-00-00 00:00:00', 2),
(2642, 20, 3, 28, 'TRIMESTRAL', 0.00, '0000-00-00 00:00:00', 2),
(2643, 20, 3, 29, 'TRIMESTRAL', 0.00, '0000-00-00 00:00:00', 2),
(2644, 20, 3, 30, 'TRIMESTRAL', 0.00, '0000-00-00 00:00:00', 2),
(2645, 20, 3, 31, 'TRIMESTRAL', 0.00, '0000-00-00 00:00:00', 2),
(2646, 20, 3, 32, 'TRIMESTRAL', 0.00, '0000-00-00 00:00:00', 2),
(2647, 20, 1, 33, 'TRIMESTRAL', 0.00, '0000-00-00 00:00:00', 2),
(2648, 20, 1, 34, 'TRIMESTRAL', 0.00, '0000-00-00 00:00:00', 2),
(2649, 20, 1, 35, 'TRIMESTRAL', 0.00, '0000-00-00 00:00:00', 2),
(2650, 20, 2, 33, 'TRIMESTRAL', 0.00, '0000-00-00 00:00:00', 2),
(2651, 20, 2, 34, 'TRIMESTRAL', 0.00, '0000-00-00 00:00:00', 2),
(2652, 20, 2, 35, 'TRIMESTRAL', 0.00, '0000-00-00 00:00:00', 2),
(2653, 20, 3, 33, 'TRIMESTRAL', 0.00, '0000-00-00 00:00:00', 2),
(2654, 20, 3, 34, 'TRIMESTRAL', 0.00, '0000-00-00 00:00:00', 2),
(2655, 20, 3, 35, 'TRIMESTRAL', 0.00, '0000-00-00 00:00:00', 2),
(2656, 21, 1, 1, 'TRIMESTRAL', 0.00, '0000-00-00 00:00:00', 2),
(2657, 21, 1, 2, 'TRIMESTRAL', 0.00, '0000-00-00 00:00:00', 2),
(2658, 21, 1, 3, 'TRIMESTRAL', 0.00, '0000-00-00 00:00:00', 2),
(2659, 21, 1, 4, 'TRIMESTRAL', 0.00, '0000-00-00 00:00:00', 2),
(2660, 21, 1, 5, 'TRIMESTRAL', 0.00, '0000-00-00 00:00:00', 2),
(2661, 21, 1, 6, 'TRIMESTRAL', 0.00, '0000-00-00 00:00:00', 2),
(2662, 21, 1, 7, 'TRIMESTRAL', 0.00, '0000-00-00 00:00:00', 2),
(2663, 21, 1, 8, 'TRIMESTRAL', 0.00, '0000-00-00 00:00:00', 2),
(2664, 21, 1, 9, 'TRIMESTRAL', 0.00, '0000-00-00 00:00:00', 2),
(2665, 21, 1, 10, 'TRIMESTRAL', 0.00, '0000-00-00 00:00:00', 2),
(2666, 21, 1, 11, 'TRIMESTRAL', 0.00, '0000-00-00 00:00:00', 2),
(2667, 21, 1, 12, 'TRIMESTRAL', 0.00, '0000-00-00 00:00:00', 2),
(2668, 21, 1, 13, 'TRIMESTRAL', 0.00, '0000-00-00 00:00:00', 2),
(2669, 21, 1, 14, 'TRIMESTRAL', 0.00, '0000-00-00 00:00:00', 2),
(2670, 21, 1, 15, 'TRIMESTRAL', 0.00, '0000-00-00 00:00:00', 2),
(2671, 21, 1, 16, 'TRIMESTRAL', 0.00, '0000-00-00 00:00:00', 2),
(2672, 21, 1, 28, 'TRIMESTRAL', 0.00, '0000-00-00 00:00:00', 2),
(2673, 21, 1, 29, 'TRIMESTRAL', 0.00, '0000-00-00 00:00:00', 2),
(2674, 21, 1, 30, 'TRIMESTRAL', 0.00, '0000-00-00 00:00:00', 2),
(2675, 21, 1, 31, 'TRIMESTRAL', 0.00, '0000-00-00 00:00:00', 2),
(2676, 21, 2, 1, 'TRIMESTRAL', 0.00, '0000-00-00 00:00:00', 2),
(2677, 21, 2, 2, 'TRIMESTRAL', 0.00, '0000-00-00 00:00:00', 2),
(2678, 21, 2, 3, 'TRIMESTRAL', 0.00, '0000-00-00 00:00:00', 2),
(2679, 21, 2, 4, 'TRIMESTRAL', 0.00, '0000-00-00 00:00:00', 2),
(2680, 21, 2, 5, 'TRIMESTRAL', 0.00, '0000-00-00 00:00:00', 2),
(2681, 21, 2, 6, 'TRIMESTRAL', 0.00, '0000-00-00 00:00:00', 2),
(2682, 21, 2, 7, 'TRIMESTRAL', 0.00, '0000-00-00 00:00:00', 2),
(2683, 21, 2, 8, 'TRIMESTRAL', 0.00, '0000-00-00 00:00:00', 2),
(2684, 21, 2, 9, 'TRIMESTRAL', 0.00, '0000-00-00 00:00:00', 2),
(2685, 21, 2, 10, 'TRIMESTRAL', 0.00, '0000-00-00 00:00:00', 2),
(2686, 21, 2, 11, 'TRIMESTRAL', 0.00, '0000-00-00 00:00:00', 2),
(2687, 21, 2, 12, 'TRIMESTRAL', 0.00, '0000-00-00 00:00:00', 2),
(2688, 21, 2, 13, 'TRIMESTRAL', 0.00, '0000-00-00 00:00:00', 2),
(2689, 21, 2, 14, 'TRIMESTRAL', 0.00, '0000-00-00 00:00:00', 2),
(2690, 21, 2, 15, 'TRIMESTRAL', 0.00, '0000-00-00 00:00:00', 2),
(2691, 21, 2, 16, 'TRIMESTRAL', 0.00, '0000-00-00 00:00:00', 2),
(2692, 21, 2, 28, 'TRIMESTRAL', 0.00, '0000-00-00 00:00:00', 2),
(2693, 21, 2, 29, 'TRIMESTRAL', 0.00, '0000-00-00 00:00:00', 2),
(2694, 21, 2, 30, 'TRIMESTRAL', 0.00, '0000-00-00 00:00:00', 2),
(2695, 21, 2, 31, 'TRIMESTRAL', 0.00, '0000-00-00 00:00:00', 2),
(2696, 21, 3, 1, 'TRIMESTRAL', 0.00, '0000-00-00 00:00:00', 2),
(2697, 21, 3, 2, 'TRIMESTRAL', 0.00, '0000-00-00 00:00:00', 2),
(2698, 21, 3, 3, 'TRIMESTRAL', 0.00, '0000-00-00 00:00:00', 2),
(2699, 21, 3, 4, 'TRIMESTRAL', 0.00, '0000-00-00 00:00:00', 2),
(2700, 21, 3, 5, 'TRIMESTRAL', 0.00, '0000-00-00 00:00:00', 2),
(2701, 21, 3, 6, 'TRIMESTRAL', 0.00, '0000-00-00 00:00:00', 2),
(2702, 21, 3, 7, 'TRIMESTRAL', 0.00, '0000-00-00 00:00:00', 2),
(2703, 21, 3, 8, 'TRIMESTRAL', 0.00, '0000-00-00 00:00:00', 2),
(2704, 21, 3, 9, 'TRIMESTRAL', 0.00, '0000-00-00 00:00:00', 2),
(2705, 21, 3, 10, 'TRIMESTRAL', 0.00, '0000-00-00 00:00:00', 2),
(2706, 21, 3, 11, 'TRIMESTRAL', 0.00, '0000-00-00 00:00:00', 2),
(2707, 21, 3, 12, 'TRIMESTRAL', 0.00, '0000-00-00 00:00:00', 2),
(2708, 21, 3, 13, 'TRIMESTRAL', 0.00, '0000-00-00 00:00:00', 2),
(2709, 21, 3, 14, 'TRIMESTRAL', 0.00, '0000-00-00 00:00:00', 2),
(2710, 21, 3, 15, 'TRIMESTRAL', 0.00, '0000-00-00 00:00:00', 2),
(2711, 21, 3, 16, 'TRIMESTRAL', 0.00, '0000-00-00 00:00:00', 2),
(2712, 21, 3, 28, 'TRIMESTRAL', 0.00, '0000-00-00 00:00:00', 2),
(2713, 21, 3, 29, 'TRIMESTRAL', 0.00, '0000-00-00 00:00:00', 2),
(2714, 21, 3, 30, 'TRIMESTRAL', 0.00, '0000-00-00 00:00:00', 2),
(2715, 21, 3, 31, 'TRIMESTRAL', 0.00, '0000-00-00 00:00:00', 2),
(2716, 21, 1, 32, 'TRIMESTRAL', 0.00, '0000-00-00 00:00:00', 2),
(2717, 21, 1, 33, 'TRIMESTRAL', 0.00, '0000-00-00 00:00:00', 2),
(2718, 21, 1, 34, 'TRIMESTRAL', 0.00, '0000-00-00 00:00:00', 2),
(2719, 21, 1, 35, 'TRIMESTRAL', 0.00, '0000-00-00 00:00:00', 2),
(2720, 21, 2, 32, 'TRIMESTRAL', 0.00, '0000-00-00 00:00:00', 2),
(2721, 21, 2, 33, 'TRIMESTRAL', 0.00, '0000-00-00 00:00:00', 2),
(2722, 21, 2, 34, 'TRIMESTRAL', 0.00, '0000-00-00 00:00:00', 2),
(2723, 21, 2, 35, 'TRIMESTRAL', 0.00, '0000-00-00 00:00:00', 2),
(2724, 21, 3, 32, 'TRIMESTRAL', 0.00, '0000-00-00 00:00:00', 2),
(2725, 21, 3, 33, 'TRIMESTRAL', 0.00, '0000-00-00 00:00:00', 2),
(2726, 21, 3, 34, 'TRIMESTRAL', 0.00, '0000-00-00 00:00:00', 2),
(2727, 21, 3, 35, 'TRIMESTRAL', 0.00, '0000-00-00 00:00:00', 2),
(2728, 22, 1, 1, 'TRIMESTRAL', 0.00, '0000-00-00 00:00:00', 2),
(2729, 22, 1, 2, 'TRIMESTRAL', 0.00, '0000-00-00 00:00:00', 2),
(2730, 22, 1, 3, 'TRIMESTRAL', 0.00, '0000-00-00 00:00:00', 2),
(2731, 22, 1, 4, 'TRIMESTRAL', 0.00, '0000-00-00 00:00:00', 2),
(2732, 22, 1, 5, 'TRIMESTRAL', 0.00, '0000-00-00 00:00:00', 2),
(2733, 22, 1, 6, 'TRIMESTRAL', 0.00, '0000-00-00 00:00:00', 2),
(2734, 22, 1, 7, 'TRIMESTRAL', 0.00, '0000-00-00 00:00:00', 2),
(2735, 22, 1, 8, 'TRIMESTRAL', 0.00, '0000-00-00 00:00:00', 2),
(2736, 22, 1, 9, 'TRIMESTRAL', 0.00, '0000-00-00 00:00:00', 2),
(2737, 22, 1, 10, 'TRIMESTRAL', 0.00, '0000-00-00 00:00:00', 2),
(2738, 22, 1, 11, 'TRIMESTRAL', 0.00, '0000-00-00 00:00:00', 2),
(2739, 22, 1, 12, 'TRIMESTRAL', 0.00, '0000-00-00 00:00:00', 2),
(2740, 22, 1, 13, 'TRIMESTRAL', 0.00, '0000-00-00 00:00:00', 2),
(2741, 22, 1, 14, 'TRIMESTRAL', 0.00, '0000-00-00 00:00:00', 2),
(2742, 22, 1, 15, 'TRIMESTRAL', 0.00, '0000-00-00 00:00:00', 2),
(2743, 22, 1, 16, 'TRIMESTRAL', 0.00, '0000-00-00 00:00:00', 2),
(2744, 22, 1, 28, 'TRIMESTRAL', 0.00, '0000-00-00 00:00:00', 2),
(2745, 22, 1, 29, 'TRIMESTRAL', 0.00, '0000-00-00 00:00:00', 2),
(2746, 22, 1, 30, 'TRIMESTRAL', 0.00, '0000-00-00 00:00:00', 2),
(2747, 22, 2, 1, 'TRIMESTRAL', 0.00, '0000-00-00 00:00:00', 2),
(2748, 22, 2, 2, 'TRIMESTRAL', 0.00, '0000-00-00 00:00:00', 2),
(2749, 22, 2, 3, 'TRIMESTRAL', 0.00, '0000-00-00 00:00:00', 2),
(2750, 22, 2, 4, 'TRIMESTRAL', 0.00, '0000-00-00 00:00:00', 2),
(2751, 22, 2, 5, 'TRIMESTRAL', 0.00, '0000-00-00 00:00:00', 2),
(2752, 22, 2, 6, 'TRIMESTRAL', 0.00, '0000-00-00 00:00:00', 2),
(2753, 22, 2, 7, 'TRIMESTRAL', 0.00, '0000-00-00 00:00:00', 2),
(2754, 22, 2, 8, 'TRIMESTRAL', 0.00, '0000-00-00 00:00:00', 2),
(2755, 22, 2, 9, 'TRIMESTRAL', 0.00, '0000-00-00 00:00:00', 2),
(2756, 22, 2, 10, 'TRIMESTRAL', 0.00, '0000-00-00 00:00:00', 2),
(2757, 22, 2, 11, 'TRIMESTRAL', 0.00, '0000-00-00 00:00:00', 2),
(2758, 22, 2, 12, 'TRIMESTRAL', 0.00, '0000-00-00 00:00:00', 2),
(2759, 22, 2, 13, 'TRIMESTRAL', 0.00, '0000-00-00 00:00:00', 2),
(2760, 22, 2, 14, 'TRIMESTRAL', 0.00, '0000-00-00 00:00:00', 2),
(2761, 22, 2, 15, 'TRIMESTRAL', 0.00, '0000-00-00 00:00:00', 2),
(2762, 22, 2, 16, 'TRIMESTRAL', 0.00, '0000-00-00 00:00:00', 2),
(2763, 22, 2, 28, 'TRIMESTRAL', 0.00, '0000-00-00 00:00:00', 2),
(2764, 22, 2, 29, 'TRIMESTRAL', 0.00, '0000-00-00 00:00:00', 2),
(2765, 22, 2, 30, 'TRIMESTRAL', 0.00, '0000-00-00 00:00:00', 2),
(2766, 22, 3, 1, 'TRIMESTRAL', 0.00, '0000-00-00 00:00:00', 2),
(2767, 22, 3, 2, 'TRIMESTRAL', 0.00, '0000-00-00 00:00:00', 2),
(2768, 22, 3, 3, 'TRIMESTRAL', 0.00, '0000-00-00 00:00:00', 2),
(2769, 22, 3, 4, 'TRIMESTRAL', 0.00, '0000-00-00 00:00:00', 2),
(2770, 22, 3, 5, 'TRIMESTRAL', 0.00, '0000-00-00 00:00:00', 2),
(2771, 22, 3, 6, 'TRIMESTRAL', 0.00, '0000-00-00 00:00:00', 2),
(2772, 22, 3, 7, 'TRIMESTRAL', 0.00, '0000-00-00 00:00:00', 2),
(2773, 22, 3, 8, 'TRIMESTRAL', 0.00, '0000-00-00 00:00:00', 2),
(2774, 22, 3, 9, 'TRIMESTRAL', 0.00, '0000-00-00 00:00:00', 2),
(2775, 22, 3, 10, 'TRIMESTRAL', 0.00, '0000-00-00 00:00:00', 2),
(2776, 22, 3, 11, 'TRIMESTRAL', 0.00, '0000-00-00 00:00:00', 2),
(2777, 22, 3, 12, 'TRIMESTRAL', 0.00, '0000-00-00 00:00:00', 2),
(2778, 22, 3, 13, 'TRIMESTRAL', 0.00, '0000-00-00 00:00:00', 2),
(2779, 22, 3, 14, 'TRIMESTRAL', 0.00, '0000-00-00 00:00:00', 2),
(2780, 22, 3, 15, 'TRIMESTRAL', 0.00, '0000-00-00 00:00:00', 2),
(2781, 22, 3, 16, 'TRIMESTRAL', 0.00, '0000-00-00 00:00:00', 2),
(2782, 22, 3, 28, 'TRIMESTRAL', 0.00, '0000-00-00 00:00:00', 2),
(2783, 22, 3, 29, 'TRIMESTRAL', 0.00, '0000-00-00 00:00:00', 2),
(2784, 22, 3, 30, 'TRIMESTRAL', 0.00, '0000-00-00 00:00:00', 2),
(2785, 22, 1, 31, 'TRIMESTRAL', 0.00, '0000-00-00 00:00:00', 2),
(2786, 22, 1, 32, 'TRIMESTRAL', 0.00, '0000-00-00 00:00:00', 2),
(2787, 22, 1, 33, 'TRIMESTRAL', 0.00, '0000-00-00 00:00:00', 2),
(2788, 22, 1, 34, 'TRIMESTRAL', 0.00, '0000-00-00 00:00:00', 2),
(2789, 22, 1, 35, 'TRIMESTRAL', 0.00, '0000-00-00 00:00:00', 2),
(2790, 22, 2, 31, 'TRIMESTRAL', 0.00, '0000-00-00 00:00:00', 2),
(2791, 22, 2, 32, 'TRIMESTRAL', 0.00, '0000-00-00 00:00:00', 2),
(2792, 22, 2, 33, 'TRIMESTRAL', 0.00, '0000-00-00 00:00:00', 2),
(2793, 22, 2, 34, 'TRIMESTRAL', 0.00, '0000-00-00 00:00:00', 2),
(2794, 22, 2, 35, 'TRIMESTRAL', 0.00, '0000-00-00 00:00:00', 2),
(2795, 22, 3, 31, 'TRIMESTRAL', 0.00, '0000-00-00 00:00:00', 2),
(2796, 22, 3, 32, 'TRIMESTRAL', 0.00, '0000-00-00 00:00:00', 2),
(2797, 22, 3, 33, 'TRIMESTRAL', 0.00, '0000-00-00 00:00:00', 2),
(2798, 22, 3, 34, 'TRIMESTRAL', 0.00, '0000-00-00 00:00:00', 2),
(2799, 22, 3, 35, 'TRIMESTRAL', 0.00, '0000-00-00 00:00:00', 2),
(2800, 23, 1, 1, 'TRIMESTRAL', 0.00, '0000-00-00 00:00:00', 2),
(2801, 23, 1, 2, 'TRIMESTRAL', 0.00, '0000-00-00 00:00:00', 2),
(2802, 23, 1, 3, 'TRIMESTRAL', 0.00, '0000-00-00 00:00:00', 2),
(2803, 23, 1, 4, 'TRIMESTRAL', 0.00, '0000-00-00 00:00:00', 2),
(2804, 23, 1, 5, 'TRIMESTRAL', 0.00, '0000-00-00 00:00:00', 2),
(2805, 23, 1, 6, 'TRIMESTRAL', 0.00, '0000-00-00 00:00:00', 2),
(2806, 23, 1, 7, 'TRIMESTRAL', 0.00, '0000-00-00 00:00:00', 2),
(2807, 23, 1, 8, 'TRIMESTRAL', 0.00, '0000-00-00 00:00:00', 2),
(2808, 23, 1, 9, 'TRIMESTRAL', 0.00, '0000-00-00 00:00:00', 2),
(2809, 23, 1, 10, 'TRIMESTRAL', 0.00, '0000-00-00 00:00:00', 2),
(2810, 23, 1, 11, 'TRIMESTRAL', 0.00, '0000-00-00 00:00:00', 2),
(2811, 23, 1, 12, 'TRIMESTRAL', 0.00, '0000-00-00 00:00:00', 2),
(2812, 23, 1, 13, 'TRIMESTRAL', 0.00, '0000-00-00 00:00:00', 2),
(2813, 23, 1, 14, 'TRIMESTRAL', 0.00, '0000-00-00 00:00:00', 2),
(2814, 23, 1, 15, 'TRIMESTRAL', 0.00, '0000-00-00 00:00:00', 2),
(2815, 23, 1, 16, 'TRIMESTRAL', 0.00, '0000-00-00 00:00:00', 2),
(2816, 23, 1, 28, 'TRIMESTRAL', 0.00, '0000-00-00 00:00:00', 2),
(2817, 23, 1, 29, 'TRIMESTRAL', 0.00, '0000-00-00 00:00:00', 2),
(2818, 23, 1, 30, 'TRIMESTRAL', 0.00, '0000-00-00 00:00:00', 2),
(2819, 23, 2, 1, 'TRIMESTRAL', 0.00, '0000-00-00 00:00:00', 2),
(2820, 23, 2, 2, 'TRIMESTRAL', 0.00, '0000-00-00 00:00:00', 2),
(2821, 23, 2, 3, 'TRIMESTRAL', 0.00, '0000-00-00 00:00:00', 2),
(2822, 23, 2, 4, 'TRIMESTRAL', 0.00, '0000-00-00 00:00:00', 2),
(2823, 23, 2, 5, 'TRIMESTRAL', 0.00, '0000-00-00 00:00:00', 2),
(2824, 23, 2, 6, 'TRIMESTRAL', 0.00, '0000-00-00 00:00:00', 2),
(2825, 23, 2, 7, 'TRIMESTRAL', 0.00, '0000-00-00 00:00:00', 2),
(2826, 23, 2, 8, 'TRIMESTRAL', 0.00, '0000-00-00 00:00:00', 2),
(2827, 23, 2, 9, 'TRIMESTRAL', 0.00, '0000-00-00 00:00:00', 2),
(2828, 23, 2, 10, 'TRIMESTRAL', 0.00, '0000-00-00 00:00:00', 2),
(2829, 23, 2, 11, 'TRIMESTRAL', 0.00, '0000-00-00 00:00:00', 2),
(2830, 23, 2, 12, 'TRIMESTRAL', 0.00, '0000-00-00 00:00:00', 2),
(2831, 23, 2, 13, 'TRIMESTRAL', 0.00, '0000-00-00 00:00:00', 2),
(2832, 23, 2, 14, 'TRIMESTRAL', 0.00, '0000-00-00 00:00:00', 2),
(2833, 23, 2, 15, 'TRIMESTRAL', 0.00, '0000-00-00 00:00:00', 2),
(2834, 23, 2, 16, 'TRIMESTRAL', 0.00, '0000-00-00 00:00:00', 2),
(2835, 23, 2, 28, 'TRIMESTRAL', 0.00, '0000-00-00 00:00:00', 2),
(2836, 23, 2, 29, 'TRIMESTRAL', 0.00, '0000-00-00 00:00:00', 2),
(2837, 23, 2, 30, 'TRIMESTRAL', 0.00, '0000-00-00 00:00:00', 2),
(2838, 23, 3, 1, 'TRIMESTRAL', 0.00, '0000-00-00 00:00:00', 2),
(2839, 23, 3, 2, 'TRIMESTRAL', 0.00, '0000-00-00 00:00:00', 2),
(2840, 23, 3, 3, 'TRIMESTRAL', 0.00, '0000-00-00 00:00:00', 2),
(2841, 23, 3, 4, 'TRIMESTRAL', 0.00, '0000-00-00 00:00:00', 2),
(2842, 23, 3, 5, 'TRIMESTRAL', 0.00, '0000-00-00 00:00:00', 2),
(2843, 23, 3, 6, 'TRIMESTRAL', 0.00, '0000-00-00 00:00:00', 2),
(2844, 23, 3, 7, 'TRIMESTRAL', 0.00, '0000-00-00 00:00:00', 2),
(2845, 23, 3, 8, 'TRIMESTRAL', 0.00, '0000-00-00 00:00:00', 2),
(2846, 23, 3, 9, 'TRIMESTRAL', 0.00, '0000-00-00 00:00:00', 2),
(2847, 23, 3, 10, 'TRIMESTRAL', 0.00, '0000-00-00 00:00:00', 2),
(2848, 23, 3, 11, 'TRIMESTRAL', 0.00, '0000-00-00 00:00:00', 2),
(2849, 23, 3, 12, 'TRIMESTRAL', 0.00, '0000-00-00 00:00:00', 2),
(2850, 23, 3, 13, 'TRIMESTRAL', 0.00, '0000-00-00 00:00:00', 2),
(2851, 23, 3, 14, 'TRIMESTRAL', 0.00, '0000-00-00 00:00:00', 2),
(2852, 23, 3, 15, 'TRIMESTRAL', 0.00, '0000-00-00 00:00:00', 2),
(2853, 23, 3, 16, 'TRIMESTRAL', 0.00, '0000-00-00 00:00:00', 2),
(2854, 23, 3, 28, 'TRIMESTRAL', 0.00, '0000-00-00 00:00:00', 2),
(2855, 23, 3, 29, 'TRIMESTRAL', 0.00, '0000-00-00 00:00:00', 2),
(2856, 23, 3, 30, 'TRIMESTRAL', 0.00, '0000-00-00 00:00:00', 2),
(2857, 23, 1, 31, 'TRIMESTRAL', 0.00, '0000-00-00 00:00:00', 2),
(2858, 23, 1, 32, 'TRIMESTRAL', 0.00, '0000-00-00 00:00:00', 2),
(2859, 23, 1, 33, 'TRIMESTRAL', 0.00, '0000-00-00 00:00:00', 2),
(2860, 23, 1, 34, 'TRIMESTRAL', 0.00, '0000-00-00 00:00:00', 2),
(2861, 23, 1, 35, 'TRIMESTRAL', 0.00, '0000-00-00 00:00:00', 2),
(2862, 23, 2, 31, 'TRIMESTRAL', 0.00, '0000-00-00 00:00:00', 2),
(2863, 23, 2, 32, 'TRIMESTRAL', 0.00, '0000-00-00 00:00:00', 2),
(2864, 23, 2, 33, 'TRIMESTRAL', 0.00, '0000-00-00 00:00:00', 2),
(2865, 23, 2, 34, 'TRIMESTRAL', 0.00, '0000-00-00 00:00:00', 2),
(2866, 23, 2, 35, 'TRIMESTRAL', 0.00, '0000-00-00 00:00:00', 2),
(2867, 23, 3, 31, 'TRIMESTRAL', 0.00, '0000-00-00 00:00:00', 2),
(2868, 23, 3, 32, 'TRIMESTRAL', 0.00, '0000-00-00 00:00:00', 2),
(2869, 23, 3, 33, 'TRIMESTRAL', 0.00, '0000-00-00 00:00:00', 2),
(2870, 23, 3, 34, 'TRIMESTRAL', 0.00, '0000-00-00 00:00:00', 2),
(2871, 23, 3, 35, 'TRIMESTRAL', 0.00, '0000-00-00 00:00:00', 2),
(2872, 24, 1, 1, 'TRIMESTRAL', 0.00, '0000-00-00 00:00:00', 2),
(2873, 24, 1, 2, 'TRIMESTRAL', 0.00, '0000-00-00 00:00:00', 2),
(2874, 24, 1, 3, 'TRIMESTRAL', 0.00, '0000-00-00 00:00:00', 2),
(2875, 24, 1, 4, 'TRIMESTRAL', 0.00, '0000-00-00 00:00:00', 2),
(2876, 24, 1, 5, 'TRIMESTRAL', 0.00, '0000-00-00 00:00:00', 2),
(2877, 24, 1, 6, 'TRIMESTRAL', 0.00, '0000-00-00 00:00:00', 2),
(2878, 24, 1, 7, 'TRIMESTRAL', 0.00, '0000-00-00 00:00:00', 2),
(2879, 24, 1, 8, 'TRIMESTRAL', 0.00, '0000-00-00 00:00:00', 2),
(2880, 24, 1, 9, 'TRIMESTRAL', 0.00, '0000-00-00 00:00:00', 2),
(2881, 24, 1, 10, 'TRIMESTRAL', 0.00, '0000-00-00 00:00:00', 2),
(2882, 24, 1, 11, 'TRIMESTRAL', 0.00, '0000-00-00 00:00:00', 2),
(2883, 24, 1, 12, 'TRIMESTRAL', 0.00, '0000-00-00 00:00:00', 2),
(2884, 24, 1, 13, 'TRIMESTRAL', 0.00, '0000-00-00 00:00:00', 2),
(2885, 24, 1, 14, 'TRIMESTRAL', 0.00, '0000-00-00 00:00:00', 2),
(2886, 24, 1, 15, 'TRIMESTRAL', 0.00, '0000-00-00 00:00:00', 2),
(2887, 24, 1, 16, 'TRIMESTRAL', 0.00, '0000-00-00 00:00:00', 2),
(2888, 24, 1, 28, 'TRIMESTRAL', 0.00, '0000-00-00 00:00:00', 2),
(2889, 24, 1, 29, 'TRIMESTRAL', 0.00, '0000-00-00 00:00:00', 2),
(2890, 24, 2, 1, 'TRIMESTRAL', 0.00, '0000-00-00 00:00:00', 2),
(2891, 24, 2, 2, 'TRIMESTRAL', 0.00, '0000-00-00 00:00:00', 2),
(2892, 24, 2, 3, 'TRIMESTRAL', 0.00, '0000-00-00 00:00:00', 2),
(2893, 24, 2, 4, 'TRIMESTRAL', 0.00, '0000-00-00 00:00:00', 2),
(2894, 24, 2, 5, 'TRIMESTRAL', 0.00, '0000-00-00 00:00:00', 2),
(2895, 24, 2, 6, 'TRIMESTRAL', 0.00, '0000-00-00 00:00:00', 2),
(2896, 24, 2, 7, 'TRIMESTRAL', 0.00, '0000-00-00 00:00:00', 2),
(2897, 24, 2, 8, 'TRIMESTRAL', 0.00, '0000-00-00 00:00:00', 2),
(2898, 24, 2, 9, 'TRIMESTRAL', 0.00, '0000-00-00 00:00:00', 2),
(2899, 24, 2, 10, 'TRIMESTRAL', 0.00, '0000-00-00 00:00:00', 2),
(2900, 24, 2, 11, 'TRIMESTRAL', 0.00, '0000-00-00 00:00:00', 2),
(2901, 24, 2, 12, 'TRIMESTRAL', 0.00, '0000-00-00 00:00:00', 2),
(2902, 24, 2, 13, 'TRIMESTRAL', 0.00, '0000-00-00 00:00:00', 2),
(2903, 24, 2, 14, 'TRIMESTRAL', 0.00, '0000-00-00 00:00:00', 2),
(2904, 24, 2, 15, 'TRIMESTRAL', 0.00, '0000-00-00 00:00:00', 2),
(2905, 24, 2, 16, 'TRIMESTRAL', 0.00, '0000-00-00 00:00:00', 2),
(2906, 24, 2, 28, 'TRIMESTRAL', 0.00, '0000-00-00 00:00:00', 2),
(2907, 24, 2, 29, 'TRIMESTRAL', 0.00, '0000-00-00 00:00:00', 2),
(2908, 24, 3, 1, 'TRIMESTRAL', 0.00, '0000-00-00 00:00:00', 2),
(2909, 24, 3, 2, 'TRIMESTRAL', 0.00, '0000-00-00 00:00:00', 2),
(2910, 24, 3, 3, 'TRIMESTRAL', 0.00, '0000-00-00 00:00:00', 2),
(2911, 24, 3, 4, 'TRIMESTRAL', 0.00, '0000-00-00 00:00:00', 2),
(2912, 24, 3, 5, 'TRIMESTRAL', 0.00, '0000-00-00 00:00:00', 2),
(2913, 24, 3, 6, 'TRIMESTRAL', 0.00, '0000-00-00 00:00:00', 2),
(2914, 24, 3, 7, 'TRIMESTRAL', 0.00, '0000-00-00 00:00:00', 2),
(2915, 24, 3, 8, 'TRIMESTRAL', 0.00, '0000-00-00 00:00:00', 2),
(2916, 24, 3, 9, 'TRIMESTRAL', 0.00, '0000-00-00 00:00:00', 2),
(2917, 24, 3, 10, 'TRIMESTRAL', 0.00, '0000-00-00 00:00:00', 2),
(2918, 24, 3, 11, 'TRIMESTRAL', 0.00, '0000-00-00 00:00:00', 2),
(2919, 24, 3, 12, 'TRIMESTRAL', 0.00, '0000-00-00 00:00:00', 2),
(2920, 24, 3, 13, 'TRIMESTRAL', 0.00, '0000-00-00 00:00:00', 2),
(2921, 24, 3, 14, 'TRIMESTRAL', 0.00, '0000-00-00 00:00:00', 2),
(2922, 24, 3, 15, 'TRIMESTRAL', 0.00, '0000-00-00 00:00:00', 2),
(2923, 24, 3, 16, 'TRIMESTRAL', 0.00, '0000-00-00 00:00:00', 2),
(2924, 24, 3, 28, 'TRIMESTRAL', 0.00, '0000-00-00 00:00:00', 2),
(2925, 24, 3, 29, 'TRIMESTRAL', 0.00, '0000-00-00 00:00:00', 2),
(2926, 24, 1, 30, 'TRIMESTRAL', 0.00, '0000-00-00 00:00:00', 2),
(2927, 24, 1, 31, 'TRIMESTRAL', 0.00, '0000-00-00 00:00:00', 2),
(2928, 24, 1, 32, 'TRIMESTRAL', 0.00, '0000-00-00 00:00:00', 2),
(2929, 24, 1, 33, 'TRIMESTRAL', 0.00, '0000-00-00 00:00:00', 2),
(2930, 24, 1, 34, 'TRIMESTRAL', 0.00, '0000-00-00 00:00:00', 2),
(2931, 24, 1, 35, 'TRIMESTRAL', 0.00, '0000-00-00 00:00:00', 2),
(2932, 24, 2, 30, 'TRIMESTRAL', 0.00, '0000-00-00 00:00:00', 2),
(2933, 24, 2, 31, 'TRIMESTRAL', 0.00, '0000-00-00 00:00:00', 2),
(2934, 24, 2, 32, 'TRIMESTRAL', 0.00, '0000-00-00 00:00:00', 2),
(2935, 24, 2, 33, 'TRIMESTRAL', 0.00, '0000-00-00 00:00:00', 2),
(2936, 24, 2, 34, 'TRIMESTRAL', 0.00, '0000-00-00 00:00:00', 2),
(2937, 24, 2, 35, 'TRIMESTRAL', 0.00, '0000-00-00 00:00:00', 2),
(2938, 24, 3, 30, 'TRIMESTRAL', 0.00, '0000-00-00 00:00:00', 2),
(2939, 24, 3, 31, 'TRIMESTRAL', 0.00, '0000-00-00 00:00:00', 2),
(2940, 24, 3, 32, 'TRIMESTRAL', 0.00, '0000-00-00 00:00:00', 2),
(2941, 24, 3, 33, 'TRIMESTRAL', 0.00, '0000-00-00 00:00:00', 2),
(2942, 24, 3, 34, 'TRIMESTRAL', 0.00, '0000-00-00 00:00:00', 2),
(2943, 24, 3, 35, 'TRIMESTRAL', 0.00, '0000-00-00 00:00:00', 2),
(2944, 25, 1, 1, 'TRIMESTRAL', 0.00, '0000-00-00 00:00:00', 2),
(2945, 25, 1, 2, 'TRIMESTRAL', 0.00, '0000-00-00 00:00:00', 2),
(2946, 25, 1, 3, 'TRIMESTRAL', 0.00, '0000-00-00 00:00:00', 2),
(2947, 25, 1, 4, 'TRIMESTRAL', 0.00, '0000-00-00 00:00:00', 2),
(2948, 25, 1, 5, 'TRIMESTRAL', 0.00, '0000-00-00 00:00:00', 2),
(2949, 25, 1, 6, 'TRIMESTRAL', 0.00, '0000-00-00 00:00:00', 2),
(2950, 25, 1, 7, 'TRIMESTRAL', 0.00, '0000-00-00 00:00:00', 2),
(2951, 25, 1, 8, 'TRIMESTRAL', 0.00, '0000-00-00 00:00:00', 2),
(2952, 25, 1, 9, 'TRIMESTRAL', 0.00, '0000-00-00 00:00:00', 2),
(2953, 25, 1, 10, 'TRIMESTRAL', 0.00, '0000-00-00 00:00:00', 2),
(2954, 25, 1, 11, 'TRIMESTRAL', 0.00, '0000-00-00 00:00:00', 2),
(2955, 25, 1, 12, 'TRIMESTRAL', 0.00, '0000-00-00 00:00:00', 2),
(2956, 25, 1, 13, 'TRIMESTRAL', 0.00, '0000-00-00 00:00:00', 2),
(2957, 25, 1, 14, 'TRIMESTRAL', 0.00, '0000-00-00 00:00:00', 2),
(2958, 25, 1, 15, 'TRIMESTRAL', 0.00, '0000-00-00 00:00:00', 2),
(2959, 25, 1, 16, 'TRIMESTRAL', 0.00, '0000-00-00 00:00:00', 2),
(2960, 25, 1, 28, 'TRIMESTRAL', 0.00, '0000-00-00 00:00:00', 2),
(2961, 25, 1, 29, 'TRIMESTRAL', 0.00, '0000-00-00 00:00:00', 2),
(2962, 25, 2, 1, 'TRIMESTRAL', 0.00, '0000-00-00 00:00:00', 2),
(2963, 25, 2, 2, 'TRIMESTRAL', 0.00, '0000-00-00 00:00:00', 2),
(2964, 25, 2, 3, 'TRIMESTRAL', 0.00, '0000-00-00 00:00:00', 2),
(2965, 25, 2, 4, 'TRIMESTRAL', 0.00, '0000-00-00 00:00:00', 2),
(2966, 25, 2, 5, 'TRIMESTRAL', 0.00, '0000-00-00 00:00:00', 2),
(2967, 25, 2, 6, 'TRIMESTRAL', 0.00, '0000-00-00 00:00:00', 2),
(2968, 25, 2, 7, 'TRIMESTRAL', 0.00, '0000-00-00 00:00:00', 2),
(2969, 25, 2, 8, 'TRIMESTRAL', 0.00, '0000-00-00 00:00:00', 2),
(2970, 25, 2, 9, 'TRIMESTRAL', 0.00, '0000-00-00 00:00:00', 2),
(2971, 25, 2, 10, 'TRIMESTRAL', 0.00, '0000-00-00 00:00:00', 2),
(2972, 25, 2, 11, 'TRIMESTRAL', 0.00, '0000-00-00 00:00:00', 2),
(2973, 25, 2, 12, 'TRIMESTRAL', 0.00, '0000-00-00 00:00:00', 2),
(2974, 25, 2, 13, 'TRIMESTRAL', 0.00, '0000-00-00 00:00:00', 2),
(2975, 25, 2, 14, 'TRIMESTRAL', 0.00, '0000-00-00 00:00:00', 2),
(2976, 25, 2, 15, 'TRIMESTRAL', 0.00, '0000-00-00 00:00:00', 2),
(2977, 25, 2, 16, 'TRIMESTRAL', 0.00, '0000-00-00 00:00:00', 2),
(2978, 25, 2, 28, 'TRIMESTRAL', 0.00, '0000-00-00 00:00:00', 2),
(2979, 25, 2, 29, 'TRIMESTRAL', 0.00, '0000-00-00 00:00:00', 2),
(2980, 25, 3, 1, 'TRIMESTRAL', 0.00, '0000-00-00 00:00:00', 2),
(2981, 25, 3, 2, 'TRIMESTRAL', 0.00, '0000-00-00 00:00:00', 2),
(2982, 25, 3, 3, 'TRIMESTRAL', 0.00, '0000-00-00 00:00:00', 2),
(2983, 25, 3, 4, 'TRIMESTRAL', 0.00, '0000-00-00 00:00:00', 2),
(2984, 25, 3, 5, 'TRIMESTRAL', 0.00, '0000-00-00 00:00:00', 2),
(2985, 25, 3, 6, 'TRIMESTRAL', 0.00, '0000-00-00 00:00:00', 2),
(2986, 25, 3, 7, 'TRIMESTRAL', 0.00, '0000-00-00 00:00:00', 2),
(2987, 25, 3, 8, 'TRIMESTRAL', 0.00, '0000-00-00 00:00:00', 2),
(2988, 25, 3, 9, 'TRIMESTRAL', 0.00, '0000-00-00 00:00:00', 2),
(2989, 25, 3, 10, 'TRIMESTRAL', 0.00, '0000-00-00 00:00:00', 2),
(2990, 25, 3, 11, 'TRIMESTRAL', 0.00, '0000-00-00 00:00:00', 2),
(2991, 25, 3, 12, 'TRIMESTRAL', 0.00, '0000-00-00 00:00:00', 2),
(2992, 25, 3, 13, 'TRIMESTRAL', 0.00, '0000-00-00 00:00:00', 2),
(2993, 25, 3, 14, 'TRIMESTRAL', 0.00, '0000-00-00 00:00:00', 2),
(2994, 25, 3, 15, 'TRIMESTRAL', 0.00, '0000-00-00 00:00:00', 2),
(2995, 25, 3, 16, 'TRIMESTRAL', 0.00, '0000-00-00 00:00:00', 2),
(2996, 25, 3, 28, 'TRIMESTRAL', 0.00, '0000-00-00 00:00:00', 2),
(2997, 25, 3, 29, 'TRIMESTRAL', 0.00, '0000-00-00 00:00:00', 2),
(2998, 25, 1, 30, 'TRIMESTRAL', 0.00, '0000-00-00 00:00:00', 2),
(2999, 25, 1, 31, 'TRIMESTRAL', 0.00, '0000-00-00 00:00:00', 2),
(3000, 25, 1, 32, 'TRIMESTRAL', 0.00, '0000-00-00 00:00:00', 2),
(3001, 25, 1, 33, 'TRIMESTRAL', 0.00, '0000-00-00 00:00:00', 2),
(3002, 25, 1, 34, 'TRIMESTRAL', 0.00, '0000-00-00 00:00:00', 2),
(3003, 25, 1, 35, 'TRIMESTRAL', 0.00, '0000-00-00 00:00:00', 2),
(3004, 25, 2, 30, 'TRIMESTRAL', 0.00, '0000-00-00 00:00:00', 2),
(3005, 25, 2, 31, 'TRIMESTRAL', 0.00, '0000-00-00 00:00:00', 2),
(3006, 25, 2, 32, 'TRIMESTRAL', 0.00, '0000-00-00 00:00:00', 2),
(3007, 25, 2, 33, 'TRIMESTRAL', 0.00, '0000-00-00 00:00:00', 2),
(3008, 25, 2, 34, 'TRIMESTRAL', 0.00, '0000-00-00 00:00:00', 2),
(3009, 25, 2, 35, 'TRIMESTRAL', 0.00, '0000-00-00 00:00:00', 2);
INSERT INTO `valores` (`ID_VALOR`, `ID_TAG_AGF`, `ID_EMPRESA`, `ID_PERIODO`, `tipo`, `VALOR`, `DT_MODIFICACION`, `origen`) VALUES
(3010, 25, 3, 30, 'TRIMESTRAL', 0.00, '0000-00-00 00:00:00', 2),
(3011, 25, 3, 31, 'TRIMESTRAL', 0.00, '0000-00-00 00:00:00', 2),
(3012, 25, 3, 32, 'TRIMESTRAL', 0.00, '0000-00-00 00:00:00', 2),
(3013, 25, 3, 33, 'TRIMESTRAL', 0.00, '0000-00-00 00:00:00', 2),
(3014, 25, 3, 34, 'TRIMESTRAL', 0.00, '0000-00-00 00:00:00', 2),
(3015, 25, 3, 35, 'TRIMESTRAL', 0.00, '0000-00-00 00:00:00', 2),
(3016, 26, 1, 1, 'TRIMESTRAL', 0.00, '0000-00-00 00:00:00', 2),
(3017, 26, 1, 2, 'TRIMESTRAL', 0.00, '0000-00-00 00:00:00', 2),
(3018, 26, 1, 3, 'TRIMESTRAL', 0.00, '0000-00-00 00:00:00', 2),
(3019, 26, 1, 4, 'TRIMESTRAL', 0.00, '0000-00-00 00:00:00', 2),
(3020, 26, 1, 5, 'TRIMESTRAL', 0.00, '0000-00-00 00:00:00', 2),
(3021, 26, 1, 6, 'TRIMESTRAL', 0.00, '0000-00-00 00:00:00', 2),
(3022, 26, 1, 7, 'TRIMESTRAL', 0.00, '0000-00-00 00:00:00', 2),
(3023, 26, 1, 8, 'TRIMESTRAL', 0.00, '0000-00-00 00:00:00', 2),
(3024, 26, 1, 9, 'TRIMESTRAL', 0.00, '0000-00-00 00:00:00', 2),
(3025, 26, 1, 10, 'TRIMESTRAL', 0.00, '0000-00-00 00:00:00', 2),
(3026, 26, 1, 11, 'TRIMESTRAL', 0.00, '0000-00-00 00:00:00', 2),
(3027, 26, 1, 12, 'TRIMESTRAL', 0.00, '0000-00-00 00:00:00', 2),
(3028, 26, 1, 13, 'TRIMESTRAL', 0.00, '0000-00-00 00:00:00', 2),
(3029, 26, 1, 14, 'TRIMESTRAL', 0.00, '0000-00-00 00:00:00', 2),
(3030, 26, 1, 15, 'TRIMESTRAL', 0.00, '0000-00-00 00:00:00', 2),
(3031, 26, 1, 16, 'TRIMESTRAL', 0.00, '0000-00-00 00:00:00', 2),
(3032, 26, 1, 28, 'TRIMESTRAL', 0.00, '0000-00-00 00:00:00', 2),
(3033, 26, 2, 1, 'TRIMESTRAL', 0.00, '0000-00-00 00:00:00', 2),
(3034, 26, 2, 2, 'TRIMESTRAL', 0.00, '0000-00-00 00:00:00', 2),
(3035, 26, 2, 3, 'TRIMESTRAL', 0.00, '0000-00-00 00:00:00', 2),
(3036, 26, 2, 4, 'TRIMESTRAL', 0.00, '0000-00-00 00:00:00', 2),
(3037, 26, 2, 5, 'TRIMESTRAL', 0.00, '0000-00-00 00:00:00', 2),
(3038, 26, 2, 6, 'TRIMESTRAL', 0.00, '0000-00-00 00:00:00', 2),
(3039, 26, 2, 7, 'TRIMESTRAL', 0.00, '0000-00-00 00:00:00', 2),
(3040, 26, 2, 8, 'TRIMESTRAL', 0.00, '0000-00-00 00:00:00', 2),
(3041, 26, 2, 9, 'TRIMESTRAL', 0.00, '0000-00-00 00:00:00', 2),
(3042, 26, 2, 10, 'TRIMESTRAL', 0.00, '0000-00-00 00:00:00', 2),
(3043, 26, 2, 11, 'TRIMESTRAL', 0.00, '0000-00-00 00:00:00', 2),
(3044, 26, 2, 12, 'TRIMESTRAL', 0.00, '0000-00-00 00:00:00', 2),
(3045, 26, 2, 13, 'TRIMESTRAL', 0.00, '0000-00-00 00:00:00', 2),
(3046, 26, 2, 14, 'TRIMESTRAL', 0.00, '0000-00-00 00:00:00', 2),
(3047, 26, 2, 15, 'TRIMESTRAL', 0.00, '0000-00-00 00:00:00', 2),
(3048, 26, 2, 16, 'TRIMESTRAL', 0.00, '0000-00-00 00:00:00', 2),
(3049, 26, 2, 28, 'TRIMESTRAL', 0.00, '0000-00-00 00:00:00', 2),
(3050, 26, 3, 1, 'TRIMESTRAL', 0.00, '0000-00-00 00:00:00', 2),
(3051, 26, 3, 2, 'TRIMESTRAL', 0.00, '0000-00-00 00:00:00', 2),
(3052, 26, 3, 3, 'TRIMESTRAL', 0.00, '0000-00-00 00:00:00', 2),
(3053, 26, 3, 4, 'TRIMESTRAL', 0.00, '0000-00-00 00:00:00', 2),
(3054, 26, 3, 5, 'TRIMESTRAL', 0.00, '0000-00-00 00:00:00', 2),
(3055, 26, 3, 6, 'TRIMESTRAL', 0.00, '0000-00-00 00:00:00', 2),
(3056, 26, 3, 7, 'TRIMESTRAL', 0.00, '0000-00-00 00:00:00', 2),
(3057, 26, 3, 8, 'TRIMESTRAL', 0.00, '0000-00-00 00:00:00', 2),
(3058, 26, 3, 9, 'TRIMESTRAL', 0.00, '0000-00-00 00:00:00', 2),
(3059, 26, 3, 10, 'TRIMESTRAL', 0.00, '0000-00-00 00:00:00', 2),
(3060, 26, 3, 11, 'TRIMESTRAL', 0.00, '0000-00-00 00:00:00', 2),
(3061, 26, 3, 12, 'TRIMESTRAL', 0.00, '0000-00-00 00:00:00', 2),
(3062, 26, 3, 13, 'TRIMESTRAL', 0.00, '0000-00-00 00:00:00', 2),
(3063, 26, 3, 14, 'TRIMESTRAL', 0.00, '0000-00-00 00:00:00', 2),
(3064, 26, 3, 15, 'TRIMESTRAL', 0.00, '0000-00-00 00:00:00', 2),
(3065, 26, 3, 16, 'TRIMESTRAL', 0.00, '0000-00-00 00:00:00', 2),
(3066, 26, 3, 28, 'TRIMESTRAL', 0.00, '0000-00-00 00:00:00', 2),
(3067, 26, 1, 29, 'TRIMESTRAL', 0.00, '0000-00-00 00:00:00', 2),
(3068, 26, 1, 30, 'TRIMESTRAL', 0.00, '0000-00-00 00:00:00', 2),
(3069, 26, 1, 31, 'TRIMESTRAL', 0.00, '0000-00-00 00:00:00', 2),
(3070, 26, 1, 32, 'TRIMESTRAL', 0.00, '0000-00-00 00:00:00', 2),
(3071, 26, 1, 33, 'TRIMESTRAL', 0.00, '0000-00-00 00:00:00', 2),
(3072, 26, 1, 34, 'TRIMESTRAL', 0.00, '0000-00-00 00:00:00', 2),
(3073, 26, 1, 35, 'TRIMESTRAL', 0.00, '0000-00-00 00:00:00', 2),
(3074, 26, 2, 29, 'TRIMESTRAL', 0.00, '0000-00-00 00:00:00', 2),
(3075, 26, 2, 30, 'TRIMESTRAL', 0.00, '0000-00-00 00:00:00', 2),
(3076, 26, 2, 31, 'TRIMESTRAL', 0.00, '0000-00-00 00:00:00', 2),
(3077, 26, 2, 32, 'TRIMESTRAL', 0.00, '0000-00-00 00:00:00', 2),
(3078, 26, 2, 33, 'TRIMESTRAL', 0.00, '0000-00-00 00:00:00', 2),
(3079, 26, 2, 34, 'TRIMESTRAL', 0.00, '0000-00-00 00:00:00', 2),
(3080, 26, 2, 35, 'TRIMESTRAL', 0.00, '0000-00-00 00:00:00', 2),
(3081, 26, 3, 29, 'TRIMESTRAL', 0.00, '0000-00-00 00:00:00', 2),
(3082, 26, 3, 30, 'TRIMESTRAL', 0.00, '0000-00-00 00:00:00', 2),
(3083, 26, 3, 31, 'TRIMESTRAL', 0.00, '0000-00-00 00:00:00', 2),
(3084, 26, 3, 32, 'TRIMESTRAL', 0.00, '0000-00-00 00:00:00', 2),
(3085, 26, 3, 33, 'TRIMESTRAL', 0.00, '0000-00-00 00:00:00', 2),
(3086, 26, 3, 34, 'TRIMESTRAL', 0.00, '0000-00-00 00:00:00', 2),
(3087, 26, 3, 35, 'TRIMESTRAL', 0.00, '0000-00-00 00:00:00', 2);

-- --------------------------------------------------------

--
-- Estructura Stand-in para la vista `view_grafica`
--
CREATE TABLE IF NOT EXISTS `view_grafica` (
`id_formula` int(11)
,`id_empresa` int(18)
,`id_periodo` int(18)
,`C1` double(25,2)
,`C2` double(25,2)
,`C3` double(25,2)
,`C4` double(25,2)
,`C5` double(25,2)
,`rso` text
,`label` varchar(7)
,`graf` int(1)
,`formula` varchar(100)
,`ano` int(11)
,`mes` int(11)
);
-- --------------------------------------------------------

--
-- Estructura para la vista `view_grafica`
--
DROP TABLE IF EXISTS `view_grafica`;

CREATE ALGORITHM=UNDEFINED DEFINER=`root`@`localhost` SQL SECURITY DEFINER VIEW `view_grafica` AS select `c`.`ID_FORMULA` AS `id_formula`,`a`.`ID_EMPRESA` AS `id_empresa`,`a`.`ID_PERIODO` AS `id_periodo`,(select `x`.`VALOR` from ((`valores` `x` join `indices_financieros` `z`) join `formulas` `w`) where ((`w`.`ID_FORMULA` = `z`.`ID_FORMULA`) and (`x`.`ID_TAG_AGF` = `w`.`CAMPO1`) and (`z`.`ID_INDICE_FINANCIERO` = `b`.`ID_INDICE_FINANCIERO`) and (`x`.`ID_EMPRESA` = `a`.`ID_EMPRESA`) and (`x`.`ID_PERIODO` = `a`.`ID_PERIODO`) and (`x`.`tipo` = 'TRIMESTRAL'))) AS `C1`,(select `x`.`VALOR` from ((`valores` `x` join `indices_financieros` `z`) join `formulas` `w`) where ((`w`.`ID_FORMULA` = `z`.`ID_FORMULA`) and (`x`.`ID_TAG_AGF` = `w`.`CAMPO2`) and (`z`.`ID_INDICE_FINANCIERO` = `b`.`ID_INDICE_FINANCIERO`) and (`x`.`ID_EMPRESA` = `a`.`ID_EMPRESA`) and (`x`.`ID_PERIODO` = `a`.`ID_PERIODO`) and (`x`.`tipo` = 'TRIMESTRAL'))) AS `C2`,(select `x`.`VALOR` from ((`valores` `x` join `indices_financieros` `z`) join `formulas` `w`) where ((`w`.`ID_FORMULA` = `z`.`ID_FORMULA`) and (`x`.`ID_TAG_AGF` = `w`.`CAMPO3`) and (`z`.`ID_INDICE_FINANCIERO` = `b`.`ID_INDICE_FINANCIERO`) and (`x`.`ID_EMPRESA` = `a`.`ID_EMPRESA`) and (`x`.`ID_PERIODO` = `a`.`ID_PERIODO`) and (`x`.`tipo` = 'TRIMESTRAL'))) AS `C3`,(select `x`.`VALOR` from ((`valores` `x` join `indices_financieros` `z`) join `formulas` `w`) where ((`w`.`ID_FORMULA` = `z`.`ID_FORMULA`) and (`x`.`ID_TAG_AGF` = `w`.`CAMPO4`) and (`z`.`ID_INDICE_FINANCIERO` = `b`.`ID_INDICE_FINANCIERO`) and (`x`.`ID_EMPRESA` = `a`.`ID_EMPRESA`) and (`x`.`ID_PERIODO` = `a`.`ID_PERIODO`) and (`x`.`tipo` = 'TRIMESTRAL'))) AS `C4`,(select `x`.`VALOR` from ((`valores` `x` join `indices_financieros` `z`) join `formulas` `w`) where ((`w`.`ID_FORMULA` = `z`.`ID_FORMULA`) and (`x`.`ID_TAG_AGF` = `w`.`CAMPO5`) and (`z`.`ID_INDICE_FINANCIERO` = `b`.`ID_INDICE_FINANCIERO`) and (`x`.`ID_EMPRESA` = `a`.`ID_EMPRESA`) and (`x`.`ID_PERIODO` = `a`.`ID_PERIODO`) and (`x`.`tipo` = 'TRIMESTRAL'))) AS `C5`,concat(`d`.`RSO`,': ',`b`.`NOMBRE`) AS `rso`,`e`.`label` AS `label`,1 AS `graf`,`c`.`FORMULA` AS `formula`,`e`.`ANO` AS `ano`,`e`.`MES` AS `mes` from ((((`valores` `a` join `indices_financieros` `b`) join `formulas` `c`) join `empresas` `d`) join `periodos` `e`) where ((`c`.`ID_FORMULA` = `b`.`ID_FORMULA`) and (`a`.`ID_TAG_AGF` = `c`.`CAMPO1`) and (`a`.`ID_EMPRESA` = `d`.`ID_EMPRESA`) and (`a`.`ID_PERIODO` = `e`.`ID_PERIODO`));

--
-- Restricciones para tablas volcadas
--

--
-- Filtros para la tabla `grupos_subgrupos`
--
ALTER TABLE `grupos_subgrupos`
  ADD CONSTRAINT `cs_subgrupo` FOREIGN KEY (`ID_SUBGRUPO`) REFERENCES `subgrupos` (`ID_SUBGRUPO`),
  ADD CONSTRAINT `cs_tipo_empresa` FOREIGN KEY (`ID_TIPO_EMPRESA`) REFERENCES `tipos_empresas` (`ID_TIPO_EMPRESA`);

/*!40101 SET CHARACTER_SET_CLIENT=@OLD_CHARACTER_SET_CLIENT */;
/*!40101 SET CHARACTER_SET_RESULTS=@OLD_CHARACTER_SET_RESULTS */;
/*!40101 SET COLLATION_CONNECTION=@OLD_COLLATION_CONNECTION */;
